date,NoDur,Durbl,Manuf,Enrgy,Chems,BusEq,Telcm,Utils,Shops,Hlth,Money,Other
1926-07-01,0.10644581027388206,0.07351247579202358,0.15308092495723932,0.16157089777089997,0.03849082297195115,0.051997853256686766,0.06560825080493513,0.06387872173645019,0.0601773497607385,0.006690408678955137,0.008778352498098382,0.20976813149813997
1926-08-01,0.10477737673346128,0.08220498677863881,0.15377356499283434,0.15501418212070195,0.040298403174000096,0.05207971683796572,0.06428172671777616,0.0663437204539152,0.05840034994937816,0.006577563499289984,0.008520554067106141,0.2077278546749321
1926-09-01,0.10597493963452805,0.08264427028400516,0.15280094370289826,0.15581424894848386,0.04128700179854328,0.051775192026789346,0.06404914977308829,0.0633539354313026,0.0563964687795883,0.006640201913809037,0.008641028079703716,0.21062261962726006
1926-10-01,0.10670021715066869,0.08673075274035745,0.15232462939749672,0.14760766001385522,0.04325543116843284,0.051251187070159625,0.06478583279576415,0.06456558658255798,0.056558444769970795,0.006692424917923594,0.008497091789299449,0.21103074160351337
1926-11-01,0.10854000886040889,0.08179568014658614,0.15183956341547458,0.15101633885847665,0.04252114632825685,0.05002788163492911,0.06680939320893006,0.06431400525012289,0.056916371993173225,0.006824571985679346,0.008280735369855949,0.21111430294810637
1926-12-01,0.11130101027070863,0.07804604175125077,0.15352718842627444,0.14666030558328658,0.04364808849803405,0.05123149066532553,0.06634803813347434,0.06535905479757433,0.05890176541602455,0.00698821727766452,0.008274075103143244,0.20971472407723907
1927-01-01,0.10891684491536428,0.08381623805463963,0.1547771061466156,0.14692102717695935,0.0441354213911808,0.048846535348484856,0.06536235183425211,0.06363540080710682,0.057979882498364714,0.006802948483868596,0.007828281673172056,0.21097796166999122
1927-02-01,0.10800605825045838,0.08288586492720805,0.15388371595226627,0.14859964568670028,0.044159956400875354,0.048466707787288094,0.06663089735898584,0.062406528039475787,0.05638101917178562,0.007109854021793929,0.007663644582639775,0.21380610782052256
1927-03-01,0.10665178207689385,0.08597439575586342,0.15385096500216877,0.14409089787275908,0.04643917631240599,0.04868031680916227,0.06652593471854229,0.06240641488855659,0.055833439547187516,0.006900914137847213,0.0075338022069266755,0.21511196067168625
1927-04-01,0.10872910753278801,0.08717607712726377,0.15366533088364617,0.1347572590922989,0.04881064802162507,0.04850049110996263,0.06931516542152928,0.06239125905441715,0.05551132258754069,0.006960773437309745,0.007569587440572988,0.21661297829104553
1927-05-01,0.11185154463147731,0.0893087384471611,0.1527654434532847,0.12690095412125035,0.04980504847361472,0.05126642746867343,0.0659556260566467,0.06301098609585919,0.05736308114306029,0.007076629314703809,0.0077118797555413565,0.21698364103872705
1927-06-01,0.11448894940378014,0.08849313879809173,0.15224358463106083,0.1253848200493718,0.04914052336164757,0.05225417615490677,0.0645929824136041,0.06498474118718221,0.05557646920705855,0.006940638337105234,0.008020208117063134,0.2178797683391278
1927-07-01,0.11667289440251104,0.08826008245013874,0.14366669767824927,0.14290442281090004,0.04606958694097174,0.0443913010985726,0.06429463647053621,0.07049410601995824,0.0550594888579451,0.007056914388205024,0.011156848958849663,0.20997301992316245
1927-08-01,0.11379868380919299,0.09279909854773288,0.1470528122200906,0.13678554606340923,0.05016175940104819,0.04698171824556785,0.06215534985711561,0.06908082967037808,0.05622706181764637,0.007187285293212188,0.01106575865741829,0.20670409641718773
1927-09-01,0.11411372185854851,0.09684019736067222,0.1483051911840803,0.13344424962920912,0.050136733501131216,0.049083391526709506,0.06128725422718359,0.06979827970890473,0.059032923774771255,0.0070373514952487976,0.011043623541048798,0.19987708219249198
1927-10-01,0.11432549773698214,0.09778669235919113,0.14688890165794288,0.13154367617797863,0.05061302594953879,0.04706756447963953,0.06174223645229356,0.07214076011208854,0.06068282070778273,0.007107225755241289,0.011143642503310675,0.19895795610801018
1927-11-01,0.11838291882950362,0.09744360625307996,0.14278881651682843,0.1333085168663611,0.04908302782476598,0.04559718855845534,0.06311595856952229,0.07185650798824213,0.06008580098123641,0.007739054291695431,0.012094958145930873,0.19850364517437846
1927-12-01,0.11346765473102711,0.09656980543378912,0.15018115807723548,0.12886397310747794,0.0502868556867538,0.047752707839309974,0.061579713260813615,0.072267563225281,0.06344345442664343,0.007573053675957394,0.01236598485706993,0.19564807567864112
1928-01-01,0.11302689653668006,0.10186207591444382,0.15200443757018103,0.128103416575862,0.049146713009081855,0.04747587227027628,0.06044916894241027,0.07225957708044863,0.06171151846546496,0.007371279821416885,0.013404121164779072,0.1931849226489552
1928-02-01,0.11415378930210691,0.0989364201549387,0.15172470747438138,0.12630222999741011,0.04914649919232535,0.04754683036375806,0.061012691507485985,0.07677652487954136,0.061430837255845354,0.0075846411930534504,0.013685910343802047,0.19169891833535135
1928-03-01,0.1111771039653316,0.1012080768872878,0.14950217342177674,0.12753665572201472,0.050482406582742896,0.047926409400880006,0.06188203703457535,0.07726693873210418,0.06155183644170311,0.0074348305794462105,0.013497281561141612,0.19053424967099578
1928-04-01,0.10641511100858667,0.11892532595811932,0.14594678164671118,0.12399905764789897,0.052163606067373254,0.05385468636117116,0.057527650917443565,0.07542252466925647,0.06150025399333972,0.005558404970907332,0.01360520845859172,0.1850813883006005
1928-05-01,0.10167598845954884,0.11584396566548305,0.1428120213740364,0.13723569349916695,0.050085756091324395,0.052952705710239946,0.05702526496403103,0.08021373092897045,0.05889772226820674,0.005457441696826565,0.014296534680206795,0.1835031746619587
1928-06-01,0.10127005324192767,0.11970366746865244,0.1462968585792366,0.12792485776986037,0.05087307846071946,0.05324029396134832,0.058920164181086504,0.0803541651253588,0.06042035753986027,0.005861676477747638,0.014368995754975574,0.1807658314392264
1928-07-01,0.103083919816434,0.11668766817253881,0.1517787541796665,0.12356589061975533,0.048320888336185495,0.05308887213659598,0.059084847917916204,0.08146727158340349,0.06162199490461281,0.008567513880252897,0.01838136166794143,0.17435101678469694
1928-08-01,0.1039429281515626,0.11610079463268899,0.1536194241724796,0.12385177602751048,0.04886369483481923,0.05269000764534,0.057923354441878794,0.0796424494412618,0.06440868827549087,0.008699021769866614,0.018306468394783684,0.17195139221231734
1928-09-01,0.10320419318127175,0.11817590203087185,0.15516459091370532,0.11848622309134918,0.049809094843477016,0.05494990943626077,0.0568485955941676,0.07933704137079842,0.06846105759212658,0.009296808630003046,0.018053761200250054,0.1682128221157186
1928-10-01,0.10118410719391319,0.12392506647389342,0.15610305045357067,0.12121408859495687,0.050589868666980474,0.05387662761676579,0.054747270190105564,0.0800129680796297,0.06668905699670764,0.008928248148115782,0.017975106780649265,0.1647545408047118
1928-11-01,0.10063752304940819,0.12232929463930309,0.15988362116708865,0.1220194004451544,0.05243767335220236,0.054227373973449795,0.05566834087621556,0.07733031494744233,0.06964296613131829,0.008811023520106235,0.015867486940980568,0.1611449809573306
1928-12-01,0.0958703761826176,0.11319257740916198,0.16065761776473653,0.12741482253947886,0.052666855044837986,0.05907625358156298,0.05319627747552388,0.08426321278050782,0.07173545077761219,0.00824065526150357,0.015647046803998647,0.15803885437845785
1929-01-01,0.0943719889135304,0.11161302534965614,0.16519609395657775,0.12170810589449294,0.053567601169927474,0.0634949336778398,0.052404413080737816,0.08540142786539794,0.0707419803180547,0.008185588620680258,0.015651573148823997,0.1576632680042808
1929-02-01,0.09230340094449418,0.1075642743716684,0.16830811534049994,0.1070632732471368,0.062116064441313526,0.06751823984647669,0.05664016076975119,0.09204693190351988,0.0647281515937418,0.007864348415913087,0.01596462728430357,0.15788241184118088
1929-03-01,0.0894435597019775,0.10722051408125899,0.1764348281362076,0.10674625768025045,0.06194936815416697,0.06672380754805567,0.05616618733251116,0.09031722698953906,0.06318458330332175,0.00784380991493499,0.016148315984730106,0.15782154117304584
1929-04-01,0.08562960371704909,0.1060218960910655,0.17497533219108624,0.11905250728213627,0.06002769762554453,0.0689548581318803,0.05854007454646516,0.08810376139869631,0.06042124494267701,0.007778514271778373,0.015596845435624352,0.15489766436599686
1929-05-01,0.08591113704189356,0.10310294283695734,0.17486376143245122,0.11780017318002786,0.06108161659396066,0.06909984489305941,0.05951324316832057,0.09075433990058754,0.0614455253727618,0.0077527252083211705,0.015834401579804567,0.15284028879185432
1929-06-01,0.08726442577427093,0.09225801671827295,0.165937216939565,0.11790876020972116,0.05999680571010964,0.07406526999009325,0.05782409291288339,0.09939565375535687,0.059685753355400495,0.007556654900908139,0.01585678263527427,0.162250567098144
1929-07-01,0.08640710160362033,0.08436761395319409,0.18030572800957476,0.09976326213950473,0.06252842066546785,0.07415805349264476,0.05109776945451836,0.11999404533469417,0.059543696422056265,0.00759441574207725,0.02573544847144865,0.14850444471119872
1929-08-01,0.08494631167186423,0.07828558951457693,0.17690006918887488,0.09563806864562248,0.06275429532838361,0.07777421812533147,0.05567529432902024,0.12539778643776195,0.05757285200282877,0.007459306017023325,0.026733572388948884,0.15086263634976332
1929-09-01,0.08207887512203432,0.07411168843081882,0.17701259983881643,0.09809017107737467,0.06423139672784219,0.08078744078468887,0.057145478014165814,0.12594007377752736,0.05724769199520381,0.007071634965044129,0.0260244658336664,0.15025848343281722
1929-10-01,0.08338045002310984,0.0717362005434279,0.17342058290049786,0.10043900363043573,0.06360128904604932,0.07818961494521055,0.059203900873512905,0.13440976705397603,0.05720308301285661,0.006932950407348982,0.023330252022041177,0.14815290554153304
1929-11-01,0.09233319076133448,0.06361928277026652,0.1789002005265906,0.11267122526746137,0.0596396492728828,0.06877600318842834,0.06268608423227756,0.11185918978369792,0.05429424083187984,0.007101057625009722,0.020545643407063423,0.16757423233310745
1929-12-01,0.0961509975843214,0.05919067817307505,0.17605464048165842,0.12001748914771379,0.056862167327937,0.06313129608324898,0.06491476026087581,0.10786682037843115,0.05414725910029375,0.007418591472332875,0.020106165957080105,0.1741391340330316
1930-01-01,0.09518733722119462,0.061389877876831034,0.17396158237807846,0.11744030531876698,0.05968945614305943,0.069684757505546,0.06445828731803625,0.11127351610895239,0.05042113239332979,0.007398727404689924,0.01968182948342789,0.16941319084808734
1930-02-01,0.09507022130384261,0.061482627795900094,0.17467565672672616,0.10992615734696859,0.06125907158243809,0.07311352733605038,0.061784438022261495,0.11818970640364354,0.04987712812628517,0.0071728487336857214,0.020343615425042556,0.16710500119715568
1930-03-01,0.09403117362312725,0.06086285751400644,0.17458060909563938,0.10197090189387276,0.060799913301188585,0.07654709577226526,0.06461834643181115,0.12495867575593259,0.046020429684563734,0.007120906163132422,0.021052011259168866,0.1674370795052913
1930-04-01,0.08908118659093989,0.06302868029101849,0.17171980402326312,0.11209900010304706,0.06235078405172451,0.07677532593949522,0.0650637316144065,0.12803688573105065,0.041808143441481635,0.006433201245762086,0.021313534675329433,0.16228972229248162
1930-05-01,0.09164994895134015,0.05950580563836512,0.16133717958731578,0.1220509417224026,0.060693300734880544,0.08001752935669254,0.06372913649221708,0.13549885190751448,0.04380242360130779,0.006512351713821371,0.021158066326039397,0.1540444639681033
1930-06-01,0.09419130293858256,0.06237933014313255,0.15976018229244873,0.11891799487546825,0.06003154897581333,0.07762142686169433,0.06507256140046604,0.135586317119984,0.044364747671277224,0.006470969664542018,0.0202612519615932,0.1553423660949977
1930-07-01,0.09980479513848733,0.052168518074154485,0.1615988867823104,0.11171485323660736,0.0652685648977058,0.0718645454555728,0.06906304303359355,0.13916633736990267,0.04561811796446005,0.005794555735659015,0.023641561382737517,0.15429622092880896
1930-08-01,0.09865989076703435,0.05613610103180556,0.16131536385408188,0.11273391550372555,0.06613488475806288,0.07191435695317636,0.06721070784235934,0.13882660714647702,0.044913441851979485,0.005927524564385767,0.02370647839521367,0.15252072733169814
1930-09-01,0.1004408682769221,0.05451205295864158,0.15894344068914185,0.10680370226989717,0.06867570182559866,0.07332631675617066,0.06850836390154358,0.14038417665657738,0.047032483340166596,0.006348677422393406,0.023777593742360218,0.15124662216058668
1930-10-01,0.1044639370362582,0.05197600308410184,0.15499426737560953,0.10337874372915977,0.06831586009392492,0.06767375609560715,0.07382735705154522,0.1418350990150233,0.04799925567671669,0.006626521607070736,0.022235823645448446,0.15667337558953406
1930-11-01,0.10882911638609147,0.05045419192026987,0.1540261524398486,0.1032401035595675,0.06690153693836479,0.06099466665014266,0.07787484861608072,0.14285202828633056,0.04813073420024653,0.006966471660540164,0.02086843248535388,0.1588617168571631
1930-12-01,0.11231247437007337,0.0540876885223493,0.15824628650840664,0.10053576039246065,0.06865260627876248,0.06081934129190018,0.07788934706337997,0.13419046452818154,0.050865911817864255,0.006910587627769931,0.01971368524171869,0.1557758463571331
1931-01-01,0.11571570377040202,0.05797034067183831,0.15375861068728713,0.09540908852570466,0.07094929945703175,0.058574758032874624,0.08051769121866814,0.14024574989984495,0.04771539277958888,0.006957257102356014,0.018566461500551343,0.1536196463538523
1931-02-01,0.1145774922407565,0.05893786688554302,0.15089710660020836,0.09498234371884157,0.0674208681343752,0.058019930183244015,0.07953373685213937,0.13934279140898898,0.04804680357152857,0.007092704545880642,0.020715664358514418,0.16043269149997916
1931-03-01,0.11028254203161092,0.06184421382388661,0.15443215983786202,0.09050587864874424,0.06793894072314743,0.06490546801205452,0.07630381117767886,0.14488481270433717,0.049744278118162115,0.006859378982562935,0.021960596164039482,0.15033791977591374
1931-04-01,0.11551881800333591,0.06374587980484332,0.152872966407985,0.08275036871131844,0.06810036520879757,0.06370280826443465,0.0780162857754108,0.15074684157814122,0.051420792857129326,0.007454689686117333,0.021426908069240105,0.14424327563324632
1931-05-01,0.12102579881768658,0.06506530763016698,0.14370120239760167,0.08087639371557635,0.06721496844424994,0.060547816957484346,0.08286853175383496,0.15180469906192562,0.053975179136213365,0.00796540169751794,0.020021144807274825,0.1449335555804675
1931-06-01,0.12404913235178402,0.06206892151808285,0.13489249449887422,0.08140724310585826,0.06830115089960835,0.061360755061597716,0.08731804815835706,0.1553737256573477,0.06033237949094041,0.008181434008213029,0.01887532472819441,0.13783939052114183
1931-07-01,0.11908997707205828,0.05969445211087675,0.13561761585593193,0.08718428208937083,0.0680598251849564,0.060925838289331416,0.09134072012136495,0.1477930995993153,0.055082105578622816,0.009194112281930353,0.02972452066534609,0.13629345115089503
1931-08-01,0.1225601678497316,0.06262368033289906,0.12662678266500832,0.09005322971806627,0.06896727127137639,0.058360161505046755,0.0932428012439958,0.14973319506296007,0.05804730290728774,0.010117584512843064,0.029019275808919966,0.130648547121865
1931-09-01,0.12095190907398688,0.05997569174504801,0.12571309689358018,0.097660877944091,0.06933190622707414,0.06044214744818071,0.09409375102653103,0.14920395939864442,0.05962092261872173,0.010064931509849223,0.029143626747840178,0.1237971793664524
1931-10-01,0.12988607039687652,0.05631038802454841,0.12805639969808458,0.09782652508782813,0.0679949891523843,0.056727695207685405,0.10474410296738601,0.1283828161121671,0.05966544293442823,0.010171862588964279,0.024937265610489583,0.1352964422191574
1931-11-01,0.12865207068987242,0.05905100069537887,0.12484934376144502,0.10446221646229581,0.067144285054644,0.05840741708075321,0.1015921714959315,0.1314703203995802,0.06308001044721347,0.01051333507453558,0.02596668867046719,0.12481114016788276
1931-12-01,0.13537940957764144,0.061556105800216795,0.12482602923480483,0.10426184209404149,0.06954038416318793,0.05516096686930598,0.10461597692275518,0.1375838176627995,0.06193135876091799,0.01114793698186968,0.025484711893853776,0.10851146003860557
1932-01-01,0.14188764699160616,0.06543233466837423,0.1152652214339259,0.09837609273184263,0.07528701324625459,0.054775872917129945,0.11029995035677218,0.13869379042402524,0.06083500193689193,0.012389470325250857,0.022956318226840626,0.10380128674108567
1932-02-01,0.1465237669310514,0.06177326106463867,0.119139307012385,0.0949660933433712,0.07268870466890254,0.048491407857173485,0.10751870898941834,0.1370667984496236,0.061868630309791096,0.012241943105020324,0.02418332858895422,0.11353804967967013
1932-03-01,0.14643149162672123,0.059086053074609575,0.11816292416738938,0.0971641908217828,0.07383782508232795,0.04973190908552512,0.11440382080627902,0.13866537139509655,0.060590061698326904,0.011737327373002863,0.02619435776398542,0.10399466710495328
1932-04-01,0.153439707118068,0.05203631452737281,0.11346467621906585,0.10870149221095246,0.07264311157897804,0.04684309554377558,0.11456839794791057,0.1401934845015603,0.0629131797910634,0.012357518375404915,0.024906626182986648,0.09793239600286133
1932-05-01,0.1657509665723218,0.044684633652983155,0.10996055887367934,0.11402523390061449,0.06373412993819423,0.044429475145328724,0.12297364276405558,0.14453326086831716,0.06431270185430067,0.012132787038968446,0.023710604323788496,0.08975200506744797
1932-06-01,0.16377297335918495,0.04538649155113003,0.10973138341923477,0.13235967536073737,0.06994634813306443,0.03937826190035432,0.13960852324210568,0.13243112457820602,0.0579924068967981,0.009879478160897142,0.020996326860683766,0.0785170065376034
1932-07-01,0.16445277946619621,0.04192054714640812,0.11210768979882288,0.13916356574207223,0.06547521978266348,0.04277546340908978,0.12855370900231763,0.13837948069190564,0.05762530947474538,0.010970601752331251,0.022184994654714307,0.076390639078733
1932-08-01,0.1533635949181294,0.04552519375774506,0.12295972136938203,0.1396723693363002,0.06342021801684485,0.047962223262790246,0.11251725070948757,0.13397546538306151,0.05477293309628151,0.010619147577117004,0.025305570759105354,0.08990631181375537
1932-09-01,0.13741789991293668,0.04796859019430562,0.13695564478704347,0.12101938800318916,0.061630243890513,0.05205871047571531,0.10569298200736439,0.13997411190196027,0.05307603395062427,0.01040685242290051,0.029562596180532134,0.10423694627291524
1932-10-01,0.13968181997397783,0.0538842671082548,0.1336381455551112,0.11209523434023691,0.06671275930630108,0.050444686016187804,0.10772347420220305,0.13782450250927955,0.05638556727741761,0.009451338000799815,0.028322096492265633,0.10383610921796468
1932-11-01,0.142275802266254,0.046712935748332574,0.12921350139164495,0.12433435419772292,0.06516210958432524,0.04616948514009009,0.114126792872786,0.1415060943330659,0.05669532231925666,0.00886625593925478,0.027053447609520997,0.09788389859774586
1932-12-01,0.1404073477995449,0.04789504596999463,0.11852593096176257,0.12543588249440402,0.06751380487263445,0.04492480159831289,0.12051630686127604,0.14454071628096268,0.0567213774349298,0.009777873355902104,0.027840982666444674,0.09589992970383114
1933-01-01,0.13895236244480033,0.04805190163795279,0.11344269398896116,0.12107794850489062,0.07194215679047918,0.045044260240834674,0.11817696501843898,0.15172227396899213,0.057141277616581,0.010034778296734591,0.028957343536753975,0.09545603795458048
1933-02-01,0.14339761865574122,0.04791298229180361,0.11717830919918215,0.11615321991810333,0.07195729089228058,0.04453836186756245,0.11723795879096906,0.14325843627490512,0.055106281212477376,0.009799102384105815,0.029073652885769928,0.10438678562709948
1933-03-01,0.15384625474588173,0.04226941851839949,0.11472753113147592,0.11846193096148007,0.07066436769999929,0.0415860246612052,0.12839671997182475,0.13505226782480717,0.05307123889075077,0.010191881517081893,0.027472170719918046,0.10426019335717561
1933-04-01,0.1641454172962045,0.045042105580295484,0.12717250627721546,0.11945331014540321,0.07286121152020474,0.04364595799890643,0.11528666217523385,0.11418794915663842,0.056056158722364725,0.009584572376918824,0.024805016900565198,0.10775913185004943
1933-05-01,0.1584515237606168,0.05835833219422268,0.14759179692550956,0.1198319780995201,0.07768611528785019,0.04922066359045216,0.09403573975077491,0.10320157825320767,0.05718397068113891,0.009462315140812548,0.025524698997705767,0.09945128731818871
1933-06-01,0.1471956508777589,0.06043449944886862,0.15352487123705683,0.11582702577093419,0.08076941304889552,0.04879003346537045,0.09134563199711362,0.10119490788232541,0.05546170439483327,0.009564919608199857,0.026614830250004204,0.1092765120186391
1933-07-01,0.14349814899335664,0.06465608465608465,0.15575502476460942,0.11665905979005019,0.07829470730429196,0.04838987778284902,0.08778944165525633,0.1017495816217861,0.0563639129773315,0.009383842994066634,0.02767787413154825,0.10978244332876919
1933-08-01,0.14822874571615674,0.06651961909411856,0.15123609447538203,0.1135686019609921,0.07825097508565815,0.047418910727196555,0.09298069373455281,0.09735617650351525,0.05397052783239123,0.008399758723164785,0.02683062807984601,0.11523926806702585
1933-09-01,0.14517504460529546,0.07147360360900282,0.1546461994011557,0.12077329461123834,0.08341901724046145,0.04804347731466244,0.08690909492683191,0.08518816252967687,0.05148735097947503,0.007388625708252406,0.026206050517066523,0.119290078556881
1933-10-01,0.14987072808936153,0.06794895970834118,0.15433586908777203,0.13201204605685857,0.08587765069521525,0.04390088388186854,0.09253678198948133,0.07654462901464655,0.052615116739931404,0.008166205774383721,0.024352200746536344,0.11183892821560348
1933-11-01,0.1485014234657392,0.06673860415233367,0.1514223759849425,0.1371683908771535,0.08898316062442507,0.04308847035930225,0.09383729599492711,0.07722121722667012,0.052925044237852645,0.0083791818289859,0.023171464395262492,0.10856337085240576
1933-12-01,0.14222138424968012,0.07549978197273176,0.15457964305123997,0.1426608190538931,0.09233990019196164,0.04459775001868537,0.0905325837151471,0.06802000066854183,0.055055547188349645,0.008261374319204689,0.022328546248259633,0.10390266932230514
1934-01-01,0.13443284470689265,0.08222217035498308,0.15915462327898014,0.13886119548799475,0.09557798443167768,0.04419829734673137,0.0842976008808539,0.06767118689655709,0.056556778510958236,0.00716657052703413,0.022605224735189954,0.10725552284214686
1934-02-01,0.13118731492979274,0.08269867358803168,0.16193622550650363,0.13412801670613736,0.08910642586816252,0.04595669974736579,0.07941607570462549,0.0723999591569198,0.05889111037183673,0.007436734398108045,0.024827322703153156,0.11201544131936325
1934-03-01,0.12761451138084415,0.08287402308351599,0.16090707987086242,0.1327549468306746,0.08916321407640529,0.0437516303114276,0.08341232227488152,0.0724783105061503,0.062156787685177975,0.007272628722615003,0.0252502633905735,0.11236428186687174
1934-04-01,0.1284975143601144,0.08293493255984176,0.1595870599791571,0.13115729869310036,0.08775791745008993,0.04556836394012696,0.08329274497906186,0.07129786591421754,0.06370829716661543,0.007232436580129575,0.025408763275112854,0.11355680510243232
1934-05-01,0.13491123849829587,0.07874840645569729,0.158811541163309,0.13099480526238194,0.08680675402613845,0.04474932572479164,0.0838845189881102,0.06988283655222055,0.06394574577873365,0.007961217251038512,0.02564240432229921,0.11366120597698356
1934-06-01,0.14110606986447188,0.07377477438252651,0.15179428010347398,0.13443738636551306,0.08712715502033598,0.04445914112971634,0.08685690950228281,0.06903984770163693,0.06364056745553336,0.008472196990966291,0.025433105976779904,0.11385856550676288
1934-07-01,0.14239582820160532,0.06901713495395587,0.15288480661824141,0.1319896872793357,0.08884266532375046,0.04514387996956543,0.0839278839399264,0.06975975302019301,0.06449355090035598,0.00834213709787779,0.027205000903184135,0.11599767179200855
1934-08-01,0.15173153251598162,0.06683198697579183,0.1463092945672123,0.1339537839290105,0.09448626255552468,0.04372682495107917,0.0903041321730535,0.06482548390261564,0.06643462712005645,0.009202903518317755,0.025922804638109025,0.10627036315324749
1934-09-01,0.14990369885541222,0.06926136279217798,0.15032636039540162,0.1347043050482444,0.09502651311658343,0.044688735776715845,0.08821388159690209,0.06227904107050276,0.0659633516082643,0.008392627156218989,0.02608693612219571,0.10515318646138062
1934-10-01,0.15025373322213653,0.07012910890465925,0.14798901669525263,0.13206637189029283,0.09577189973407184,0.04444068543374612,0.088569810073799,0.06348641248760838,0.06783842897830089,0.008486491164576481,0.02552674230145867,0.10544129911409732
1934-11-01,0.15355926336361383,0.0698599435735823,0.14854843401065868,0.12812050028966415,0.09847459569213707,0.044239689678741215,0.08890405986552852,0.059626345255637626,0.07012516857011675,0.008574539842643851,0.026171537271323566,0.10379592258635235
1934-12-01,0.15382194503257557,0.07564988745613757,0.15736211289272053,0.12611667077997626,0.09892726122237663,0.047059478457082096,0.08092618124664826,0.054399602153271186,0.07091469490685673,0.008169960716346786,0.026342500756168574,0.10030970437983971
1935-01-01,0.1512709629236961,0.07841349983847866,0.1628376753268623,0.12702826381843885,0.0986867515697681,0.04880955611556229,0.07892204113905817,0.04955601147489244,0.06986941120359606,0.008206919804746906,0.02650065221908762,0.09989825456581242
1935-02-01,0.15433446288112593,0.07410430048388254,0.1630853084992236,0.12592053773982964,0.10126590089857287,0.051111973335164054,0.08150331420584407,0.04968184703819609,0.06853035624338064,0.008438439388177467,0.025972142620772003,0.096051416665831
1935-03-01,0.15989925353078988,0.07282698734385325,0.16209542538627644,0.12373651944898492,0.10438554613027959,0.051746978238256774,0.08438168889844413,0.04414435848227412,0.069442819699705,0.008909968414962265,0.02613748818327542,0.09229296624289811
1935-04-01,0.15769107178729666,0.0715208234763695,0.15968013318708935,0.12413772620829705,0.10474128383147181,0.051050650941174204,0.08559151476801778,0.051524197703298205,0.06891837877058517,0.00897676362137874,0.026507068757917373,0.08966038694710428
1935-05-01,0.15322144591744055,0.06937257236350768,0.16091637392621314,0.13158599711042343,0.10392472399163212,0.05118938321218912,0.08579912933791715,0.05250913081188159,0.06763564356735771,0.008505040086907067,0.025728068337387052,0.08961249133714341
1935-06-01,0.14965567814038627,0.06880041461975729,0.1580645932003095,0.1314190250922143,0.10293156017224363,0.050752325344184016,0.09020626230213208,0.05742924723357097,0.06698608561089332,0.007820434358304248,0.026388636184027953,0.08954573774197638
1935-07-01,0.1463897941470285,0.07035698104143807,0.15712256194422156,0.1372080201322132,0.1006719835798001,0.05113400640868175,0.08668506296775463,0.05807014886265005,0.0660567774265922,0.007532179879796277,0.027208920841316892,0.09156356276850684
1935-08-01,0.14083581405780377,0.07827848834631095,0.16358138025797406,0.1269331226884279,0.09874107553323479,0.05330194503048491,0.08570806007080552,0.05923813710699087,0.06634740266473035,0.007264314160371938,0.027450302296920626,0.09231995778594423
1935-09-01,0.13529941524047087,0.08242342635483654,0.16357528333950588,0.12144486753757093,0.10038652960864267,0.05413225695444147,0.0873073519318049,0.06172763558670498,0.06668713085610467,0.007048591312233358,0.02839015945205103,0.09157735182563262
1935-10-01,0.13412032166216642,0.08985498716147115,0.16537055157851363,0.11503358618000424,0.10434646125020539,0.05712654840995985,0.08800829906046982,0.05918782510171498,0.06489526850550695,0.006980260302091686,0.02706391306587011,0.08801197772202561
1935-11-01,0.13090402093087306,0.09546382998255762,0.16593913522445608,0.12201184246763977,0.10077113742770587,0.05831583356283852,0.08491806664830626,0.06308868080418617,0.06144312861470669,0.006916999449187552,0.027327182594326635,0.08290014229321582
1935-12-01,0.12632807323481227,0.09333350914611033,0.16794295754451088,0.11935599779794497,0.09740027844348555,0.059982374769108386,0.08922058899477948,0.06053838267628803,0.06014362805048904,0.00666797427419541,0.029490395677642882,0.08959583939063293
1936-01-01,0.12340430935683469,0.09499696814809408,0.16867255681944454,0.13090615862776162,0.09491125086907798,0.06003516524915686,0.08455110072626877,0.06139658845229517,0.057027388258002666,0.0065573718447310865,0.02974177934255906,0.08779936230577366
1936-02-01,0.11910417600653064,0.092361992434927,0.16691238408345918,0.13976599969815046,0.09298353482657157,0.060363711341636914,0.08250058300577207,0.06466345635560551,0.05188094638007317,0.006352222720348301,0.029497985563265355,0.09361300758365979
1936-03-01,0.11656918115071316,0.0929417323536047,0.17449794394477938,0.1378036276037153,0.0926798237417978,0.05895969512094756,0.08587600926798236,0.058676001134775946,0.050891360695118036,0.006354793702187155,0.0285746652556199,0.09617516602875863
1936-04-01,0.11278657126476142,0.10167700465209342,0.17720666607665753,0.1390375669051073,0.0943501498751361,0.05780245341172758,0.08134429724145095,0.05852850128711766,0.050941192767514604,0.006523608700838453,0.027635512903883663,0.09216647491371117
1936-05-01,0.11709910422339577,0.09945461487576815,0.17338564589091351,0.1357402975865936,0.0955429575240678,0.05726596179842486,0.08359115127955741,0.05828283034610193,0.05251472665536405,0.006446103348202711,0.027775726407628376,0.0929008800639818
1936-06-01,0.11697198912953534,0.09728520870347133,0.1758453396170238,0.12800469576873336,0.09565353906320112,0.057684659030542734,0.08495081617230349,0.06062926400874755,0.05317863095242558,0.006382935640419708,0.029972523853200223,0.0934403980603955
1936-07-01,0.12116869605920304,0.10103301843935057,0.17370464786943512,0.12444313998408325,0.09509016553697122,0.055742847098904987,0.08172528730765881,0.05989256912675311,0.05495937805782448,0.010955247125734174,0.03093917816143077,0.09034582523265033
1936-08-01,0.11685335758986852,0.09943772797715812,0.17477186375882964,0.12224409567488384,0.09635207521312106,0.059032422351289734,0.07859260296244992,0.06268876458456553,0.0548116423331018,0.010759595274887675,0.030965932116085736,0.09348992016375839
1936-09-01,0.11676868775198632,0.09697830661648531,0.17869307781774557,0.12015688447519027,0.09430118276082311,0.060421879554512746,0.07951939199828792,0.06131987822738392,0.0556026570104614,0.010480721222805571,0.030856078008001397,0.0949012545563165
1936-10-01,0.11460799777191084,0.09944392668050689,0.1803083793674884,0.12059091148840813,0.09524419049367755,0.059272997638393214,0.078305328103562,0.05958108128089526,0.05654085186892674,0.010447478249316909,0.031216641283605337,0.09444021577330869
1936-11-01,0.11065779814656691,0.09771875620947192,0.1822136351637566,0.12416382554280857,0.09459548221028904,0.058859080669741,0.07701500848722498,0.05885680859686281,0.05881777025377403,0.010143772640689854,0.03079071854098221,0.09616734353783231
1936-12-01,0.1119620266576254,0.09223368862706872,0.1873571534523835,0.12147614910429855,0.09604858069183896,0.06016401432476532,0.07815937461844522,0.05544277510542264,0.06321826902022279,0.010181521698548251,0.03176150416090235,0.0919949425384784
1937-01-01,0.11004340482690278,0.0858160517818813,0.1941339085431084,0.1311806576097401,0.09490067433297024,0.06232084792789996,0.07741847933181838,0.054700320609837205,0.05742211163690601,0.009858823596331452,0.030716136982594594,0.09148858282000953
1937-02-01,0.10914230456563552,0.08882307300374864,0.19769978472793875,0.13018856697687964,0.09441411755990321,0.06663109666594291,0.07444953519282474,0.05436772156412905,0.05554003418030129,0.00989274226185011,0.02910428617195206,0.0897467371288941
1937-03-01,0.10874100570430015,0.08726430392923822,0.2041731500100425,0.1303087543305868,0.09258644175619607,0.06495626234310048,0.071565169616767,0.05133635676610963,0.056443186374076734,0.009391893000802619,0.028744819512317114,0.09448865665646264
1937-04-01,0.10779541031281016,0.08411895528770816,0.2105759278063158,0.1354339729383841,0.09109365736247402,0.06198174621502862,0.06963568359633947,0.04828176875785113,0.05513352786517109,0.0089305771552689,0.027745375475690923,0.09927339722695742
1937-05-01,0.10884542057159695,0.08370546178903585,0.20125553089936551,0.13851279162996408,0.09422158551279097,0.06174196301401405,0.07131599207288253,0.04817184521072112,0.0550820277210983,0.009329522431782119,0.02789926922284525,0.09991858992390315
1937-06-01,0.10919616168441712,0.08191390689997267,0.20536042850717587,0.13866097963557955,0.09643283700931603,0.06206209394361318,0.0732878112605798,0.04584286492081699,0.053025395807464445,0.009509708769203953,0.027285697991964418,0.09742211356989605
1937-07-01,0.10726148237475515,0.07514516342648422,0.2156735548135704,0.13977665221422148,0.09711136979903665,0.061750003485316354,0.07428864693048187,0.04408445967140437,0.055741535909214476,0.009998501313964268,0.029248774911298698,0.08991985515025198
1937-08-01,0.10340512175139202,0.07817707257940641,0.21923161112291578,0.13903484467582866,0.09395171279452535,0.06256104392038102,0.07053247621677795,0.04829281295391795,0.056448490997292204,0.009569563884308893,0.031126316280655143,0.08766893282259879
1937-09-01,0.10608301667045435,0.07946598344508052,0.21996019337066844,0.13664262441052882,0.095866433226982,0.06213786907148477,0.0726320747650262,0.04549576943472132,0.05680929932968616,0.01016452927158439,0.027924735592315113,0.08681747141146792
1937-10-01,0.11130382561675409,0.08055318661926332,0.2024051164101447,0.13787726079588875,0.10044339103692955,0.060697931703259045,0.08158690427405331,0.04651778671205179,0.05651531317337784,0.01048189701957049,0.027471292799295104,0.08414609383941195
1937-11-01,0.11433323018747557,0.07766092457765861,0.19089817322778832,0.14191052483066133,0.09838642618687032,0.06194613059901388,0.08553236212647683,0.04882297853430191,0.05814372898175954,0.011192098027642181,0.027847745808620362,0.08332567691173122
1937-12-01,0.1176818439937541,0.07022105692295556,0.1888028697836281,0.13621475924854254,0.09764225620298046,0.0646234252050297,0.09106998439732797,0.05496644913655379,0.054454589961658736,0.01160896608661982,0.027931854080390794,0.08478194498055837
1938-01-01,0.12011178952511689,0.061718695644853175,0.19032049105045237,0.14129550424262025,0.10294942245149713,0.06540360726765344,0.09316005554530116,0.051398782794172634,0.05280171147132462,0.011848647632033664,0.026706475615060007,0.08228481675991461
1938-02-01,0.12286278208898438,0.0684061922842173,0.18713000467671237,0.1414948040933123,0.1015927772537394,0.06345395023660995,0.09071109807620664,0.048242111020395224,0.05563036533842752,0.012232377117401333,0.026410266572603983,0.08183327124138971
1938-03-01,0.11995190284374437,0.0667468285937594,0.19244303493055975,0.14618649672338122,0.10321830096795527,0.06328112787831419,0.08400408825828173,0.04695484879456502,0.05734744183250166,0.012517284915529371,0.026713160584380446,0.0806354836770276
1938-04-01,0.13244142959337246,0.06404960893481955,0.1839839435083498,0.14367271194795384,0.10555403515475584,0.05898806447858704,0.08986138049126732,0.049581925086917715,0.058580138075342056,0.014041883356880789,0.0259801851834934,0.07326469418826022
1938-05-01,0.1297088709343911,0.06435122454362627,0.18894075838195448,0.1460326440710598,0.09979562269050339,0.05985395067490385,0.08921429244130624,0.04968790844619379,0.059302434282842764,0.013732653905914152,0.02653395057759787,0.07284568904970633
1938-06-01,0.13455861844551878,0.062131019895872074,0.1801785050204537,0.14224037746374116,0.10064658678876907,0.06050583685849759,0.09400567125325401,0.052548432270360726,0.059252902449795475,0.014499174879137228,0.02629927482335441,0.07313359985124582
1938-07-01,0.1211632743568922,0.06891995842266492,0.19534288717157536,0.13869101982213625,0.10300023924614608,0.06213283165894782,0.08377520582545561,0.05538591676259173,0.058764292208936225,0.012629419291455326,0.02470802278826774,0.07548693244493072
1938-08-01,0.12016187475766847,0.07711866603448965,0.19444033433380023,0.13876159546214983,0.10206274752916349,0.061482815117382954,0.07918908177008126,0.05188594676968703,0.05974180824947807,0.012464615547450536,0.024970272199727615,0.07772024222892081
1938-09-01,0.11845937745469706,0.08401650364482892,0.19384314961367127,0.12911730801221474,0.10528806004709676,0.06286810877113495,0.08194282017051464,0.05016853902841159,0.05974197938409763,0.012836663570909694,0.024717571388406603,0.07699991891401625
1938-10-01,0.1179818814232846,0.08419730843168856,0.19501260554211045,0.12942799664961976,0.10716000895580279,0.06324799888579603,0.08103642054208132,0.0503600216071227,0.0593824102817499,0.012704588628183534,0.024403175370321616,0.07508558368223879
1938-11-01,0.1148337382552893,0.0832006480124494,0.2026107424644865,0.11909855000520096,0.10645550990814329,0.06520728262179327,0.07787838746654116,0.05641812457452298,0.05952584480040043,0.012448389186472482,0.024669170694429997,0.07765361201027016
1938-12-01,0.11399309546356885,0.08310607174457325,0.20273788952636315,0.1209284604232836,0.10774807875029051,0.06328490882923787,0.08020423768426632,0.05323981486019394,0.06024368766115811,0.01285312498517859,0.024842260695523224,0.07681836937636258
1939-01-01,0.11231161873558877,0.08185805287669187,0.2064332095211745,0.12215304363850443,0.10924248899346134,0.0626901184356245,0.07830251519483931,0.05330837576146004,0.05818569074890786,0.012455708497325262,0.023459829092896272,0.07959934850352561
1939-02-01,0.1169460320986885,0.07987038058093016,0.19507451626406702,0.12170109230913038,0.10941027770364459,0.061523163645871286,0.08485818134526206,0.057213263773079316,0.059889373727411765,0.013125591842430036,0.023345313556256696,0.07704281315322808
1939-03-01,0.11574633658246397,0.08191477285865338,0.19641903694843785,0.11607610196818698,0.10687236319072056,0.06166928026536787,0.08518588782826765,0.059963696903831486,0.06131586636592764,0.013135961086107917,0.023602793257335775,0.07809790274469906
1939-04-01,0.12381992792227015,0.07689150108404234,0.180252152204579,0.12111761230235253,0.11228737129618864,0.05806937391610746,0.09363722873473261,0.058831619280013715,0.06299310743225185,0.01424895460924738,0.02346331454486401,0.07438783667335029
1939-05-01,0.12470927502943364,0.0777918023985111,0.17736390098738145,0.12018889298191124,0.11112916856269907,0.05762945387043418,0.09664047132356306,0.060678454571063294,0.06292660729376585,0.01444957276069543,0.022766834962115467,0.0737255652584262
1939-06-01,0.12315466131017598,0.07776383683836477,0.18130715317368962,0.11519068346485399,0.11054243525411679,0.058005597823364306,0.09592548764434322,0.06041703755760781,0.06569984537916353,0.014258061977963631,0.023294734259058255,0.07444046531729821
1939-07-01,0.12738100808256042,0.07579394929713998,0.17717867413376717,0.1133570999240573,0.11478117580438693,0.05580649844095484,0.09676037733811785,0.061692658750868316,0.06780886670193864,0.015289320150733693,0.022194048634530783,0.07195632274094417
1939-08-01,0.12272293036646771,0.08106025442984675,0.18412532611427318,0.10464581008818352,0.11482415001543081,0.058565907622990195,0.09375882565298573,0.06307400000491166,0.06694957872898588,0.014332246490408738,0.02235709298032631,0.0735838775051893
1939-09-01,0.12206466384248542,0.0801698628766331,0.1799381112907901,0.10787057814295611,0.1200690987585472,0.05728251769037104,0.09686068566097757,0.06348963445049859,0.06644693182971922,0.014538990916809272,0.021867638208552878,0.0694012863316593
1939-10-01,0.10933699380904348,0.08514524353033667,0.2041053954097432,0.11615235466167143,0.11899427924272644,0.05676442260293192,0.08402763558043061,0.05630559916274202,0.057835010630041685,0.013305121379655538,0.02089251902916499,0.0771354249615119
1939-11-01,0.11329946355750703,0.08447309021968874,0.20045031348668277,0.11217278928977537,0.11671968837838544,0.05610140679073143,0.08715848322367256,0.05768506095567318,0.06149967265888764,0.013413225089824789,0.020991559866274854,0.07603524648289593
1939-12-01,0.11703566757152027,0.08437462538260922,0.19205398219951353,0.10918555182307134,0.11815106171563444,0.05610989309585143,0.09211551934957096,0.05908951657373935,0.06222977598879011,0.014145552675534053,0.0217857494878564,0.07372310413630878
1940-01-01,0.11745315775553307,0.085377506602408,0.19328254658166594,0.10638169800774701,0.12033437434448219,0.05676650732290758,0.09149119961225917,0.059177900857694164,0.062164651743335374,0.014255729144273201,0.020442384137022603,0.07287234389067168
1940-02-01,0.12223761669961536,0.08424376724191866,0.18568092577907136,0.10663185886799435,0.12087804846747115,0.05575673541064308,0.0937628838139993,0.06046161686217533,0.06302327334834518,0.014357682215564155,0.020975049717150987,0.07199054157605106
1940-03-01,0.1216707797911896,0.08415622314504087,0.18761040004153745,0.10600152374574424,0.12223529686021485,0.05537406474541896,0.09384864478816438,0.058765670580581034,0.06358406615472484,0.014368562094758338,0.02072633293314698,0.0716584351194784
1940-04-01,0.12119784127096656,0.08586749765814493,0.1862208740736184,0.10603560036719036,0.12248462351258971,0.05594101392289523,0.09222764759942262,0.05862847831288434,0.0642533613504515,0.014334185975350704,0.02070528281842061,0.07210359313806493
1940-05-01,0.12293661764797868,0.08539332753699337,0.18731664904829518,0.10608318581856621,0.12329784638865084,0.05457759693753088,0.09252459795710291,0.05757037444773182,0.06392654077349863,0.014283390983980833,0.020532179069374684,0.07155769339029593
1940-06-01,0.12485036769678289,0.07982946459391863,0.18322328335833094,0.10195586831146128,0.12727173629993882,0.055408867114402856,0.1025311830691932,0.05898793050197727,0.06201455714557751,0.014417185963934829,0.019459769349248358,0.07004978659523343
1940-07-01,0.12297231016605616,0.08129116924661396,0.17904768360177775,0.09914510120679966,0.12410953926217555,0.05361012184104336,0.10254831576182581,0.06599694416751158,0.06309299326919789,0.014457621113800419,0.019640737278426256,0.07408746308477158
1940-08-01,0.11891108223863024,0.08359273876065554,0.18219798260988268,0.09909825635675336,0.12415870980637833,0.05498917688240585,0.10153437193009827,0.0638856454746449,0.06383384564381706,0.013959140293442996,0.019874071564208635,0.07396497843908217
1940-09-01,0.11815268856637903,0.08690389837848414,0.1837773987741771,0.09823089082085358,0.12383074004637874,0.055456436410475096,0.09961919241421925,0.061819935542711583,0.06422560471098207,0.013350623580299563,0.02002083352715336,0.07461175722788643
1940-10-01,0.11826443077481359,0.0878694658907888,0.18800566474111025,0.09403729444989685,0.12521222160825393,0.05641059476247086,0.09805787037309767,0.059076840422310685,0.06488826628053429,0.013624008699760472,0.01933941201212594,0.07521392998483668
1940-11-01,0.11294153230657131,0.08878478439944962,0.19676636409151263,0.0970520404059846,0.11953465751494259,0.056041993902669555,0.09688706190474554,0.05937163813340574,0.06305558515239316,0.012845982257937013,0.019968986333135128,0.0767493735972531
1940-12-01,0.11374624466753819,0.08899862212569097,0.20118347197856573,0.09937017762373296,0.11632906050147566,0.054372361341287846,0.10002573404525957,0.05255039093691042,0.06265754750137126,0.01286172876904503,0.02048635875023712,0.07741830175888523
1941-01-01,0.11361506272209414,0.08585108712801806,0.20055881182429808,0.10128905854454598,0.11816379803650527,0.05424042331232,0.10081926099314495,0.053246077367061426,0.06245069480585233,0.01275429705805473,0.01946392449328978,0.07754750371481521
1941-02-01,0.11772565599273191,0.08143911833050854,0.1938007844623658,0.10349562312579548,0.11554652549748813,0.055388002445253305,0.10316027761685638,0.05410076794121547,0.06276744958049507,0.013030480445511122,0.01998074686059687,0.07956456770118192
1941-03-01,0.11647200488444666,0.082933833838361,0.19337848431399157,0.10429480801411063,0.11415886511992525,0.0562788632103679,0.10293519062909866,0.05423394087407476,0.06191488399439194,0.012583605947768584,0.020251358047025367,0.08056416112643783
1941-04-01,0.11619573058181494,0.08117050203078167,0.19220118442166334,0.1076657271019068,0.11573153401304821,0.055554494077421836,0.10305727628121542,0.05192235952180861,0.0622111104603032,0.012683967646564114,0.019944164858064536,0.08166194900540714
1941-05-01,0.11757403971575653,0.07690704335675476,0.18916695155182198,0.1155510785254123,0.11762482118616222,0.05362224560308804,0.10226591567620671,0.04949102362831947,0.06221294363256784,0.012732872870414316,0.01955949563710831,0.08329156861638748
1941-06-01,0.11454217798671329,0.07504722985791291,0.19318075733369927,0.11974199813884505,0.11981292127103488,0.05301685562458374,0.10202638934292521,0.04663905172803386,0.06285768762219808,0.012363386378338292,0.01895923767199272,0.08181230704372262
1941-07-01,0.11443030725561473,0.07366478263034708,0.19486081370449676,0.1198738857626612,0.12168218714207457,0.05479059807778496,0.09982912952542201,0.047924966386136136,0.06281590807230715,0.012344691499427317,0.018285941935162586,0.07949678800856529
1941-08-01,0.11384731755939971,0.07243543974494017,0.19853648105077873,0.1256712876233296,0.12149746330451425,0.05246293926776335,0.09410604164752072,0.0475029514269354,0.06214344288370319,0.012613373675392524,0.018540380940262183,0.08064288087546041
1941-09-01,0.11516640182960333,0.07320076629490473,0.19681007469890255,0.12161218943522878,0.12144289172371803,0.053230764661330324,0.09587537312324576,0.04655241546252432,0.06370940196325943,0.012645350995737856,0.018714228433105128,0.08104014137843979
1941-10-01,0.11828596970832424,0.07716172468093256,0.19252931034690485,0.1222895986371035,0.12024139846288599,0.052708021836223494,0.09609854011520522,0.045550465845057266,0.0646086672602431,0.012772937733509876,0.01872777853413928,0.07902558683947049
1941-11-01,0.11582598885540872,0.07506680540307122,0.18911067946313473,0.13203329036329073,0.11941953793128725,0.049715648797184056,0.09891055804222323,0.04326408729558025,0.06470204869902751,0.012942640570200248,0.01860130121150025,0.08040741336809179
1941-12-01,0.11477709698422427,0.07278902473306083,0.18796836559294103,0.13792159075273588,0.12263500680391236,0.049572772237140864,0.09797600888491545,0.041380427247512966,0.06305222126178175,0.012884641591490073,0.0187915698637045,0.08025127404657997
1942-01-01,0.11615299349159597,0.06790328792106388,0.19981503498350253,0.12982179628034232,0.12962941587362217,0.05151247726850604,0.0935661346124182,0.04032643107412277,0.059760349978435906,0.013423255433259914,0.018076762580541805,0.08001206050258856
1942-02-01,0.1178481130541266,0.07166168827829306,0.20082202481642047,0.12676473327282353,0.11868904138340354,0.05217578043013831,0.091683427318078,0.041385141004916304,0.05957733969195614,0.012860991072260068,0.018903512856473688,0.08762820682111021
1942-03-01,0.11424515314901916,0.07671862452678674,0.2036358552254216,0.12230053344040381,0.11579385109556041,0.0523223299300218,0.09402460708959506,0.04130183836182173,0.05979694849145348,0.01244801824022026,0.019479178616496503,0.0879330618331995
1942-04-01,0.11213184999002965,0.08370896111865973,0.20813141407630348,0.12072646104523457,0.11485244629527437,0.05265745064668266,0.09255901452582019,0.038731398309211226,0.05944541571793601,0.012644976094305763,0.019452263582499768,0.08495834859804273
1942-05-01,0.11208168005889826,0.08385675212263023,0.20391262125699883,0.12181382732727988,0.11846070734632949,0.05324900317574478,0.08989034325743457,0.03887067890960425,0.05840624749427175,0.012587563812546013,0.02007336367339963,0.0867972115648622
1942-06-01,0.1152908392946723,0.08659787305225816,0.19336028560527688,0.12202441566301472,0.11679232287594936,0.054376805389633055,0.09203324361648105,0.03975004533325428,0.06164745088512457,0.013623461027453664,0.020598814751960685,0.0839044425049212
1942-07-01,0.1168188193054958,0.08593974979897899,0.19394954840398673,0.12309965031695867,0.12093685135665799,0.05621818725807356,0.08661742431325616,0.03903809114198627,0.060526207528470176,0.014383005778185012,0.019148418946462964,0.08332404585148755
1942-08-01,0.11538669117191624,0.08486765825029187,0.19403072115052006,0.126106168245152,0.11855501130301015,0.055447594492693895,0.08764804299092031,0.0373787158577918,0.06143505668167096,0.014087379277295569,0.019223629358341827,0.08583333122039549
1942-09-01,0.11437333364830489,0.08486515100917963,0.19219994394937834,0.1282435360139561,0.11780938708323087,0.055611093155345764,0.08874073294598989,0.0369837463934861,0.06123619896610584,0.014170857041207229,0.019273038469839503,0.08649298132397581
1942-10-01,0.11141861519310306,0.08519613443043056,0.19293779919079024,0.12843012460932401,0.12002857355374454,0.056492413833754127,0.0871626713746602,0.0380153870551697,0.060052880722254114,0.013900837418443977,0.019055585105263232,0.0873089775130623
1942-11-01,0.10878435009064155,0.08453900811907493,0.1923433960985135,0.13193949244017475,0.11976630963972734,0.056677217657877386,0.0868108880437712,0.040807952106243946,0.05640343375038212,0.013521371104543661,0.019524873037648906,0.08888170791140063
1942-12-01,0.11180283346585203,0.08412225079079796,0.18386798751714006,0.1324412327288801,0.1208334605424018,0.05785601172358776,0.08979588585961695,0.04033766375125607,0.059932727419947894,0.013770436966468578,0.02001916764119875,0.08522034159285223
1943-01-01,0.11147557683492079,0.08707119390821574,0.18384321041104265,0.13605218254978863,0.12146195181582031,0.05838257016248153,0.08499974532674578,0.04005373605663933,0.058562114806703,0.01431964040136505,0.019875337442061835,0.08390274028421535
1943-02-01,0.11335948079518111,0.08562232704477356,0.1858743612871596,0.1351875739264745,0.11869021921505254,0.06047929344734768,0.08243530764123079,0.042723552469054994,0.05841827688543746,0.013660779521206335,0.01972632032386043,0.0838225074432209
1943-03-01,0.1106520585840132,0.08641964184141138,0.18532549990482297,0.1374404580212859,0.11524364763538515,0.05976049172184871,0.08488639013132182,0.04341256494848613,0.05661120115699259,0.013340557027952773,0.020260604920597558,0.08664688410588196
1943-04-01,0.10901056702943723,0.08589615788554761,0.1891464097675211,0.13922439039757042,0.11154647255781272,0.06050533370423744,0.07975675169162706,0.04281593100756527,0.058036703488331745,0.013189698761440142,0.020896726522117295,0.08997485718679206
1943-05-01,0.10903318130154944,0.08578146945195615,0.18436145987647365,0.13914741070729927,0.10995916494365453,0.06083163463566085,0.08253774159194387,0.04406605226197566,0.058573571402993865,0.01324228225392535,0.021074814756853036,0.0913912168157144
1943-06-01,0.1099744870763167,0.08616376912807697,0.18211887565707177,0.13864836194831734,0.11091657251272936,0.061417266475342826,0.0819949528617042,0.04356426859969761,0.05957316825751746,0.013280934766506216,0.021719883068496766,0.09062745964822257
1943-07-01,0.11054245413400678,0.08908366182260166,0.18026530843450372,0.13852599649319475,0.10889639257180013,0.06255827219065756,0.08167737639602259,0.044416888889109246,0.061691858762959954,0.013059911930748406,0.020956793115099615,0.0883250852592956
1943-08-01,0.11354286053964535,0.08457913272547708,0.17606417426834595,0.14130650158673214,0.10739694584044657,0.06037820853091442,0.0857453261013527,0.04629811166881672,0.0627689962028973,0.01323510854749611,0.021030067088057113,0.08765456689981842
1943-09-01,0.1132175842934641,0.08608465418360943,0.1741089995830594,0.14089540633868544,0.10680657396093786,0.06034135360152114,0.0857734350706201,0.04659291325129108,0.06419437029439415,0.013096534533818838,0.021034431328494613,0.08785374356010366
1943-10-01,0.11299581192627041,0.08577637634225327,0.17464029032441336,0.14000447417760353,0.1072361959953574,0.06203381301387096,0.08418910857337651,0.047143222381845186,0.0640639330557517,0.013340861314698027,0.020836376991567034,0.08773953590299252
1943-11-01,0.11374788231228133,0.08584241989761152,0.17629329801585691,0.13861732901485088,0.10619045247007507,0.060465601151138845,0.08584781200941412,0.04789119642744349,0.06322353795456144,0.013527011142157123,0.020862594098770136,0.08749086550583915
1943-12-01,0.11549831139198001,0.08628497978349485,0.17261234679357146,0.13659503959352304,0.1080643074780426,0.060288948769256605,0.09036956707228125,0.04687063913882368,0.06405535661694883,0.013860623092230752,0.02069129713170592,0.08480858313814109
1944-01-01,0.11537302599487097,0.08798768868242701,0.17417784999371047,0.138146046624766,0.10517696737703983,0.06113780721974706,0.08697407284230954,0.04738706139694076,0.06439299334143982,0.013581723037545195,0.020886163805215956,0.0847785996839873
1944-02-01,0.11763713889050496,0.08744821979640831,0.17568760701711944,0.13647343335651052,0.1040071207631088,0.06066488305868864,0.08632156867971408,0.04629367406926343,0.06376086701903133,0.013361938721558534,0.02070464902485476,0.08763889960323738
1944-03-01,0.11659236641534605,0.08971732906860233,0.17474557410632605,0.13605575814338533,0.10262436369483613,0.05890745162747171,0.08712145789377444,0.04687109301769126,0.06410227147703838,0.012954222958200626,0.020734142732907114,0.08957396886442047
1944-04-01,0.11701819048399525,0.09200973148912998,0.17445036643913267,0.13566367539179094,0.10255117251975482,0.05962372178680115,0.08485490498525142,0.04649304904407073,0.06400781897700711,0.012979340947518032,0.020915964599420713,0.08943206333612701
1944-05-01,0.11646041229033606,0.09255198549645537,0.17312646551351235,0.13613121581854906,0.10241323891252083,0.05991440287675136,0.08591015859860499,0.0467449058807901,0.06433196387833137,0.012860812914154343,0.020630130177145246,0.08892430764284892
1944-06-01,0.11701355652787883,0.09473603924347133,0.17508931288854812,0.1355682217544541,0.10198922432979465,0.059196781179928284,0.08460733107558786,0.04548304986439057,0.06452256874830013,0.012961312994494935,0.02049677757479487,0.0883358238183562
1944-07-01,0.11619887604049474,0.09677729840482434,0.17753448158791002,0.13650476988917015,0.10038132135772261,0.06043780054005476,0.08097048903281001,0.046289427002874486,0.06388293006791723,0.013275031258566243,0.020315496041267485,0.08743207877638803
1944-08-01,0.1173256230292359,0.0935013781843284,0.17690993484672213,0.13680027491658053,0.09966562504138735,0.060341308284139014,0.08198448319888396,0.046967239339837735,0.06480382336656171,0.013282290674096291,0.020284159465557706,0.0881338596526692
1944-09-01,0.11860993107994826,0.09530703247492248,0.17880918158616574,0.13189398775239905,0.09875360972305328,0.060846087132617376,0.08163174767946788,0.04788521890960447,0.06576034450141746,0.013174641521716495,0.020432589808346495,0.08689562783034126
1944-10-01,0.11831632045670369,0.09613774939068338,0.17988798356575497,0.13039975415078198,0.0991868703228432,0.060360643453111,0.08107463978567558,0.04718339299606586,0.06689701187994364,0.013258000481731579,0.02037669194373154,0.08692094157297357
1944-11-01,0.11786917724336281,0.09345840089118707,0.1786299613219275,0.1326595614640008,0.09945454000309056,0.0606394682399286,0.08146935160605104,0.04754150915980709,0.0671107226134107,0.013347048634735537,0.020273122083864763,0.08754713673863355
1944-12-01,0.11761535926132378,0.09376181543661848,0.17808386183764652,0.1328475370940379,0.09752765884349907,0.06091475867974983,0.0813226838770712,0.046743668527096396,0.06784167812423304,0.013216134113797367,0.020222194825213306,0.08990264937971316
1945-01-01,0.11554525685012121,0.09406753456639308,0.1803241042089696,0.13462973838130018,0.0958003575715635,0.061105218383218654,0.07810544979465825,0.04636848702228291,0.06658792341718,0.012966334387541,0.019825130751883836,0.09467446466488771
1945-02-01,0.11596475846205256,0.09342668158376564,0.1816816780999045,0.13848526965388874,0.09609081069546455,0.060569089206145905,0.07500851718932534,0.04790227753220754,0.06530206583315677,0.012757893011090453,0.020080615657792667,0.0927303430752052
1945-03-01,0.11350939610065051,0.09421511856069292,0.18363489671676977,0.13991573726206968,0.09538300937120177,0.06123178359817344,0.07288138684523368,0.04789807319533819,0.06417763908177838,0.012510920158197051,0.020366466471451232,0.09427557263844343
1945-04-01,0.11456941462809934,0.09237863174502106,0.18115910534621726,0.13821243520542753,0.0956768363270526,0.060974500093454495,0.0750622548157962,0.04821095149508974,0.06592426911208393,0.01280743901961217,0.020365155458801562,0.0946590067533442
1945-05-01,0.11358177591359504,0.09528940562415962,0.18248212317570145,0.13702882430492927,0.09546945568046003,0.061466426228960876,0.07142124678105873,0.0490666213030616,0.06544263100430171,0.01260648490222646,0.020044380550301333,0.09610062453124384
1945-06-01,0.11443743823903241,0.09415852958859805,0.18075734978838978,0.1331615074714198,0.09440758673641052,0.06197457142234219,0.07322830114151847,0.049161288269702966,0.0684805019483615,0.012916402239864426,0.019981925679225784,0.09733459747513405
1945-07-01,0.11402223289819158,0.09186095586792367,0.18070307018604992,0.12949163568523403,0.09419353996326392,0.05955001941259895,0.074811087186187,0.05170279791042862,0.06836710280689669,0.013189046455443767,0.020101928625384465,0.1020065830023975
1945-08-01,0.11467986605463314,0.0930521489115711,0.17857777838898184,0.12796458247178122,0.09391892356489563,0.06009251228110846,0.078212267454596,0.052582888273100814,0.0698099362787038,0.013239727433555299,0.019803796952340164,0.09806557193473257
1945-09-01,0.11642396312679328,0.09553364070911384,0.182171783735433,0.12305351785785927,0.0965878613807542,0.06243322897613554,0.07521519028720271,0.04998855884542406,0.07110491835918986,0.01361051635267879,0.02038159965171343,0.09349522071770215
1945-10-01,0.11811074301199899,0.0938711408932985,0.18494322318629697,0.11993013999204535,0.09784312648249383,0.06105496577318326,0.07250296076499659,0.0508785751203997,0.0717046521125576,0.013856789117257316,0.019784008615332752,0.09551967493013909
1945-11-01,0.12120457397857239,0.09060940760170338,0.1845869316806615,0.12271023149955437,0.09449705300513996,0.05840289648082103,0.07149543652163307,0.05185268674221448,0.07312733631712745,0.014193948216001388,0.020446109708133684,0.09687338824843728
1945-12-01,0.11950115535133826,0.08816058278746658,0.18451575499185924,0.12533872000788293,0.09268999870199955,0.057388969811586976,0.07060614983770085,0.0516903714065398,0.07426215713269248,0.01465021834397077,0.020439660411657647,0.10075626121530488
1946-01-01,0.11969745128322175,0.08956075762499843,0.18468156380687767,0.1237596583746172,0.09376127195911561,0.05788872370660814,0.06957503638681745,0.05059480230992577,0.0759324619111269,0.014731994004088832,0.02103373949993166,0.09878253913267075
1946-02-01,0.11797830506317183,0.09003411022731582,0.1899408486800798,0.1164447523245012,0.09300881089079462,0.05771506761462174,0.06682199038745154,0.052785484978404185,0.07928455419878905,0.014934086605952825,0.021291507202067905,0.09976048182684927
1946-03-01,0.11875964440806795,0.08666934277268913,0.1874240828689247,0.11771912355790035,0.09387397625911659,0.05717928433278943,0.0691359066525563,0.05282594189374469,0.08056664807294302,0.01516257344086414,0.02093879189452667,0.09974468384587715
1946-04-01,0.11930335375471846,0.0828131312905366,0.18613578573018627,0.12366063240010386,0.0950829317628104,0.05434480613773875,0.06549632327135439,0.05297337023200407,0.08481012091930328,0.016426377417618584,0.020870045726357346,0.098083121357268
1946-05-01,0.11827791240301987,0.08060870846391735,0.18503357240110968,0.12902463456835644,0.09647232507294566,0.05265665824857867,0.06386878147991024,0.05289905772202245,0.08705620869158333,0.0180533560184887,0.020208445778110457,0.09584033915195724
1946-06-01,0.11766743949476662,0.08144523335128369,0.18752925988959246,0.1282473293960759,0.09630046321068465,0.053875517955455476,0.0634061271245504,0.05240869842001601,0.08540098453361916,0.01834654061951891,0.020273653787691814,0.09509875221674498
1946-07-01,0.12003779509086444,0.07688264963539639,0.19490232027530097,0.1270689585031695,0.09311849606243633,0.053293493140691255,0.06546520291429878,0.05512977220163303,0.0774503235051051,0.018650868207517643,0.02001851804200959,0.09798160242157683
1946-08-01,0.12223546185875622,0.07532825771213757,0.19284743177175614,0.13042471432994968,0.09352649795446139,0.052947554181709135,0.06728983654323048,0.05452817750537448,0.07725327917602337,0.018530956350308363,0.01960200647036712,0.09548582614592603
1946-09-01,0.12384485107322997,0.07202168677452075,0.19203101175747675,0.1315114597629207,0.09382272248876111,0.05219308491257113,0.06714670121586605,0.05516530420773191,0.0783669917186026,0.019153032555553152,0.019642133942049257,0.09510101959071639
1946-10-01,0.12298796352015001,0.06836862979485354,0.19009443429501288,0.13475429705359826,0.09522790517563141,0.05201530037878943,0.070524663118686,0.0559218818339268,0.08117675381203024,0.019833168263600452,0.018848418510319324,0.09024658424340165
1946-11-01,0.12519080503509084,0.06722715420506191,0.19082935867887243,0.1359598484226063,0.09344311739752743,0.05129574456124572,0.06805055270399023,0.05743609923159083,0.08016081675365504,0.020075067997941686,0.018872942224451586,0.09145849278796607
1946-12-01,0.12371300218852943,0.06640366794262803,0.1927258401692729,0.13656750356055852,0.09660482928835123,0.049381066451959006,0.06976788516892342,0.05804949471385272,0.0759199130760775,0.020400979255718453,0.018979660564624246,0.09148615761950452
1947-01-01,0.12226986534195666,0.06745606740872981,0.19490121932585006,0.13600855696574396,0.09878763556041617,0.049315675947735116,0.06853734848925211,0.058899797805833036,0.07501720338561237,0.020897806146298912,0.0195067423000709,0.08840208132250091
1947-02-01,0.1207482042118105,0.07395317744168259,0.19573811648081435,0.13348498627294259,0.0968138256547561,0.05184568911893026,0.06846407520242138,0.05799382777124381,0.0744492615092622,0.019522276033013763,0.019641005830665494,0.08734555447245683
1947-03-01,0.12179974192925969,0.07551269407082212,0.1963275866016439,0.13123751788589624,0.09750795525865012,0.050833259491475165,0.06809897150962645,0.058117824340967975,0.0748510011120846,0.01891644894241856,0.01936649103664706,0.0874305078205082
1947-04-01,0.11981451752910086,0.07500155390329792,0.19604186894200976,0.13702926553599662,0.0989005866252864,0.04998067444404198,0.06722685773604506,0.057593014508098506,0.0745134139362621,0.01902942128354556,0.019216604117593687,0.08565222143872156
1947-05-01,0.11717288854801307,0.07567530801891986,0.19232698725611294,0.14328558775462505,0.09998989147046787,0.04950774467432686,0.07056505176957513,0.0580154438790599,0.07191842980340225,0.01825284776817572,0.018891113099414197,0.0843987059579072
1947-06-01,0.11792512575802992,0.07442892357316147,0.18829746810414147,0.14757977761590174,0.10070385524229163,0.05030894321989846,0.07094470352894293,0.05722083494047235,0.07249195093206422,0.01796747972139231,0.018975225128413514,0.08315571223529013
1947-07-01,0.11989563653997717,0.07362216207542503,0.18672442177660792,0.1487253774664644,0.10089336611166322,0.049215367989354435,0.06452892380279454,0.06520109824544916,0.07665873804611956,0.017799235980038672,0.018393926848058607,0.07834174511804719
1947-08-01,0.12040919315430136,0.07454995035489084,0.18826080959086144,0.14845748480258728,0.09911796278870304,0.05036127572224415,0.06263290480567388,0.06305099583855164,0.07703664450960601,0.017537288461984955,0.01813582956499412,0.08044966040560123
1947-09-01,0.12083820723364229,0.07488441477744454,0.18809523726362096,0.1476005042194675,0.10043383970668929,0.04954874872469429,0.06428763282651756,0.06439224194990009,0.07556376284081356,0.017169867403133525,0.018283369524480807,0.07890217352959565
1947-10-01,0.12182273195074818,0.07562156217948786,0.19164673740013774,0.14470445629329393,0.10037052041035427,0.05009570631400768,0.06457575959504717,0.06388947357472691,0.07383330495109618,0.016827317180490933,0.01851015467085243,0.07810227547975679
1947-11-01,0.12023538124272982,0.07604160869350211,0.19422053999773586,0.14866711546152264,0.09953614001848131,0.05005883324939248,0.06325061068895638,0.061997098053635166,0.074205880361308,0.016605294802910765,0.01863710524905616,0.0765443921807691
1947-12-01,0.12066266240878017,0.07525994716366052,0.19509539007815488,0.15011905469243986,0.10094951105545866,0.05063402720566,0.06341531331559117,0.058636453526989735,0.07373249984702471,0.016467059761464946,0.018811794262849707,0.07621628668192579
1948-01-01,0.11789756969481822,0.07490840941614987,0.1944223345129405,0.15967026003128362,0.09965953401817111,0.050493556072018886,0.061389438170462475,0.057735694951355054,0.07170897906659418,0.016523745604206646,0.01837982427920082,0.07721065418279842
1948-02-01,0.11902367501926228,0.07387331348765569,0.1937998693089521,0.15383669254118232,0.0992762504601098,0.050065905422016846,0.06403355631725775,0.059785555424310625,0.07206430086249589,0.015741444125242338,0.018827746814812082,0.07967169021670223
1948-03-01,0.1168877139222151,0.07260017236897906,0.19185624974349857,0.15605833641135086,0.0980519569351154,0.05041716636950499,0.06663071846248088,0.06036752288753001,0.07236305102212982,0.015885990232424523,0.01871586630612062,0.08016525533865033
1948-04-01,0.11374582825660857,0.07218378626547298,0.19663929649838427,0.159040101711077,0.09771644505659444,0.051569458423831475,0.06222016210202893,0.05954795076901344,0.07142024686125974,0.015644435026752133,0.018733908989775918,0.08153838003920114
1948-05-01,0.1096769848661811,0.07066585282015422,0.1943064815832471,0.17054608337505406,0.09708640783453185,0.04962406888956614,0.061825442229916656,0.05828620128479949,0.07240727012667665,0.015429695745954083,0.018899881666352446,0.08124562957756613
1948-06-01,0.10724653858867716,0.0748720656745796,0.1948935657098426,0.1683494021202259,0.09699132242328617,0.05303171447108778,0.05926870774137205,0.05741712035461944,0.07325300619077556,0.015340124832620691,0.019406964290654763,0.0799294676022583
1948-07-01,0.10646976783984442,0.07544018367452734,0.18910269422200962,0.17558333588367447,0.09741001928057896,0.04986718447960238,0.05925280417814581,0.06305177150858819,0.07047529406474203,0.014612205537092476,0.019566321256791457,0.07916841807440295
1948-08-01,0.11018223204936857,0.07620280031879019,0.18988110036397576,0.17201027374153013,0.097374204158691,0.04897959587684377,0.06156804720549643,0.06151641124462956,0.06855622389022688,0.01474643856219749,0.0194748408317382,0.07950783175651185
1948-09-01,0.10987979084417825,0.07623744597538887,0.1907442177219757,0.16784895368302416,0.09686572437870146,0.05026194126987936,0.06178652965674978,0.06151478265618626,0.0700973208426805,0.014436021537853016,0.019293706044881283,0.08103356538850139
1948-10-01,0.10869186003132346,0.07574955837199596,0.19058055793924428,0.1658598525968447,0.09739263238077073,0.050031448682217025,0.06296614502619408,0.06288021216668642,0.07165788499164599,0.01444598262166575,0.019671935442982173,0.0800719297484294
1948-11-01,0.10601980838010908,0.07731576395824936,0.1918720223666867,0.17062289119798452,0.09816771510510669,0.05074656215380602,0.060219662617637004,0.061588862864511644,0.07043049901256633,0.014336446523798679,0.019708111623161828,0.07897165419638216
1948-12-01,0.10987248184475323,0.07401837937220997,0.18754488387986298,0.16558203696930296,0.0995927392760766,0.05024208804602766,0.06574093268747577,0.062110426012010514,0.07289684766379519,0.01491275387769588,0.019992207163548627,0.0774942232072406
1949-01-01,0.10724472937476066,0.07430600322374063,0.18626062860646936,0.1682754470781606,0.10314592802784517,0.051428356522618894,0.06391527519476546,0.061947094846093675,0.07166369417934543,0.015134524694245206,0.02041455206902598,0.07626376618292902
1949-02-01,0.110478439438086,0.07600629709330745,0.1867880239554746,0.16137782771440484,0.10267972072165481,0.0505449651818984,0.06302259773437241,0.06453251064856252,0.07219739497262304,0.01576495083569792,0.0201121881341264,0.07649508356979175
1949-03-01,0.11164149012361124,0.07455903557343482,0.1851154433931967,0.159200027506553,0.1025921268344713,0.049560078042528356,0.06516346281165254,0.06711379446313573,0.0725512766771499,0.016111085506607063,0.020646374731427046,0.0757458043362325
1949-04-01,0.1105946163891477,0.07427894566757834,0.18451188421785977,0.16257533703445023,0.10229016103763201,0.050105543848093195,0.06286073919034697,0.06684979662468178,0.07285414347284581,0.01635978234308933,0.021160008784866714,0.0755590413894083
1949-05-01,0.11058867918266879,0.07259465186014023,0.17970209476566495,0.16699365254224754,0.10201959318123531,0.049464504267409164,0.06310953648083842,0.06881023673200254,0.07291081636090874,0.01669954561047163,0.021523714501832606,0.07558297451458018
1949-06-01,0.11353529837501612,0.07171716416096112,0.17514891165915172,0.16243554953778944,0.10423816140621231,0.04889538874124998,0.06400779483573431,0.07060236051863336,0.07528524647801718,0.01689878495566781,0.02183040247759078,0.07540493685397588
1949-07-01,0.11298756328254993,0.07177332751153541,0.17263394806405546,0.15694883701719395,0.10384828709331004,0.04777076523206551,0.0671149057694804,0.07776046153483046,0.07671239039875381,0.01697012296581267,0.021646799289583307,0.07383259184082888
1949-08-01,0.11221391331058224,0.07458931830946056,0.17421628415532134,0.15817481731378633,0.10342017732825867,0.048819472379343566,0.06527966353548675,0.0754749263642383,0.0764232292348378,0.01704738589762427,0.021845815935376007,0.07249499623568419
1949-09-01,0.1138584940381953,0.07355750511780136,0.17166155602467545,0.16232889257892172,0.10391963273482178,0.0480102517542452,0.0646583556161448,0.07643247749696645,0.07559586259652688,0.016670441084544328,0.02195611526144345,0.07135041569571342
1949-10-01,0.11339350870995656,0.07332826080153923,0.1720998926200687,0.16278258768398876,0.10558942914271592,0.04815932189832726,0.06276597115417279,0.07701134057242857,0.07501886302440589,0.01647596702597751,0.022549785583177447,0.07082507178324149
1949-11-01,0.11123831109949336,0.07634293990003499,0.17334926625486777,0.16363851859548917,0.10714132052205212,0.0486329699447408,0.06204357578271695,0.07539654384408251,0.073140877279432,0.016488625468915788,0.02280020554767659,0.069786845760498
1949-12-01,0.11173583863302647,0.07607909398266084,0.1739238944142823,0.15551294622016246,0.11023954020686169,0.04962919647659924,0.06274535142740377,0.07710354876175368,0.07357029436517565,0.017038708624836647,0.023260227990456517,0.06916135889678077
1950-01-01,0.1118855430691211,0.07850144630893358,0.17627963602592,0.1498091033132188,0.11128548037046058,0.051658620957506965,0.06015605343807456,0.07588642320234185,0.07330033555852718,0.017680650902461494,0.02340352839342574,0.07015317846000826
1950-02-01,0.11121504043185836,0.0787253937427844,0.17788752835959915,0.14642300269789546,0.11039061576141487,0.05356200222122255,0.06034361898352859,0.07719403634661313,0.07181180807759406,0.01756344565014648,0.023355752807920332,0.07152775491942279
1950-03-01,0.11029781816434181,0.07944961266318881,0.17922394200632882,0.14297940883718552,0.11025096717075313,0.05480342078751382,0.06022801018389468,0.07817692809218825,0.07235002467989436,0.017668869872423235,0.023884636531503058,0.07068636101078449
1950-04-01,0.10817784070613934,0.08011234771070853,0.1754503643970836,0.14837746204674826,0.11213486282028547,0.0559137912091124,0.06158798614570097,0.07744185617748275,0.07136175132441598,0.016960079479200186,0.023526137046159957,0.06895552093696239
1950-05-01,0.10384088317617672,0.0851846746485965,0.17870882028430654,0.14709317448681622,0.11765118093841796,0.05637783454346527,0.06064943970959141,0.07493065941183495,0.06821735426652971,0.017184180944762272,0.022501302028511402,0.06766049556099117
1950-06-01,0.10171626106079323,0.08618168241557224,0.17890205179583407,0.1528052890180845,0.12094130505367093,0.0544834495700135,0.05962813069030751,0.07323640879064951,0.06747753078110909,0.017145228988925124,0.022570518966475023,0.06491214286856505
1950-07-01,0.09819855914644038,0.08554924201024612,0.1732107541701804,0.15204850513168902,0.11757124597477932,0.051943898288900114,0.0650431945439924,0.09013646921849455,0.06666852659953268,0.017056063745459944,0.021205535620398824,0.06136800554988627
1950-08-01,0.09701980907517524,0.082121409654809,0.1806429687606467,0.1631565738010984,0.11181855554899404,0.0497421515497027,0.06335428978963292,0.08404207114595777,0.06504909965976043,0.01562762618163978,0.019596709351818627,0.06782873548076443
1950-09-01,0.09648414531946099,0.0834899167820062,0.1810542385207172,0.16209164241336968,0.1150753411096015,0.050096409673953436,0.06252861852609826,0.08322195650899554,0.0649035035566568,0.015517646365954483,0.019646229583060105,0.06589035164012595
1950-10-01,0.09633226171414137,0.08646154309237497,0.1812772662521095,0.1605172563844009,0.11424424672674102,0.049898149281155754,0.05875081876461261,0.08282985989555149,0.06716716277858445,0.0157265623926445,0.020227493870307683,0.06656737884737574
1950-11-01,0.09576345515263911,0.08715647531577574,0.1832437693800013,0.16119504821579717,0.1135534782122256,0.049380908928864445,0.05900504986712638,0.08206581681577817,0.06777335893090401,0.01543802655793864,0.019995380475307384,0.06542923214764222
1950-12-01,0.0938172088314106,0.08045549357452784,0.18691946802042567,0.16457505545234988,0.11826161582508302,0.04864898500485492,0.05816669540293214,0.07970178238307041,0.0669304353349763,0.015816267664700935,0.020165339396901412,0.06654165310876699
1951-01-01,0.09142508344321969,0.07731651448115723,0.18883406306773076,0.17011854385188577,0.1186698598568994,0.047895629821194684,0.0556253540885757,0.07827812825288959,0.06499911176734086,0.015917030422030343,0.01987664560851102,0.07104403533856488
1951-02-01,0.09017862448200632,0.07994262007838743,0.1906198051496889,0.17086001572988394,0.11720798771178849,0.04960317367485553,0.05365191104989256,0.07753974228629794,0.06362076007809735,0.0155064746579031,0.019223958082339065,0.07204492701885949
1951-03-01,0.08979139783350232,0.08004742286594783,0.1883333441562357,0.16968424646160668,0.11858035680326097,0.049516401799322984,0.055363784033003044,0.07886045970123222,0.06460982818487868,0.015539755148841193,0.019451538599262866,0.07022146441290547
1951-04-01,0.0890370839152354,0.08293169203244218,0.18506888848178873,0.16972511223671655,0.11903515679832126,0.05006721117632643,0.0553782026422914,0.07932762652950033,0.06467261614448143,0.016164228427591555,0.019752710454252385,0.06883947116105225
1951-05-01,0.08544059829045282,0.08179068706487118,0.18714412089159488,0.17928597661447304,0.12209673501428933,0.049148204662333286,0.05326124730298563,0.07553512270883544,0.06175917552170075,0.016989275932267543,0.019569060870013123,0.0679797951261829
1951-06-01,0.08644555178392578,0.0784220326607178,0.18504605071837346,0.17738867264860825,0.12445286477884497,0.049145487609810155,0.05467924756960716,0.07750352162185749,0.0624826141488601,0.017735498299257264,0.019768341502685,0.06693011665745272
1951-07-01,0.08453875446216551,0.07234728737655383,0.18020531118512292,0.18490453556045452,0.12423136946672358,0.04849421543883186,0.058647358604316,0.08618547635101542,0.06026916352461763,0.01838200100177803,0.019646624075261764,0.06214790295315912
1951-08-01,0.0813161697652228,0.06974284449458341,0.18263952443110051,0.1924790453943757,0.12555695171649225,0.047849487710081115,0.05637383590792272,0.08458838809517229,0.05782923886110112,0.019628650089377777,0.01945081567045255,0.06254504786411759
1951-09-01,0.08043128054544525,0.07079196066069009,0.18630890032629258,0.19434041095947763,0.12333305702709559,0.0489384398075234,0.05587749418710286,0.08295728473022881,0.05695760038917315,0.018628901465009163,0.019504080540756426,0.06193058936120509
1951-10-01,0.07930011586084651,0.07226790337724416,0.1875264652457585,0.19185960045777384,0.12106140082923308,0.049548046816661494,0.0548453168591445,0.08331569417864124,0.05845589810081801,0.018172029126022355,0.019531572836264558,0.06411595631159178
1951-11-01,0.07860560163121157,0.072615956513005,0.18757938325535048,0.198862208104414,0.11501680352445075,0.047785804856623974,0.055684712868211556,0.08573979899095419,0.05801018630101467,0.01750287796056622,0.019646506644714085,0.06295015934948357
1951-12-01,0.07817018236003324,0.07310975803631045,0.18714955138280312,0.19545204165724975,0.11474842461933493,0.048482968358330034,0.05608724682839973,0.08700922155184343,0.05850348934034668,0.01739277829863185,0.0202915388760036,0.06360279869071322
1952-01-01,0.07697746692801584,0.07262518306666835,0.18504890594027537,0.19856420017772217,0.11984821938223339,0.049207569249202596,0.05425273377993062,0.08684285234797444,0.05639345439043351,0.01769834869874381,0.020723611142556154,0.0618174548962437
1952-02-01,0.07609043818043933,0.07072892967775933,0.1848879291507603,0.2084531677785061,0.11423283075617936,0.04766086967698813,0.05356490443321893,0.08780164269463617,0.05512029717605624,0.01752711474440545,0.020963148626589028,0.06296872710446148
1952-03-01,0.07648554111714918,0.07218335231482838,0.18157829962364347,0.2061546594362687,0.11369766750797412,0.04722587468982365,0.05500850022382434,0.09097088753049686,0.05445627262953435,0.017281237738017954,0.021576199543338812,0.06338150764510002
1952-04-01,0.07427886393490708,0.07495172871153283,0.178140311946028,0.21497667419112113,0.11256583897667419,0.0478230860466006,0.052711787886903616,0.08886467459922714,0.053391488439122066,0.016611036716787184,0.021288645725727258,0.0643958628253689
1952-05-01,0.07541072476619605,0.0765283512168248,0.17568920208261196,0.20888699424663565,0.10979124783428316,0.04854213832032014,0.05509082984435416,0.09150720999591862,0.0550197091377968,0.016499251889667502,0.022058806940478525,0.06497553372491263
1952-06-01,0.07458733989843871,0.07639615327852531,0.1749118034578512,0.2087741851148558,0.11304428979433952,0.04868639759559482,0.054255393472162294,0.09150381428245077,0.05471416946410041,0.016424494741515864,0.02195882056024509,0.06474313833992011
1952-07-01,0.073877996467595,0.0752657690416071,0.17601464439455822,0.2090074954236267,0.11279095111073795,0.04951154289745491,0.05828330923924207,0.09185430075115103,0.05329358609339667,0.015381146028633942,0.02115087818695773,0.06356838036503873
1952-08-01,0.07350186624237441,0.07644317737424262,0.17906653178123713,0.20485943326539485,0.11312645392368746,0.04950458572549376,0.05790080516180759,0.0925308602912207,0.05373623210636779,0.014548398702121431,0.02148621074497176,0.06329544468108042
1952-09-01,0.07470941969059543,0.07791093106878814,0.17692212355099,0.19996441451533095,0.11228185910709593,0.04999622667756692,0.05919328139744157,0.09512082808959736,0.053938905279360815,0.014595073242848467,0.021431289177776286,0.0639356482026079
1952-10-01,0.07384981644806028,0.0790152390046259,0.1760318344871191,0.19564491570804596,0.11278766685806822,0.05145885888113963,0.05949389343019543,0.09712687987509437,0.05460408104672993,0.014246445092485658,0.021881068665845143,0.06385930050259038
1952-11-01,0.0736242096868538,0.08053733826058006,0.17441425104268454,0.19773132741517785,0.11146921966079952,0.05158449740061694,0.06051365033001453,0.09783357140817811,0.054318962851891125,0.013195296999850547,0.02132482732673159,0.06345284761662173
1952-12-01,0.07368068839199197,0.08049091833951928,0.1769113457413579,0.18985321963286533,0.11544414164721263,0.05359968744620728,0.05984089928843724,0.09745527831019801,0.05350095061998216,0.013391266674532089,0.02167452241741791,0.06415708149027814
1953-01-01,0.07244452358542564,0.08380295026271982,0.17706211719083437,0.19320574676581903,0.11402406451120553,0.0535888079578141,0.05808721901418603,0.09636205868303756,0.052442771177985244,0.012744524433364709,0.021837069447153145,0.06439814697045498
1953-02-01,0.07410490777330822,0.0837344295374883,0.17908563200398545,0.1878731942874892,0.11454050793686191,0.05233567214116722,0.05884380158596439,0.09722846027156075,0.05291956300885513,0.012100403526326636,0.021808923957829452,0.0654245039691633
1953-03-01,0.07556296064772391,0.08233891238842382,0.17942856369160076,0.18826092868221161,0.11190160491197382,0.05277355006513357,0.058943171214829435,0.09818722504638298,0.05293164034975139,0.012407131492786104,0.021785565880264438,0.06547874562891803
1953-04-01,0.07479267483419809,0.08002615576261123,0.1770563707133072,0.19034138315087684,0.1137872690512133,0.05252884313139584,0.05888025007082235,0.09958593176993795,0.05339811476713998,0.012541959819470906,0.02222580106873843,0.06483524586028787
1953-05-01,0.07673559199692104,0.08071107419385916,0.17805897231488974,0.1856596110676546,0.11297717392335266,0.05367350229299064,0.0599609939504183,0.09911709751861822,0.054357480910047974,0.012209183044398709,0.0218262159190008,0.06471310286784816
1953-06-01,0.07649186775455723,0.07958760071800697,0.17715555748328185,0.18721908816792593,0.11252253765753875,0.054408186422768436,0.06023367307177042,0.09862372003444722,0.054963851301280196,0.011671960640537693,0.021848822974863857,0.06527313377302149
1953-07-01,0.07558686748946396,0.07574515618743285,0.17272072204227112,0.1865150319749117,0.11182992439410218,0.05346054577388009,0.06955187547823605,0.10374500949533956,0.05393828623988519,0.011436036300346114,0.021412684504953833,0.06405786011917743
1953-08-01,0.07570225870920476,0.07450280870563679,0.172319273296736,0.1892938920709945,0.11226253663923753,0.05346169810865868,0.06858127469544884,0.10416276346774282,0.053619326830470805,0.011568863757371057,0.021187314141165044,0.06333798957733332
1953-09-01,0.07634538148103448,0.07232234941073647,0.1691931215568225,0.18442918354577542,0.11431713996525746,0.053354324012164694,0.07164553570763608,0.10890232427456518,0.05483721324559309,0.012140409563089925,0.021565198512805445,0.06094781872451939
1953-10-01,0.07601343467995007,0.07171575862550346,0.1700651810116736,0.18090189311588564,0.11601805465107219,0.054932620825673815,0.07194573596783341,0.11016772517176562,0.05468446587813305,0.012157754244700591,0.021575796171449134,0.05982157965635952
1953-11-01,0.07311090875694182,0.0734477893675477,0.1737765606131071,0.18264244148555753,0.11608751470433061,0.056206693059555966,0.06978821855813536,0.10975195113277084,0.05267560194937412,0.011916663084216246,0.0215724742747492,0.05902318301371363
1953-12-01,0.07139126179641371,0.07126005465813155,0.174500890156031,0.18037528694368127,0.11817370405616127,0.05784470023868574,0.07003622199403775,0.11044034765287886,0.05288625971609001,0.012542366573945678,0.021878023015343372,0.05867088319859985
1954-01-01,0.07082833179484276,0.0705695418918081,0.1748980725928784,0.1816439397527863,0.11932688823241488,0.05791511999263681,0.06967918139208171,0.1110717021328216,0.05336357555221029,0.012349130685435096,0.021882573311289975,0.056471942668793976
1954-02-01,0.07009669210263886,0.07066810863873746,0.17760175380921464,0.18762242187206682,0.11480252705300163,0.058847753206663224,0.06752898061670862,0.10879697588787049,0.052318403550108375,0.012401936589247662,0.021620057453002363,0.05769438922073986
1954-03-01,0.06861082875493166,0.07012113457916637,0.1774641986973431,0.1891037818398782,0.11287033368001936,0.06110980637872078,0.06858398854575938,0.10904814281167513,0.05165615878522664,0.012197242893918608,0.021648804930618964,0.05758557810274177
1954-04-01,0.0669935606873584,0.07016855440037245,0.17962370743868455,0.1906838889426088,0.11411120796296564,0.06424860909758892,0.06660256544124989,0.1080796500136269,0.05002484083352183,0.011798299100482794,0.02185010597059217,0.055815010110947534
1954-05-01,0.06478454095253294,0.07004185466082861,0.18083588628332145,0.1940839565998923,0.11629694025587828,0.06763589971613503,0.06513870937089404,0.104610308270447,0.048628047664268544,0.011430516373009037,0.022074590326539415,0.05443874952625346
1954-06-01,0.06435297378281586,0.07039167472977491,0.18354461800264396,0.1934110350663838,0.11707189333617389,0.06506163962689754,0.06438979613240396,0.10443673147728964,0.048532267720837935,0.011295748892617152,0.021772364892388325,0.05573925633977297
1954-07-01,0.06326250542944037,0.06940096800302895,0.1861620236574303,0.17852119362887273,0.12063688977768258,0.06998629252928912,0.06610233664003339,0.11136931779952694,0.04826311655251737,0.010983016352220288,0.021682407896586032,0.05362993173337198
1954-08-01,0.06403121027465701,0.07265140338246391,0.189409297074439,0.17719699004317993,0.11732903176160579,0.06635613532132284,0.06574606636812573,0.1115573954677318,0.04785356888060961,0.011320008144371198,0.022189844746216554,0.05435904853527673
1954-09-01,0.0639269549547403,0.0716273584092312,0.1859897300783176,0.1797864095810801,0.11690555515670267,0.064992022768264,0.06684109774483706,0.1127549336098063,0.04900001661596706,0.011337105680372122,0.02276559917961014,0.05407321622107136
1954-10-01,0.06225996704997617,0.07720730275298446,0.18543930842602913,0.18617678946573787,0.1177768811617486,0.06501350522766931,0.06379849617065794,0.10789187401322506,0.048282822391398,0.010945048470791831,0.022016935706847412,0.05319106916293429
1954-11-01,0.06194113423486807,0.07768856413290624,0.18984313030703456,0.1856439760936977,0.1148474693327887,0.065159984466739,0.06443250205520926,0.10535756129005477,0.0478574988742597,0.010947880855917573,0.021480659074700127,0.05479963928182431
1954-12-01,0.06009507684825314,0.07336164927014585,0.1970879570688466,0.18307833905678947,0.11954593136800709,0.06711353815620881,0.06139855982767884,0.10213203910435077,0.047407514490324563,0.011271673115935556,0.021803627090907215,0.05570409460255204
1955-01-01,0.05930663021870031,0.07474476423281602,0.20195979390793192,0.18512495913994953,0.11771014053091093,0.06526417870919848,0.058548014766326616,0.10010470315893719,0.04578367419764955,0.011332600448543406,0.021852313945081588,0.05826822674395437
1955-02-01,0.05916775164708126,0.07483560997215222,0.2039213556611382,0.18503007086265005,0.11389287168687445,0.06748758544323244,0.05876957022969839,0.09926857530085453,0.04631077472619042,0.010942741564650303,0.02177372211213368,0.05859937079334384
1955-03-01,0.05798584441373912,0.07155088389051481,0.20559815566613546,0.18352711763055762,0.11549807376273026,0.06871392965267441,0.05962711261919821,0.10006590289623934,0.045525416072434446,0.010936283861317064,0.021617007593777545,0.0593542719406819
1955-04-01,0.05748823739052441,0.07184503209912566,0.2081036272960025,0.18371272656339627,0.1144918626619538,0.06772615044763954,0.05905275041479647,0.09930242206437691,0.04492913511840699,0.011619893134672356,0.021824898843647352,0.05990326396545755
1955-05-01,0.057964116970590805,0.07362091056142982,0.20725599802398453,0.17908905214271212,0.1192674656947476,0.06880209797693389,0.058393612379240636,0.09840624232403947,0.04430683610720718,0.011096762741463395,0.020862033621805574,0.06093487145584482
1955-06-01,0.057224373921029734,0.07179023961612556,0.2089862812958791,0.1745635764718501,0.1241086740456459,0.06813368964439324,0.05888058473018573,0.0974285468125049,0.04519496509927705,0.011356359807298051,0.021198716247302647,0.061133992308507835
1955-07-01,0.05578232812540733,0.07538610865379701,0.21238444557971795,0.18195099116935537,0.12811380631354244,0.061704144797699575,0.0602657555589185,0.09364753550296961,0.04344734480862348,0.010305935889098,0.020341256887673718,0.05667034671319708
1955-08-01,0.05580519054624043,0.08847256993546242,0.206352281421799,0.18341318287944378,0.12340031223736948,0.058886592568103906,0.06067949083726665,0.09501713031190129,0.04344148987620408,0.010111753560479919,0.019802883065903654,0.054617122759825325
1955-09-01,0.055233860619074364,0.08396051962602365,0.2123923070721401,0.18046269361228512,0.12583602104999977,0.059276380318007194,0.05923171373793635,0.09489678496615024,0.04399896728647419,0.01010618827446232,0.01995042508990051,0.05465413834754628
1955-10-01,0.05440307336185873,0.09177401234042587,0.21378615021921596,0.18044668991124851,0.12310227835343954,0.056351919741391115,0.05953662672347652,0.0924573298785822,0.045640012505274205,0.009809423948760054,0.01914186961433632,0.05355061340199115
1955-11-01,0.055375485088325405,0.08960847020602622,0.21195433026501204,0.18222681656818976,0.1234512352431553,0.05466772399036715,0.060490360136794825,0.09382855593636913,0.04567317406033795,0.010149390438748256,0.01936914229247992,0.05320531577419394
1955-12-01,0.053537068349458705,0.09037608001114411,0.214074497005989,0.18436720322273398,0.12344845093036722,0.0568347867767898,0.05780671523720323,0.09085077284815217,0.045332356982603815,0.010070261766512064,0.01886610108002058,0.0544357057890253
1956-01-01,0.05324111230607706,0.08556718413533039,0.2164144829305853,0.18872282448056704,0.12452309798658116,0.0590626214589636,0.05690390723333829,0.08927583323312163,0.044206775574138414,0.010533943855961877,0.018897137432245265,0.05265107937308987
1956-02-01,0.05385430065777906,0.08207770008077066,0.21262870556434837,0.19519133683859025,0.122274265385665,0.05763036642294967,0.05973904212038405,0.09142532623851425,0.043467787136984945,0.010131237468091867,0.01875875573259672,0.05282117635332534
1956-03-01,0.05225692039875127,0.08288241110771202,0.215287484833476,0.19596106442382383,0.12253341913352381,0.05902400285260347,0.057821077957988715,0.08963278406110986,0.04295084261236649,0.010552659566313667,0.018727636787020868,0.05236969626530995
1956-04-01,0.049689386254604236,0.0806757755335642,0.21952144167677798,0.2048701881159117,0.1213486572136443,0.06120370662201011,0.05440165720413423,0.08700829572991803,0.04037094899722649,0.010600057847195076,0.018489891454105113,0.05181999335090856
1956-05-01,0.04986546611073079,0.07620029640303354,0.2231924066708337,0.2113878612821107,0.119797796476926,0.06053965506399484,0.053706932343656914,0.08451637328214882,0.03941652521300372,0.01083342970762981,0.018396993598035667,0.05214626384789537
1956-06-01,0.050631642838341616,0.07620818800121665,0.22002480143470762,0.20815629334568328,0.11868271854886303,0.06061001534051996,0.05622277992144217,0.08840637395402086,0.03957583268071465,0.011280442574683323,0.018373766293462223,0.05182714506634452
1956-07-01,0.048391226666471346,0.08076164581774578,0.22327707058484123,0.2021390799648771,0.11894298593564828,0.06326837194868769,0.05785114095128258,0.08747831424009896,0.03815553324640268,0.011135050602850976,0.018288469602872556,0.050311110438220834
1956-08-01,0.04697237595724996,0.08031432308572849,0.2290052800299507,0.20397610597264,0.11637043567451286,0.06345585305037289,0.0566045825233984,0.08750010249869564,0.037976856145950644,0.010927227800363934,0.017879052476286485,0.04901780478484997
1956-09-01,0.04761069340788745,0.08320480250919277,0.22981462135137792,0.1984303537382613,0.11613795754740086,0.06330165989467176,0.057845558632794225,0.0881893552207088,0.0381599752411476,0.01094668709541122,0.018000557297915422,0.0483577780632307
1956-10-01,0.04835173091424825,0.08670352033289619,0.22760233471557675,0.19718117591174744,0.11430004566422354,0.06191423111311189,0.058661437810285,0.08914838840393531,0.03837950202902495,0.011098233300560603,0.01801576272750385,0.04864363707688617
1956-11-01,0.0482565315098216,0.08539972302212682,0.228148097292986,0.1967001617722007,0.11423996361313146,0.06364688146014162,0.05757167610844403,0.08936972898801626,0.03864633615771893,0.011093775517152304,0.018027161730773032,0.04889996282748731
1956-12-01,0.04762543646727042,0.08169332293629271,0.2280828533994256,0.20582201879395517,0.10991279733673444,0.06388011315349248,0.05847644822225182,0.08943504326118573,0.03762499402187214,0.01087193200560499,0.01821928770382858,0.04835575269808574
1957-01-01,0.04655480064467319,0.08003406775618777,0.23046470837113428,0.2078124691401767,0.11225700820073596,0.06465891601890192,0.05747482359470506,0.08800777466570159,0.03615716782076823,0.011131370869398695,0.017819919662978724,0.04762697325463787
1957-02-01,0.04907874341096448,0.07782977529833686,0.22463423044713376,0.2059678337857414,0.10954815416923677,0.06264156681438886,0.06134675631541839,0.09337203111519092,0.036968811250819154,0.01127278883722424,0.01867576517180072,0.048663543383744325
1957-03-01,0.04919057049807249,0.07735073035246189,0.22141650321054682,0.20495572656157376,0.10945266495004341,0.06409026912563176,0.06304698380740179,0.09493569413334223,0.037261613893088096,0.011458998285767567,0.0189699986119063,0.04787024657016392
1957-04-01,0.048762909536911925,0.07618318847051692,0.21991160150747263,0.20711762147427476,0.11016427606193323,0.06568664923299332,0.061959058002756424,0.09424479451343229,0.037147059211174095,0.012122889565458069,0.019144736961118982,0.04755521546195747
1957-05-01,0.04728030974378048,0.07873119840339238,0.2172126387012769,0.2119165084487055,0.11073108432603904,0.0680164433790623,0.05961482455011982,0.09287916683129654,0.03558084534289603,0.012225091650557698,0.01934140925735742,0.04647047936551602
1957-06-01,0.04617294895623523,0.076210606498319,0.21615523244745025,0.2198892077342022,0.11034716887731788,0.06945508942310118,0.058365685907699597,0.09162458359771762,0.03514844740766086,0.012360272353999136,0.01921592663543115,0.04505483016086566
1957-07-01,0.04582531561172602,0.0748493202671382,0.22014548722226732,0.21527888903106718,0.11044991475671156,0.07401054084776554,0.06134879272148226,0.08869719569012767,0.034111201833907326,0.012975917617694966,0.017881239458756144,0.044426184941355806
1957-08-01,0.04583339594094619,0.07693667307383346,0.21733855615671707,0.2154076680263114,0.11143107132991284,0.07428029177844532,0.06072052308371582,0.08769835536543388,0.034760702145341354,0.013192445014141614,0.017634911700149216,0.044765406385051845
1957-09-01,0.04717204985278692,0.07797900150374587,0.21400306300145017,0.21342773629807218,0.10975703074738621,0.072909979401799,0.06398322903602627,0.0898849024089741,0.03551012773386463,0.01346300645388146,0.01797487932260973,0.043934994239403335
1957-10-01,0.049381145035873444,0.07705350921961444,0.2105751742656847,0.2089026958826797,0.10936373640854546,0.07249417120924229,0.06582890724513205,0.09358437271477965,0.03782304584830032,0.0138708422965368,0.018279162700981084,0.042843237172630076
1957-11-01,0.0500583787409819,0.07725729457289783,0.20851434073948724,0.2050665220037537,0.11012817255016881,0.07370916834882198,0.06699101050480626,0.09672639696099265,0.03787321839481842,0.014360100407415671,0.018014345111307915,0.041301051664547644
1957-12-01,0.05038582227056757,0.07091488033593818,0.2081466374696419,0.20458121857251116,0.11273338527004094,0.07717543792204686,0.06669208583003922,0.09860207575852663,0.03752292936680637,0.015199031675970823,0.018376818106904343,0.03966967742100602
1958-01-01,0.05251958752973367,0.06810547277789951,0.20409711279049353,0.19846099928315297,0.1143815021645084,0.0770949411035793,0.06958858146541509,0.10511112686544655,0.038275689716211606,0.015691336657547572,0.01891347542136324,0.03776017422464833
1958-02-01,0.05389634741507049,0.0683220295477677,0.20759494775484383,0.19252277251998862,0.1127370634335839,0.07665971540256247,0.0693725409317929,0.10467148998409252,0.03926666079235897,0.014932447589894999,0.019575225830948492,0.04044875879709503
1958-03-01,0.05577089712199053,0.06784077003789872,0.2077558930138548,0.1860859726355727,0.11068235366216278,0.07670128243486325,0.07127717412416137,0.10778892000226663,0.040343017790947046,0.015934014261204634,0.02017634423347098,0.039643360681606635
1958-04-01,0.05606061077526417,0.06775517957973726,0.2059378868661658,0.1948275217364957,0.1073344115900271,0.07605512262554855,0.06911461209050035,0.10636915965753228,0.0406070338713137,0.01669708635998602,0.020103209491682678,0.039138165355746386
1958-05-01,0.05629281437757265,0.06900779435030169,0.2029526030639846,0.19864611777913183,0.10497670951103644,0.07348783327546504,0.06890417412375634,0.1080156388724522,0.04049298244302705,0.017242938133093216,0.019925544976349092,0.04005484909382985
1958-06-01,0.056473966781084566,0.07022232280939987,0.20613254875334763,0.19442736977103842,0.10401398161769328,0.07346656105013012,0.06906597261514087,0.1072445400022632,0.04100878880464712,0.01712546993072058,0.01992984044358945,0.04088863742094476
1958-07-01,0.055756106599802256,0.06823854877470023,0.20716129605599218,0.19401346217606671,0.10259946391129644,0.07420425090868475,0.06859287912955696,0.10859864008846655,0.03981280972702441,0.01919527163924529,0.020847767231393744,0.04097950375777041
1958-08-01,0.05430744865576584,0.07194882897002883,0.2152511260096509,0.18706075317098653,0.10610617280032046,0.07362454986520355,0.06637947970884184,0.10501609914247964,0.03880923077091461,0.019484787309085476,0.020397278787968338,0.041614244808753934
1958-09-01,0.05485948245217941,0.0702521394545506,0.21690689618615053,0.1869252284243114,0.10635765725717926,0.07394912807283814,0.06699432931702125,0.10211596857723851,0.040253649411699205,0.01953453648026335,0.020984626099391168,0.04086635826717732
1958-10-01,0.05453416964748002,0.07397164899348438,0.21813667858992009,0.1847011346645899,0.10470608624139797,0.07483460118816315,0.06663857902662765,0.1007550293488569,0.03998015063557794,0.0208594860909131,0.019886608891094375,0.04099582668189456
1958-11-01,0.05445624627055523,0.07377688597079429,0.22052927486300358,0.18223421142038887,0.10300880273918438,0.07647067544956729,0.06595420297478596,0.10223997062603513,0.039384196768267446,0.020542790851750477,0.02009169787741435,0.04131104418825293
1958-12-01,0.054914970996037676,0.07250081828719186,0.2201894169063128,0.17986783454273914,0.1033964608403527,0.07721913018732268,0.06552490974279992,0.10214172652293521,0.04041298983228019,0.021512070288700235,0.019971283400158073,0.042348388453169496
1959-01-01,0.05348335147492611,0.07089199142066699,0.2199212424246263,0.17332455000891647,0.1036215036830519,0.08379868386561123,0.06945997172055385,0.10270673863535591,0.040545124816432083,0.021353612937992785,0.019717264007437237,0.04117596500442901
1959-02-01,0.055015842236979084,0.0695095692586594,0.22052710170545234,0.17262280798014745,0.1025855894919928,0.08106178522688878,0.07159630866714319,0.10289279842709025,0.04154222674780231,0.02104410205631625,0.019048887323650662,0.04255298087787747
1959-03-01,0.05601178742684712,0.06708773582151698,0.22495071927579227,0.15774844322076997,0.10660738127685856,0.08427364898603852,0.07456258075816262,0.10313449220496479,0.041978726705927366,0.0216420352670224,0.01932203858569315,0.04268041047040621
1959-04-01,0.0558854827202525,0.06615050837878979,0.22150610699227882,0.16078383591728873,0.1082418307504134,0.08511215765846043,0.07339631409413794,0.10429148715048202,0.04107713047317028,0.02250282618024113,0.018624774194171898,0.04242754549031298
1959-05-01,0.055418749936473936,0.06971452543029089,0.22117691846395368,0.15747754873488426,0.11083749987294787,0.08806236734603362,0.0739990002152956,0.09913739462758943,0.040118310936739135,0.024245425892575813,0.018122086463820637,0.0416901720793951
1959-06-01,0.05503397116937059,0.07157294788477236,0.2228026516738738,0.15252386263424617,0.11481718182438737,0.0920413397278493,0.07207442670513349,0.09618568994418163,0.04040219314568472,0.02355225735331253,0.017920062922456424,0.04107341501473143
1959-07-01,0.05677857856721477,0.06935380613139065,0.22729448483220843,0.14643080137212028,0.11032340616121199,0.0900920945505747,0.07526357004864886,0.09530726282225609,0.04406847017965377,0.027034903669464396,0.01727477055787076,0.04077785110738533
1959-08-01,0.0569832306715357,0.07282321710260173,0.22620866271111265,0.14872044063471698,0.1132771745430658,0.0866390113007198,0.07334473880656986,0.09560425355987891,0.04349917092035193,0.027411913920707225,0.01610011465885997,0.03938807116987943
1959-09-01,0.0574269488418078,0.07521023981254063,0.22553323494756067,0.14543434779296507,0.11146682427296381,0.08582586635734833,0.07494906478836588,0.09812587197356709,0.044399267556105196,0.026799442048129327,0.016082820876541615,0.038746070732104704
1959-10-01,0.05816043459216707,0.07541287707897863,0.22479269772382857,0.14204493590544814,0.11088299463545642,0.08612919516085642,0.07718029940488087,0.09815912266097006,0.045527405461967964,0.0266977998592775,0.016016578490734797,0.038995659025433595
1959-11-01,0.05925877636168062,0.07341227653404868,0.22560959683144993,0.14149449109402948,0.11109752362046736,0.0882136589610844,0.07709719680114253,0.0973910794730049,0.04518910369116596,0.02691906156083067,0.015875273887474138,0.0384419611836213
1959-12-01,0.058895834710575884,0.07177403676174576,0.22794817260325256,0.1379342878670595,0.11129912457638805,0.09443908269590022,0.07513536703080102,0.09615269508352743,0.04541388978751314,0.027960442124784164,0.015833863716023168,0.03721320304242928
1960-01-01,0.05799355432292505,0.0735711329724456,0.22542604246401826,0.14019737593967685,0.11194605588682172,0.0953712645730435,0.07577138571242334,0.09551608554392425,0.0454337147171764,0.02674369838998111,0.015437402487184058,0.036592286990380016
1960-02-01,0.06004800875563118,0.07007010601778635,0.22227031524287283,0.13891534562660832,0.10847673876530432,0.09227093979536982,0.08203013763203894,0.10003780773151379,0.04581170634433809,0.026844009835214795,0.015834710694643643,0.03739017355867782
1960-03-01,0.06092665671428687,0.0672524572568581,0.22184781651029045,0.13178112339116194,0.10748636456835957,0.09522886270159801,0.08788405206306928,0.10147347968881332,0.047097360216368726,0.026594554560558935,0.01553120572527787,0.036896066603356995
1960-04-01,0.06064360778144421,0.06528142980659507,0.21677374061458624,0.13271523636605487,0.1067466649569349,0.09754822816450442,0.08874981773625776,0.10448247982530214,0.047825557083657426,0.027394212403301088,0.015742574842598566,0.03609645041876334
1960-05-01,0.06250840627522954,0.0653440248281277,0.2146250526349352,0.129097558602701,0.10319860223071298,0.09971673492070697,0.08932653117675601,0.10744660819088817,0.048393207193134856,0.028311897418691844,0.0159388495341511,0.03609252699396468
1960-06-01,0.06451425527390678,0.06254827885376943,0.21699667558462515,0.12021506826276142,0.1042583190031051,0.10572878193924477,0.08980552133012178,0.1057621594548759,0.04841165997758038,0.031271138784524984,0.015422857189427958,0.0350652843460563
1960-07-01,0.06580217377595786,0.060844803368732,0.21699169628736698,0.11963814978180712,0.10163086950650582,0.1060235957733078,0.08797648480453757,0.1083418831268053,0.049174692169542976,0.030336889062812334,0.01761235718713669,0.035626405155487574
1960-08-01,0.06668446573111463,0.0618981781592482,0.21494168279142767,0.12327668140234244,0.09784618683927067,0.10371446257024629,0.09019721038476126,0.10950107200551952,0.04876582622950287,0.029848922768487426,0.017937052326902746,0.03538825879117636
1960-09-01,0.06758967865826736,0.06180246107376442,0.2120606620413713,0.12386752503740578,0.09646994675942722,0.10155542442216019,0.09405763004374029,0.11085521066425198,0.04877808230317858,0.029722032414116518,0.018085833157965765,0.03515551342435048
1960-10-01,0.06927980975449892,0.061997072426287055,0.20863752156797566,0.13048197161477532,0.09551032371194336,0.09873582044214559,0.09339974557321919,0.11235347392499817,0.047483403958569266,0.028831192116924767,0.018072424228302086,0.03521724068036048
1960-11-01,0.07073377020581682,0.06146855419299709,0.20561519638681094,0.13420220773110722,0.09570676020067599,0.09702038284255633,0.09409789068326266,0.11237246718946704,0.04776778110185758,0.027968239419909183,0.018143071137663416,0.03490367890787578
1960-12-01,0.07333567200137371,0.05799853377944365,0.20589207755242922,0.13191157348707835,0.0958282960909843,0.09921972610121199,0.09401178122092925,0.11135817929634131,0.04876144545295288,0.027803084440081238,0.01862493257177745,0.035254698005396566
1961-01-01,0.07309472871139179,0.05513477219166153,0.20433040170489952,0.13272214901765017,0.09411914779058057,0.09820801009115758,0.10030587992674461,0.11289178671406887,0.04759423700642252,0.0281820950050386,0.01869798015927801,0.034718811681106104
1961-02-01,0.07221381466862936,0.056171760404786344,0.20415372437146045,0.13687747142966533,0.09416110461603944,0.09528708917407692,0.10185049525120198,0.11122312636104544,0.045951155183130046,0.027980643140799132,0.018891970093694137,0.03523764530547154
1961-03-01,0.07427562353301555,0.056027486603859394,0.2080780456580974,0.13267225530476653,0.09323470230950812,0.09506375578047466,0.09932632224497599,0.11126027449777279,0.04654983575817476,0.028440947367231597,0.019462092087790407,0.03560865885433265
1961-04-01,0.07557966961616729,0.056341461009878434,0.20493365629212681,0.13058235158346915,0.09234553243159546,0.09505879292426052,0.10316556651606539,0.110114247091647,0.047861649312826646,0.02868317946902131,0.019744962332122907,0.03558893142081926
1961-05-01,0.07415170046907764,0.055158926411222005,0.20144256365474036,0.13605180986722182,0.09133023675096422,0.09487639816529508,0.10365019403184962,0.11153712144805492,0.04789715304789382,0.028484415128905094,0.01998649523188414,0.035432985792891156
1961-06-01,0.07498039095723198,0.054185753916909295,0.20392329028505168,0.13232519034274362,0.09321572528125414,0.09627370830061177,0.1003493659862333,0.11141443454977114,0.04864186766035083,0.028451036184359894,0.020285441223776342,0.035953795311706116
1961-07-01,0.07693446206945147,0.05536427081567551,0.19849294535926515,0.12776919370404913,0.09525396097699314,0.09758871437466497,0.10256692385290825,0.11298995151919007,0.0501960281534687,0.027161876445553332,0.02056336034824278,0.03511831238053745
1961-08-01,0.07674711746991833,0.05709663162096045,0.19610171150615308,0.12695194703668894,0.09529712573982427,0.0971415159014521,0.10608216747675987,0.1126882977711831,0.049862810509899026,0.027299026564733545,0.020698347353889535,0.03403330104853779
1961-09-01,0.07862161553921558,0.05613437806763422,0.19414650514504994,0.12348302375251755,0.09647522888307596,0.09961935152206598,0.10341667567033988,0.11411692058737397,0.05024580455939162,0.02769427144359617,0.0219473309944901,0.03409889383524917
1961-10-01,0.08021606029953231,0.0599606988134704,0.1889292132501976,0.11805081511034103,0.09454976697178204,0.10242184303844418,0.10269541755396622,0.11799197122073077,0.051448921433493125,0.027921046546449783,0.02203260441364163,0.033781641347950794
1961-11-01,0.0807453043648379,0.058720576150904966,0.18451065490176474,0.12238107637307365,0.09190254069845127,0.10272117337578751,0.10030291284697744,0.12082633617342967,0.05412621938032263,0.028187581934737468,0.021922462121824728,0.033653161677888135
1961-12-01,0.08154733142595667,0.06103907601726489,0.1814546268780579,0.12308750260908245,0.09022479616786601,0.10166004160272633,0.10386176437157464,0.11974246836669347,0.054459585370803296,0.027847586260343008,0.022554218584140924,0.032521002345490345
1962-01-01,0.07903371954014701,0.06292578629573183,0.18275351738782358,0.127071748158173,0.0898663207361902,0.10049766348223343,0.10748491102495103,0.11474815294229089,0.05434301302768484,0.02733368538728093,0.021564860718280423,0.032376621299212704
1962-02-01,0.07697545972881382,0.06518901115212405,0.18385278164197338,0.13176111086979148,0.08832795968109511,0.09959261739462365,0.1048678453627277,0.11582203993061257,0.05144881236752725,0.027000963277762587,0.021343274525969794,0.03381812406697845
1962-03-01,0.07555661096515122,0.06283627746817955,0.18186698530815643,0.1356250923444457,0.08873186088742066,0.09763819705512687,0.10695433929879619,0.11679997443092692,0.0513829588295869,0.027551741626759385,0.021772430203019003,0.03328353158243125
1962-04-01,0.07505742921296119,0.06346882434710828,0.1830678584833135,0.1341306692566597,0.08795254267780427,0.09814795972870083,0.10437337275431843,0.11959361668520735,0.052124907684659896,0.027810823288335194,0.02144224283374221,0.032829753047189214
1962-05-01,0.07477821853588172,0.06432167931352387,0.17921414959252926,0.13769661726118715,0.08815309612868862,0.09194096691497661,0.1063999686154747,0.12407872083917393,0.05318602724719991,0.026352982359784352,0.021231631376679185,0.03264594181490071
1962-06-01,0.07247572777753031,0.06689298827484944,0.17856546367144077,0.1422222825717072,0.08819637486899516,0.0899138733732755,0.10767750876442875,0.12146108090233003,0.05271427788409774,0.025726477624480885,0.020953190308365812,0.0332007539784984
1962-07-01,0.07357548218480214,0.06748607048399455,0.17514450728063233,0.1453000957983519,0.08325248770908418,0.08600062602023548,0.10905481835441543,0.12675265510514128,0.05205303095773317,0.02539413037430098,0.022137863347392154,0.03384823238391646
1962-08-01,0.07269011942429626,0.06845233515509745,0.17230339157344005,0.1430354638289763,0.08386830614025557,0.09003987922203494,0.10991298664899707,0.12760762788539087,0.050929785668665684,0.025697140255872983,0.02248888208527874,0.03297408211169406
1962-09-01,0.07175100503842846,0.06928599361696935,0.17145374367036376,0.14204511549021082,0.085103155681688,0.09099938983863304,0.10896558981889858,0.1288883824080297,0.05201278618114661,0.023178423680231673,0.02286254816072815,0.03345386641467175
1962-10-01,0.07118393735495182,0.07138389223516237,0.16736326738321813,0.1470020502173481,0.08672376011279812,0.08669216111468599,0.10772903921077683,0.1316278984594077,0.051111758083577916,0.02339224263183994,0.022646155176415002,0.03314383801981815
1962-11-01,0.06807036781815683,0.07293593879641778,0.16642244373256854,0.14578775915985479,0.09017372311964204,0.08653704410163128,0.1105241987221008,0.12956042689554942,0.05020018331495763,0.023894789282294517,0.022413232764157135,0.03347989229266919
1962-12-01,0.06872685710814191,0.06907602346607071,0.17047347941614682,0.14519313795205202,0.09085296806654397,0.08983002485837896,0.10654556672323542,0.12587262022850587,0.050298037871182616,0.025340875251969947,0.023092753075427654,0.034697655982344186
1963-01-01,0.06872520261891582,0.07061841552321436,0.16518202650522665,0.15009000570767903,0.09036678817058004,0.08786947874907254,0.10625100923596181,0.1283775814764724,0.04964432464727319,0.02520448826986487,0.02310650730751403,0.03456417178822531
1963-02-01,0.069308037986969,0.0723456184236067,0.16695379814753095,0.14649782267132042,0.09002091261019407,0.08884380001538231,0.10543576971956593,0.12843609567793848,0.04909097168557103,0.025352470874337552,0.02278157492830747,0.03493312725927608
1963-03-01,0.06873722192997332,0.07167508856305738,0.16757036355117366,0.14767853501603267,0.08857744820438133,0.08581841321001014,0.10645359729926893,0.1296393902154226,0.049931539696153,0.025303352199067673,0.023281410640825718,0.03533363947463359
1963-04-01,0.06812084947745359,0.07431044132944549,0.16569214903865384,0.15290653646325064,0.08891041956615474,0.08535671094862639,0.10496064238329728,0.12751381461618405,0.04916404354477586,0.02476221622144253,0.02301188082067433,0.035290295590041175
1963-05-01,0.06656522962708154,0.07494676728356277,0.16516742543867785,0.154860528527872,0.08869355879255936,0.08754970378724097,0.10402038011978886,0.12438420289993152,0.049465349467204815,0.025428292353738804,0.022771796357704908,0.03614676534463661
1963-06-01,0.06657561003479791,0.07892398803875689,0.16669939486481797,0.15117598335325455,0.0874813337338177,0.08977291190181594,0.10118179971578793,0.12353088776919904,0.049827754638222935,0.02494210075478119,0.02250980369536104,0.03737843149938684
1963-07-01,0.06579337593203491,0.09974657969085723,0.1680128813940171,0.1610821730160218,0.0795202985526354,0.060710984223835335,0.09690658567769805,0.11980332518296631,0.04837904005892154,0.029693135041720515,0.02979981352114893,0.04055180770814302
1963-08-01,0.06558744599244548,0.09988801492670187,0.16535209523840946,0.16497264640738435,0.0787853138157691,0.06048222654869455,0.09695867099027573,0.12079199052539104,0.04791459135969009,0.02992291866003726,0.029673251875962342,0.03967083365923885
1963-09-01,0.06535409593711221,0.10105835603558674,0.167595453401458,0.1625392973169229,0.07851143450772577,0.06048666211539694,0.09583087076011045,0.11958703198328244,0.048491909174072395,0.031169276758906603,0.02940871137208097,0.03996690063734459
1963-10-01,0.06501649640227168,0.10221831649643245,0.16828202220741917,0.15900445019926213,0.07892972199513928,0.061620878327371585,0.09949243232640685,0.11739905231356719,0.049641424784346126,0.03033027324056407,0.028815943466095242,0.039248988241124126
1963-11-01,0.06495650155442244,0.11024359055950012,0.1678729887325985,0.15398666776045822,0.07861464682489613,0.06459452032520925,0.10030019181816968,0.11334122776136071,0.048542099753541304,0.030537089648845103,0.028246013332239545,0.038764461928759104
1963-12-01,0.06474988094525629,0.10439488080377436,0.1682728157122003,0.1523027730134764,0.08055200857010315,0.06506727745122655,0.10522891614335123,0.11322628455466272,0.04834254853941834,0.030294472955723413,0.027777759145390532,0.0397903821654168
1964-01-01,0.06520096147669523,0.10273071497208618,0.16640506076100173,0.15640204303798813,0.08165655092940453,0.06571485722053516,0.10306584952560974,0.11327960059726236,0.04755511027029131,0.030143672783030786,0.02760784896732855,0.04023772945876623
1964-02-01,0.06407953058250862,0.10140377849793691,0.16595618384351707,0.15993129267792958,0.08206486741708353,0.06606531886247667,0.10396958839061504,0.11161558758082296,0.0474587684041084,0.030504279504700596,0.026636802061791115,0.04031400217650968
1964-03-01,0.0641335334244107,0.10115323325819309,0.16811221483009994,0.1584636944619868,0.08222344016836444,0.06627372828697041,0.10169653987734559,0.1107103645945453,0.04743950604063881,0.030496402432000747,0.02717322471461073,0.042124117910833585
1964-04-01,0.0648987957174564,0.10057493238512971,0.17178366241057588,0.15821157533991664,0.08302182136046654,0.06747044748296042,0.09913028770319408,0.10798298921513425,0.04782033580524695,0.029419759150897576,0.026888101393698613,0.042797292035322856
1964-05-01,0.0643277906254908,0.10200624157481779,0.1680024888396118,0.16400016817481725,0.08147894521899163,0.06470484558076593,0.09962045749734552,0.10852869233603268,0.0489523479608965,0.028891639805539333,0.02652676220233138,0.04295962018335947
1964-06-01,0.06435374600478323,0.10157322164503457,0.16792760543312513,0.1646031359824389,0.08174742128837066,0.0656338766905719,0.09755202390770024,0.10786684760470469,0.0500818725909406,0.02862959700666304,0.026153953514843703,0.04387669833082332
1964-07-01,0.06466918936469593,0.09952297071334168,0.1688223429652145,0.1603732559760282,0.08013556294764655,0.0649330913820993,0.10200529906454212,0.1075876184386756,0.051863080068179974,0.030052238084834912,0.02532760026726237,0.0447077507274789
1964-08-01,0.06449235201952364,0.10311095298789213,0.1671313886393273,0.16243337648100048,0.08028142402927785,0.062474950014419724,0.09809704931512017,0.11054454767490594,0.051285794581333886,0.0308749638103924,0.025314142197196854,0.043959058249609634
1964-09-01,0.0651960307464549,0.10584024092788825,0.16771079977274317,0.16111388424035736,0.07960667243217032,0.06157679521553208,0.09763942559495917,0.11204633513681503,0.051652212402805375,0.029975218345234596,0.0251165817461239,0.042525803438915905
1964-10-01,0.06428505700143788,0.10759970328100565,0.17059483836427589,0.16147616332634226,0.0809104372239139,0.060525552667749664,0.09387826541056081,0.11078880447997151,0.05182893408349264,0.029928563757203413,0.02495552162794217,0.043228158776104204
1964-11-01,0.06369829788843552,0.10691501421733914,0.16935951272496744,0.16471378390586938,0.08108109255421334,0.05951655401058523,0.09245131310073156,0.11089299526646214,0.052603454314824355,0.030567862806827027,0.024587742163101195,0.04361237704664373
1964-12-01,0.06405994225942577,0.10478191919692663,0.16636945875579573,0.16828011146073907,0.08212418669758974,0.05937369517699085,0.090125695713954,0.11240562046415624,0.05427629309397587,0.03119680091256478,0.02437645750486921,0.04262981876301203
1965-01-01,0.06394359382517174,0.10637956908451904,0.16329962067923434,0.16752414471509472,0.08240270622916208,0.05918123690637217,0.09262761037440562,0.1124809177416044,0.05421377566825077,0.032439175005765306,0.0239623871540969,0.04154526261632294
1965-02-01,0.06536550344978627,0.10647849476698,0.16604182396759667,0.161887910552864,0.0833378789115384,0.061356693093906456,0.08958379045444984,0.11256683537939037,0.053616113411697745,0.03366792890196193,0.023718403275769222,0.042378623834059194
1965-03-01,0.06601175635443335,0.10517610510306875,0.1703378723198163,0.15462580550564273,0.08364585813807386,0.06242888142072233,0.08958042973087764,0.112528089465594,0.054051215386825814,0.034316561263769516,0.023894593977788883,0.043402831333386786
1965-04-01,0.06600487277327931,0.10768500291117668,0.17161577756019789,0.1517103414316963,0.08207908143045173,0.06264841463080296,0.08903602388696266,0.11302121040420998,0.05419836604833371,0.03437921770671804,0.024037904127679064,0.04358378708849154
1965-05-01,0.06653459882607671,0.11120189894538883,0.1741589403261283,0.14804781922730761,0.08098873188387767,0.06381119119649034,0.08821932978152544,0.10990975908199824,0.055960717696122195,0.03424717398203079,0.02387309609063033,0.04304674296242351
1965-06-01,0.06637222156720096,0.10757053904074224,0.17348705746386278,0.14962902403488915,0.08145364727710185,0.06446359265912643,0.09090575241103604,0.10946179818881585,0.05640058245785423,0.03401646831399473,0.023431806241258433,0.042807510344117214
1965-07-01,0.0675548166654697,0.1049322784805353,0.17091015412581992,0.15251986250130206,0.07674993105204068,0.06505921898533912,0.09330024864842305,0.10991700014908345,0.05610166184903887,0.03406544571304593,0.026674752426335463,0.04221462940356641
1965-08-01,0.06753669086528669,0.10573802715683686,0.1728765505049933,0.15166056453429397,0.07574464663246896,0.06645845380681976,0.09157636173301179,0.10919255503730414,0.05440071289137462,0.034825096182192504,0.026550018919716686,0.043440321735700775
1965-09-01,0.068279228143935,0.1060443488793214,0.17510989453494233,0.14912035358039866,0.07440012140175549,0.0684505255539403,0.08993063702890017,0.10709973013713434,0.054103411340617205,0.03598809629941837,0.026990755193517058,0.04448289790611964
1965-10-01,0.06640624183167669,0.11012440289831434,0.17646982721160648,0.1510218779492075,0.07456622520613708,0.06988374532023169,0.08813947583233571,0.10515880495687008,0.05208459568281217,0.035694098592037315,0.026092220190607026,0.0443584843281639
1965-11-01,0.06619491430977499,0.1136617304339987,0.1799591147112108,0.1494769809624189,0.07450981585454589,0.07146247541424453,0.08382311492725734,0.10317744382694517,0.05070255068060369,0.03582603383791107,0.025572913239431685,0.045632911801657086
1965-12-01,0.06692393131336952,0.10845491841381033,0.18412352570093268,0.15001227177470036,0.07334933166688376,0.07363017055263948,0.07999294148459393,0.102232308993925,0.05114198578980839,0.037179923628789184,0.0247008680881087,0.04825782259243847
1966-01-01,0.06675100615259263,0.10860074477868287,0.18832484358101018,0.14851650172966072,0.07401797378674994,0.07150253801220766,0.07826780083767537,0.10046031184862009,0.05111870994465346,0.03813796906788829,0.024822330269743145,0.049479269990515634
1966-02-01,0.06742055703777,0.10833097490059267,0.19427356293508213,0.14760685180385535,0.07326910177829138,0.07179585101439712,0.0766418822957397,0.09645936826626547,0.048196485593613676,0.03870278992507509,0.024705146571739327,0.05259742787757802
1966-03-01,0.0677291321830612,0.10763725687704513,0.19522381625212373,0.1434828293967846,0.0725167757413141,0.07640967256631585,0.07752280544061337,0.0933761764069102,0.04783669101471073,0.038523315280585634,0.024466847140948295,0.05527468169958715
1966-04-01,0.06730415739876275,0.10674694200009986,0.19693265764823187,0.1434822825577439,0.07157340887780275,0.07753828421558176,0.07535949380558894,0.09513665105235211,0.047812291088079016,0.03875954489736449,0.023955103957916803,0.05539918250047567
1966-05-01,0.06588374159249401,0.10442104048369258,0.1996840391174785,0.14444668652840084,0.0699386128309555,0.08152861571626856,0.0745841360313833,0.09383834085584494,0.048031254206877115,0.037844907380614114,0.023671693071719197,0.056126932184271325
1966-06-01,0.06591231586411968,0.10063834034134173,0.19739709770536965,0.14638370081233282,0.07103968300261691,0.08103244797703064,0.07615904014318406,0.09650009697746864,0.0492046505846219,0.03793248515996561,0.0240386292540983,0.05376151217785003
1966-07-01,0.06619484698361496,0.09857594334417359,0.1981870017075535,0.14243380393222027,0.0693749407863856,0.08444568872252972,0.07718037086344745,0.09541574251400822,0.048432383726075445,0.03884202966438473,0.024235484444115694,0.056681763311490684
1966-08-01,0.06625854340409064,0.097325554098931,0.19691417973425335,0.14491931397212382,0.06991744399638326,0.08414290004464597,0.0773730093638845,0.0959975008801826,0.04804898859431513,0.038694157119979575,0.02402962975292267,0.05637877903828746
1966-09-01,0.06654348635128639,0.09712500084441146,0.19595471941233733,0.14623786989140453,0.07005297075872655,0.08575917844350221,0.07958908046395696,0.094983374697353,0.04872143742363596,0.038512845054669516,0.023707828601560583,0.0528122080571556
1966-10-01,0.06591678695649263,0.09702514150322494,0.19199162024260247,0.1520162954600723,0.06672990899619162,0.08433123690662907,0.07982553327250051,0.09985759320695278,0.048192640716786056,0.038444613507115866,0.023879765206158535,0.05178886402527313
1966-11-01,0.06604109276173592,0.09338049821166157,0.18874106143929045,0.15803536560813472,0.0653951382485899,0.08112275711517215,0.08363728852237386,0.10509291743817467,0.045509292921433506,0.03866304009459297,0.025207406553972807,0.04917414108486742
1966-12-01,0.0665134901817982,0.08812039872624725,0.19237042415310857,0.15318092843193168,0.0642365277319793,0.08905214828313955,0.07977648861689382,0.10212385449049179,0.04490768369760205,0.040692472777999096,0.025610396734697203,0.05341518617411158
1967-01-01,0.0662993237644295,0.08536835069768448,0.19445561262463348,0.15168984293289756,0.06441684231499106,0.0890304594999896,0.08175038864034301,0.10363622727116246,0.04282475177177118,0.04049634381899184,0.026220376958256304,0.05381147970484953
1967-02-01,0.0666290883732176,0.08795039353131048,0.1999247991941645,0.14466683817111592,0.06557138439615272,0.09057719349648419,0.0801712615052229,0.09813108205879235,0.04406459380123198,0.039750867385345355,0.026322232877902335,0.05624026520905963
1967-03-01,0.06726861851652961,0.08585623211932417,0.2009629691318784,0.14279589516059682,0.06499994134503305,0.095475006827729,0.08076806400895356,0.09547547218945031,0.045053452125961395,0.03991442385746669,0.02614169469420742,0.055288230022869624
1967-04-01,0.06732040975629056,0.0854892946854256,0.20361828343069333,0.141980048406277,0.06562528294876888,0.09639327061144352,0.07975191089197857,0.09282476101824508,0.0441693726836851,0.04132761476234426,0.025364875737981147,0.05613487506686695
1967-05-01,0.0674495746820007,0.09116812217479231,0.20158116131846868,0.13867910939310077,0.06629536655067245,0.0997983339914957,0.07680789707485029,0.09065406279024696,0.046278053786707525,0.04146004034966993,0.024433841489812043,0.05539443639818254
1967-06-01,0.06848827201018075,0.08816568057351647,0.20287421655394253,0.1407107170687509,0.06602578933006538,0.09979175802251755,0.07501404856241503,0.09089567969965949,0.045944172555892865,0.041104787636114234,0.024964440678228096,0.056020437308716864
1967-07-01,0.0684714609950394,0.08604463607405709,0.2027717424503359,0.13897514882228423,0.06481982301067689,0.10538326990025744,0.0753109444353787,0.08678388999669331,0.04648314236492999,0.042046220729896694,0.025015794936271048,0.05789392628417922
1967-08-01,0.06925546031558408,0.09134224641974786,0.20309440166042902,0.14204227026592672,0.0651998958392326,0.10475479642096142,0.06728023154516245,0.08370687547454099,0.04650246559067698,0.04170818722006622,0.025490900125374128,0.059622269122297435
1967-09-01,0.06877332138117108,0.09196521626710827,0.20314009204896555,0.14041586221254768,0.06561227987223152,0.10472468929577095,0.06666068919839288,0.08373545274406453,0.047048842360272757,0.04232200124528084,0.026253529629414938,0.0593480237447789
1967-10-01,0.06862363801361109,0.09284876120272804,0.2014950298274969,0.14201245306239874,0.06611149276414127,0.10989545870588256,0.06535952859725483,0.08191122144720407,0.04623810598861396,0.04224030732559769,0.025472899740489403,0.057791103324581566
1967-11-01,0.06888681302092588,0.09120899380698617,0.1981158923120063,0.14291421795792358,0.06510410739985914,0.11938298559877042,0.06497768314343944,0.07985993737458055,0.04778909970269942,0.041453097366443196,0.023965069740046255,0.05634210257631964
1967-12-01,0.06884844255719054,0.08913727014273572,0.19928469286038628,0.14264259461869347,0.06368338225545048,0.12076110537505236,0.06435250735222364,0.08192243843411172,0.04789693881265219,0.0418016322730851,0.023598279917065625,0.05607071540135322
1968-01-01,0.0684558732515251,0.08721929600280794,0.20231485955055753,0.1423655643029871,0.06543892477950838,0.11968721516608785,0.062455609956782614,0.08194646168015511,0.04790998527835584,0.041233992928255095,0.023953912040003918,0.05701830506297352
1968-02-01,0.07031696502998416,0.08613612825700223,0.1966027220921257,0.14628469207591477,0.06313158108960339,0.11351514330522947,0.0667831534946066,0.08465303111234433,0.05031933221351404,0.039604852803664235,0.02563310281273562,0.057019295713275596
1968-03-01,0.07091141415647517,0.08675521433088917,0.1939306187361166,0.14728463504736916,0.06283707759020445,0.11236642858795849,0.06717194190379576,0.08638311260130818,0.05170416147559976,0.039322935966865445,0.025637377087790226,0.05569508251562739
1968-04-01,0.07084700241612761,0.08692218650052265,0.19442318557908433,0.1477097867187394,0.06286824672203609,0.11666701849982496,0.06598971779444142,0.08236293920034994,0.05277889313142557,0.039153707448286085,0.025703508629738185,0.05457380735942359
1968-05-01,0.07185085990582912,0.089249732321362,0.1983442299054391,0.14257992299075362,0.06263699421528954,0.12065870124379871,0.062070844983767325,0.07551710731763987,0.0544139400072723,0.04028745309595037,0.026297890151313393,0.05609232386158467
1968-06-01,0.07356440545594112,0.0863932676106901,0.2013300792241971,0.14047757654917875,0.06095466954793903,0.12259857102140197,0.05980374723304216,0.07399006788755313,0.054965185931299454,0.04066527530594631,0.027437788124018155,0.057819366108792694
1968-07-01,0.073943181049081,0.08499515736021324,0.1986252053385343,0.1381580427480886,0.058746979588632335,0.12065100736388515,0.06031552990601119,0.07730600974523173,0.05517414619549807,0.04305373207117948,0.029218954936649857,0.059812053696994764
1968-08-01,0.07156278935863943,0.08451579864507866,0.19453232183683472,0.14918397517455115,0.05795485913982646,0.11651950828805223,0.06185726116130598,0.07933948907131444,0.053666633540643494,0.04240486824881291,0.029828083978761556,0.05863441155617905
1968-09-01,0.07229747079214278,0.08402059136456722,0.19872223966522987,0.14840319681602263,0.05805750429966608,0.1154769705690559,0.06130162300477064,0.07738569498238823,0.054074910797024,0.04202416711051001,0.029658877269162286,0.058576753329460586
1968-10-01,0.07241694595788878,0.08617708107353415,0.19863852673485669,0.1479198151469796,0.058660942463516524,0.1143312644265312,0.06072603389193414,0.0744647610884643,0.05609488430458135,0.04080272871855823,0.02920609412913603,0.06056092206401904
1968-11-01,0.07248650559884683,0.0896579893019718,0.19777386347902856,0.14910444789348629,0.05966554300724422,0.10785520302409006,0.06236601511115793,0.07423424535586969,0.05607049905562309,0.04057634708772269,0.02985373243784851,0.060355608647110474
1968-12-01,0.0718071016367587,0.08411268867417224,0.1969184175300631,0.14891844438463578,0.05939751100650431,0.11122698093963425,0.06192901749000987,0.07638794769672627,0.05571784132006313,0.04153111751180461,0.03013476611352854,0.06191816569609909
1969-01-01,0.07290934204579098,0.08347113993389198,0.1974724761825492,0.15080723536955976,0.05909069768946984,0.10935158827406433,0.060008145728466994,0.07689937933221583,0.05552000286575519,0.0426975245083025,0.029387476439172767,0.062384991630760694
1969-02-01,0.07269878727743667,0.08262340818134305,0.19827027397154895,0.15037882016181858,0.058937817315874656,0.10520922456899223,0.061318432265856815,0.07934056464191304,0.055208739597941064,0.04300188141402721,0.029495696087159306,0.06351635451608845
1969-03-01,0.07178950120558929,0.08333134822647648,0.19657225304786527,0.15080861633210355,0.05918255559106154,0.10743559700071334,0.06232105794898114,0.0794640211486506,0.05602378254848986,0.043156804074794955,0.02819492458207852,0.061719538293195444
1969-04-01,0.07020454272341167,0.08516198548810344,0.197080688799714,0.15474867775414047,0.05811634456276514,0.11018697164845433,0.06033280962223918,0.0761029860959921,0.057192067178486475,0.043374855632724627,0.028006120116589935,0.0594919503773787
1969-05-01,0.06949052775941644,0.08455649726221526,0.19617436156333568,0.15113838040010183,0.057106325635582565,0.11240226158936811,0.06337456155348059,0.07545514990513458,0.05829412195406193,0.04466578217556978,0.02823392095865925,0.05910810924307389
1969-06-01,0.0704992433403432,0.08396641693309181,0.19244411401195177,0.15715058113583902,0.05773651067300605,0.10959256544266748,0.06387588833122027,0.07554961378306434,0.05840641835537741,0.045532003380472495,0.0279678933300701,0.057278751282896015
1969-07-01,0.0692147659303832,0.08220680438601272,0.18461261202134643,0.14475095259914847,0.05606733107240986,0.11598934843056581,0.06304810152477529,0.0740145851872259,0.060223615017074954,0.04557026818774465,0.04624986595616238,0.058051749687150385
1969-08-01,0.06895260659092385,0.08179360308375903,0.18513979784429932,0.1398731842997192,0.05811132268560327,0.11752683847453438,0.06450301446128312,0.07664732081509751,0.05896488057238599,0.04744664042381852,0.04508407500867162,0.05595671573990411
1969-09-01,0.06898425734238682,0.07963146423111009,0.18339415060340813,0.14161093011850032,0.05753321851786724,0.11973828636925313,0.062075610993191754,0.07199464504384775,0.06078660769681554,0.04943766307646045,0.047448441307442954,0.05736472469971607
1969-10-01,0.07085372359273488,0.08166752913627494,0.1850526233040981,0.13145079059768888,0.05668203199056193,0.12330150900207687,0.061188836393288044,0.07064462012533089,0.06192635352863498,0.051838508537298385,0.04805848663436774,0.05733498715764423
1969-11-01,0.07269969590804065,0.08033213010283663,0.18699081726708144,0.1228580979612208,0.057130309845640506,0.12368454345607378,0.06007465641843897,0.07228053188483885,0.06258346537337932,0.05355202446944836,0.04964539394174814,0.058168333371252504
1969-12-01,0.07352968516909794,0.07889432937408972,0.18707035018230445,0.121094875562172,0.057019461830413266,0.1257325062628794,0.06257587240040155,0.07081522911185557,0.06208020716148742,0.05568594728264662,0.04794969565133176,0.057551840011320236
1970-01-01,0.07331951738946092,0.07770836874427313,0.1881612936025324,0.119997907418589,0.05736487707526341,0.12741473601001416,0.060314581423546135,0.07165679039186869,0.061138651387639735,0.05932723573940743,0.047747787978670124,0.05584825283873488
1970-02-01,0.07591188453508994,0.0770779336331197,0.18736079992876975,0.11455763214172107,0.05863786714126709,0.12521425452503782,0.06360163101198318,0.0739967193970373,0.0619436224338905,0.05960572951417628,0.04685339060314336,0.05523853513476401
1970-03-01,0.07520125774486128,0.07678187839152434,0.18672804467591259,0.113839331421012,0.0573022936517878,0.12212545473724745,0.06461713327855967,0.07579634120598593,0.06209562844422903,0.05963649118004405,0.04949296341896496,0.056383181849870886
1970-04-01,0.07487213331076864,0.08088570054845697,0.18706473889377748,0.11392309853544876,0.057346583649397126,0.11964511915306025,0.06635150190516702,0.07815274908577925,0.06132601572419885,0.05691615220088961,0.04925307241720887,0.054263134575847284
1970-05-01,0.07505867562602345,0.08223893265282203,0.18823928050218472,0.11543616423794274,0.05996603371318003,0.1142812016394145,0.06759396091194175,0.07995859534778689,0.06080177668392856,0.05712275993403893,0.04788629771689554,0.051416321033840806
1970-06-01,0.07431539992912484,0.08197665235812648,0.18250055148684932,0.12580074676197261,0.06215004665667247,0.11064927589231272,0.06910007760538586,0.08077817953727959,0.05887743169270918,0.05636930366773847,0.04695201996491478,0.050530314446913756
1970-07-01,0.07868923198091575,0.08110393829363206,0.1796460441700347,0.1285466301137382,0.062018774271162765,0.10222068940901538,0.06409090986484485,0.08076845147545778,0.06174437296010719,0.05853181340988318,0.051729019393261154,0.050910124657946906
1970-08-01,0.07813611587085258,0.08356219500006058,0.17489369445997985,0.13475030789914577,0.061660526590373736,0.09713461755708784,0.06590963087040028,0.0815738148818855,0.06341336273470044,0.05574081285374483,0.05239700597611959,0.050827915305648994
1970-09-01,0.07562935391832916,0.08593293315072874,0.17451528355524157,0.13643160464091586,0.061006200776166516,0.10036809183485164,0.06392378466275699,0.08124654948514391,0.06335595317441922,0.05414824178628936,0.05250813796379233,0.05093386505136473
1970-10-01,0.07616835282650984,0.08432438785483286,0.17486892054470252,0.13466757876336258,0.059233581787730485,0.10580322271570052,0.06027670028143748,0.0770483290542484,0.06540725318150331,0.05594343826369042,0.0526703673495501,0.05358786737673149
1970-11-01,0.07821368232879615,0.08429037855787959,0.17168378022528116,0.14091898551502213,0.059230786611852035,0.10404491387010564,0.05925822782584254,0.07772398055752362,0.06556526505450237,0.05712568756990283,0.04977436071745614,0.052169951165835844
1970-12-01,0.0780932828765031,0.08572341682770845,0.16923880273876785,0.14064627101580313,0.059198797198663534,0.10347852355798653,0.05951125374092311,0.08090070121951862,0.06679332171485483,0.05544749166577599,0.0503207695095258,0.05064736793396904
1971-01-01,0.078552040895487,0.08579997240665531,0.1719178024920414,0.13577797006553455,0.06032546874343638,0.10188751285681967,0.059904202384110115,0.08158178417186554,0.06636516281168353,0.05512523814854896,0.05179326545866039,0.050969579565157304
1971-02-01,0.07841176738142934,0.0849111968501134,0.173872695379784,0.12951333777629237,0.060472475077570496,0.10236440042794792,0.06270656892156726,0.07980999428479894,0.06829626494801935,0.054239813000203675,0.05187488258129329,0.05352660337097982
1971-03-01,0.07986604378431311,0.08528180531095697,0.1728620785866522,0.13310579457780056,0.06043242765108505,0.10368127423120545,0.05809606383237675,0.07645418187236504,0.0697418787379261,0.054168699491052734,0.05213493969439213,0.05417481222987381
1971-04-01,0.0798679574759513,0.08458250937995825,0.17275546047689389,0.1312407163324045,0.060163142880867944,0.1074949601955398,0.05604297690560473,0.07485087542998999,0.07136527059362732,0.05387644312289957,0.053408212758785004,0.05435147444747789
1971-05-01,0.07882043702492982,0.088663757333226,0.17397131855110384,0.13221224334906825,0.06049490030332126,0.10635649631785851,0.0546379893993493,0.06958016426286867,0.07233538910200421,0.054286649665064246,0.05276160755453316,0.05587904713667262
1971-06-01,0.0795734789050472,0.08816334282983673,0.17593482735546648,0.1305144217030586,0.062014855139549824,0.10377212018295859,0.05333226844660422,0.06956095117368513,0.07399759008734785,0.055341438631346454,0.05202800961375616,0.05576669593134283
1971-07-01,0.08129661385709346,0.0852040551201561,0.17105900781176236,0.12889180379956686,0.061664897482684784,0.10116017294203546,0.05167002861196538,0.07267476531265625,0.07523828869898229,0.06272656825606283,0.0557050045073804,0.05270879359965399
1971-08-01,0.08300262563782279,0.08395353255570259,0.1695358251607918,0.13156374623521308,0.06128918511032161,0.09643555629904799,0.05201336587016183,0.07401201147343628,0.07542169808848494,0.06401810889300338,0.057014885314288166,0.051739459361725665
1971-09-01,0.08218039619643623,0.08900455984472537,0.17316509566596625,0.12433363917836719,0.06247165179393173,0.09784457635295915,0.049354678134358204,0.06924991520124973,0.07702861891033562,0.0635308068267148,0.058487857294550846,0.05334820460040486
1971-10-01,0.08244952652605259,0.08938821093482414,0.17289333581371072,0.12299319306594265,0.06320028015342725,0.09679883579846446,0.049718265804900984,0.0683757436109205,0.07802708472844713,0.06432425040875406,0.05849993346001537,0.053331339694540104
1971-11-01,0.08225402158959683,0.08836132852385613,0.16845647987856574,0.1223214527229333,0.06274771319894175,0.09667295348234474,0.05099565820165736,0.07251567223911776,0.07855072844617388,0.06542538529377394,0.059551624786999165,0.05214698163603962
1971-12-01,0.08211760510631981,0.08860321354372462,0.16678193222558796,0.12236009553952136,0.06228275486396599,0.09864462867121244,0.05087176688867853,0.07160451162055302,0.07894430444583522,0.0659912445518785,0.060493230120846564,0.051304712421875946
1972-01-01,0.08327159530629576,0.0863137450503109,0.16973703170444657,0.12230315863598698,0.06134820516599678,0.10065233977704707,0.050071099262477076,0.07086209154407527,0.07988481946556278,0.06539402034245961,0.05800455390423445,0.05215733984110688
1972-02-01,0.08310078457939482,0.08681261471352467,0.17013022660733532,0.11928629209018489,0.061922987557416966,0.10640040961767698,0.04928420094763905,0.06863276592034963,0.07815503164098657,0.06537506129276803,0.05690375903822953,0.053995865994493665
1972-03-01,0.08448550217344346,0.08479939385910448,0.1735939844202594,0.11824841402077857,0.06302430511473604,0.10506448955702499,0.047561857767278455,0.06478613960200769,0.08025033274697543,0.06804712695118753,0.055329140956245824,0.05480931283095803
1972-04-01,0.08380696361143343,0.0876113110065219,0.17676443422164212,0.11095891815851865,0.06386963156310714,0.10538512999029256,0.04695616387304968,0.06397389579547394,0.08120889303335219,0.06785952278488004,0.057601828297576124,0.054003307664152296
1972-05-01,0.08493763979921758,0.0866659558109047,0.17924810012202727,0.10932163355724399,0.06477785512161988,0.10566980607150199,0.04624623338982273,0.061661992366372376,0.08031968173640745,0.06826115092542583,0.058731438202574884,0.05415851289688127
1972-06-01,0.08416613822968676,0.08437200058528038,0.17962337913682477,0.11111885382598324,0.0655650417862317,0.10818731456516018,0.045796138566126326,0.060505684431889736,0.08074680793191841,0.06974666391565638,0.05634572366172355,0.053826253363518525
1972-07-01,0.08643917453660217,0.08226076995160879,0.17515467574657087,0.10900229920191042,0.06510365291396318,0.10576532961447957,0.04520542183952851,0.06097112884990305,0.08015351715937985,0.07200055639234909,0.06301830000757652,0.05492517378612795
1972-08-01,0.08554528619192557,0.08096736729084603,0.17659088179556312,0.10831387797430393,0.06612305325055738,0.10748907241608496,0.04584470379105433,0.06115336774440989,0.07852839797381961,0.0746978449826052,0.06230437276797328,0.05244177382085668
1972-09-01,0.08188778178490137,0.08112029806166085,0.17300345957168006,0.1173003777186199,0.06709604168840473,0.10704055214514496,0.046265661905417525,0.06250727416651694,0.0757268732132516,0.07310660425143296,0.06404504932534422,0.05090002616762498
1972-10-01,0.08030309473500731,0.08104533478824935,0.1729373413355766,0.11805179414135376,0.06619758415341212,0.10677451081125128,0.04858184161609352,0.0629510181069229,0.07595428720511932,0.073441343337796,0.06429149507650082,0.04947035469271714
1972-11-01,0.07958895672465259,0.07822179628218795,0.1725604863284083,0.1205088981171183,0.06702925584125093,0.10240721587258628,0.0493200543071847,0.066413943924266,0.07595095412606657,0.07395196349671056,0.06473914661221865,0.04930732836734922
1972-12-01,0.08099018994207437,0.08008502089196606,0.17147709365780422,0.12182767987238705,0.06648384480220373,0.10023269404172332,0.050043183830047716,0.06728550816564088,0.07691457127564387,0.0702515297857781,0.06467396976015684,0.04973471397457402
1973-01-01,0.0805768711926064,0.08067244167183611,0.17024592467289704,0.12195967394507969,0.06752748394241383,0.10130197774354294,0.05023875888027158,0.06541334800060118,0.07749693098679437,0.07222016239443108,0.06340151149225047,0.04894491507727539
1973-02-01,0.0787803834961312,0.07731968159253287,0.16753636492516644,0.1313598366546785,0.0674780608605663,0.10638676971288681,0.05057728802634124,0.06399109979836444,0.0763799772850118,0.07337544349504095,0.060228728730451445,0.04658636542282798
1973-03-01,0.07871688642990547,0.0758463095896725,0.1700875883699423,0.12700568441987348,0.06923070195906542,0.10767861514354206,0.05007581516008389,0.06535645936939924,0.07480135445349763,0.07623782890082165,0.059196703251000925,0.04576605295319536
1973-04-01,0.07826177002894176,0.07420440649930565,0.17082109257254074,0.1316956024646401,0.06961503429985777,0.1071461129324062,0.05055303108493974,0.06416778007168505,0.07102563828931373,0.07735075276470259,0.05916842122548414,0.04599035776618263
1973-05-01,0.07692964848410556,0.07376712925608897,0.170222408674603,0.13671754325404645,0.07050214879234358,0.10516524230483874,0.053533997701759754,0.06668975305519396,0.06811395872019246,0.07668250691282642,0.057014882563384994,0.04466078028061591
1973-06-01,0.07680680520486206,0.07194984756844458,0.17267700253345403,0.13441478833899487,0.07087377938843645,0.10464057391510277,0.05388340491770021,0.0682489398807761,0.06820295708431265,0.07941809039898028,0.05651780884702496,0.04236600192191111
1973-07-01,0.07165542549650661,0.06344967230212255,0.15988489721095545,0.12119874574825253,0.06413007730563947,0.0955397312690398,0.05160852279684424,0.06297506091893208,0.06204708390329342,0.07140431252592784,0.09030786678879858,0.08579860373368742
1973-08-01,0.0728186813557691,0.0644303589203472,0.16161430422701226,0.11501222276461683,0.06463170411985433,0.09496484631261815,0.048763520022375884,0.05803522688792076,0.06528851545331692,0.07232040707100651,0.09263487980381742,0.08948533306134457
1973-09-01,0.07272308706730943,0.06379068781685214,0.16634618449612407,0.1140847466565993,0.06418583365618744,0.09449336947169465,0.048042131753472855,0.05852569504437112,0.06470438088360621,0.06969456746597251,0.09360294804064566,0.08980636764716453
1973-10-01,0.07300277609688467,0.0652514976133567,0.16488788989021974,0.11835299524914107,0.0639330612055806,0.08690507861685873,0.04905138262957243,0.05980017084823273,0.06559779232606361,0.06672320126154373,0.09522670997836787,0.09126744428417798
1973-11-01,0.07150099618006107,0.06256564441373903,0.16586216196366502,0.12448864861749814,0.06432599004030043,0.09084710087740452,0.04632734260007555,0.057665010641751537,0.06333462389328173,0.06816902882851104,0.09369095812335759,0.09122249382035429
1973-12-01,0.06994271246207565,0.058884409548842345,0.1627028623176121,0.13318989281108407,0.06234096298108537,0.09180661924331156,0.050422353089994244,0.057975651161924616,0.058391822429145875,0.07188947710831722,0.09365041968237316,0.08880281716423395
1974-01-01,0.06818735698888637,0.05626706334027661,0.1641440326121899,0.14313215187102865,0.06202315379196154,0.08702441652517917,0.049422010176577456,0.05928650837955025,0.057762152623407184,0.06818943523730703,0.09421315673307767,0.09034856172055819
1974-02-01,0.06942382768914106,0.059458627488559776,0.1643033607863626,0.13179276069657359,0.06217369444962234,0.0877910331772965,0.050354298976352935,0.06154563092522047,0.06123467745534835,0.06621576138180539,0.09391844953832178,0.09178787743539524
1974-03-01,0.06941089685281705,0.05851998258219843,0.1642679507504815,0.12956615620537804,0.06190149803461417,0.08723690422228673,0.052381673044184514,0.06155778256469938,0.06175919452732474,0.06553158294303307,0.09456244817539873,0.09330393009758356
1974-04-01,0.06958815588151986,0.05989262421417772,0.1652239143140234,0.12840079851855477,0.06449636400657545,0.08693955154169714,0.05091407794941526,0.0605182824245207,0.06120017319303342,0.06795641092275924,0.09238043697701558,0.09248921005670752
1974-05-01,0.07014445519057684,0.06007030612021317,0.16787141545560758,0.12592208097850935,0.06762641461152089,0.08787565405365394,0.05058213599229911,0.0553985956713509,0.06285434469639388,0.07021282791518989,0.09029601728453397,0.09114575203015053
1974-06-01,0.0709884475887966,0.0625378856009692,0.16744356791507015,0.12089914188779456,0.07141949196114951,0.08800469207855549,0.051430264281155234,0.05461241700237416,0.06637343305629911,0.07318370232328564,0.08457671017638597,0.08853024612816439
1974-07-01,0.0720259489203603,0.062037120918466186,0.16860030305198054,0.12330909532525909,0.07321441237664408,0.087407734979092,0.053004181597070925,0.05289178104214612,0.06584461409722557,0.07396709682463894,0.08263550565957664,0.08506220520753949
1974-08-01,0.06990818157753512,0.05894558350400165,0.16871260837368227,0.13231576044501356,0.07368481008014613,0.08675961769643775,0.052966539389879726,0.05717595412838963,0.06199370759901617,0.06862926143498957,0.08264031085210914,0.08626766491879934
1974-09-01,0.06885171708492631,0.06013239946363246,0.16755290988070598,0.13223933448765185,0.07165045124016912,0.0906216684965074,0.05751100797463393,0.05703114490168765,0.0592900217989721,0.06938034577480374,0.08017589976812374,0.08556309912818576
1974-10-01,0.06781863339956268,0.058777494008207684,0.1631521591310965,0.13707843950725654,0.07125384002440838,0.08434198541696093,0.06218465812999342,0.06293031154711405,0.05844459118300091,0.06601643384426054,0.08336966868658963,0.08463178512154866
1974-11-01,0.06725845958797384,0.05259097249897911,0.16001234632472158,0.14169396584429042,0.07340955740095621,0.08320246320333244,0.059324974272351366,0.060749698611957524,0.05518399535220296,0.07357007786329865,0.08648509964248065,0.08651838939745507
1974-12-01,0.06746331292356149,0.052086883391508555,0.15661744598894675,0.14128032884165087,0.07170123958175752,0.08235778809290871,0.05946972714257472,0.06302574788035507,0.05427513157490425,0.07601480665786003,0.08840019742406983,0.0873073904999025
1975-01-01,0.06878959702871579,0.051356411147287166,0.15299813304843177,0.1465847292615936,0.07150981546929516,0.08040658605786731,0.06209327972176646,0.06403746386628939,0.054013584527422304,0.07580321261272444,0.08808016836511454,0.08432701889349203
1975-02-01,0.07146418429384697,0.054619278754811644,0.1557136935611508,0.13701242525324214,0.06949756551492386,0.08124976814447712,0.06052569338005527,0.06640472339617347,0.05956861714449083,0.06595825914721458,0.09039539320452177,0.08759039820509157
1975-03-01,0.070354459889626,0.05397246084154067,0.15864535430206203,0.1311476117128459,0.07114953038908109,0.08684758861449655,0.05971080333685969,0.06309602330557143,0.05930614601678151,0.07243018650021558,0.08582131255283458,0.08751852253808508
1975-04-01,0.07300587401083976,0.05591412910205665,0.16194262012552316,0.1243704232575011,0.07228139287768376,0.0852176216160267,0.05734880721537919,0.06013597557255583,0.06378676443650058,0.0712761494674641,0.08502569566408856,0.08969454665438065
1975-05-01,0.07191843846950687,0.055602452004335445,0.16804646690202207,0.12719878455747144,0.07699306137186963,0.08613962882380964,0.0543811374302774,0.05628829687596989,0.0625098147415428,0.06864503894047859,0.0821607124799738,0.09011616740274245
1975-06-01,0.0717809310027864,0.0538540745507519,0.16410688741142104,0.13478219676617653,0.07443877813381086,0.08651109914373904,0.05289977289623521,0.057662757604341655,0.06171769571876266,0.06938758161102009,0.08301698625438796,0.08984123890656678
1975-07-01,0.07386447932150177,0.05558076817883062,0.16027773934284278,0.134415288032444,0.07285997405303522,0.08374807925099664,0.05178245091060604,0.06719628271884463,0.062347364288326775,0.06684669833150043,0.0838624600558648,0.08721841551520634
1975-08-01,0.07447379919046285,0.057830085563032,0.16047090677963183,0.13683345368836008,0.07329897611346368,0.0809245516807671,0.052955776446641664,0.06791512175234547,0.06149387912161318,0.06274040671144236,0.08276562513719861,0.0882974178150411
1975-09-01,0.07403893966937988,0.057156776002635364,0.16270557069670616,0.13896892504899205,0.07458734920939453,0.08045164371850684,0.0519144705665471,0.06850880335864076,0.06294444067890739,0.062239807097320236,0.0796776122356033,0.08680566171736667
1975-10-01,0.07495347517038593,0.05791539674821817,0.16032290331345692,0.14292797603584362,0.07204449020041757,0.08305296860522175,0.053176655175214624,0.07021450983963506,0.06311129031620476,0.06048377767519729,0.07629387358000538,0.08550268334019898
1975-11-01,0.07822564792146085,0.05963836628207863,0.15893395620098644,0.13298059719987373,0.07321165978198323,0.08532970688489872,0.05380361702677569,0.07028118564752467,0.06560550958190768,0.06332670411618298,0.0755637207420855,0.08309932861424191
1975-12-01,0.0790622163088262,0.05976914131112131,0.1587523088612813,0.12670690409882565,0.07332439319337809,0.08692878753286196,0.05404346592429751,0.07018116496469314,0.0667395521191747,0.06471801012869616,0.07701727511803497,0.08275678043880906
1976-01-01,0.07866306826376222,0.060204984747634104,0.1587471447713698,0.1285562030834301,0.07282489595700047,0.08703082380960976,0.05453512212733821,0.07169813590587529,0.06552394573187648,0.061404107332676164,0.07722753995221808,0.0835840283172095
1976-02-01,0.07752275438257959,0.06185517210150101,0.1653112012004714,0.12364638396765275,0.07509499059330348,0.09145898037853036,0.05311420954898688,0.06874834336457541,0.06342630426399122,0.05882677939396831,0.0766235531127723,0.08437132769166727
1976-03-01,0.07624512086135996,0.06387103080688075,0.16839370286732797,0.11851081711845467,0.0749833662195092,0.09191243828711981,0.054283456533164465,0.06577978043658482,0.0661531730537482,0.05471321123868997,0.07778230603519572,0.08737159654196451
1976-04-01,0.07469511741659156,0.06419655563104319,0.16778545328691238,0.12397732149412577,0.07201872298358425,0.09239064625461103,0.053117280725947257,0.06468979996006596,0.06669121313226602,0.05684183149982569,0.0779598013885367,0.08563625622649025
1976-05-01,0.07410892927230676,0.06611768787073287,0.16659420812615947,0.12814365718045906,0.07246265418725284,0.09024063540918029,0.05469652233054052,0.06555776848870039,0.06426053341884215,0.055042415626343,0.07664770493713759,0.08612728315234514
1976-06-01,0.07339565243528039,0.06462028702730611,0.1668152281869708,0.13576094630451502,0.07177578570947406,0.09170405075412437,0.053273771249252797,0.06513151012716653,0.06135413319595737,0.05414733098549392,0.07592354786956632,0.08609775615489243
1976-07-01,0.07211486150315528,0.0635163458390718,0.1660772306696349,0.13463979651941954,0.0709623620447159,0.09503808563595438,0.05448234139820407,0.06740431002537281,0.05984322545527761,0.05339324214425835,0.08208037848919846,0.08044782027573676
1976-08-01,0.07374911820834433,0.06333930159708281,0.16365993611878257,0.1348838082405511,0.07051714489375273,0.09376112710873384,0.055686796888589435,0.06960967455089556,0.057536924130963174,0.0536774135766805,0.08365884766859959,0.0799199070170243
1976-09-01,0.07369804825959474,0.06239971760053874,0.16161507836851471,0.13364208393309654,0.06911881388001895,0.09315689911585512,0.058073009631166704,0.07162361616619303,0.0593920706899213,0.05500226112066089,0.08392690400916938,0.07835149722526975
1976-10-01,0.07297842690945135,0.06364225742340672,0.15993218116830202,0.13838161473492644,0.067777398593798,0.09366984917117653,0.05753867994482238,0.0725304094629454,0.05826029672792917,0.05573186795516188,0.08216037839105163,0.0773966395170285
1976-11-01,0.07326456014700289,0.06421005116512947,0.1571784788403305,0.1377073715833245,0.06748631522162273,0.09148731760795563,0.05959325502696229,0.07319453521805618,0.058941641495481374,0.05478220392649245,0.08437416996183329,0.07778009980580866
1976-12-01,0.07414536050582916,0.06258523328429119,0.15790403217041624,0.13759868434948883,0.06469712732868566,0.09228623655517548,0.06070635662201411,0.07490839162128252,0.06137948594464497,0.0491908622622445,0.08548849209046644,0.07910973726546085
1977-01-01,0.07356814691617815,0.06489456470188949,0.15685328584115543,0.13862312063716548,0.06597734265285378,0.09059577940129218,0.05938841756741669,0.07524235772349396,0.0594872306157924,0.04932690012814283,0.08780276860913636,0.07824008520548323
1977-02-01,0.07318455481990756,0.06456959256186894,0.15288629806071555,0.14454392305885502,0.06408542522170989,0.09066161531076031,0.06195100438572069,0.07872731258721824,0.05733709979090456,0.04674069716230665,0.08709639601672027,0.07821608102331229
1977-03-01,0.07362222880069962,0.06335892899049789,0.15474195290426795,0.1405265349618869,0.06481951869488584,0.09159107362926587,0.06326308367817167,0.07728558345639416,0.057375050667908496,0.04756849278482055,0.08749220983375579,0.07835534159744528
1977-04-01,0.07284624221732064,0.0619131359601982,0.15632445896627656,0.13924950688325277,0.06499380021107054,0.09262029613297826,0.0632795587260128,0.07802380642594561,0.056371903345977165,0.047241572680510165,0.08761286666947043,0.07952285178098689
1977-05-01,0.07288194124892709,0.06353174422717273,0.15717055761591056,0.14218297687647516,0.0642790164735311,0.0889802278928666,0.06349690115164346,0.07888580340372896,0.054167501934662375,0.04458282009982357,0.0891715087655749,0.08066900030968348
1977-06-01,0.07304872522533228,0.06364694857894808,0.15437613712187034,0.14276584096731448,0.06303442802940509,0.08867854741771437,0.06479396445340038,0.08114798643212459,0.053422401447643354,0.04420062618998797,0.08996278352034139,0.08092161061591775
1977-07-01,0.07289598327413047,0.06463019944929249,0.1536911994917866,0.1443129394235073,0.06194494235090551,0.08943785850062323,0.06305263003503823,0.08559128881059201,0.05378702285354423,0.04405915157743898,0.09208281285771075,0.07451397137543019
1977-08-01,0.07474047083596483,0.06373403296017557,0.14935121948278435,0.14377318890113155,0.06129406409350097,0.09067690536177513,0.06338294932299525,0.08729462537512983,0.054147991821378666,0.04368862218643217,0.09365115395282446,0.07426477570590727
1977-09-01,0.07599260697902123,0.06396402145874544,0.149282387532118,0.13668090855746776,0.061485392173119074,0.09251469736140414,0.0624226420637087,0.08556811014103083,0.05746037995112743,0.046021562809466336,0.09408248968133866,0.07452480129145252
1977-10-01,0.0760173849282574,0.06484323458396475,0.14741153208597205,0.1373485019588295,0.061259961370575634,0.09087081559764848,0.06454194387525004,0.08698102105961672,0.05703961359969782,0.045666169557285,0.09371653580886895,0.07430328557403358
1977-11-01,0.07656052629515009,0.0645910739895182,0.145720211156878,0.13814503677766748,0.06145493155335804,0.09177706819546555,0.06400129032565076,0.08758612834966033,0.05754568393711369,0.04670595897276552,0.09182749986652476,0.07408459058024759
1977-12-01,0.07684041361243292,0.06210485434326213,0.14593974059908973,0.13653433152744673,0.061060352973710416,0.09255238153955068,0.06225311759576057,0.08735196472564244,0.05796458904389971,0.047515808620938266,0.09357520600019753,0.0763072394180688
1978-01-01,0.07630447232442929,0.061382769415409565,0.1457171091062618,0.13859732075132655,0.060618828289353444,0.09428403538208496,0.06320056529584024,0.08630315521797348,0.0568503145277593,0.04757970453424648,0.09216714380129035,0.07699458135402444
1978-02-01,0.07655837859487286,0.06043077277872907,0.14483896597159515,0.13681192479451493,0.06004534135740334,0.09547529041059039,0.06439743310891331,0.08716862049556409,0.05610819088205509,0.04891313182357429,0.0915442454224496,0.07770770435973777
1978-03-01,0.077513144523162,0.061157100253747314,0.14327843188780337,0.13632745780126662,0.05835634938643207,0.09300204722534558,0.06724224352576963,0.08758052494623916,0.056420695312109956,0.04796535722513965,0.09281463580191805,0.07834201211106674
1978-04-01,0.07798675113605677,0.06279366815784967,0.14469326508808078,0.13498966763004216,0.05802242891698894,0.08953404801813798,0.06676792775659762,0.08661117850100457,0.056081022242321345,0.04844958712451061,0.09391456006139651,0.08015589536701309
1978-05-01,0.07697640127357741,0.06359006036172418,0.14791482803700615,0.13265428773845084,0.05951615427788585,0.09389883565884295,0.06358633839363557,0.07986031406649878,0.05737296024812054,0.04888211454052911,0.09529887280078654,0.08044883260294226
1978-06-01,0.07874681403373693,0.06227718542742292,0.15218119300563054,0.13033070371413003,0.058145022546184706,0.09350535985006224,0.06167574979966014,0.07875817175625105,0.056764919616591684,0.050400778069159484,0.09486981100016605,0.08234429118100427
1978-07-01,0.07777149996833448,0.0604389397862373,0.15338452424116616,0.12725105338808199,0.057667974520915356,0.09285277528918404,0.06274639161111618,0.08353543641209926,0.05675907198889521,0.051125188743219224,0.0966729273985342,0.07979421665221657
1978-08-01,0.07616492388898341,0.05964214927818946,0.15786314135018203,0.12449837526576654,0.05734243743851781,0.09570801152860894,0.06036231130399555,0.08115093208963442,0.05643938583400211,0.052719101314557544,0.0962064729143092,0.0819027577932529
1978-09-01,0.07536862704205077,0.0588865644694867,0.15776179759795708,0.1251986367468906,0.056772835183134106,0.09752589778796479,0.0595901956285588,0.077848292538077,0.0573850831893638,0.051217007139717725,0.09771051214904179,0.08473455052775683
1978-10-01,0.07562060559586949,0.05908970344998357,0.15553302813602893,0.13263619145470046,0.05647121958870903,0.0943913445419168,0.06082745005603892,0.07808966168973157,0.056165239234769085,0.05009007899135431,0.09744654865057539,0.08363892861032264
1978-11-01,0.07513478736152289,0.059204384497696626,0.15380061432964776,0.13330620949587668,0.05788743098802531,0.09476836187734927,0.06566446322745349,0.08145547655451713,0.05431737980619934,0.049292747234248195,0.0971381176452064,0.07803002698225699
1978-12-01,0.07453116031968535,0.05706472687410489,0.15358355253490263,0.1372535508850311,0.05707399568194607,0.09654493497866028,0.0648862952261747,0.08125937725051936,0.05407085446991404,0.050344247795655564,0.09601760983294001,0.07736969415046605
1979-01-01,0.07451156658711713,0.05588244480506022,0.15343289868631627,0.13918738153943722,0.05664173116070668,0.1013126527520481,0.06389607320434283,0.07862387367349534,0.05289245456811673,0.05121449147156584,0.09538642333200627,0.07701800821978735
1979-02-01,0.07387407344179087,0.05590318424833048,0.1559365178672768,0.1368777463836819,0.05661980708276121,0.10079946894400615,0.06347874130287386,0.07971124683804799,0.052988415705523734,0.049736672495829415,0.09564943997712158,0.07842468571275588
1979-03-01,0.07286793214754621,0.05532549445306063,0.1532884727327888,0.14167928599137009,0.05634333991344942,0.10055698573984664,0.06461545637268293,0.08083673381424464,0.05238896093523961,0.04903184103117495,0.09533051900981648,0.0777349778587796
1979-04-01,0.0710586490314526,0.05565184015067984,0.15508207978255922,0.1444024626692936,0.05675619975582487,0.10197103128800065,0.06089803095459326,0.077574998460942,0.05220661196961248,0.048507279247783475,0.0961003911524135,0.07979042553684439
1979-05-01,0.07067565381933667,0.056848231069764596,0.15360773519106533,0.14988656592743707,0.055833062883114376,0.10188266445191951,0.059373046350130326,0.07480299590274928,0.05216482010157905,0.04832148235664277,0.09614936534892222,0.08045437659733888
1979-06-01,0.07074179719405628,0.056589501310597215,0.1523660274326704,0.14819350876897686,0.055221445966754185,0.10145780492985723,0.05984104514836126,0.07692129424802066,0.05184780925363725,0.047850413931688235,0.0977312176216443,0.08123813419373602
1979-07-01,0.06921106889393111,0.05483641107486139,0.14922389260271732,0.15368866103393541,0.053720871394319775,0.09764601496476902,0.05920579305539726,0.0801645988931072,0.05043149690185272,0.047821629365823994,0.10159446249745603,0.08245509932182851
1979-08-01,0.06958194401402525,0.055019243188466085,0.14898442583339233,0.1538758108941573,0.05439361147930366,0.09481478841704825,0.05845196635262844,0.08045987252007136,0.04989191454990513,0.047285808587049005,0.10315173305884637,0.08408888110510665
1979-09-01,0.07055422604740606,0.054177940963813724,0.15072672831782208,0.15630541096704414,0.05529781534129604,0.09463390323663116,0.055309745342627566,0.07682558201314096,0.05123259802710676,0.048358954002056684,0.10197257815870023,0.08460451758235472
1979-10-01,0.06914820276796228,0.054409816121904216,0.14842666815542174,0.1661607034956603,0.05589385250668538,0.0931529058757292,0.05408470472491782,0.07503255889021747,0.05090334630462913,0.04824557232319446,0.10035631039221998,0.08418535844145808
1979-11-01,0.06898525157092883,0.052522068487017404,0.14573473559693226,0.17432963017727512,0.05525171999948988,0.09295374303460953,0.055580386301493555,0.07591836133276393,0.05000756770478428,0.04988347501076238,0.09726406037757437,0.0815690004063683
1979-12-01,0.06840914909959889,0.04805025144346416,0.14340563394637196,0.17900449632612764,0.054925604621705044,0.09463176237195786,0.05378840394442149,0.07699128057799556,0.04882225481882993,0.05125987798990133,0.09754250367735172,0.08316878118227447
1980-01-01,0.06894380033359239,0.048451162363777424,0.1457484924814265,0.17895861273513852,0.05577290949353836,0.0928579680990465,0.05165881774137294,0.0740945908658831,0.04907493102159261,0.05116012143249611,0.09646852416521924,0.08681006926691644
1980-02-01,0.06710378463393674,0.04945346452918279,0.1496543485152029,0.19102891343520356,0.05367519902343914,0.09425621232499383,0.047937592437985344,0.07090209217773669,0.046999280442927255,0.04781234679332928,0.09247333501802606,0.08870343066803657
1980-03-01,0.06428862328712695,0.04634594491457958,0.14569919778343907,0.21739545892850864,0.053149409257160364,0.09121558364085382,0.046989784006596994,0.0686574179988299,0.045002935079460384,0.045867917940794214,0.08765549709560795,0.08773223006704213
1980-04-01,0.06668945969573713,0.04799944197835297,0.1442084152232251,0.20256664803787486,0.05405626912943079,0.09039629150082308,0.051723435923800604,0.07231329074597807,0.045977433741956085,0.050569311895680924,0.08985388711061533,0.08364611501652505
1980-05-01,0.06666040762652027,0.044915791615759725,0.14037292489700406,0.20610140428723353,0.054344560160060076,0.08681095373822219,0.05300908579613241,0.07695988284414339,0.045713009425393476,0.05003388920192798,0.09145137893498619,0.08362671147261684
1980-06-01,0.06785047468455142,0.04410997163763385,0.14002255431876856,0.20266202701808164,0.055453804223293796,0.0853349150847561,0.05200191458701441,0.07574101534852103,0.04779585397709624,0.050480395134988566,0.09334862812329738,0.08519844586199697
1980-07-01,0.06725309177094943,0.043161901177320564,0.13693843908258754,0.20813600281241224,0.05314192210893017,0.08526276507790834,0.0507138718419294,0.08180224536009491,0.04632086539149747,0.048694303170870736,0.09657764267365207,0.08199694953184695
1980-08-01,0.06763561851399788,0.045147100793414115,0.14268351688317457,0.198365964383784,0.054279940373523385,0.0921616013015171,0.04799325861959585,0.07614421955232921,0.04785395023305758,0.04960341905360397,0.0930943378142636,0.08503707247773878
1980-09-01,0.06670751845652714,0.044861516278884274,0.14149421991819455,0.20132354658966928,0.05423486922172071,0.09330135749765776,0.04940861009988303,0.07335859358575784,0.047690797827159244,0.04860847537884342,0.09258716556826634,0.08642332957743641
1980-10-01,0.06373095943529385,0.04403369615092088,0.1418786357187971,0.20923221940543993,0.05327184290491029,0.09269377377273452,0.04730709881788907,0.07120319270109197,0.047038009324757143,0.049085016955999365,0.09218989860013398,0.08833565621203188
1980-11-01,0.06274042202693987,0.04253127269219731,0.14052049274997355,0.22102104820918966,0.05146147535752586,0.0928180941055249,0.04506380981203812,0.07095359603619845,0.045608886922885956,0.04760533591119127,0.09007086632664663,0.08960469984968833
1980-12-01,0.05740691028671033,0.04043951246970167,0.13831200887078293,0.24918967646914783,0.050018773024161876,0.0923230876757666,0.04015499232452362,0.0688503230713514,0.042331620181514894,0.04702128637235644,0.08549627441626777,0.08845553483771462
1981-01-01,0.059998610586925356,0.04140696097521776,0.13964426374008065,0.2314320310657804,0.05132468641330322,0.09484078334989725,0.03777657326360058,0.06967866499182837,0.04321817924283493,0.051065440350133356,0.09065965882036411,0.08895414720003411
1981-02-01,0.06383260290951602,0.04231180180147815,0.14182135760716022,0.2171723461379179,0.05371106133224565,0.09047063042873628,0.041710162021101255,0.07035920170376861,0.04502744261159575,0.052459608499103576,0.0918757362711291,0.08924804867624737
1981-03-01,0.06434040546080093,0.04432727649778709,0.14555815567088934,0.2125830845824145,0.055362152074192976,0.0893027180686932,0.041365868577889486,0.06814622304979152,0.045387600017856265,0.052593991530459516,0.09237810178755573,0.08865442268166941
1981-04-01,0.06568970245644436,0.04515384752689855,0.1489207179373071,0.19959625177953666,0.05424178915450251,0.08988260067790652,0.040021954795166785,0.06675694770703028,0.048901874175878504,0.05258622341604947,0.09397119361567861,0.09427689675760074
1981-05-01,0.06754149495053284,0.04635940708144933,0.15004247747872385,0.18548601167689205,0.0540723100800481,0.09146703819350699,0.04327285963533866,0.0657792825848799,0.050949244344764125,0.05505821635205909,0.0956910798154121,0.09428057780639292
1981-06-01,0.06835589312010144,0.04722820346242693,0.14774646299981642,0.17599045762864568,0.053021508637186014,0.09445913369714923,0.04536632529115706,0.06603508490352482,0.05164419534146491,0.05643281967865909,0.09742365041536273,0.09629626482450582
1981-07-01,0.06611223689946599,0.04485754490666589,0.14254088048509753,0.18623435762957577,0.05124299064372102,0.09531973587020717,0.047367626117967944,0.07096380898735682,0.05166678268015955,0.0530835413378563,0.10251782807874886,0.0880926663631771
1981-08-01,0.0646070355972915,0.04378797325932545,0.13930025171591265,0.20210982456959958,0.049445365227882516,0.0924090616438099,0.04774752852713388,0.07301866902172288,0.050117330212854146,0.05127430580677035,0.09973926474275131,0.08644338967494589
1981-09-01,0.06443930926063787,0.0429571843630856,0.13739300759885567,0.20127551470169414,0.04972591764583495,0.09123182274534015,0.049269414977535016,0.07684876066434529,0.050428994009872385,0.0503855226629867,0.10094002279104147,0.08510452857877081
1981-10-01,0.06716701102596279,0.04441141638806962,0.13587614380071636,0.1883525525450354,0.04958579816626371,0.09402997329633307,0.05423895078459437,0.07702943868671773,0.0517294935501133,0.053238292055157434,0.1046488332979329,0.07969209640310336
1981-11-01,0.06851682887138962,0.040531799079552,0.13277345144961775,0.18887085820050592,0.0497740334038893,0.09394569957150979,0.05480868200769095,0.07649886018189161,0.052410695749413067,0.054710092008643636,0.10662500408864709,0.08053399538724933
1981-12-01,0.06737583612544096,0.04071394009855288,0.13342749684560024,0.1930760857825411,0.04939374147029515,0.09120222410069002,0.05311119486176591,0.07738831451872115,0.050849221418251635,0.05456619618819651,0.10820697359999919,0.0806887749899453
1982-01-01,0.06820778907176867,0.04178457340805992,0.1358768205514866,0.18466332020094914,0.0497068352275436,0.09412448394773786,0.05407001113605293,0.07755612652196857,0.05106672466940842,0.05576933565831211,0.10697893485182784,0.0801950447548843
1982-02-01,0.06938815887294866,0.043092690286116356,0.13415936350738952,0.1738636735729929,0.05004920706684498,0.09936157383820392,0.05600949565499569,0.07883783370715614,0.05244157508576786,0.058146985668652375,0.10605796835248209,0.07859147438644952
1982-03-01,0.07152336531756624,0.04451394503384845,0.1335018644834365,0.161949630579637,0.049605271335393296,0.09916413050678423,0.05506561930311447,0.08254308855113308,0.05457170321933506,0.06033830907273112,0.10875926273882915,0.07846380985819137
1982-04-01,0.07453471418569459,0.046921771984771744,0.1333274824230991,0.1527324486068717,0.04996676714275243,0.09733420953060713,0.057380993659146444,0.08501979563177302,0.05753231321618311,0.05860687824872183,0.10808558561306857,0.07855703975731052
1982-05-01,0.07655108728094122,0.04725909701689612,0.13172071332929383,0.15300659010108594,0.050423783290751055,0.10086686101871749,0.05460998772647333,0.0845922840386098,0.05828931008554747,0.06066113086616905,0.10346187223997266,0.07855728300554213
1982-06-01,0.07665313951983814,0.047992295326381454,0.12929828003734184,0.16090958829618784,0.05013201447476291,0.09878004297947163,0.05237069938746803,0.08667920245605831,0.05858032893387073,0.06091829123973753,0.10110750433782623,0.0765786130110555
1982-07-01,0.07916307628088631,0.04924146390941834,0.12687592670862682,0.1492179772835593,0.05093254575924108,0.10153060001484908,0.054033403671910146,0.0878610310596094,0.06192077080547556,0.06253797705103507,0.1100576326957271,0.06662759475966172
1982-08-01,0.08047764407495026,0.05032117814013155,0.12694942709118517,0.1403434970605999,0.05045828743486137,0.10504237038927652,0.056067060454615306,0.08718497565381794,0.06349076130433505,0.06447500470188805,0.10903834844007651,0.06615144525426243
1982-09-01,0.07850335119626112,0.051387256710197816,0.12863387689450523,0.13737355630915926,0.05138872614642562,0.10636771718448965,0.05507196313257112,0.08716894509380656,0.06423212604568107,0.06503494820686773,0.10883025027749008,0.06600728280254474
1982-10-01,0.08096971802120027,0.05014071701464153,0.12428425738511326,0.13794189236265517,0.050342854403225556,0.10604196151788248,0.05485713098426869,0.08624073680191222,0.06617847944151706,0.06492725591496654,0.11265187715386156,0.06542311899875576
1982-11-01,0.07912532570551307,0.05232946571324735,0.1263175691856066,0.13014807458371802,0.05039290468475571,0.11142441027532375,0.05324061508829021,0.08058018215220915,0.0693134067926374,0.0630146891213158,0.1159423275894007,0.06817102910798224
1982-12-01,0.0787935175472837,0.053865624118713144,0.1276696593982311,0.11772435958911479,0.05028380142149379,0.11756864922310423,0.05314113543256333,0.0765199671670594,0.07356843355753345,0.06316259911704789,0.11643316911237576,0.07126908431547921
1983-01-01,0.07882544758371474,0.05521189572230789,0.12857387116980576,0.12069695738080152,0.049017413013010956,0.11993717100551925,0.05219379695541201,0.07878250669380754,0.07160063920414854,0.06312617641363868,0.1111418350085796,0.07089228984925358
1983-02-01,0.07498068605040586,0.0559945645724799,0.12907506681713518,0.12035622029341812,0.05029346342733256,0.12534134314128717,0.05659199193473062,0.0783415814483299,0.06906290049306998,0.06161615955877543,0.10579198314754165,0.07255403911549374
1983-03-01,0.07569034593100336,0.056449202485785895,0.1288616318669618,0.11548893793435719,0.050423775592262944,0.12634266191946283,0.05423730981552121,0.07693179041590648,0.07252978721875046,0.06151377800427044,0.10855277787178765,0.07297800094392959
1983-04-01,0.07859337307425876,0.05402449884696958,0.12674108260215622,0.1179002916911302,0.05007994188232172,0.12333694118291796,0.05270782867715783,0.07431243398186628,0.07625640883407421,0.062343640822589697,0.11177518563605807,0.07192837276849935
1983-05-01,0.07778413154881364,0.05587729831281345,0.12494861286778625,0.1202311265017799,0.05015564937630658,0.12370437814593897,0.051694393389273466,0.07223434309446955,0.07716001878299569,0.06107005271080275,0.1134186395946759,0.07172135567434382
1983-06-01,0.07635417904018,0.0542870902224687,0.12666115231895653,0.1198936888851963,0.05033338391023089,0.12601493659100563,0.050768724535200836,0.07199915162989498,0.07698567388465331,0.05884477512862884,0.11291713921530809,0.07494010463827584
1983-07-01,0.0724769890225423,0.05721136460086449,0.12057856431165108,0.11673352815606064,0.04735442059034188,0.1316937502517465,0.04928899073957398,0.07078553042255334,0.07905848060936271,0.06150605928809249,0.11738971665540353,0.07592260535180712
1983-08-01,0.07304720161202607,0.0569637792505115,0.12101734879158749,0.11817124542807741,0.04799921916583835,0.12915552958262147,0.04843599268989755,0.07370092446623525,0.07915239515805451,0.06008401762880567,0.11776663627953313,0.07450570994681167
1983-09-01,0.07331532865808003,0.05563791664748832,0.11929157405694463,0.1248380293210999,0.050208427165509016,0.12789959656313124,0.049672768056830324,0.07437304043485711,0.07542220094168615,0.05944826332270436,0.11800663944693504,0.07188621538473386
1983-10-01,0.07555069979534519,0.05726042450005615,0.1206037008640164,0.11686437323059744,0.049831013310365845,0.12889427047964325,0.049467666038903915,0.07634413885914454,0.07600831480055022,0.05948454526941582,0.11805627136339815,0.07163458148856298
1983-11-01,0.07751697898684405,0.05896000910674743,0.12086006337135144,0.11768634938649278,0.05013056680087704,0.12325954269857421,0.04822345978508744,0.07990150605829692,0.07678332043463292,0.05987032311987048,0.11761985483530038,0.06918802541592492
1983-12-01,0.07724986132137954,0.059628616893330655,0.12679643269766422,0.1133185389479462,0.05033376390507517,0.1227392006797106,0.04860994421450035,0.07612926033425836,0.0781836013971168,0.05650067378179125,0.11905472616250505,0.07145537966472182
1984-01-01,0.0779527720215719,0.06120645606314299,0.128468843655544,0.11754130075211096,0.04950575427083344,0.12535685384280154,0.047949723456749326,0.07286048381334163,0.07540416225450644,0.05536024951551518,0.11798649654549846,0.07040690380838399
1984-02-01,0.07845342768506525,0.05872059305650526,0.12580548819077758,0.130525856870469,0.0480479517876927,0.11925851195748674,0.050645694426223714,0.07454844014348186,0.07177666545889033,0.05531857331407912,0.11819660668125241,0.06870219042807588
1984-03-01,0.07673160516664577,0.057877403482784924,0.12251785992274564,0.13542710986649592,0.04722185289301931,0.11794409732911833,0.051418102786108984,0.07526997167106854,0.07209780485648787,0.056899808453597635,0.11842270054584265,0.06817168302608448
1984-04-01,0.07679010169005134,0.05744577319221033,0.12418364705279142,0.13441399779111313,0.04923288330638597,0.11892856657072345,0.04813916120764242,0.07384212335327163,0.07225521363388647,0.05598323346501812,0.11920388731834519,0.06958141141856046
1984-05-01,0.07697363652456582,0.058098280069147454,0.12289221813212677,0.13944217555849248,0.04955251917719809,0.11813564762220943,0.04849832760892731,0.07304050385304083,0.07216662616588695,0.05717263449992502,0.11720878839575426,0.06681864239272561
1984-06-01,0.07921426099801268,0.05766349693262081,0.12168056545423986,0.13897698125198243,0.049574433374300224,0.11793212284742087,0.04955916357443108,0.07599651978002347,0.07229645513517405,0.05628320814895219,0.11455885888630521,0.06626393361653722
1984-07-01,0.07769405704204295,0.05724985458577265,0.12397031983166225,0.11988712674268386,0.049116204197278274,0.11974254048193551,0.03797807836691471,0.07540220081117245,0.0780663963362615,0.05776526778555383,0.1382415989195888,0.06488635489913328
1984-08-01,0.07772118769343295,0.0599552633208588,0.12470980223202029,0.11306813189707626,0.04909817611473315,0.11953924265571891,0.03991550842023747,0.07667374552664696,0.07942280154468286,0.05674466055913689,0.14003910202763462,0.06311237800782073
1984-09-01,0.07616224089721356,0.0595350120460539,0.1261854198982413,0.1155751333842703,0.04929899740615348,0.1231352036586551,0.0386226984622943,0.07417650026932858,0.07893625596385453,0.056562941915803945,0.13885485343089918,0.06295474266723182
1984-10-01,0.07660626594565628,0.059525850319709056,0.12319509773962059,0.11861600162897186,0.048240592293478206,0.11872387267435205,0.03949777503467292,0.07745238094614432,0.07826690258913606,0.05428422834590563,0.14278550947530452,0.0628055230070485
1984-11-01,0.07799661726525049,0.061198051330549855,0.12485110611241443,0.1103114620170373,0.04834177201339138,0.11697551930132702,0.039382613234821326,0.08007439487292477,0.07779370885051663,0.05554031156231945,0.1447869118505473,0.06274753158890006
1984-12-01,0.07927907147976396,0.06002287234766042,0.12207286516013041,0.11069516407438008,0.04866808758048645,0.11370671863285872,0.040056095865366396,0.08347271491065335,0.07601674184662402,0.05632915006001631,0.14719640123406888,0.062484116807991
1985-01-01,0.07886546414681747,0.06157653771673675,0.12245832317599156,0.1070732005726856,0.048240923151002535,0.11441760419965756,0.04089371197053817,0.08344842549183784,0.0745456252722523,0.05643348447970903,0.14982939062544423,0.06221730919732701
1985-02-01,0.07480909086114274,0.06257549187860227,0.12401942115904767,0.10503998879019417,0.047159580551913625,0.11914289496599842,0.04001234352939895,0.07869629900133135,0.07759757406327887,0.05637136292491054,0.1503662131488396,0.06420973912534186
1985-03-01,0.07723278226334791,0.06047451365141547,0.12197573902074263,0.10712700014447227,0.04726892897794865,0.11557528772954533,0.040594608551280546,0.07827485586661476,0.07811874098219312,0.057353036953268696,0.15146686720134994,0.06453763865782085
1985-04-01,0.08108406764188325,0.057376005289487775,0.11817476127736695,0.10923395667567769,0.046095194993087736,0.10926237975129442,0.0427638263688006,0.08292386825389686,0.07776024300331796,0.05944600285993608,0.15158596462978996,0.0642937292554607
1985-05-01,0.0796144887936814,0.05557303500400417,0.11612749452788733,0.11368882583716537,0.046143417976289104,0.10556776627535137,0.043178065912829286,0.0842585441364941,0.07780474584850684,0.058607724617756894,0.1557422089291594,0.0636936821408747
1985-06-01,0.08142219307619677,0.05512414917074106,0.11593815032567892,0.1081263932285486,0.04682708947550584,0.10303428474097866,0.04387103362416865,0.08268924207170267,0.08085303183152852,0.06088551528962998,0.15671382818019106,0.06451508898512928
1985-07-01,0.08069508748266639,0.05622657813013813,0.11724829691721365,0.08773867441571083,0.046300609833092324,0.10392545231477791,0.04698724324752201,0.08755975686501381,0.07910775522935129,0.06228532007485605,0.16879659128561936,0.06312863420403828
1985-08-01,0.07884264567645552,0.057832627118166315,0.12157901143343766,0.08737370790282438,0.047951535501367305,0.10906847966816102,0.04483126281926016,0.08230220874010827,0.07619963349317865,0.06220185214328467,0.16697979626938853,0.06483723923436754
1985-09-01,0.08005568153936345,0.05615731862708924,0.12040456666596416,0.0887547773444093,0.04780962946413668,0.10693932693809428,0.04554783155291758,0.0840992428683356,0.07629308741203479,0.062115420339561384,0.16751935742251836,0.06430375982557504
1985-10-01,0.0795580047287812,0.05448673955976265,0.12063161711586805,0.09215394507746137,0.04863542001046418,0.10724937703763905,0.044503694334475624,0.08320988271719418,0.07650129406814384,0.06277933505565894,0.16705108222647316,0.06323960806807778
1985-11-01,0.07878179225776384,0.05274332900861041,0.11768932763773965,0.09327454440338412,0.04978312540083647,0.10595121663397587,0.044272710911106405,0.0844704567554636,0.07797793671744276,0.0602461309636222,0.17234372381689742,0.06246570549315719
1985-12-01,0.077224627911885,0.054448836584835444,0.11977033330757575,0.08756332364577094,0.04985443410796573,0.1082260493549264,0.044878133857293806,0.08234846275398928,0.07924946578592831,0.05937300318130367,0.17431085496338827,0.06275247454513755
1986-01-01,0.07831619114315415,0.05602371505425981,0.11992195071198658,0.08056879210311979,0.049354331878797966,0.11301152341504328,0.04484823944997356,0.08217872943081642,0.07952172000363975,0.059248648974463296,0.17473457367163192,0.062271584163113514
1986-02-01,0.07895534969219194,0.05656895202789368,0.12163001545916735,0.07437925911708936,0.04909239801824405,0.11186465253012269,0.04101676753132734,0.08438017085459962,0.0801788824617623,0.05943745479463643,0.17862912081825535,0.06386697669471005
1986-03-01,0.08159245283609069,0.058173089233877824,0.12430727962726298,0.06796561193488275,0.050819341436615845,0.10924079793093935,0.04112933098452206,0.08339307569154918,0.08056555717196372,0.05856358783832543,0.1808576682053825,0.06339220710858771
1986-04-01,0.08377242477263004,0.059687520520065734,0.12475327275744634,0.06528164892325392,0.05130866944496678,0.10346511237213848,0.040437881282544746,0.08195231536815109,0.0830838444696967,0.062278362998551204,0.18092883806887552,0.06305010902167942
1986-05-01,0.08505539132494422,0.058475914236296944,0.12248461355992182,0.06658856425467015,0.05249801942436683,0.10878566066933987,0.04182600167666494,0.0783597735660104,0.0845212025111749,0.0635201292015593,0.1743351754821572,0.06354955409289337
1986-06-01,0.08807548069157678,0.05707399773432753,0.120956114901625,0.06762658516748742,0.05301651511633686,0.10455139716124608,0.0414082258657589,0.0770424983605102,0.08798659262811542,0.06489470123267377,0.17445002344614466,0.06291786769419726
1986-07-01,0.08325175133665684,0.05524252390547047,0.11591689280837286,0.06304049269722037,0.047752651823097236,0.0981309999390925,0.042797336996115855,0.07983234388717435,0.08876058247677926,0.06952182188809683,0.19479828227336551,0.06095431996855792
1986-08-01,0.08356318359293223,0.05357801476435125,0.11362589628314113,0.06347680699414016,0.04754367962413913,0.09601228448574192,0.044036454074295475,0.08919220572681284,0.08415403363942438,0.0701375683646337,0.1960208890773297,0.058658983373058
1986-09-01,0.08075386269739787,0.05378740914880804,0.11442212587429988,0.069304492614676,0.04684889504708992,0.09617244940995105,0.0443943191604168,0.09030351709579511,0.08029510279258185,0.06854494523368304,0.1975664411112264,0.057606439814074095
1986-10-01,0.07862125942709652,0.0539544604991287,0.11685113230737613,0.07516311674948901,0.047636045701624774,0.09588816224689066,0.043724472939377534,0.08938679923542896,0.08035993892655509,0.06552429833148878,0.19311488484321268,0.05977542879233106
1986-11-01,0.08150958630979681,0.054613111853875865,0.11624678311308005,0.07317458932024754,0.04891281309401652,0.09205502750560644,0.04368697956522342,0.0888615989317899,0.08162780799513504,0.06762379427243104,0.19068115110833359,0.06100675693046383
1986-12-01,0.08122199736056211,0.0564635868286001,0.11630206121365441,0.07426981399598882,0.04996806093877632,0.0942759898918841,0.0450470911642045,0.08811917318757408,0.08057125121972641,0.06754701349094086,0.18604921661883458,0.06016474408925362
1987-01-01,0.08113564016308654,0.056887401926196485,0.11729105597559893,0.07663522760543826,0.050134111417316635,0.09388023231677782,0.04471212006323208,0.08787915052044572,0.07646265412967465,0.06910847268037143,0.1869865600233831,0.05888737317847838
1987-02-01,0.08193752067310145,0.059970936313743915,0.11894146897379385,0.07771380348314526,0.051111582876089176,0.09652373609329286,0.04175053503886195,0.08511200188195976,0.0752685661702848,0.06944429152573808,0.1827853407493134,0.0594402162206756
1987-03-01,0.08299721406085722,0.05944742924403284,0.11919662341144766,0.0726362894271849,0.05010325482019827,0.10124474214055476,0.04008721608787832,0.07951229056791724,0.07922489930385873,0.07298143599075298,0.181785252055801,0.06078335288951607
1987-04-01,0.08244652727447084,0.06098104809658391,0.11868031502907939,0.0799080727561031,0.051641375873633495,0.10227393191822114,0.039764664489727194,0.07650923493394111,0.07923170791622565,0.07186833664809918,0.17525813488314337,0.06143665018077177
1987-05-01,0.08092990667206608,0.06451199923194703,0.11786194784338458,0.08130195854554584,0.05242794121068752,0.10906603791719148,0.039489644506871376,0.07444457181069729,0.07850797561365917,0.07158101104709887,0.16965053035792113,0.060226475242929484
1987-06-01,0.08259423762419135,0.0634145995170529,0.11715150501189506,0.08307107215720837,0.05276241093692114,0.10892536087200079,0.04072471529223054,0.07247387185700245,0.07815958665369106,0.07219568968900407,0.1672228058453537,0.061304144543448506
1987-07-01,0.09052167383306887,0.0604811490784065,0.11471649364607067,0.08029916046104152,0.053065695008970036,0.10371584686219872,0.047895672498677114,0.07061963763150826,0.08202001380059301,0.07049743197914654,0.1569077607318293,0.06925946446848949
1987-08-01,0.09154552549924641,0.062140843268060485,0.11940559180687065,0.07977345624235374,0.05192102054731705,0.10048185252560297,0.04861731517215994,0.06657775459108219,0.08318633935612697,0.07176131302543202,0.15326995057732198,0.07131903738842557
1987-09-01,0.09158236349636036,0.06313124526454579,0.11803045838791805,0.07813306933796076,0.05165623739678625,0.10395005912504371,0.048992400663729695,0.06638153916186289,0.08290575570998095,0.0706550411049679,0.15665857074131517,0.06792325960952854
1987-10-01,0.0900408435683595,0.06218897372035689,0.12178504883112427,0.0770178789775388,0.052397096774954265,0.1036176947037461,0.05166367205634699,0.06616794002190905,0.0793448933655791,0.07047068247306527,0.15620220579010166,0.06910306971691825
1987-11-01,0.09188071586828345,0.05908901316606248,0.11262354780160932,0.08050677426596571,0.05112538269075445,0.09932371898986468,0.05799073695824612,0.07952759006135617,0.07345694878441421,0.0721421670531782,0.15918136651153322,0.06315203784873202
1987-12-01,0.09149963023128051,0.05862807252196331,0.11565381158994037,0.07742472969518094,0.051666808482558016,0.09687353126695111,0.057408032223137236,0.08368169572626212,0.07242633278089539,0.07083026037663981,0.15976516372395075,0.06414193138124051
1988-01-01,0.09213000732283425,0.05953012099402145,0.11931160682714655,0.077483873924972,0.054454943315303365,0.10124004855737823,0.05553156832427418,0.07839360218941441,0.07223186543275968,0.06995980570434765,0.15380940032130855,0.06592315708623958
1988-02-01,0.09102369602381156,0.05946454650756066,0.11415195734556911,0.08065965995545593,0.051853335432467375,0.09453797127325274,0.058424613718960364,0.08230406732171718,0.07316671482099056,0.07135972655559158,0.16002799508473564,0.06302571595988711
1988-03-01,0.09216081219084979,0.06036443804354955,0.11793213310420259,0.07925142911384438,0.05247404068988099,0.0966579607992789,0.056518092697935736,0.07692461071920552,0.0769796911044859,0.07088387557616589,0.1551792297335195,0.06467368622708125
1988-04-01,0.09236356867990318,0.05928044284915133,0.11969313119028417,0.08344228120955915,0.052215009214007554,0.09429485250989224,0.05545704044465244,0.07582658650827803,0.07781837096197129,0.06872930520559158,0.15355054152533296,0.0673288697013759
1988-05-01,0.09151529400259542,0.05974715136978455,0.12029414528020281,0.0867175823531428,0.0522206943896726,0.09627595377105637,0.055097437050090625,0.07483982088551967,0.07818795496845446,0.06695827994469139,0.15146852224684781,0.06667716373794146
1988-06-01,0.09123063686065053,0.06027731358158827,0.11874588446947483,0.08600907311226119,0.05165037172067221,0.09494361652211486,0.056645493485423956,0.0773275607266377,0.07718015234542232,0.06680579332426603,0.15405090042484693,0.06513320342664106
1988-07-01,0.08705796750036167,0.03957992220537825,0.13726951014284947,0.07825381749704767,0.05438274418152527,0.1077916362069675,0.07396956606169804,0.07573560484063756,0.0781748954283568,0.06614387363215915,0.12811761784460765,0.07352284445841104
1988-08-01,0.08912097362812499,0.03994630297000268,0.13408916124374737,0.08199851259944475,0.05318180690817204,0.1036135713731274,0.07464363805635013,0.07612684884012177,0.07802850612007009,0.0669454358971914,0.12962728034500307,0.07267796201864442
1988-09-01,0.09188636054264497,0.03853630730407468,0.13185375085277534,0.08269268583980971,0.052848813490695,0.09816603667811614,0.07505739345266131,0.07815019934089218,0.0758140041523969,0.06842593625146196,0.13336108937841581,0.07320742271605588
1988-10-01,0.09442550959712667,0.038571723699495214,0.13126669457462772,0.07769889582428184,0.05253414369822437,0.09728556071315352,0.07722066537209751,0.07709090455109613,0.07905002372171395,0.06805439242602788,0.13320750793140085,0.07359397789075425
1988-11-01,0.10098273768371197,0.03919899245594329,0.12857724242313626,0.07819574462151108,0.05225339630324033,0.09600087551350461,0.07827026659984528,0.077818973245432,0.0772647302630629,0.06801353449781455,0.13102032428940436,0.0724031821033934
1988-12-01,0.1019700133460043,0.03906762717794378,0.12807776897869616,0.07911033770863789,0.05186003967492536,0.09456600560951785,0.08015735426473888,0.07868362930230395,0.0760343942312131,0.06789593520482462,0.13036462091427253,0.07221227358692153
1989-01-01,0.09781383367138481,0.038858435613112446,0.12974372429558167,0.07995222347878836,0.053907423116094914,0.09804183281848061,0.07993777032207117,0.07848687574785539,0.07585861279025746,0.06853738905067638,0.12528901664348982,0.07357286245220696
1989-02-01,0.09539343930674676,0.03898321987501797,0.1306527602163625,0.08010364982005751,0.05478784325161423,0.09904803960004498,0.08150676359501591,0.07514619138513785,0.07602256038367604,0.0690935779819844,0.1251586804223012,0.07410327416204057
1989-03-01,0.09596675160725582,0.03849473824858674,0.13020943969945714,0.08014390200519261,0.0544546224054236,0.09674016068100236,0.08194861846623933,0.07483273424641905,0.07599099744822829,0.06952430153866399,0.12696167864389804,0.07473205500963301
1989-04-01,0.09937410405342008,0.0372236863607451,0.1284052258213775,0.08168600366781231,0.05440645283291141,0.08972031135712133,0.08453523585092587,0.07354274902636782,0.0765965692538661,0.07019343384310885,0.13007802545598687,0.07423820247635653
1989-05-01,0.1001311180455296,0.035456999698569615,0.12905750819410697,0.07990849126383351,0.05446163949179904,0.09006767110328129,0.08771870889410457,0.0726671350585522,0.07694013296529975,0.07043518254531968,0.12819213562357548,0.07496327711602843
1989-06-01,0.09349382181158811,0.03502981954031621,0.1305016701634134,0.07888551734777415,0.05400262644128109,0.0893272571166034,0.08994263748657523,0.0740922807699866,0.07860447548703535,0.07065829456090943,0.12967944272908233,0.07578215654543478
1989-07-01,0.09183055990196977,0.03646665721940565,0.12991306535310237,0.07897482388301497,0.05324315693929148,0.08141035794268096,0.09133034789275803,0.07709131588642194,0.07681216083303982,0.06910569951892716,0.13692383081157633,0.07689802381781152
1989-08-01,0.09547746580805995,0.03570476168913224,0.1298589849486432,0.07645084304668269,0.05312904528858969,0.07797836001261065,0.09270626045921668,0.07592380250647521,0.0779253128410156,0.07054920749513328,0.1379655690274628,0.07633038687697791
1989-09-01,0.09200605273604393,0.03666068095701443,0.13154904060393488,0.07692876400222363,0.055035095105147216,0.0781308741580455,0.09180326811585707,0.07359346863370538,0.07854027248224434,0.069518157076069,0.13813537516113641,0.07809895096857837
1989-10-01,0.0915851323048176,0.0350020953799113,0.128569480999527,0.0782135220067584,0.05323099340378991,0.0761189918819437,0.09561208347702736,0.07387473200186577,0.07683046003841448,0.07135166996941053,0.14112950582431685,0.07848133271221705
1989-11-01,0.09262891702764715,0.03407477705720847,0.1270809096338384,0.08155064357904968,0.05304388286475713,0.07539932226211156,0.09688934676250012,0.07710681141414312,0.0764179696987402,0.06967309613063292,0.1400800675255392,0.07605425604383216
1989-12-01,0.09292147601039502,0.03314521845405076,0.12907199625126475,0.08333780779952296,0.05352567167750623,0.07276412794129453,0.09778322059716596,0.07824226919619517,0.07599770919458386,0.07185233397167703,0.13682579054216798,0.0745323783641758
1990-01-01,0.09272841110600112,0.032201413073413905,0.1297989156874618,0.0870913288737314,0.05465982307745112,0.07078847927485125,0.10177383611918565,0.08049830708094084,0.07512108223160491,0.07117133776922283,0.13082721920654944,0.0733398464995859
1990-02-01,0.09128282945093301,0.02985399916875423,0.13235499574790605,0.09059752875290011,0.0535055063564822,0.07548854105931976,0.09585239447487466,0.08259762852931245,0.07643758566597936,0.07173495647972232,0.1268055225838985,0.07348851172991745
1990-03-01,0.08955981828022962,0.030789434589079803,0.13362791138431915,0.09164836428040198,0.05376464962944975,0.07711864068476848,0.09439512799560924,0.08124828686760008,0.07669273720859114,0.06925375956236757,0.1278121787776146,0.07408909073996861
1990-04-01,0.09148290830415709,0.030991825165511647,0.13651948650761286,0.08915589590772552,0.053288734527986416,0.07896234137891271,0.09602996830407315,0.07854410276725778,0.07881347845099285,0.07028128184511384,0.12247190265663604,0.07345807418402006
1990-05-01,0.09405332498374237,0.03040609322738134,0.13635975913630408,0.08853265026726984,0.053355966107603486,0.07970836711271763,0.09529414343383474,0.07621537625897905,0.07940801871999283,0.07218947427945507,0.120436773352046,0.07404005312067345
1990-06-01,0.09429347486683846,0.029973289283283116,0.13463060630125293,0.08571361266237827,0.053303303513010394,0.0820826705401469,0.09571795730555081,0.07341402800058212,0.08117466565581187,0.07471200394860666,0.12079811599203653,0.0741862719305019
1990-07-01,0.09546939266798528,0.028368580477286878,0.128514276806144,0.08592396692040626,0.05161533673019131,0.08575603166584257,0.08964735822689765,0.0731114317803228,0.08140742616410082,0.08549160057145123,0.12176369668942774,0.07293090129994334
1990-08-01,0.09604504112336128,0.02766205974746188,0.13020185961803607,0.09420748787388152,0.052684135566099154,0.08011277348185986,0.08657014266486078,0.07453265060367324,0.07912207776990204,0.08895058283110828,0.11737204324120853,0.07253914547854742
1990-09-01,0.09870706802199655,0.026105908949501024,0.12614502586583493,0.10276941199573872,0.05103935096840475,0.07763308302959393,0.08562331741634116,0.07682989292532877,0.07698334223036236,0.09205570151471874,0.11563551594607498,0.07047238113610418
1990-10-01,0.10027792613188048,0.024757518068754703,0.12225247775943429,0.10734304955482014,0.0504948900618239,0.07694845241213132,0.09229979389756773,0.08163010000344909,0.07456879932583867,0.09344373573447012,0.10728515946786019,0.06869809758196929
1990-11-01,0.10427528829315293,0.0240557271970824,0.11916640812839162,0.10450599296851008,0.0524045958728345,0.07560414973151881,0.09607344146211366,0.08842303633701955,0.07324678949132221,0.09604982752770097,0.1003096682227882,0.0658850747675651
1990-12-01,0.10423658354577878,0.0233598817721479,0.11905234719397768,0.0986540377334392,0.05335107775764942,0.0785798225760551,0.09214164061420571,0.08395638973514592,0.07584313775806265,0.09887203055977196,0.10735511908129655,0.06459793167246902
1991-01-01,0.10558906660124318,0.0225878776195978,0.1216911245907405,0.09395629869294682,0.05381201925336833,0.07951061945699892,0.09060870481345178,0.08183115266620328,0.07615474474070916,0.09872040405876614,0.10973168641825441,0.06580630108771962
1991-02-01,0.10583610409740628,0.022997045548746188,0.1251928256230646,0.08764705894220937,0.052574284290485156,0.08727654808735413,0.08615166484577301,0.07669955248934157,0.07940206276238838,0.09864533484037132,0.11179950157797142,0.06577801689488869
1991-03-01,0.10862782966848786,0.023525720082251213,0.12290352749376539,0.0879848408590549,0.051590675929000754,0.08593860017135355,0.08262544850469163,0.07445866490365448,0.07997673406081104,0.1010296130826423,0.1152170872281848,0.06612125801610191
1991-04-01,0.1105579767892701,0.023158018134449097,0.1213709287787434,0.0867344334632214,0.050716582347619533,0.0837729507293431,0.07989850204773837,0.07340950116608619,0.08449060344865454,0.10438056317555251,0.11832843948153664,0.06318150043778502
1991-05-01,0.1093693761945424,0.022542907706808613,0.1209204936324232,0.088587691905265,0.05173241646290984,0.08140229791242382,0.08039139774319137,0.07299755168510944,0.08593283503655112,0.10290149615258261,0.1197920583857991,0.06342947718239335
1991-06-01,0.10904759146660221,0.02484932089584977,0.12406339567623571,0.08355033699912065,0.05359602036436404,0.08112698751629316,0.07627810604396307,0.07002125816292502,0.08901752230810996,0.1034304067657926,0.12060674343059098,0.06441231037015277
1991-07-01,0.1092693785981695,0.025073565226350607,0.11900894616282301,0.0829522749481575,0.053147001423267046,0.08258785106054391,0.07945250372198545,0.07155572020899345,0.08938780144919749,0.10417856982678556,0.12115106823674791,0.06223531913697851
1991-08-01,0.11045199844723179,0.023826690394954272,0.11635164760385261,0.08266292187961609,0.05338681943643905,0.08275733175041947,0.077933811303953,0.07095128302654878,0.09002297278891798,0.10814416698275946,0.12234991028245858,0.06116044610284891
1991-09-01,0.11354885851121398,0.022668159350649687,0.1154552444184164,0.08143167938421869,0.05267835462265668,0.08285568655696954,0.07610911633873123,0.07126709680848647,0.09090625758820702,0.1084607878926813,0.12454432414408537,0.06007443438368363
1991-10-01,0.11132474258469137,0.02239195922942925,0.11415441835115354,0.08213309048686207,0.052411960421868416,0.0807169470350019,0.07729575351283016,0.07471768669464854,0.08938122090068938,0.10968785394590065,0.1258600872003265,0.059924279636598216
1991-11-01,0.1090412390428825,0.021554774352636346,0.1143064839885929,0.08248155569974673,0.05210336452548699,0.08097174724641484,0.077256657537202,0.07427815232329978,0.08629024279502491,0.11504900312731971,0.12627247180571072,0.06039430755568262
1991-12-01,0.11294697919651359,0.0205777952724402,0.11184080229406596,0.07872089491056568,0.05138571648704115,0.08051303958469284,0.07662020075293237,0.07842338546444898,0.08868699218445128,0.11673400544400382,0.12449587306010962,0.05905431534873445
1992-01-01,0.11665260634077321,0.01994308881305077,0.1123248569481039,0.07250435778549397,0.05156104915075957,0.07934123020270845,0.07505425236324581,0.0739320929195638,0.0903681470223367,0.12240069766263263,0.12664905765758352,0.05926856313374774
1992-02-01,0.11371828493307956,0.02214177869833289,0.11538782141485827,0.06986665790094529,0.05337281761011933,0.08495531156241763,0.07317536019633288,0.07083559891895425,0.09122940256352613,0.11641334412691504,0.12648278778503952,0.06242083428947911
1992-03-01,0.113405043679904,0.02451593706133316,0.11668413612701407,0.06815506811741713,0.05347064577367235,0.08705751923966087,0.07126881039699012,0.06885734353162414,0.09252889530142533,0.11181814913289002,0.12848098335678068,0.063757468281288
1992-04-01,0.11431962112751937,0.02533708091083743,0.11710687095726381,0.06798329847485532,0.05512571501589017,0.0846258860936473,0.07222908128216812,0.06986779749480511,0.09359311858794518,0.10810947807755096,0.1296168252041793,0.062085226773338
1992-05-01,0.11370752854979585,0.02694515269531211,0.11794595472198836,0.07342529946414984,0.057140709297812654,0.08284082454904408,0.07561960904652494,0.07029506110533304,0.08913022722122281,0.10427014656412797,0.1274899246533401,0.06118956213134833
1992-06-01,0.1148114042606165,0.02634240696843775,0.11659238813667304,0.0739124802015937,0.05654045143790338,0.08256655713529583,0.07340570947928961,0.07153485368540004,0.0890131169852608,0.10497665779796794,0.1298166657415487,0.0604873081700129
1992-07-01,0.11186573975639304,0.02844766109095264,0.11404906932712833,0.0684040593191433,0.05213962117067514,0.08113676345793021,0.07682807465018993,0.07234587186134155,0.0911770124356521,0.10327249934145982,0.13949286836876398,0.06084075922037011
1992-08-01,0.1126280991470798,0.027396502749309715,0.11167994807586022,0.06925674448525594,0.05268475217268034,0.08034684133063887,0.07763618236656741,0.07406300720330851,0.09106147339915664,0.1050919365949683,0.13835764312384843,0.05979686935132585
1992-09-01,0.11630764909899609,0.02528465869111235,0.11066498375628049,0.07217392060329351,0.051311981716396955,0.07835004485378524,0.07862242353667899,0.07519264037533617,0.09274279273882816,0.10372604296677745,0.1367853124460729,0.058837549216441666
1992-10-01,0.11587383393582969,0.02498758301458804,0.11138593084840884,0.07140169484817893,0.05127642124738206,0.07997305216836811,0.07893496159198478,0.07455202024657691,0.09533608169233863,0.09679135757418032,0.13925038110067134,0.060236681731492485
1992-11-01,0.11358358330516094,0.024682170126374813,0.11046268410880565,0.06816186554901092,0.051894570533560405,0.08071146482430562,0.07740053607978571,0.0732589587843249,0.09816866538956939,0.09899448073457755,0.14109300927025076,0.0615880112942732
1992-12-01,0.11295545126135716,0.025706700922774984,0.11083437250883045,0.06320171707752253,0.0508610896747137,0.08245471995599316,0.07721800241819163,0.06992480985578567,0.10094809434867391,0.09959528184335219,0.1441665725491229,0.062133187583681596
1993-01-01,0.11104117714290056,0.026136088774044573,0.11119050933733822,0.06345878711330936,0.05005571639931419,0.08118588222755457,0.07984636292396942,0.0703627684137092,0.0999760386053505,0.09660000350910257,0.14788597537108464,0.06226069018232221
1993-02-01,0.10909754547282237,0.028331992704116637,0.11174721716294773,0.06462753052755564,0.04819066078788091,0.08428782386481065,0.07992672120628001,0.07122734392192821,0.09911638701787451,0.08904388457332059,0.15118116713719743,0.0632217256232654
1993-03-01,0.10649031364040829,0.02815519369589418,0.11302185496114403,0.06783621642526967,0.048972240861224474,0.0835702673535772,0.08422449118952413,0.07524038435400568,0.09744548004905787,0.08073595861586078,0.15200897342449055,0.06229862542954317
1993-04-01,0.10395840326537034,0.029038339632430122,0.11309227289343958,0.06910658445056285,0.04847120571512722,0.0836319708475746,0.08412695889839253,0.07460403492213188,0.09800335056916334,0.07943339242946468,0.1540872607296032,0.062446225646739593
1993-05-01,0.09700961621618608,0.030569001104533183,0.11580044823388176,0.07193978355815098,0.05046598170425448,0.08304061704371465,0.0838315224066441,0.07647751539169885,0.09269711209848254,0.08280016402912861,0.1524166272681598,0.06295161094516494
1993-06-01,0.09675197075189594,0.030012002873996652,0.11547797119454489,0.07067333367984903,0.049546832965989836,0.08773169049635199,0.08487195035138567,0.07403498465369837,0.09535895122874993,0.08322069569932837,0.14840156895637407,0.06391804714783529
1993-07-01,0.09291214203280392,0.03154399264592476,0.11020932922235392,0.06738491807664888,0.04646776628910303,0.08971883661625642,0.08775764657762185,0.07425459144075583,0.09077304305786862,0.07850998395169514,0.1649484074255524,0.06551934266341522
1993-08-01,0.09086391910380581,0.03204039575792844,0.11068896167206332,0.06785687945079893,0.0460908373141219,0.0864641746445425,0.08955896880235888,0.07565069546992435,0.09151992325299137,0.07392903461371166,0.1689716705867385,0.06636453933101441
1993-09-01,0.09127099970614108,0.031001210855175963,0.11066018172251456,0.06771541880711139,0.04539566696789774,0.0888110588763315,0.09081532142643632,0.07531872128610176,0.09162000154996434,0.07309620486116737,0.16758556456345125,0.06670964937770675
1993-10-01,0.0894767383763312,0.03133916201408463,0.10863037260446638,0.06871606841515272,0.04433817556239814,0.08996532257881196,0.09025228011020066,0.07466834900702055,0.09138202666921501,0.07290253149503917,0.17137823926759937,0.06695073389968027
1993-11-01,0.0933119149394445,0.03325476718497823,0.10958738546547642,0.06645193694988717,0.0456008970315064,0.0901697951088952,0.09090647503056856,0.07200608755850585,0.0938221444001729,0.07612983373991418,0.16177836034891996,0.06698040224173059
1993-12-01,0.09566536809169703,0.034076746873738455,0.11240114948949592,0.06322336641139799,0.04712787697332258,0.09174065111252623,0.08714649385996988,0.06904720573080443,0.09487385711809128,0.07823929686098151,0.15847387491822698,0.06798411255974764
1994-01-01,0.09477368785358217,0.03501212588234828,0.11512695044215891,0.06260549301787861,0.04756282301762898,0.09286652635393768,0.08499812728080383,0.06879971126583304,0.09162954450988946,0.07871283003325077,0.1589574995933098,0.06895468074937844
1994-02-01,0.09171491525279003,0.03647872708457213,0.11663974358948294,0.06388672604142616,0.0491094604644009,0.09457778424167985,0.08430259746105967,0.06551798984334416,0.09011887453358812,0.07779867738704732,0.15956522573284698,0.0702892783677616
1994-03-01,0.0930059394818444,0.03579184437000659,0.11856770013345638,0.06326007199170067,0.049966618677086766,0.09887495518485273,0.08183224480657393,0.06365276624338395,0.0942978789136675,0.0739135689638415,0.15710084229218552,0.06973556894139996
1994-04-01,0.09336664838063319,0.03510864814700999,0.11870463965940892,0.0639947005597852,0.05009533775288587,0.0997820567451481,0.08255428196882449,0.06383198977189959,0.09409594674093458,0.07207186188385474,0.1581508348091771,0.06824305358043829
1994-05-01,0.09376693772283771,0.03458152163370057,0.11563655969638169,0.06616894859597051,0.051330582695755016,0.09742428559833811,0.08289070824545945,0.06444169039106737,0.09351519676976991,0.07291108771082518,0.16054066008984616,0.06679182085004841
1994-06-01,0.0916872375319759,0.03337076503669308,0.11671334277475101,0.06574873238380984,0.05195769971529451,0.09856051557528954,0.08355857885835467,0.06020237434863799,0.09104995858433014,0.07516327714109133,0.1658753722794824,0.06611214577028948
1994-07-01,0.09017866344714445,0.03300713661298079,0.11542100588651981,0.06562705304879655,0.0499789012807298,0.09720355622278853,0.08642583229086405,0.05669562064419343,0.0923410613149527,0.07610950522752173,0.16836638063908443,0.06864528338442381
1994-08-01,0.08894903355801125,0.03316726645995309,0.11758126283501837,0.06590176720983476,0.050474129709948,0.09813291981280438,0.08644133049917814,0.05772819624573555,0.09055597942126256,0.07476850805117623,0.1680193836351837,0.06828022256189409
1994-09-01,0.08989532482321821,0.031761329378822416,0.11717652713476749,0.06285545776918361,0.05172519870451902,0.10301916251057004,0.08397539330690794,0.05560347906342804,0.09020298484416137,0.07957625118308376,0.16641596722529065,0.06779292405604737
1994-10-01,0.09165476264883042,0.030929543440854905,0.11789183909537834,0.06310271005280557,0.052349917175469336,0.10508609002090251,0.08290928545310688,0.05516037825251218,0.09030498570331665,0.08273846457645097,0.16176748881276817,0.06610453476760411
1994-11-01,0.09224663738451645,0.02988972760865,0.11635759793389311,0.06674431264009036,0.05206751219732888,0.1106438453100355,0.0813841050293109,0.05478833230276877,0.09000495538410944,0.08180103507743519,0.1593688926719249,0.06470304645993634
1994-12-01,0.09437079555729452,0.029471786033695324,0.11471638734614696,0.0656814147151888,0.04909130839571863,0.11287551042003019,0.08018816251908056,0.05691016950638799,0.09043979875904752,0.0854822669881751,0.15657145593375377,0.06420094382548074
1995-01-01,0.09412996627518515,0.030247003258806093,0.11855870298556812,0.06444725532959433,0.04991744368462005,0.11453147718306954,0.07965931950565423,0.05616689367431799,0.08621007307937724,0.08492944321351824,0.15676646363290972,0.0644359581773794
1995-02-01,0.09399464804005746,0.027924462291138905,0.11577862053736339,0.06338973399640557,0.04848330707703906,0.11143420624309848,0.08103447591979374,0.05834057691000481,0.08589810266726508,0.08824366961010996,0.1613581135194641,0.06412008318825937
1995-03-01,0.0923729843704659,0.028269392793682527,0.1180229273330091,0.06348014625486725,0.04888764032987355,0.11443462715530016,0.0793110114732403,0.056440445719778944,0.08461697772431873,0.08674965688626424,0.16289425305216357,0.0645199369070357
1995-04-01,0.09220931661323233,0.02803655476305716,0.11795166104448346,0.06539309405164179,0.04981377585515089,0.11704555965945024,0.0776045217851635,0.05398071546810471,0.0856735005667308,0.08669595810686888,0.16053705851786865,0.06505828356824758
1995-05-01,0.09176837949084124,0.027724070808133987,0.11828409011537128,0.06523906089655047,0.050369518024843234,0.12381779765197942,0.07679676986338996,0.05379815184139741,0.08214150397679798,0.0864230169489807,0.1593716181509361,0.06426602223077821
1995-06-01,0.09254096984941874,0.02813424373748406,0.11785341034187614,0.06539932945931148,0.05042243858744093,0.12325488433026237,0.07508361411663024,0.054907424236877424,0.08151824581722847,0.08508183466985363,0.1635079613171199,0.06229564353649657
1995-07-01,0.08425736610893193,0.036377018487593976,0.11437365643860874,0.06031802200251961,0.04612748820755532,0.13743686014290343,0.07721858642339641,0.05176300691518467,0.08435280211324218,0.08680784606191246,0.15655877393874185,0.06440857315940937
1995-08-01,0.08211182760038145,0.03586354552262566,0.11528530767625848,0.05942448483874459,0.044945088306792294,0.14215444412701694,0.07790039115249853,0.049570312967608464,0.08409519971430682,0.08665492683841555,0.1568875407832646,0.0651069304720866
1995-09-01,0.08191565681053775,0.035674093686905044,0.1138686645119291,0.05762187435411182,0.04448541273500923,0.14101296974842642,0.08034091955942116,0.04938501340102579,0.08091988275722604,0.0865641162883751,0.1635228760966424,0.06468852005039026
1995-10-01,0.08420461555803503,0.034220936165027235,0.11134864629878563,0.05639863350839696,0.04468484355543509,0.1380012878256727,0.08163081521932575,0.050491124700127454,0.08042411046089577,0.08953221189581145,0.16661192217624904,0.062450852636237966
1995-11-01,0.08587439423121919,0.032968685630447185,0.10994770759198282,0.05709603045797354,0.04412461024977916,0.1418641664897667,0.08155947303450428,0.051865980791724636,0.07702280496076104,0.09166433206074544,0.16530019207283514,0.06071162242826074
1995-12-01,0.0862345660055233,0.033432096706824385,0.11241981342420043,0.05721690166720558,0.04512993136714156,0.13562511838029495,0.07988168066791683,0.05047255853005418,0.0786079801388985,0.09093429441105315,0.16916310821085676,0.06088195049003026
1996-01-01,0.08633995653723342,0.0340768999397925,0.11176489980776642,0.059970872921721124,0.04486289769574111,0.12857103666333192,0.08194510600130278,0.05232203811265267,0.07717062331350368,0.09532837130082787,0.16705596982048937,0.060591327885637196
1996-02-01,0.08628508948827382,0.03443531799710621,0.11216327534778407,0.05846469059480913,0.04589540046356292,0.12825056918200214,0.08177230903580472,0.05205359076275726,0.07522643330855287,0.09851010481250615,0.16619087777229022,0.06075234123455046
1996-03-01,0.08802894407391312,0.03464794645407607,0.11133268626408062,0.058018268178260765,0.0459723072693418,0.1344948622719059,0.07569622016773789,0.04983854162294556,0.07757067113347793,0.09591711848891947,0.1671056408483047,0.06137679322703627
1996-04-01,0.0862878209886323,0.03581339367360318,0.11281553491880353,0.06040060031459191,0.0471702632448475,0.12874575647119924,0.07342287165641949,0.04895994120868118,0.08144868337923157,0.09517177688169318,0.16670031528543872,0.06306304197685836
1996-05-01,0.08512925805943129,0.036473927556684965,0.11379769977270943,0.06155572194241137,0.046236240439618555,0.13775081669076816,0.07413483216486538,0.046820806506835656,0.08320848595159328,0.09312076111283199,0.15751291057704295,0.0642585392252069
1996-06-01,0.08849861094252527,0.03629458506845678,0.1141386720333494,0.05994190052192601,0.04541608312149898,0.13949306237278225,0.07229464190509005,0.04606906643572775,0.08462566515138945,0.0942914243100503,0.1553000004056088,0.06363628773159485
1996-07-01,0.08685456079992417,0.0326668489658638,0.11266129231120468,0.05882208222206479,0.04305840227911201,0.14060202580096237,0.0703619577100798,0.04590125231790049,0.08047867558771245,0.0968006695071858,0.1629410756977453,0.0688511568002444
1996-08-01,0.08847536211724284,0.03299676286102334,0.11425877863882461,0.0596137614550079,0.04441300470035254,0.1374164361275114,0.06821102180773675,0.04581694295300868,0.07867512191832154,0.09612340961032499,0.16716001077395728,0.06683938703668821
1996-09-01,0.08524582172179984,0.032949719550212905,0.114493625431007,0.05927800142830997,0.0439656214660938,0.13877759277419624,0.06540225606724118,0.04557734690960143,0.08105908329000384,0.09738577904328896,0.1689440222161636,0.06692113010208124
1996-10-01,0.08397391416330853,0.03148540483615644,0.11525093801166521,0.058718472054967316,0.04362350272607845,0.14630008937964187,0.06309771113590393,0.043516880685243654,0.07992700000152418,0.09943438250702134,0.16971108613580457,0.06496061836268453
1996-11-01,0.08435490163855343,0.03209406521664779,0.11562432837958644,0.06148764143209567,0.044048403129527576,0.14193914531391888,0.06114513144306916,0.04446536267268622,0.07715199439867641,0.09743900558893838,0.17620867916296262,0.06404134162333737
1996-12-01,0.08280808417532977,0.03188887422760239,0.11508914601183247,0.06061514427116112,0.04367782292386136,0.14922541257921004,0.060533125128568704,0.04264035880371141,0.07465595810990772,0.09745954863890052,0.1786513682710234,0.06275515685889105
1997-01-01,0.08454890863711803,0.030502559768143356,0.11524470848990154,0.06209578243515987,0.04365530436505566,0.1475855268725364,0.06328304220687292,0.043314196657839824,0.07306772817450391,0.09653831760557684,0.17825965200759428,0.06190427277969737
1997-02-01,0.08526825087535032,0.029916829792080595,0.11415550142345253,0.06181542312244523,0.04334558763477557,0.15276907192690606,0.05999968170733118,0.041584497495423825,0.06969919846850789,0.10061636834554039,0.17919030226422228,0.06163928694396424
1997-03-01,0.0887963055526407,0.030060219759484755,0.114556551451892,0.05808408001068897,0.044114620672162375,0.1416493250250187,0.061622061182659504,0.041178959965622576,0.07165260123611353,0.10159491970420058,0.18610338898348935,0.060586966456026785
1997-04-01,0.08805450527443826,0.03048707865868122,0.11541088069824458,0.0641878724092586,0.04479011105522822,0.1402298435906416,0.05920763210183015,0.04183590782877948,0.07403624389824223,0.09857084699678274,0.18196187880090806,0.0612271986869647
1997-05-01,0.08895695959332454,0.030292324763439578,0.11666518770536723,0.061642735462450526,0.045317621519910645,0.14498885117093796,0.0559411127924648,0.03948915880042661,0.0721378657603043,0.10012090332885665,0.18445397679699516,0.05999330230552194
1997-06-01,0.08820789622872728,0.03005880328454611,0.1183440443638799,0.061675139771384016,0.045026080996383146,0.1492334722673091,0.055756670341484744,0.038150655227480096,0.07130749095501134,0.10027269712861224,0.18216148730760098,0.059805562127581084
1997-07-01,0.08477798854064059,0.025789427690954176,0.11893719637425935,0.06072367711168499,0.04348684972552347,0.14659482754566358,0.05955039016756616,0.036018290231198354,0.0739563324205924,0.10409618937710088,0.18399601597690016,0.062072814837915796
1997-08-01,0.08148059154463315,0.025758045114070406,0.11818777310709212,0.06067350813718439,0.04339636731903982,0.1583064967998129,0.05655324308892783,0.03415723470838235,0.07418696440903022,0.09886735412195893,0.18770755407444506,0.060724867575422746
1997-09-01,0.07992266949536053,0.02727814000440289,0.11550067628162194,0.06327947768595261,0.04209838301951002,0.1633513595324022,0.05507288801432876,0.034489490269077744,0.07561244676878909,0.0972041369508533,0.18403938603107758,0.062150945946623355
1997-10-01,0.0797251907864694,0.027184160421339462,0.11344965682219542,0.06375997260510181,0.040721607170084925,0.15942622135714177,0.057006393485603296,0.034079358036006,0.07530178243287262,0.09799358758149798,0.18813120182793155,0.06322086747375569
1997-11-01,0.08010771883483221,0.027213206508331155,0.10963504766061125,0.06441617773671822,0.04074949035007475,0.1518233263138715,0.06046540583857687,0.03556128130582159,0.07657832658909731,0.10141304891449915,0.18974026454002868,0.0622967054075372
1997-12-01,0.08266969660500971,0.025917228109358,0.11031087716157945,0.06002764149710797,0.04160431059700319,0.14943114230044827,0.06496098985621981,0.03666399914843509,0.07825437627751333,0.09972236203676148,0.1895399787103566,0.06089739770020725
1998-01-01,0.0842970462808823,0.026444511176646025,0.10755550123461197,0.0583319281624882,0.0416591157997903,0.14075114905850952,0.06660844745560376,0.038908507740618034,0.07685260114692354,0.10146115849558622,0.19534049731417505,0.06178953613416521
1998-02-01,0.08177454274262624,0.02647048656603332,0.10891821339523222,0.05464335054225337,0.04073169893999969,0.14773045539648846,0.06948054205485696,0.036728152778447806,0.07714564827086594,0.10693218761653868,0.18800592259385304,0.06143879910280443
1998-03-01,0.0801077461669117,0.02769079411083209,0.10836527335167628,0.05424077626878803,0.041249785283288876,0.15198243599618977,0.06642649104779186,0.035082633089007303,0.07942896560451215,0.10513537349610436,0.1903466569922875,0.05994306859261023
1998-04-01,0.08072242094046087,0.028016325817328876,0.10851859722476367,0.05383233055229881,0.04085581575817035,0.14671163027716164,0.06948057757709597,0.03548564630230017,0.0806640926451525,0.10379030331451582,0.191727521020096,0.06019473857065536
1998-05-01,0.07751296589963216,0.02823812933285518,0.10806775961485897,0.05542708879416987,0.041120634321563564,0.15317851973021296,0.06657759365981819,0.034101211476354684,0.0794097411173199,0.10493041903770077,0.19100720832556586,0.06042872868994789
1998-06-01,0.08050803912425458,0.03076806080698898,0.10684390736923859,0.054314585085807915,0.04264548448442046,0.1462222978061634,0.06720487111184978,0.034399551135055766,0.08240257110774621,0.10509488482212975,0.1914183096078329,0.05817743753851163
1998-07-01,0.07724286602865885,0.02411905094142913,0.0991741694740907,0.05118282803149549,0.039472141877209835,0.15635645711874122,0.0722922764284692,0.035108732900405754,0.08442906422624055,0.10452613955742882,0.19707034596478873,0.05902592745104184
1998-08-01,0.0758486067939572,0.0241416988379734,0.09657387344934074,0.04901268663596773,0.03666721337935987,0.16104267920433546,0.07649738129424442,0.03394847949956382,0.08397744489978658,0.10679955695656032,0.19918451295785908,0.05630586609105141
1998-09-01,0.07835184548753589,0.02322905427099527,0.09650480756618317,0.051441841449989596,0.038855196875385196,0.15690504340180048,0.07965459716717564,0.04101650984082628,0.08506536749114592,0.11086511997166174,0.18428892624419302,0.05382169023310794
1998-10-01,0.07469360235989161,0.022081484416987176,0.09247497611985371,0.054272998969265476,0.03574292521567488,0.1699806413374506,0.07949982169284091,0.041735880938133324,0.08133348840281798,0.11704079665958232,0.1779344711565187,0.05320891273098339
1998-11-01,0.07825932244043156,0.023008625588707077,0.09691156772880334,0.05183836907438038,0.037372362661743465,0.17031153983042951,0.07946073505769292,0.038582891936045825,0.08493345632746789,0.11399925995384448,0.17292080285280323,0.05240106654765037
1998-12-01,0.07881109949333283,0.020082126341347654,0.09542394798190054,0.049228349085386605,0.036158650845801645,0.1803981307979826,0.07760839952894438,0.03696934279576535,0.08786242615052105,0.11466873930210307,0.17035551125076234,0.05243327642615175
1999-01-01,0.07411118762687599,0.019622578227287656,0.09273639940148068,0.04576492097254,0.034033184780068525,0.1957321467526272,0.08360476089292065,0.035719270966824,0.09041396908177558,0.11329606961553818,0.16352548655992125,0.051440025122140236
1999-02-01,0.06960483986494292,0.019990510238324904,0.09225774204458956,0.03768729206061323,0.03177976814240514,0.2184492615188157,0.08878528366147326,0.032542767631314404,0.08996780036216381,0.11003716702293048,0.15767826248375963,0.05121930496866692
1999-03-01,0.0695188547968602,0.019805133405380395,0.09293450491843927,0.0377613667655693,0.03325584327506565,0.2010593604689413,0.08974385771696937,0.0324835758249609,0.09185116841370636,0.11457147271308675,0.16493012295760484,0.052084738743415605
1999-04-01,0.06603601226598979,0.019178855520499978,0.0938483461781484,0.042198441171715374,0.034199263230260527,0.21142445265120105,0.08108186362873847,0.030745926137508005,0.09147874955060943,0.11415264513747603,0.1648777946657565,0.05077764986209659
1999-05-01,0.06583615783823442,0.020095252849572025,0.09726579420739061,0.04686428809049456,0.036559568790358835,0.20628934344802835,0.08367721850183271,0.03157660523011696,0.08791708754809675,0.10346899546657676,0.16792534512608123,0.0525243429032168
1999-06-01,0.06811780490346006,0.01959476808732589,0.09591758769304137,0.046159416259423346,0.0356878868518889,0.20880921848238954,0.0856058012134718,0.03429893400756476,0.08642826578877683,0.10333129687828967,0.16474880533738112,0.05130021449698675
1999-07-01,0.060883575542734464,0.01792018591939667,0.08895610373449879,0.04148297887653961,0.031896563524645496,0.2264722207454817,0.09240334619144247,0.029272974740733645,0.08451558052248677,0.09684968850067963,0.17778631079770063,0.051560470903660144
1999-08-01,0.06145062803686496,0.017363755790768532,0.09050508335868254,0.043656490672931154,0.032906217722950944,0.2300183285547624,0.09369576086990429,0.029875605933691936,0.0829717029456588,0.09575461678439037,0.17233843493015735,0.04946337439923658
1999-09-01,0.059412886755233756,0.01741586603322877,0.0907816331539097,0.04472623027686996,0.032991198671947816,0.24559557813664093,0.08686678346981375,0.030206991482173456,0.0789443252854781,0.10057615750062665,0.1653988948154042,0.04708345441867296
1999-10-01,0.05671794226937532,0.016406707048090396,0.09174796636388026,0.04418029846656473,0.03128249221528761,0.25234715402770647,0.09266455696054048,0.02961024551746098,0.08172375299343587,0.09591777260452206,0.15976304320064738,0.04763806833248836
1999-11-01,0.05684689343479722,0.016222891404352947,0.09122798284340478,0.04132248686855343,0.03205708547245112,0.2465920542543198,0.08945570547339592,0.02824932078042805,0.07994041760751601,0.10059506360248172,0.1712455856589323,0.04624451259936661
1999-12-01,0.05458410285407235,0.015394056614427875,0.08648049419868531,0.04149960451184379,0.031301730490853906,0.26980768198490834,0.090823849576381,0.024893567200510967,0.08093453782449582,0.09898286809402033,0.15980743095296332,0.04549007569683702
2000-01-01,0.049785552095936984,0.014839478198412687,0.09081733299903615,0.03346737831155264,0.030757656013085943,0.30512845419962736,0.08918017780091693,0.022756709316997262,0.08119800283536677,0.08770344089181611,0.14819829451426042,0.04616752282299069
2000-02-01,0.04969685869554938,0.015257132925141751,0.08683078453572349,0.03551436761743333,0.029504791350029026,0.3015559163134852,0.08946328889491616,0.024643294016221385,0.07569924622277352,0.09885584912149274,0.14740865392754945,0.04556981637968449
2000-03-01,0.04580778507788224,0.013643800566099267,0.08397751061273741,0.03284951155052996,0.02604172163717416,0.34935515884364216,0.08432226737807366,0.022127568705060618,0.07114624235033666,0.09474990361249577,0.1320887492901857,0.04388978037578236
2000-04-01,0.045752888972556444,0.014121182875212357,0.08671395401775958,0.03431994629944789,0.023339558060721192,0.3390505983650303,0.08505084355453163,0.021543003858302042,0.07521477834841997,0.08839191888669269,0.14370266510288485,0.042798661658441144
2000-05-01,0.047210332607810906,0.016119330409102264,0.09287266048576931,0.03353947336235512,0.02458974046777603,0.31873049882053567,0.0819937285879357,0.02408277581245764,0.07537584596081892,0.0954603710908628,0.14525409680170684,0.04477114559286879
2000-06-01,0.05238581199580506,0.014558681990549042,0.09316094174327343,0.03793040755147576,0.02598282788803842,0.2946561421766552,0.07341055469144224,0.0258792699632693,0.07598253811573204,0.10259150795387117,0.15801548828603446,0.045445827643853805
2000-07-01,0.04099767438709661,0.011527486335050671,0.05182194579665387,0.03688859446833589,0.023060706621134,0.33864427912572903,0.08317511832164297,0.021647894808409708,0.06682365785037303,0.10713773127482396,0.13776583455601576,0.08050907645473458
2000-08-01,0.04224246734228802,0.012266049109981953,0.05202508870682336,0.03638469880043314,0.02334037132046026,0.32821651617138947,0.07838115643923357,0.022877250436143724,0.06732307394903246,0.10236060889533741,0.15256706790810898,0.08201565092076762
2000-09-01,0.03827842400973282,0.012036357982007735,0.05311279590689913,0.03663746365426816,0.022245888655360743,0.34464523644437756,0.07106933867837116,0.023448805598536723,0.061271227446620294,0.09864205850752507,0.15652940459253084,0.08208299852376963
2000-10-01,0.04166781257621606,0.012085790534946513,0.05122436010945202,0.03985028547953898,0.023211065346871666,0.3087695962693134,0.07151135454639825,0.02670510509144796,0.0662226250922792,0.10737937008985286,0.16858549676223875,0.08278713810144452
2000-11-01,0.044526133658361465,0.012678658185496617,0.05357089031575136,0.03975490780680634,0.025290980628710096,0.2922369047729117,0.07316330587456184,0.026248274775876296,0.06667237509395564,0.11220276208804322,0.1714865605479143,0.08216824625161122
2000-12-01,0.050914698491813924,0.012472917940769816,0.05572730953222967,0.043039375520336216,0.028482750561547972,0.24898046822688114,0.06800589552941602,0.02941710147856884,0.07351001604561505,0.12577688221784591,0.17941896198310708,0.0842536224718685
2001-01-01,0.05203869337143962,0.012319565421387969,0.058728800490063224,0.0457159159334154,0.03026343669763326,0.22622837442391275,0.06434411128394725,0.0302852744594246,0.07680384626796509,0.128467727240033,0.19207418966582854,0.08273006474494948
2001-02-01,0.04944958943522119,0.01354315004765294,0.05804544123154014,0.043071406630244176,0.027679493531996106,0.2564587597026422,0.07238430281599192,0.025176398434068395,0.07972285059458525,0.11460791814250826,0.1824872096968375,0.0773734797367121
2001-03-01,0.054867326106767304,0.014786356790869204,0.060955712803445035,0.047191956002833324,0.029606042041173175,0.20897297170055246,0.07107868905934038,0.029513633291193737,0.08351283386363552,0.12626137094576828,0.18984875735534634,0.08340435003907516
2001-04-01,0.05554300011241654,0.015359640328334359,0.06162740995635833,0.050631316717482854,0.029733965512843498,0.19327226748932044,0.07181342627502972,0.03171877029142891,0.08715169205265459,0.1240102997222766,0.19643410655212026,0.08270410498973403
2001-05-01,0.0519294702898496,0.01543477812416039,0.06264750259552847,0.0516592997147717,0.02838402447731131,0.21109845485077763,0.06914475077577441,0.030966967951234235,0.08502746769322385,0.11975495916363195,0.18892502798983735,0.08502729637389914
2001-06-01,0.053239500013172465,0.015051150380874507,0.06315851695430727,0.051086433804627296,0.02893236076922001,0.20231145261211442,0.06594731197866711,0.0307386249821603,0.08578246203841443,0.12202727781381217,0.19423375635145643,0.08749115230117373
2001-07-01,0.05257842540588943,0.013403011334691543,0.05833226305014864,0.046863257759593595,0.023960258952572214,0.215471378099884,0.07930755848236655,0.03174139478216529,0.08109692792742057,0.1224077606925865,0.19579348640663505,0.07904427710604664
2001-08-01,0.05310227475825851,0.014118801623008341,0.0597363490329096,0.04675376663011244,0.02461339430428698,0.20313213467729987,0.07953946594461529,0.031099617352622875,0.08652188697377716,0.12769284780661685,0.1983116086901721,0.07537785220631998
2001-09-01,0.05674698652994026,0.01356993297952187,0.06189753308571871,0.04799208261662864,0.026551734979947006,0.19046961876603982,0.07438079241433439,0.03343436997763246,0.08620850367914203,0.1324819186512894,0.19953298658091317,0.07673353973889231
2001-10-01,0.06007411084384268,0.012367104339036221,0.05729444395417032,0.048891816044334305,0.0277249154727995,0.16978413979087606,0.0800138517180894,0.03433024683218272,0.08590078067931933,0.1450480545954044,0.20609625232019624,0.07247428340974875
2001-11-01,0.05932291947587216,0.012216045188600979,0.058768959887251226,0.04643902211794463,0.027617319935771798,0.192265427710056,0.07070058483486723,0.034146562577991424,0.08542910727354208,0.14371028850316794,0.1982634780110604,0.07112028448387413
2001-12-01,0.05649738875840964,0.013033310045159155,0.05933945302795569,0.04085293583665114,0.02761673337288127,0.20706196099156976,0.0696040656576549,0.030753321009317318,0.08719574791046701,0.1401420863952735,0.1961933872482349,0.07170960974642585
2002-01-01,0.05563508075467394,0.012732663609861175,0.060820178706199796,0.042693019985868615,0.027168037497114966,0.20220284837934457,0.070295564853353,0.031476551152215516,0.08973249436756227,0.13426029898860606,0.19902326233349588,0.07395999937170425
2002-02-01,0.05689135838915319,0.01326594517150118,0.0624221947470567,0.041532453655944615,0.027656977936615108,0.20411196505060808,0.06601954212610767,0.03044261283307142,0.09334111360853237,0.1326702099114693,0.1986731571915475,0.07297246937839276
2002-03-01,0.06067404950328814,0.013991339917727658,0.06675724055277954,0.044681422933823954,0.029333523067518026,0.18129066074459516,0.06560592643191362,0.030433954464198793,0.0954229752107316,0.13499114585002495,0.20081863850807122,0.07599912281532743
2002-04-01,0.06022613802411458,0.01434583393271078,0.06652004294269712,0.046142113611204474,0.029521758138879386,0.18525698819559466,0.06314721177081169,0.032136401761100046,0.09327642870854044,0.13019200627622546,0.20450742910175568,0.07472764753636563
2002-05-01,0.06488071606599675,0.015424171713793112,0.06939935693126018,0.046456424818568584,0.030293644214755194,0.1721433406891931,0.05795393184557771,0.0337083881241191,0.09681114449979307,0.1268583529792707,0.21328498082372896,0.07278554729394364
2002-06-01,0.06671378361432138,0.015554793067620453,0.06973627116905062,0.04666687593828039,0.031065972801300912,0.16685836171259,0.06064425093342502,0.031737593764496655,0.09692807570074125,0.1257813634210469,0.215796960841895,0.0725156970352313
2002-07-01,0.06785008735818698,0.014771912369128918,0.0689577135105022,0.05260499374501141,0.031492875289687326,0.15317338777612213,0.05763544126298917,0.03227206696671066,0.09807019914439465,0.1208297632469811,0.22281742831711834,0.07952413101316701
2002-08-01,0.06900653446269787,0.014156658745733956,0.06749299988511116,0.05053059438671014,0.03250679060345943,0.15065684652514993,0.055283682465859255,0.03081613768112567,0.09463865084031564,0.12686507893696386,0.2254046328235982,0.08264139264327472
2002-09-01,0.0702016565766006,0.014143781010329003,0.06514359632185916,0.05038319806650843,0.03288821638935113,0.1484817940954818,0.05509079807756536,0.03132688274097282,0.09588123755763975,0.12697421940548936,0.22884109499073846,0.08064352476746425
2002-10-01,0.07206559791622896,0.014065874271440211,0.06558358030786339,0.050145898986165234,0.03467829312642559,0.13813419489138554,0.05544072340152924,0.031094675299008195,0.09693766219399652,0.13340903718771224,0.22857006024214221,0.07987440217610259
2002-11-01,0.07017855781310492,0.012669043315824335,0.06317334760828577,0.04764171226557756,0.033150558645454554,0.15287776187397528,0.06242114168133416,0.028560623486946532,0.09496151312304792,0.1306044689261751,0.2268661639731264,0.07689510728714757
2002-12-01,0.06560628750754445,0.013392120854374402,0.06466040128348913,0.046224993733242396,0.031947331695581185,0.16833895123339232,0.06391942235323601,0.027319603528013405,0.09156122325150236,0.12815420359407623,0.220904240788064,0.07797122017748416
2003-01-01,0.06931999513025268,0.012624566779170886,0.06520761318337466,0.04951410724713394,0.03344723138517224,0.15566609608236257,0.061377709545910875,0.03005935972834705,0.09044014588808902,0.13048371255650168,0.22441221761642263,0.07744724485726188
2003-02-01,0.06853273559110415,0.012533414530138256,0.06412028148818587,0.049701729001919576,0.033207884502763706,0.15779095255008138,0.06038512605294272,0.029389525217761198,0.08859275040811933,0.1332468834251156,0.22673458835172233,0.07576412888014586
2003-03-01,0.06790324148693641,0.01214610582130152,0.06405594865919345,0.051472407858170144,0.032787671632901874,0.16268382130535441,0.05769052140246224,0.028660523833916058,0.0893472087798379,0.13325368769687837,0.2236496783084205,0.07634918321462704
2003-04-01,0.06509837686682399,0.0117281943299652,0.06269988293809947,0.05178228222951525,0.03439559686459596,0.1596542324489844,0.0569170672045947,0.029563599487753233,0.09266968479307262,0.13683248745678347,0.2204251519855574,0.0782334433942544
2003-05-01,0.06321466169049976,0.012527310361531565,0.06223595452033296,0.047962855197170105,0.03372333139327099,0.16228684483428057,0.05868202121007133,0.029105539050209826,0.09378138779497529,0.12653726476760704,0.22773844607531377,0.08220438310473674
2003-06-01,0.06523190625003705,0.012112208791029772,0.0620505804428404,0.04889617797921023,0.032322597590917955,0.16789567744819647,0.05883671420994817,0.03007731852026921,0.09148165626128862,0.12382479860174773,0.22642836476754002,0.08084199913697443
2003-07-01,0.06204053226267064,0.011236141945806322,0.0614759605155188,0.049180085626304465,0.030938371642349045,0.16479483420183788,0.06398133367093274,0.03142879318011355,0.08958720374503801,0.1316849346845177,0.2201005526246202,0.08355125590029075
2003-08-01,0.05962773056146511,0.011702397736820747,0.0636740311598932,0.046803801827533055,0.03109546964678232,0.17011810737990268,0.06129800012763171,0.02897230842823425,0.09048641413717817,0.12928565279537882,0.22391960847216652,0.08301647772701332
2003-09-01,0.05843134279956246,0.012342998642050896,0.06572836241015315,0.04843221365619875,0.03063603818322295,0.17631905949183443,0.06076515010692444,0.02877450850001227,0.0944980419257596,0.12271833880646421,0.2176593687053159,0.08369457677250086
2003-10-01,0.05963750322094642,0.011972665111196488,0.06309691608860786,0.04799233733733473,0.030833820997435018,0.17695895914626608,0.057928141133702524,0.030217012482986503,0.09135559595981024,0.12462884997614071,0.2214480094969615,0.08393018904861195
2003-11-01,0.05959950190880299,0.012105349412097524,0.06582100635955473,0.04600778326279607,0.0306104111126998,0.18031898353044762,0.05817510660637951,0.028879231237532717,0.09395297148862257,0.1185851981240597,0.22305727007041246,0.08288718688659431
2003-12-01,0.060914362339098325,0.012302950798869255,0.06665911681346282,0.0455653683669128,0.030458517995635117,0.18143994336833769,0.057084098741835,0.02868990446969394,0.09313533576187227,0.1186572824582931,0.2218197272395694,0.08327339164642031
2004-01-01,0.06036429265385843,0.013209985788129642,0.0685973012390957,0.04972593432390071,0.030860504405461796,0.17793102610449515,0.057456501191640114,0.029113613901202706,0.08741816306072253,0.12031181949358562,0.22156491316916657,0.08344594466874093
2004-02-01,0.05915392841634391,0.012832339678314843,0.06661188840326951,0.048822571137804825,0.03007946095709963,0.18218318201935607,0.05704910577001173,0.029002391746295382,0.08604079632550331,0.12124862013819107,0.22393792973501017,0.08303778567279951
2004-03-01,0.060896846513164835,0.012646681275795794,0.06670665010456422,0.05019463488974386,0.030547539202780746,0.17463641610803657,0.05612569735149225,0.029140325045886033,0.09018000411688763,0.12059692298946105,0.22650457393158024,0.08182370847060667
2004-04-01,0.061488006877144105,0.012644004026799521,0.06720843488515224,0.05090239282616292,0.030845605800806128,0.17247291808768836,0.05573829538822171,0.0298254423406792,0.09163422192495622,0.11743649301454227,0.22729366001499945,0.08251052481284792
2004-05-01,0.06394935286971869,0.013277276289007054,0.06831696140394723,0.05362100980596306,0.03201044053976318,0.1680211608637167,0.05617758509525487,0.029443633298393935,0.09138216059576891,0.1246138171899035,0.21632885469476867,0.08285774735379432
2004-06-01,0.06204331250558649,0.012882986864725459,0.06872889612855122,0.05293861316283661,0.03203847279973383,0.17430122059957573,0.05396858994931296,0.029397930477391542,0.09062835777252194,0.12262285966718649,0.21707293241320846,0.0833758276593692
2004-07-01,0.06034632229623437,0.013700309619022466,0.07069088064388973,0.05313333262411638,0.03188893311563688,0.176520301278619,0.05624436636379073,0.029651905525536745,0.08840901234443561,0.11884466013455744,0.2031471435140033,0.09742283254015738
2004-08-01,0.05914082923714018,0.013610106900444499,0.0707772097141727,0.057169276384404895,0.031780292733085816,0.16839982597311093,0.05788331558411822,0.03119353874440728,0.08850170346406354,0.11660946465356074,0.20596815890862608,0.09896627770286504
2004-09-01,0.05961033560580591,0.013285176383400564,0.07070704374016179,0.05621911064496588,0.033123252876352635,0.16054124741702927,0.05828995436660713,0.03223745798332929,0.08728191369411567,0.11821857366277738,0.21233814647774693,0.0981477871477077
2004-10-01,0.05729311542114956,0.013383687797150759,0.07164175222906735,0.0601429756353799,0.03255648297554229,0.16363340219759512,0.058175987740068484,0.03213703153339411,0.08824763309310549,0.11478473934823082,0.208283110146385,0.09972008188293113
2004-11-01,0.05834465633887,0.01284478868972267,0.06998854307063725,0.05994372166399021,0.03149964058576226,0.170392923816151,0.056222847074987946,0.03311699023698884,0.0900263635036349,0.11093874485528978,0.20600401240566116,0.10067676775830416
2004-12-01,0.05851988747658128,0.013199599325008287,0.0722745780776041,0.061153320846537365,0.032019331616708946,0.17043762494450232,0.0558734651610504,0.033229078602723075,0.08953253444517269,0.10701524891499625,0.20542318881809388,0.10132214177102132
2005-01-01,0.05925085137402125,0.013393208969714968,0.07154348737093014,0.05795691946348191,0.0319884220120752,0.17033211424265823,0.05491941170624751,0.03267902344710442,0.08983424972620664,0.10950617623487141,0.20576213563470114,0.1028339998179872
2005-02-01,0.06104192086459034,0.01279068096966611,0.07203730398287363,0.061399243733898996,0.032427387164051844,0.16327542094530262,0.05390426126900457,0.03414552075327278,0.0913960665016349,0.10782496198981378,0.20651513863962756,0.10324209318626278
2005-03-01,0.060268103312145105,0.012490664479264911,0.07333037108441678,0.07174903564476844,0.03311343797160944,0.16010370959523182,0.05264411917486188,0.03417104841671286,0.09025087638385328,0.10807658022063092,0.20169586024848804,0.10210619346801633
2005-04-01,0.06081700297719658,0.011721344245083684,0.07335787360460005,0.0707589229929173,0.03347164203904232,0.15935040247296867,0.05259496330375975,0.03501620080958931,0.09135430726017552,0.10971337878801492,0.1983298625731983,0.10351409893345358
2005-05-01,0.06179806131768016,0.010686348533230505,0.07112274414296153,0.06856214322469317,0.032978574555686264,0.15608809282379474,0.05271295320894667,0.03663854778702782,0.08879235739317334,0.11686179363862882,0.20138407531444244,0.1023743080597346
2005-06-01,0.06099270285155414,0.011189459042168927,0.07119972595728717,0.06700550761379986,0.03195053971141843,0.16263999482944586,0.05166157393907846,0.0358430380270972,0.09110706478581329,0.11411029497351821,0.2005530268448375,0.10174707142398096
2005-07-01,0.05891393143435916,0.011583197917408323,0.06618549948686094,0.06895434218590742,0.031738458240762366,0.1593544003715505,0.05164946180132858,0.03670656118927811,0.09231241235034557,0.11095092839664303,0.20742987917296246,0.10422092745259362
2005-08-01,0.05821685821467222,0.01174185250346963,0.06783214123076793,0.07025100502991438,0.031701625346495,0.16185133494463153,0.05109073334604471,0.03632837438192715,0.09353765661860367,0.1104776789568963,0.202765849611024,0.10420488981555348
2005-09-01,0.059267153652889155,0.011567173914814956,0.0684902938138215,0.07360532810162242,0.031140996333787623,0.16307783216470773,0.04813289900077,0.03731336858096137,0.08896885538228888,0.1118681423328138,0.20299764886731822,0.10357030785420437
2005-10-01,0.05886671664584801,0.010989970333235583,0.06876169590118836,0.07844773893078247,0.031006950711135746,0.16266737424825292,0.04710429735629496,0.038630241624404885,0.08680056416372248,0.10886203628598624,0.20392586145884245,0.10393655234030566
2005-11-01,0.05933972793227069,0.010634749418840813,0.06403587993734224,0.07211823432782681,0.03148916476289071,0.16352026848413992,0.04643809895399579,0.03679470137450348,0.08965770361744656,0.10769485537989845,0.21337227963659774,0.10490433617424669
2005-12-01,0.057777372819543774,0.010474107383984119,0.06576228358575531,0.07019268372184657,0.031203816830763082,0.16810783846430263,0.04493509236575572,0.03533206209207995,0.08955189671042535,0.10526004422869147,0.2143757388475675,0.10702706294928452
2006-01-01,0.05771254378743332,0.010408137549111893,0.06595179389083496,0.0705750721620227,0.03164790928158716,0.16506003496898433,0.04420640272263074,0.03580188617546184,0.08913959333601539,0.10813650302448032,0.2141812401080062,0.10717888299343105
2006-02-01,0.05589669250674277,0.010693516958177328,0.06815181819023267,0.07700786722716454,0.03162126883692607,0.16668279788164203,0.04399076845480806,0.03583955496318453,0.0884080474173105,0.10684049300967861,0.2082003585040093,0.10666681605012374
2006-03-01,0.056655182882111486,0.010667469106894083,0.06870800418837184,0.07070320308469023,0.031774523661434295,0.1643739873346558,0.04529733882713589,0.03589423599436542,0.08977940361773218,0.10802723243615751,0.21161168049845963,0.10650773836799157
2006-04-01,0.056245721056125554,0.010765926908788305,0.07062195502133772,0.07241576810615839,0.03129059468981624,0.16642744865595946,0.04500764319623465,0.03396767305756792,0.09025606511352552,0.10475140507611945,0.2088541192388654,0.10939567987950148
2006-05-01,0.05663610143715466,0.010635883634368926,0.07355408849952234,0.0731006643627028,0.03192920606490152,0.1639546786296714,0.0451968245695594,0.03383006464483543,0.0883253232799136,0.09997120038028447,0.2128941360857227,0.10997182841136274
2006-06-01,0.059271261307938417,0.011071843074346386,0.07301615669582319,0.07288150921487935,0.03201598374394928,0.15778067985196634,0.04487242700549171,0.035457838363281854,0.0895567523858299,0.10090866841329779,0.21229526982118613,0.11087161012200983
2006-07-01,0.05668725857082442,0.011287757295824426,0.0736969836492217,0.07589260338955553,0.032399617346582074,0.15317171170169802,0.049070505517883174,0.037548048374023375,0.08903939835787293,0.10061802791866671,0.21111908425855141,0.10946900361929619
2006-08-01,0.05899726558393337,0.011000828916080755,0.07067815981139336,0.08004687231912586,0.03197678421178383,0.14803795001619874,0.050067553555419676,0.039533053760115115,0.0856574242046117,0.10502804427618394,0.21487199103206714,0.10410407231308655
2006-09-01,0.05949486257969178,0.011013631411617151,0.06932754094965297,0.07461012357724967,0.033120631241901496,0.15524130731912297,0.05016496420807854,0.0391448338389783,0.08570930992885367,0.10501364879251941,0.2129638031887633,0.10419534296357076
2006-10-01,0.0576409039356727,0.01123070879211848,0.06916505414683631,0.07026443194924727,0.03294112479327765,0.15736174396955557,0.050899822226283156,0.03744740057836063,0.08855439636489078,0.10441257994474157,0.21582267303748776,0.10425916026152801
2006-11-01,0.05736250495694381,0.011405002579828537,0.06983227301956857,0.07153391327021637,0.0331540411059159,0.158218612821237,0.05166457374868348,0.03816590313410419,0.08894299954443713,0.10277177134321577,0.21132119366147117,0.10562721081437809
2006-12-01,0.057241879855397214,0.011424401716118514,0.07184331380286965,0.07636615365102684,0.033051288714813214,0.16053853713064667,0.05122241672635105,0.03861671101471237,0.08507640223578428,0.09962364265802517,0.20807784248268973,0.10691741001156536
2007-01-01,0.057758845535486505,0.011205751169979364,0.07089006803141097,0.07428554181853587,0.0332466516326303,0.15594289103329168,0.05295271845073368,0.03852686307882616,0.08551252177467686,0.09862383523525203,0.21297452217277346,0.10807979006640316
2007-02-01,0.05795202264646506,0.01139751480260137,0.07224882771725775,0.07238029782171097,0.033791985747305756,0.15689732487069555,0.04849224864032181,0.0382811204223997,0.08746064661037126,0.10071722171212437,0.2110941407020613,0.10928664830668502
2007-03-01,0.05816746292229562,0.011470924583501588,0.07381079007178591,0.07197935251302395,0.03446664173353519,0.15557147732782808,0.048078042759864985,0.040383440814836975,0.08843287778848063,0.09947396708736532,0.20916332431448104,0.10900169808300078
2007-04-01,0.05903717538159841,0.011065258298844055,0.07320349355128354,0.07574414851072611,0.034541319900434714,0.15598348628535963,0.048317479085344596,0.04183430073760899,0.08679546833885347,0.09849443222734831,0.20670230298817227,0.10828113469442585
2007-05-01,0.05877878771717284,0.011321418324788803,0.07430642546616846,0.07673667010188169,0.03390204439824481,0.156827115148168,0.047218459958231256,0.041843352393006523,0.08536680111240452,0.10097665151170336,0.20566329678430115,0.10705897708392856
2007-06-01,0.058441946420301906,0.011299321388843733,0.07619018134569978,0.07942351389899223,0.03337280749882883,0.15746912359920978,0.04909015091792644,0.04006623002030001,0.08428428288809327,0.09870574052875665,0.20424261310968655,0.10741408838336071
2007-07-01,0.05762994798774267,0.01163262065298634,0.07566963464395063,0.0806745470070129,0.03300859185931359,0.15993117079704103,0.06219456997401835,0.038637208846680815,0.08240239194504259,0.09582812885613358,0.20005996300375892,0.10233122442631869
2007-08-01,0.057039884379589005,0.011372117913280282,0.07848839023835182,0.08261836072303887,0.03420719781349459,0.1641689175444946,0.062355036561038316,0.03856079380464122,0.08053787402123774,0.09495692651829969,0.19076924673463988,0.10492525374789385
2007-09-01,0.057394539185817744,0.011042853072171472,0.07728507792607564,0.08181158073170615,0.03476211078370396,0.16694715774895003,0.061227820716785064,0.03830727020809629,0.08086827552895662,0.09570491928407342,0.19119314165969126,0.10345525315397242
2007-10-01,0.05768593113171799,0.010893771623236416,0.07847108547901759,0.08561943023089999,0.03583699108819626,0.1670423412386655,0.060578992820573545,0.038396495609647856,0.07792376001522047,0.09545963683462035,0.18791488309339732,0.10417668083480675
2007-11-01,0.05813138081171213,0.010845091508448949,0.0776361680685709,0.08679290364165751,0.03604798726206647,0.17487892807683106,0.05827348170984747,0.03852553400108896,0.07705771890573032,0.0950673175318928,0.18188330992052928,0.10486017856162425
2007-12-01,0.061659667281346635,0.010356272927161896,0.07805807673573943,0.08706327334351571,0.038102617322988176,0.1693928552466619,0.05595060635782234,0.04013090746460658,0.07776372748846966,0.09913511491515686,0.17891846544942733,0.10346841546710346
2008-01-01,0.06097714681222979,0.010199713558864296,0.07898896578679938,0.09470135772328228,0.038335834378908154,0.17342892583733413,0.0563111248380926,0.04082411399924284,0.07633390827885343,0.09583462061189554,0.1726168260086926,0.10144746216580491
2008-02-01,0.061677920366932176,0.010134983666742836,0.07793588143217606,0.09186950652717127,0.03783813733706051,0.1619555616636006,0.05516926558205544,0.04049646547599062,0.08104112387274147,0.09707384149735662,0.1816003469864397,0.10320696559173267
2008-03-01,0.06358689479635506,0.009828964519122255,0.08014623122199846,0.10119273216047972,0.040093511490802314,0.16123243610859114,0.05452676571508981,0.04044152736051715,0.07981775841936332,0.09884991771337887,0.16679225962886496,0.10349100086543689
2008-04-01,0.06466209870757415,0.009496798787569226,0.08007899477940188,0.09918884591761672,0.040945210588628406,0.16378512506034332,0.05499341984825397,0.04106809707347043,0.0818451580596462,0.09744822611169449,0.16078667401148913,0.10570135105431208
2008-05-01,0.0612114962234875,0.009693317979057828,0.08092537181172914,0.10514060567717069,0.04015868446225276,0.16663849082568732,0.05486598311029263,0.04183264162966209,0.0823004087735334,0.0936285620471097,0.1620277270718079,0.10157671038820917
2008-06-01,0.06213948660950962,0.009631256864824857,0.08271646482386995,0.10745605027384902,0.04001667295152561,0.17285778201789664,0.05632934082852451,0.04242668040073054,0.08148003282492663,0.09256325004919268,0.15213760151157987,0.10024538084356996
2008-07-01,0.06304814373025744,0.00878725279181196,0.0794935508288533,0.12133219738571456,0.040834258741682235,0.17076834367322033,0.05605837156136188,0.04592057241067346,0.07795465818148539,0.09920085821838885,0.14127197440418235,0.09532981807236818
2008-08-01,0.06504615084876025,0.008803202987480883,0.07855987902647595,0.10324304817433279,0.04248185138780693,0.17079653099699552,0.05315926523369281,0.04290402968733796,0.0795095247333426,0.10673798519519587,0.15250589497599543,0.09625263675258301
2008-09-01,0.06526493360522906,0.008825508906714727,0.07842763444860902,0.10132647684602095,0.04244520886208678,0.17138258823354413,0.05449232981853259,0.041991223712860966,0.08254084296824656,0.10694156768565326,0.15033386101997814,0.09602782389252389
2008-10-01,0.06956344019901577,0.00885650459206534,0.07280255853244232,0.09828316681028874,0.0424771095145628,0.16542174286782976,0.052540748007023436,0.04042707900582938,0.08564703054442648,0.11068217727232117,0.1566533678413036,0.09664507481289121
2008-11-01,0.07130691722957493,0.007108126605409493,0.06718160446621019,0.0989712326693315,0.043276145689307266,0.16373021553170236,0.053377482906754384,0.043448195884394865,0.08764662105198799,0.11891970277098018,0.1508499691558454,0.09418378603850146
2008-12-01,0.06931270791564743,0.006927120974613104,0.06734748773083751,0.10798404340151743,0.043607729432505404,0.15880280328470586,0.05741666619027942,0.047856589076074596,0.08820101491577133,0.11945998290569705,0.13999806123128078,0.09308579294107007
2009-01-01,0.06852841088170598,0.0068250823451310475,0.06878284013516818,0.10376295067277043,0.042010996198601144,0.15951024083551824,0.05848698534537553,0.046103394561510684,0.09106648620194101,0.12465920757325637,0.13936781316075353,0.09089559208826786
2009-02-01,0.0699636876663901,0.006509132624999535,0.0679293900957697,0.10943268601572073,0.041724123866011736,0.16888597200523575,0.05695046079701121,0.049894355503400496,0.09191848123986843,0.13310125018218916,0.11702107428956234,0.08666938571384072
2009-03-01,0.07199484771966537,0.006359365782919167,0.06349426157285014,0.10629109619407937,0.04193332849422598,0.17845128294417262,0.059077161716034624,0.04794023974248963,0.09911014939372517,0.1318282364976282,0.11017442342160937,0.08334560652060052
2009-04-01,0.07086557108602484,0.006633537432016395,0.06415401801693614,0.10289148673880075,0.04133989572381143,0.18529176149191795,0.05804309334160123,0.04575066244225584,0.10132020117315287,0.12033413497853246,0.11755744009721814,0.08581819747773199
2009-05-01,0.06778449970639172,0.008717111964760351,0.07068406222571764,0.09805976578566332,0.040042869475597535,0.18984551283471512,0.057639263213383446,0.04251417947475172,0.10113225689093769,0.1084365422250978,0.12537610216014866,0.08976783404283512
2009-06-01,0.06923999388938368,0.00803940533175121,0.07065626703655606,0.10290162742458507,0.04049483370023272,0.1862411191023522,0.055532856714000614,0.04221195902999695,0.09543697382546817,0.10953007492735353,0.13144057057783004,0.08827431844048991
2009-07-01,0.06759372577795081,0.008832270205763958,0.06843945484157715,0.09426432685640543,0.038275506663852356,0.19068956484352242,0.05468836563274134,0.044286382081925556,0.09269395253612689,0.11194429981544869,0.14143364003001654,0.08685851071466891
2009-08-01,0.06738106976366608,0.009820338464705418,0.07036667659349144,0.09221029470232306,0.03986241070970876,0.19127113433322268,0.05328343605808996,0.042903111480756866,0.09192662753330524,0.10953885200650544,0.14274002129057514,0.08869602706364979
2009-09-01,0.06579507127352581,0.009759287791426237,0.07128580274263695,0.08965170713710914,0.03855295132366785,0.1895012170787433,0.052040232251171964,0.04148526260687391,0.09227565024051033,0.10824469688788928,0.15218564974985677,0.08922247091658857
2009-10-01,0.06556509342429993,0.009521986504772331,0.07291723270351758,0.09062393343023434,0.03950269764273515,0.19179375014428388,0.053266984786705246,0.040689850941313915,0.09083839761867857,0.10608564077334251,0.14821680899463877,0.09097762303547774
2009-11-01,0.06727743093881465,0.009774942618759825,0.07246019043920227,0.09586351988921303,0.04011233437436382,0.194789856595551,0.05250454918912123,0.04082571989458363,0.0937875729418828,0.09958328772173389,0.14484007320844103,0.08818052218833265
2009-12-01,0.06656369222485166,0.01028966050023929,0.07385019720337972,0.09414971233040054,0.04138229553139368,0.19445711586762435,0.051783775250732945,0.04054518786167099,0.0938984458762699,0.09840649861242146,0.14409136943308895,0.09058204930792654
2010-01-01,0.06627900908694116,0.010587057510137188,0.07522655587832687,0.0907554490466515,0.04009907185687538,0.20048022982575311,0.053591601684023576,0.04172046743755013,0.09301059902229565,0.0981409623977032,0.1407050277208159,0.08940396853292629
2010-02-01,0.06708389584829184,0.010939039580778917,0.07453171927125904,0.08960964273180494,0.04098907076601018,0.19097160301452382,0.05152892754631709,0.041298182245892524,0.09465233221299078,0.10175414745009527,0.1445231598580219,0.09211827947401378
2010-03-01,0.06689901450237289,0.011409542058327097,0.07649843120497872,0.08898012087616224,0.04141443517780827,0.19386688988680936,0.05144683580743861,0.039764573979093824,0.09587962546498115,0.09904786632450994,0.1444338814604114,0.09035878325710658
2010-04-01,0.06553086325441099,0.011776999024590737,0.07744210962760743,0.08645155014427443,0.040529495081427856,0.19525232087180222,0.052251449351142926,0.03861344372023744,0.09600896252004353,0.0966330614465206,0.14757919758470406,0.09193054737323765
2010-05-01,0.06372803504210395,0.012416367069575343,0.07925294926675813,0.08791539622317546,0.03987859711497414,0.1959002733346455,0.05280619148886971,0.03897923297810155,0.09670373746301769,0.09285986408726327,0.1466295190903471,0.09292983684116796
2010-06-01,0.06527557995542788,0.01226816766557622,0.07801238547957856,0.08544118307055758,0.04035942333494878,0.19605020580667462,0.05396966620926223,0.039520787524863474,0.09930423860715613,0.09258174500310125,0.14473410371305126,0.09248251362980209
2010-07-01,0.06644933270406679,0.010796147277986117,0.07786439321336983,0.08240941873515333,0.03979167537097181,0.19120526104693722,0.053621252690238215,0.0409220243110274,0.09154625191570051,0.09870107160631954,0.15446096647477478,0.09223220465345457
2010-08-01,0.06677913536762897,0.011683904058668954,0.08057065639418975,0.08307477403966113,0.040449227130859744,0.1913238061842754,0.054771723817739815,0.040937854121513774,0.08971944715810569,0.09419762741198272,0.15401969363670534,0.09247215067866867
2010-09-01,0.06947974489118687,0.011123672993820333,0.07842794566612098,0.08417146649642557,0.04091708710739727,0.18780521215875404,0.05647592837232234,0.04304801515314325,0.09042001934174847,0.09716998784293152,0.14835299407316574,0.09260792590298364
2010-10-01,0.06705658496468658,0.011495084691184081,0.08047153370153579,0.08396803778567881,0.0396445037081402,0.19307466802419937,0.055666571679155535,0.040675035327744954,0.09270586808420318,0.09632268736961137,0.14538480384385105,0.09353462082000888
2010-11-01,0.0671797053878861,0.012051975503313985,0.08123613336532727,0.08476193417790603,0.04063624829342788,0.19792535817302062,0.055922817157253515,0.03996338977344749,0.0913842900849349,0.09422640393352072,0.14237250627301326,0.09233923787694816
2010-12-01,0.06666755980546786,0.012891662927585874,0.08270621609494631,0.0886820977129479,0.039988889418690124,0.1954874786865634,0.05467661866671891,0.039108959740674215,0.09479601838276674,0.09033769786090849,0.1413020507003264,0.09335475000240372
2011-01-01,0.06500397814499612,0.013175300443760845,0.08316698746649791,0.09106610209470219,0.03990155445289784,0.19411765034361475,0.0546467465597757,0.037709173700642015,0.09171738373418932,0.08932688379460978,0.14653197364238824,0.09363626562192522
2011-02-01,0.062252105915201375,0.012897984546182923,0.08472940238443086,0.09556987328873186,0.03907664452509181,0.197722601875575,0.05337765086537959,0.037781921648539274,0.08916085186613175,0.08692223966173382,0.14730643382604006,0.09320228959696163
2011-03-01,0.06304781374394555,0.01220830105208756,0.0847245334025608,0.09917571123550911,0.03899080699231101,0.19561005567015535,0.0554361936243199,0.03675149651103215,0.08815336231646499,0.08659400860211092,0.1463546306416951,0.09295308620780761
2011-04-01,0.06418666558995102,0.012386324129183758,0.0864118567374466,0.10097711349507223,0.039109938583897594,0.1917192036958405,0.05615899736950327,0.03685548381681284,0.08843988667813941,0.08792402968151251,0.1434754802432253,0.09235501997941502
2011-05-01,0.06534449982807553,0.01240258440223965,0.08583272843134923,0.09993063518646703,0.039862205550319434,0.19227893326617104,0.055456688187624725,0.03729161666103875,0.09000253202848922,0.08963949896307448,0.14048245153220992,0.09147562596294094
2011-06-01,0.06767097397357649,0.012137612097534717,0.08431743692934866,0.09655490191925677,0.040031184616810524,0.1911444896803132,0.056731147304140285,0.03820288853150825,0.09195911465216589,0.09257336869472954,0.13858949849179522,0.09008738310882045
2011-07-01,0.06568748067133762,0.015873039559006864,0.0838599929746192,0.09667147490890472,0.038692561799731226,0.18805347526758204,0.0561841391876482,0.04031552480240696,0.0888867276998732,0.09203392250167246,0.14364329989089714,0.09009836073632033
2011-08-01,0.06709107127386023,0.014734532086044208,0.08041472285505695,0.09965578809821117,0.03868218984416695,0.19149108080124488,0.05453604259334752,0.041174693297940435,0.09058171039451887,0.09094594727168534,0.14121560626393004,0.08947661521999344
2011-09-01,0.0709840133180878,0.01378626837500458,0.07901438413532473,0.09457973259659759,0.039901207370967695,0.18991953210824236,0.055211304285049376,0.043779638306120756,0.09360289520432043,0.09353350971179558,0.13639679585265901,0.08929071873583
2011-10-01,0.07278890372876347,0.012883672420920792,0.07525228744152182,0.08938692899150455,0.03931011150032274,0.19578185212344643,0.05568039877057612,0.046631482497319306,0.09758617157470141,0.09737181294797295,0.13117670857984876,0.08614966942310164
2011-11-01,0.06961405091536566,0.014273019855160106,0.0787707499454687,0.09347440106427471,0.03867230363120548,0.1967806719014081,0.05363583336635264,0.0447474625491891,0.09615143519779051,0.09190975890182912,0.13379345328166534,0.08817685939029056
2011-12-01,0.07083018664492778,0.013101749008958689,0.08005329984590898,0.09571545953214348,0.03902401927749111,0.19350640092433083,0.054056143702186456,0.0449804173511017,0.09757642261478393,0.09298639907106057,0.13002142627293692,0.08814807575416947
2012-01-01,0.07154128475213305,0.012880312342932842,0.078153611680205,0.09454861968787576,0.03889615399030774,0.1898262156452614,0.05525035706545312,0.04577256928666715,0.09782018997345834,0.09564426142624136,0.1314919771123169,0.08817444703714739
2012-02-01,0.06850966440532778,0.013957204746619671,0.08061547303373943,0.0911425929647596,0.03849878735704368,0.19629676355594156,0.05362244246385989,0.04246296093529238,0.09696580457280128,0.09361855002684369,0.13425686187222452,0.09005289406554652
2012-03-01,0.06833379264346531,0.014202602384260812,0.08012933851243738,0.09275417828878442,0.03833148664491913,0.20028167493350232,0.05402264605765124,0.04111009768731391,0.09597765880713559,0.09061808195971942,0.1372678702208979,0.08697057185991268
2012-04-01,0.06873911430500941,0.014001053505418352,0.07777295725189723,0.08722619020372463,0.037949964021116264,0.20381276715539698,0.053699238216312326,0.039656825279371706,0.0975008066210384,0.09138503375260615,0.1423879781423803,0.08586807154572838
2012-05-01,0.07004728453764573,0.013112532405162117,0.07781618110353665,0.0868225849132313,0.038178826295156586,0.20158729141533394,0.054968267825354106,0.04044078617203749,0.0975805898382735,0.09272486120977147,0.14041892434185826,0.08630186994263885
2012-06-01,0.07290689829986566,0.01267635036520091,0.07580296601365752,0.08273389800223337,0.03843061472931562,0.19787248951085304,0.05838850904333309,0.04114189630193421,0.10106278772196396,0.0957900358980456,0.13604295304305053,0.08715060107054654
2012-07-01,0.0719487051643746,0.011930268144824818,0.07038623298581181,0.08393097587135732,0.03816908794445408,0.20288231826894532,0.0574432301420753,0.0417550268923046,0.09723369372306014,0.09760336406724068,0.1384285374412182,0.08828855935433311
2012-08-01,0.07262660652064737,0.011839781941199792,0.0694204748711149,0.08587112981312121,0.038208044505534784,0.20175941452194343,0.05924983117211188,0.04184134608010294,0.09796066765648821,0.09869435916709578,0.1358795293035624,0.08664881444707723
2012-09-01,0.07110258828643089,0.01205161017551578,0.07007420498358154,0.0856208749897027,0.03842034780143511,0.20629345747779823,0.05851912098301823,0.03928840705083882,0.09821468680435587,0.0962396527850583,0.1382342925455258,0.08594075611673868
2012-10-01,0.06959974973458143,0.012143463543084869,0.06930160168128209,0.08662401798058997,0.0381459810029075,0.2032710892245923,0.0597650160983569,0.039021406129052666,0.09748201959859884,0.09808288158722106,0.13947081570109626,0.08709195771863623
2012-11-01,0.06972389791376106,0.013158933607079351,0.07007602123617523,0.08629437724438009,0.03840377445586245,0.19377894412220753,0.05923014595879321,0.040221952217140304,0.0982450669744092,0.09789056149565885,0.14486725113402102,0.08810907364051171
2012-12-01,0.0714910522952801,0.013424783975962305,0.0716174006522518,0.08423847052739494,0.038987853213244314,0.1951228724114853,0.05896443605111097,0.03828884601806578,0.09907433053729514,0.09864579719176514,0.14242271152423475,0.08772144560190955
2013-01-01,0.06892384845783228,0.014292472111592559,0.07351986333764025,0.08465657257891153,0.03898178997679876,0.1937289906690535,0.05899338236965772,0.037792821820045966,0.09674001520486382,0.09688201371246699,0.14679613355356633,0.08869209620757017
2013-02-01,0.06841125353674336,0.01399380724144382,0.07349357230255998,0.08631979389551836,0.03938752575904572,0.18816292218370867,0.058437685829842156,0.037611617855978136,0.09676057191845662,0.0991640177638831,0.14774411259572973,0.09051311911709026
2013-03-01,0.06958550156476125,0.013739262722601044,0.0734444791843647,0.08563786673800193,0.0394402006560298,0.18692904013289047,0.05910388069005978,0.03786405411770881,0.09639300507098236,0.09931845623396152,0.14775209706725062,0.09079215582138767
2013-04-01,0.07009345567042052,0.013800285391355952,0.07279535800103126,0.08411559413479773,0.038537517536769574,0.18470821996891063,0.06006056468529184,0.03842671090338944,0.09702361403957055,0.10168652284605137,0.14821331048225622,0.09053884634015495
2013-05-01,0.07168740699124293,0.014145528879206391,0.0713311997987211,0.08180297570682996,0.038915929049031045,0.1826678674976273,0.061530069119835835,0.03981498060243861,0.09817349555034391,0.10279914254622022,0.14826972894005358,0.0888616753184493
2013-06-01,0.06827840374443835,0.015146667750110709,0.0724885041462942,0.08148078140131085,0.038447955515180154,0.1858705799710574,0.05880425228033181,0.035901504357749185,0.09771452972474737,0.10126938630365105,0.154805648992855,0.089791785812274
2013-07-01,0.06720999072407424,0.015456613901057206,0.07123058880147289,0.07964054117633348,0.03798145347921966,0.18578873034926816,0.05760782125736498,0.03932492554586191,0.09788594976699554,0.10221368826101862,0.15551974873881338,0.09013994799851995
2013-08-01,0.06558658086249945,0.015979002800201925,0.07155671904469468,0.07949151803242516,0.03802131947950091,0.18617252026460115,0.05494869789274995,0.03901232357313628,0.09838263857085534,0.10470712680051504,0.15701594024807952,0.0891256124307406
2013-09-01,0.06484901806196151,0.01628050929696026,0.07219312415293831,0.08001310604720464,0.03835987637212939,0.19090220221128057,0.05470341531756663,0.038234966086165965,0.0968473156908066,0.10374492129354385,0.1546126710718921,0.08925887439755013
2013-10-01,0.06324430062564873,0.01670569552450592,0.07423154563724264,0.07874892151119632,0.03792907684253118,0.19091617158360633,0.05500279599367744,0.0371883626904988,0.09764952863814064,0.1042379792851967,0.15365754288546468,0.09048807878229058
2013-11-01,0.06375683887846442,0.016114164200431123,0.07432096439291239,0.07940495731646138,0.03839184399760579,0.1893355576902873,0.05584851006403675,0.03694255158103523,0.09872910203205834,0.10322584180544751,0.15267059138231673,0.09125907665894292
2013-12-01,0.06263383354455238,0.01589139577678155,0.07451295543663798,0.07760275985460174,0.038174667115041645,0.19023652043065858,0.05433244953974702,0.03514595815815832,0.09924957727354819,0.10470151383733761,0.15671538980584812,0.0908029792270867
2014-01-01,0.0624450175466693,0.015690207030731734,0.07562109767078622,0.07792996953692073,0.037717925031075794,0.19275978325950835,0.05497260337938653,0.03455572683925821,0.09697167385843239,0.10269178458690584,0.15682947586640647,0.09181473539391839
2014-02-01,0.060972620236692296,0.01564561915299745,0.07509591673737437,0.07518438440528223,0.0371946193233588,0.19657243151758802,0.05460358256313348,0.036645328884025774,0.09379288145429937,0.10793844463651789,0.1553912947969342,0.09096287629179631
2014-03-01,0.06039753821238549,0.016177275833162252,0.07553616892199841,0.07580077908486792,0.03754846369426842,0.1974652342020992,0.0536404029592652,0.03602854820865464,0.09447514018459127,0.10923317773892188,0.1534268608437403,0.09027041011604513
2014-04-01,0.06181895302047965,0.015910739826183292,0.07503568045882181,0.07720108515104405,0.0378207032933461,0.19541066791331396,0.05337559703198422,0.03675916633001792,0.09340152318512816,0.10589474923782559,0.15652559531729282,0.09084553923456244
2014-05-01,0.06272644875040656,0.0159618246343318,0.07549970144455952,0.08170205394832691,0.03827134339947914,0.19364207021539956,0.0534801200889535,0.03824112413544474,0.09262111775645461,0.10551165595605466,0.15079202380558443,0.0915505158650047
2014-06-01,0.06306299635856,0.015785116185201592,0.07503519993128992,0.08067662122997828,0.03800716319881182,0.19615538597509802,0.054716049375445004,0.03741849250182514,0.09174560931460023,0.10536354009703482,0.15035984190368593,0.09167398392846919
2014-07-01,0.06215190494172035,0.016972103656450174,0.07204662660293717,0.08253558244683962,0.03666026953294855,0.19651828577617078,0.057054897074706575,0.038819479016573795,0.09558869127053614,0.1036588465635391,0.14729946605988958,0.09069384705768803
2014-08-01,0.06070915299583983,0.016511911331740785,0.06999990547872742,0.08132119479938375,0.03630243844777492,0.2008495485832774,0.05856931805514588,0.037082256185550035,0.09567520573959125,0.10540856176804274,0.14730910653603435,0.09026140007889166
2014-09-01,0.061247852687258963,0.016676719273114808,0.0703343229932645,0.07976165280247098,0.03667909445040464,0.2009883675681322,0.056511342127421614,0.037310551106335715,0.09640406541361957,0.10647423243663963,0.14691512554827924,0.09069667359305808
2014-10-01,0.062231432107439276,0.015419267793112187,0.06941121485428756,0.07509862504069481,0.03708898167716127,0.20213487153900564,0.056859296718993056,0.036741326024709746,0.09714163112367645,0.10812553295241416,0.1491181524380076,0.09062966773049817
2014-11-01,0.06231076849126858,0.015558595355689465,0.06990164409824445,0.07020962113959574,0.036464468810322864,0.2003918682885033,0.05603368993632585,0.03822846984759389,0.09738189936794082,0.1117486755110179,0.15097766137343427,0.09079263778006287
2014-12-01,0.06374062121080046,0.015734996275397806,0.06969961443904377,0.06159160913183034,0.03653735168484242,0.20384305891837,0.05587421460138814,0.03735329538496686,0.10229143789535014,0.11183584736568718,0.1500677344470686,0.09143021864525425
2015-01-01,0.06219642660130873,0.015755556511798323,0.06956549705413395,0.06210314443052171,0.03675617714706524,0.20118602370918248,0.05478107915411587,0.038086163784804276,0.10360564784220504,0.11118290839573758,0.1535764396980596,0.09120493567106731
2015-02-01,0.06385074272429968,0.015573747041864644,0.06913465088802431,0.06146700757880262,0.036334356159155125,0.20036806308216032,0.05389977237109609,0.03984873376741052,0.10632147334591427,0.11623204467497383,0.1463800267988139,0.09058938156748471
2015-03-01,0.0634262454470078,0.015885853685830408,0.06918369575439422,0.060546450457126866,0.036364573415532626,0.20436978680138787,0.05548797592275328,0.0358502067266176,0.10582218385429067,0.11393924288510848,0.1488932856782665,0.09023049937168354
2015-04-01,0.06264270682641207,0.01604325458463738,0.06920139677000725,0.0600140471837087,0.03583395253746337,0.2023996236837694,0.055172880519715674,0.03626351345355738,0.10778991925592103,0.11309024471387377,0.1515580264532493,0.08999043401768474
2015-05-01,0.06285038271012477,0.015831605314813244,0.06821050019305928,0.06372337899801647,0.035425272325205544,0.20426463702332237,0.056672099337531597,0.036160561515002694,0.1049993841009197,0.11040677288439923,0.15178552801252396,0.08966987758508106
2015-06-01,0.0631586790319412,0.015308610471811875,0.06812746051470286,0.05958594271039047,0.03522863454174404,0.2053574786488156,0.056300579769228115,0.03549321536057379,0.10497265734278045,0.11346128830048838,0.15480664403698893,0.08819880927053436
2015-07-01,0.061444215350631,0.015195323968320988,0.06694253964424303,0.058385596178447526,0.03491956890998206,0.20126603137204777,0.05667564003491974,0.03663763889794901,0.10604204384911396,0.11442459088266826,0.16045434896568303,0.08761246194599352
2015-08-01,0.0615405120738562,0.014684122633646452,0.06466727307286847,0.052564959254484636,0.03369500313066171,0.20344480444291255,0.05468136250827777,0.03720216154382025,0.11003062824751753,0.11729706293979894,0.16192948807747642,0.08826262207467907
2015-09-01,0.06300361332235373,0.014599778503253504,0.06491332428925077,0.05380361691110995,0.033373505991920245,0.2039031736324492,0.05350448631004605,0.037942077948031804,0.11055688449119089,0.11418665183718314,0.16130782462832097,0.0889050621348899
2015-10-01,0.06440821190370674,0.014535311039763818,0.06398872408341426,0.052368804336704926,0.033094412296660956,0.20793420832764845,0.05385935805749427,0.038897477614619286,0.11181223916382113,0.10894663143714998,0.16115730947387233,0.088997312265144
2015-11-01,0.06393844492299601,0.014427890670793548,0.06434197565297678,0.05458894388948734,0.03424811099898747,0.2127925313096384,0.054389738454245586,0.03686186621945491,0.10886031121037264,0.10849988758419866,0.15798879014095374,0.08906150894589494
2015-12-01,0.06308043650238403,0.014657034083888552,0.06431115982017148,0.05474841758634122,0.03422257913573134,0.21396954845040275,0.05318935211149069,0.035334357434742135,0.10965203082891901,0.10781111510299463,0.16026224940817693,0.08876171953475738
2016-01-01,0.06501725104948444,0.014334788185820697,0.06358353738447198,0.05076160807009292,0.03455449202255483,0.21306649532661737,0.05189074914760553,0.03517618846565808,0.11245875059957042,0.11078786583240598,0.15951728718593075,0.0888509867297869
2016-02-01,0.06933593427061051,0.013210981757993456,0.06345659349087865,0.051726782366619456,0.03497453642732197,0.21321515321936346,0.055243508890884176,0.03920773578360909,0.11434831628444385,0.1058010642415086,0.15181995017556732,0.08765944309119954
2016-03-01,0.0701036068500606,0.013816591294282057,0.06435900281304385,0.050185348707097246,0.036093983388125465,0.21035528639067422,0.056102209443467846,0.0399446237542475,0.11500650171123705,0.10485664524094898,0.14765534260217253,0.09152085780464271
2016-04-01,0.06803445112400247,0.014310824335669107,0.06469703381435134,0.05217563955978167,0.03587674934141997,0.21373256216310088,0.05582110746508332,0.03996108357849993,0.11370535085727318,0.10210865090508654,0.14694780167671925,0.09262874517901237
2016-05-01,0.06777074724022844,0.014418847425898008,0.06482034004228684,0.056628813869847125,0.03616286163400967,0.2031463218679571,0.05562411756587758,0.03922290467412743,0.11229885567233597,0.106487008479875,0.15174618225971637,0.09167299926784034
2016-06-01,0.066945738515147,0.014098976004416622,0.06359090756535021,0.05541070949645239,0.03561203823997133,0.210170753070679,0.05226739620882369,0.039531387108206216,0.11156221851086276,0.10772435283516055,0.15322404363173872,0.08986147881319151
2016-07-01,0.07545899423258588,0.013353528194613442,0.06232141488286716,0.05808413116665024,0.035712145447863455,0.20485126455651814,0.058077591545804705,0.04284095572122651,0.10827239833682431,0.10721557626459771,0.14322353679290822,0.0905884628575401
2016-08-01,0.07263574964222001,0.013946323662864498,0.06289886343773454,0.05442532838200139,0.03528936384149299,0.21153272800602285,0.05691302030797228,0.04114893199436332,0.1082215525141285,0.10944560873382553,0.1434183890045418,0.09012414047283238
2016-09-01,0.07187438004817198,0.013941222365017807,0.06325628518175758,0.0549258429292549,0.035815459998721474,0.2141615716687991,0.054997257352410955,0.03934922365107527,0.1063505426148984,0.10552470964078402,0.14950164993482373,0.09030185461428483
2016-10-01,0.0701645630848395,0.013760487525038195,0.06216178666024182,0.05657261301613966,0.0357912009300933,0.21686037894652888,0.05544007296483888,0.039960277661327044,0.10598878354315636,0.10585996943270481,0.1477168267616099,0.08972303947348177
2016-11-01,0.07157157046298875,0.013503150763732968,0.06175729244802524,0.05611397437100281,0.03563188562764271,0.2191085437914378,0.05470158491554818,0.04000351152789012,0.10384215017143589,0.09994513204334811,0.15316157217108325,0.09065963170586412
2016-12-01,0.06564997529193886,0.01387613630191497,0.0643034058988332,0.05856378043619649,0.03444689988286791,0.2096241610985694,0.05575709533227912,0.0370985507438213,0.10347299927441665,0.0976850677022109,0.16561328932277672,0.09390863871417451
2017-01-01,0.06671420058928008,0.014173132528048162,0.0634591200608573,0.058789457198849225,0.03415442247059549,0.20718313352757414,0.05735957252495646,0.03768422228518446,0.10125711648203581,0.09660078473791983,0.1691586633370792,0.09346617425761994
2017-02-01,0.06667762967629362,0.01423945863937122,0.06393720703799155,0.0553243725045421,0.03475573288178686,0.2129170654780633,0.05793831970712445,0.03736471650078966,0.10061535076500419,0.09584247795963033,0.16685046289316532,0.09353720595623734
2017-03-01,0.06698645074697647,0.013881906087465118,0.06415460890823593,0.05199969224623504,0.035067438353498036,0.2156693163241235,0.056081874356282826,0.03624728743047284,0.10015915389746516,0.0988592170987084,0.16874031145621696,0.09215274309431974
2017-04-01,0.06732389022518503,0.01357373386304403,0.06395296332544859,0.05140947763301441,0.03535437598875522,0.21951317590395833,0.056622771609320506,0.03631285635859081,0.10082525767630804,0.09872668252992137,0.16449108773726143,0.09189372714919233
2017-05-01,0.06662092092883684,0.013591951332010348,0.06471810401363581,0.049483699314819045,0.03494574459452471,0.22285759381708461,0.05596682622252493,0.036072100266121086,0.10250569835906843,0.09857472006698817,0.1630160843675857,0.09164655671680036
2017-06-01,0.06804807686545473,0.01343770083329266,0.06490240033332807,0.047124458450439125,0.03484645406825116,0.22941358584989827,0.05470365561226359,0.036469274531841823,0.10299492311787979,0.09723916569067209,0.15933117978679037,0.09148912485988822
2017-07-01,0.06499473071196518,0.015196959375492309,0.06497852875757695,0.04917959849013974,0.03467982367785886,0.21929345507036754,0.05183788016200139,0.036635613124254035,0.0973901612984692,0.1031346189287249,0.16563879300705425,0.09703983739609578
2017-08-01,0.06019248000231063,0.014813732886906497,0.06551994948276312,0.049185816457321375,0.0347433875792748,0.22401427443392805,0.053542271370134294,0.037175807189941,0.09591017536245182,0.1023399408952929,0.16616832290985686,0.09639384142981867
2017-09-01,0.05904693414727137,0.014801634798521578,0.06527252923523921,0.04641686472402542,0.03510463903521253,0.23030717514527035,0.05214672089572644,0.037822739790319186,0.09365510372342689,0.10470913939137946,0.16372112997332872,0.09699538914027882
2017-10-01,0.057306206934284176,0.015302303642710367,0.06729977827348428,0.050576608735737674,0.02900041048462308,0.22754569974066705,0.050465903800340724,0.03634664194233174,0.09386141725413487,0.10493192138264947,0.1692111019126861,0.09815200589635065
2017-11-01,0.0561407085864034,0.015161063900578487,0.06825073803721068,0.04973114211874215,0.02854288223707389,0.2379174912670893,0.0463623456215523,0.03664894646090203,0.09436302015896673,0.09978959696067932,0.17087527599584929,0.0962167886549525
2017-12-01,0.056622937865456836,0.014645571602650452,0.06844101327038289,0.04928678560302082,0.028721225331794685,0.2331831189522072,0.046143881486365564,0.03632947430958966,0.0984766552119713,0.09919563381593344,0.17223239356733103,0.09672130898329612
2018-01-01,0.05705887956764503,0.014364920706408286,0.06943280255899567,0.051245524041368624,0.02894073388720126,0.23054583378714577,0.04771799175968697,0.03412389067901386,0.09992431320198043,0.09714497145442244,0.17196744772971304,0.09753269062641844
2018-02-01,0.05491581915060726,0.013943023557931368,0.069757958193169,0.04988736446019931,0.02714459191826514,0.23525045940226186,0.04639860454582666,0.0313879210172617,0.10341162229184825,0.09781893654761384,0.17267176443460575,0.09741193448040991
2018-03-01,0.053496540118793685,0.013596487788278122,0.06996319771724781,0.04599550307136015,0.026486272357927786,0.2439463383785191,0.04473994497671804,0.030998498686518345,0.102442111863569,0.09776376479297727,0.17445873456480845,0.09611260568328234
2018-04-01,0.05378914080129708,0.01314197650031394,0.0693554453908327,0.04858909836946736,0.027203435174749248,0.24230618733742854,0.0443340003798569,0.03269744627343294,0.10205022984261684,0.09701459190888526,0.17252176770451152,0.09699668031660771
2018-05-01,0.051216841154081115,0.013048253999830785,0.06665329274127707,0.05321164758279772,0.026280496773180083,0.24071652951084177,0.042968628883798245,0.03349174699686832,0.10558907052550766,0.09661507241073082,0.173878957030393,0.0963294623906932
2018-06-01,0.04959458183699772,0.013109862665218165,0.06695884183717307,0.05343066841746696,0.02581073659676815,0.25012536124328205,0.041391767934834574,0.032627983222770225,0.10373830255121158,0.09606235542840687,0.1700156667957503,0.09713387147012027
2018-07-01,0.04870300139239148,0.012775850074892204,0.06235363614725125,0.05351504940195215,0.031509529469217375,0.2522648649857887,0.04223044399211882,0.03429942754201721,0.10333991464957404,0.09812456944085883,0.1650200766351213,0.09586363626881665
2018-08-01,0.04779568413805562,0.012231478926201059,0.06401481448784294,0.05222403247249021,0.03169585243773881,0.2503616150116611,0.04180254628884499,0.03365012267268835,0.10330481486821783,0.10056549623154776,0.16653413702252054,0.09581940544219067
2018-09-01,0.04563606524657546,0.011747186882892792,0.061066842363841266,0.04883577655443315,0.030905293176513197,0.25899884309330307,0.041582185259115965,0.032707964068036464,0.1076956143379967,0.101382726304683,0.164698441118037,0.09474306159457199
2018-10-01,0.04568273395846661,0.011284394418822117,0.062471239165393905,0.05041007284082638,0.03050770696526988,0.25849021946346484,0.042280657490251526,0.03240664067737866,0.1081672425439675,0.10334298979324393,0.16077554051651582,0.09418056216639899
2018-11-01,0.04914166959315898,0.011855338559110376,0.05977720067727056,0.04741531716837626,0.02938103761330214,0.2554802417438064,0.04545328799283775,0.035119929671570384,0.10682398567750796,0.10202127023154033,0.16447011158241417,0.09306060948910477
2018-12-01,0.048660815963664596,0.01230965122476341,0.06046240290609301,0.04557598241985112,0.030546424294929434,0.24724004723437462,0.04602788406501187,0.03542792249882007,0.10816559683797312,0.10691338096150174,0.16423583420436783,0.09443405738864921
2019-01-01,0.04761631642245757,0.012008736627114143,0.060213816996076065,0.043882685259950545,0.0317102055751755,0.2504024822549105,0.046484312968947644,0.03728542032351433,0.10681252445323167,0.10852833866005691,0.16063031658709614,0.09442484387146877
2019-02-01,0.047130170329513985,0.01228119036365329,0.06207135577976994,0.04468782812056223,0.03084629533789774,0.252154353613652,0.04501866230201984,0.0359661920949899,0.10669298165622536,0.10515981140207926,0.16243638120694992,0.09555477779268655
2019-03-01,0.046176228240602704,0.01231645157101465,0.06335754022495496,0.04386826869571332,0.031058197937941446,0.2571345932676337,0.0449161872252102,0.035683834001564364,0.10401351373252747,0.10470197201762674,0.16124877652774255,0.095524436557468
2019-04-01,0.04725748134885052,0.011585659593376674,0.061410912743714005,0.04433291302798024,0.031347809339077416,0.2644981390906613,0.04142186316192579,0.03649512063915952,0.1064726307202824,0.10429777393627583,0.1555463069706448,0.09533338942805161
2019-05-01,0.046809505355558036,0.011487643464726674,0.061024434472544256,0.042689417812116985,0.03138418516188477,0.2686678349234741,0.04194416736902335,0.035374573337208746,0.10698446807106851,0.09694553633943036,0.15986609638525312,0.09682213730771112
2019-06-01,0.047462265563724244,0.010816214561825905,0.05897043744893972,0.040180743701472336,0.031084002565481727,0.26338761447958897,0.04374712725204317,0.037300891379550255,0.10791206990661402,0.10049589237306496,0.16193365030365398,0.09670909046404062
2019-07-01,0.04764913194872783,0.01138177660206474,0.05938020903192061,0.04160368186784285,0.029208876075937477,0.2625623282646571,0.045072389594783394,0.03770611026081471,0.10741567946544149,0.10181685014783953,0.15736711271653964,0.09883585402343065
2019-08-01,0.04793668562322239,0.01135009768830406,0.05854997691196873,0.0401160917203912,0.029880056914884434,0.2663615706093611,0.045282247096304164,0.03692335217621038,0.10745434107559608,0.09824239740222056,0.16055481838441418,0.09734836439712263
2019-09-01,0.048555117465202566,0.011110935184716293,0.05872772529688838,0.03620638770747589,0.030447212273185236,0.2660013048441787,0.04670647786397309,0.0391233293064265,0.11045802062758207,0.10020274210341154,0.1566660417741505,0.09579470555280922
2019-10-01,0.0484705074748556,0.011328239245020678,0.060371644434308584,0.03699788927476178,0.030870274399173777,0.2656440598422305,0.0464959951089722,0.03999267512087982,0.10975418376056477,0.09777162957751821,0.15831991543798626,0.09398298632372776
2019-11-01,0.047495839687852606,0.01185949430053381,0.059540422625410774,0.03544911621624347,0.029601801299803457,0.26855905797296886,0.046312511421493986,0.03857117876311779,0.10820107043925702,0.10009058962927804,0.16018342141125252,0.09413549623278755
2019-12-01,0.04679037706718258,0.011776091883052371,0.05989342119401663,0.03439272219423108,0.028811043470678463,0.27285979909622593,0.04584900390751071,0.03632150155014085,0.1066337120815596,0.09916586093007729,0.1632277327818753,0.0942787338434493
2020-01-01,0.047021907657781345,0.012053283182663185,0.05885654385297297,0.03555978369772247,0.0286505202583724,0.2759420267362916,0.04479674794389765,0.03676320464725163,0.10519749336545188,0.09972378735786526,0.16196432066033403,0.09347038063939567
2020-02-01,0.046911568235163174,0.012807059121853703,0.057301569569216004,0.031325688342534526,0.027829379029801555,0.2859539325110525,0.04373404873014298,0.03858583034070561,0.1063843837188254,0.09735338665721896,0.15755565227513124,0.09425750146835442
2020-03-01,0.046648629993340934,0.012934057405327787,0.056944782566569485,0.028635109590585826,0.027621642246350886,0.2893500556507433,0.044722055686958494,0.03774583850787172,0.10807193813767837,0.10027193552145319,0.15305743080067666,0.09399652389244338
2020-04-01,0.047644112115203,0.011530972399600206,0.05230952994904747,0.02163712311427127,0.028706138959739353,0.30151208051972855,0.04443100181465188,0.03779598821194327,0.11477233703853944,0.10979764830834796,0.14073304014966137,0.08913002741926632
2020-05-01,0.045359894245648076,0.012793280956715902,0.05091853758125599,0.025305270415712802,0.02834727039785894,0.3045973654676407,0.04140631292170259,0.03497577572592125,0.11992833899101074,0.10981490890034,0.13907351834115467,0.08747952605503836
2020-06-01,0.04440592272370446,0.012770487088915898,0.05139859016077061,0.023900354668645523,0.028167252111481782,0.3111826831515211,0.04124036544371079,0.03462344947986551,0.11895541778790455,0.10850978563956702,0.13666092463140148,0.08818476711251128
2020-07-01,0.0429209201891262,0.014435969199348966,0.052544438696900626,0.02298071566810522,0.028207089321803012,0.32210208136921864,0.03973842491583633,0.032382440483356284,0.11969207986305622,0.10895339361608575,0.12967912716102273,0.08636331951614
2020-08-01,0.04297355885110392,0.01621238885253729,0.05117758321928257,0.020686204022527795,0.028605244395031214,0.32556695803829006,0.03931487226544973,0.032448045373613024,0.12389331012430503,0.10741311388502456,0.12483169347283804,0.08687702749999678
2020-09-01,0.04173177468967368,0.021263177043899986,0.050778577872053164,0.0188270128660413,0.02790359592555554,0.33491196759636516,0.038634488325444936,0.02939277755093859,0.12449783169987193,0.10220590590330891,0.12152821507492231,0.08832467545192452
2020-10-01,0.0422374232705471,0.02009699052382223,0.052579023881870156,0.01662339735240126,0.028998220498211442,0.32946745202770256,0.039349309859680937,0.030344635684564556,0.12429324694225512,0.10450624028596188,0.12087944338569095,0.09062461628729172
2020-11-01,0.04208933642200461,0.019921723178378627,0.05328816237791764,0.016129109152681148,0.029431180048252202,0.3314459778003471,0.03854545114926203,0.032441702356477524,0.12389715529228675,0.10098202073998866,0.12169654880565198,0.09013163267675187
2020-12-01,0.04122645770392467,0.023789003388444783,0.05554704063308298,0.018275904223603007,0.028407538750975264,0.32719514521574977,0.03935750042365753,0.02959700447092316,0.11959612701679852,0.09850398652182539,0.12613290006795813,0.09237139158305678
2021-01-01,0.04125342130390907,0.026273366685224078,0.054663769889016035,0.018487906807532647,0.02765966847471934,0.32904809015785824,0.03936515158172213,0.028427225260218885,0.11540616574981127,0.0986335158455131,0.12888782417815658,0.09189389406631866
2021-02-01,0.03969121747469065,0.029415400434956513,0.054097345255034075,0.018850288014109595,0.026575060813454742,0.3322018402322395,0.03794836491965336,0.028390234979666692,0.11526504575898223,0.10214698932123321,0.12545837496510806,0.08995983783087147
2021-03-01,0.03909734436167123,0.026288701601174972,0.05669255115598575,0.02244799353012838,0.025976432849607548,0.32700653573148714,0.03847996623541722,0.026240558882723822,0.11017648309682482,0.09791023089344061,0.13494526918586772,0.09473793247567061
2021-04-01,0.040384697087784215,0.025667834732294448,0.05910602692094625,0.022192211119125962,0.027005820261470238,0.31909294635528823,0.037844644854838426,0.027936761195687627,0.11264597086229712,0.09451597821668893,0.13803613254715974,0.0955709758464189
2021-05-01,0.0397379766864623,0.025532833255242415,0.057616300295248064,0.021297427410094598,0.026342329248041536,0.3226801282148217,0.036989745826747904,0.027640062935150176,0.11475288531932994,0.09219479427444977,0.13942829836869317,0.09578721816571856
2021-06-01,0.04039940005239624,0.02412122457346775,0.05910861808392662,0.022389053557769958,0.02688182165692999,0.3186537752103653,0.03672462396321571,0.02717494899448834,0.11197114565792923,0.09177625828995568,0.14340761049724826,0.09739151946230698
2021-07-01,0.03822832236510668,0.02502340553485464,0.056754681623197294,0.024355634025248936,0.02487488046924231,0.33100868127295874,0.03495513461101939,0.025721760716250666,0.11055534973687985,0.09596741566112611,0.1350735329587167,0.09748120102539884
2021-08-01,0.03788473363674474,0.024511516524962654,0.05654816648069597,0.021973552946742827,0.02514595496662425,0.33872381315443206,0.034517069972309765,0.026149450432913165,0.10951637283612528,0.09652311178128022,0.13368834196194926,0.09481791530521978
2021-09-01,0.036748152673558764,0.02428243511599242,0.05530705777481264,0.020980763410543814,0.02452062184553253,0.34400048505697595,0.03404175082708861,0.02618397984395741,0.10909856097210842,0.09654658794362442,0.1336989104013557,0.0945906941344494
2021-10-01,0.03654256792571686,0.026136228114040705,0.05424444442492441,0.024378509907623157,0.024334726049744702,0.3379743581694536,0.03361411795872893,0.026007859488812925,0.10911433782018423,0.09484489623400225,0.13760138545205206,0.09520656845471628
2021-11-01,0.03557977385073556,0.032063638595504686,0.053188688975477016,0.025029510020443287,0.02418807291369911,0.34277139354590563,0.03008022605099403,0.02563873351658255,0.10769478119774929,0.09097314760465243,0.1380733940923897,0.0947186396358667
2021-12-01,0.034728762348476314,0.033276867667806284,0.0533037570597362,0.023860135895818622,0.024644240601624023,0.3535996506586724,0.028379396225141313,0.025470246355366315,0.1110870929847147,0.08818036674257905,0.1322933776801464,0.09117610577991837
2022-01-01,0.036173180860732686,0.03052136410739603,0.05374510761395471,0.023759670903262534,0.02611317082922803,0.34826038069047627,0.02858871366867035,0.026721599673173023,0.10920169762358492,0.09093687501172819,0.133982516676198,0.09199572234159524
2022-02-01,0.03823683980674904,0.029129008757629304,0.05401187513088177,0.029689390351419542,0.025960783080456146,0.33956322282620377,0.02968889110455348,0.027816312788107762,0.10594358589121405,0.08816756318186726,0.1410548707627463,0.09073765631817156
2022-03-01,0.03899841493183963,0.02777393733702298,0.055232035931234914,0.03279474531961305,0.025687559280796315,0.3313290718447807,0.030534984295882302,0.02811871385375935,0.1069650682679572,0.08946437454225395,0.14195126168141636,0.09114983271344329
2022-04-01,0.03782306219634574,0.031030188252759328,0.0542297244312406,0.03490534471797054,0.024923517451896814,0.3318704381752489,0.02892892519559679,0.029879705556919194,0.10687251824093129,0.0910630715866655,0.13612549310484176,0.09234801108958343
2022-05-01,0.04261538477788104,0.028356603493286694,0.055005022775470674,0.03803298922351755,0.02752263787818607,0.32011311666049,0.02811905403408124,0.03172111934843287,0.1063904180718799,0.09351013326443303,0.1377719887411729,0.09084153173116778
2022-06-01,0.042089482691054246,0.025908916530973783,0.055108020301487246,0.04385767070331127,0.027360848842787992,0.3140755189481131,0.030695008197966035,0.0332766847350497,0.10241018314206358,0.09463139893852045,0.14209103838006562,0.08849522858860705
2022-07-01,0.043662512010307825,0.026625398176041995,0.05305538441161605,0.04008465429535496,0.027232109169524184,0.3156806164338871,0.03055068547480221,0.033687048618751506,0.09816474550838254,0.10463368759531688,0.13954899362453904,0.08707416468147572
2022-08-01,0.04140141683559488,0.031045357251130116,0.05358808449879596,0.040434640291364336,0.0254613366767555,0.32179592895678083,0.027638039761162816,0.03264263113026989,0.10280465394636643,0.09804092353793344,0.13669568665842136,0.08845130045542451
2022-09-01,0.04220214831804152,0.03030272005571519,0.05312557733371751,0.043154685898959995,0.02599846385143657,0.3161867192165443,0.027887796098232078,0.03383727839724365,0.10334185923033873,0.09652399164952787,0.13876894223054723,0.08866981771969532
2022-10-01,0.042387736221421515,0.031205331267586706,0.05149504353411024,0.042998544220028155,0.02549113572057823,0.30775401985324785,0.0264681353457514,0.03287581406376751,0.10517354858904557,0.10424341269800591,0.14087135386873606,0.08903592461772092
2022-11-01,0.043235162286256096,0.027044602529667255,0.054841408780133646,0.049251202103466896,0.025215809882100808,0.29826221717267404,0.027007734680795748,0.03152097247202225,0.10163530137422695,0.10484508165812093,0.14681528264340374,0.09032522441713181
2022-12-01,0.0432222984133507,0.023676232770454594,0.05678318729864981,0.04656580257078387,0.02643305779637272,0.2996246787499014,0.02635809928611746,0.03203536820283881,0.10060097345347069,0.10530695639230797,0.14667366968929144,0.09271967537646059
2023-01-01,0.04472598904875788,0.018136291166312192,0.059027716588804104,0.047430949883611226,0.027554222629497555,0.2938477938857048,0.026199645255223603,0.0336487484928167,0.09874285339129343,0.10984937804221816,0.14742884042095103,0.09340757119480947
2023-02-01,0.04168332086888879,0.021904246185525212,0.05922668650550281,0.04560595294936254,0.026516807559219268,0.3011692365876017,0.027697727142690764,0.031073596492046763,0.1013784289841884,0.10145507415898754,0.14659125631603895,0.09569766624994733
2023-03-01,0.041771577753952925,0.02482125052415086,0.059946724889896795,0.043290526111912926,0.0261617133805244,0.3077318122928624,0.026540525617847487,0.029912486701329847,0.09895241078647905,0.09915864941626339,0.14632901394160577,0.0953833085831742
2023-04-01,0.041752648460372126,0.02401877549130818,0.05809098361013307,0.041861669072266565,0.025861651763422693,0.3312859226506849,0.025825036277833682,0.03020265473405425,0.09941408293526402,0.09875548859861452,0.12924242949902895,0.09368865690701719
2023-05-01,0.04265934165740733,0.020154030445005466,0.056371741113816855,0.042538195921561266,0.026227389087827662,0.32908599800648347,0.025702052036634993,0.030398933020359706,0.10067296577609534,0.10169247742107228,0.13037370415365068,0.09412317136008506
2023-06-01,0.040155925282966055,0.022779819726180015,0.05353863811058004,0.038070473628398466,0.02385429146816736,0.35534868750912796,0.023184859160805843,0.028376508248882756,0.10057652803338707,0.09714841097744892,0.12471013234687985,0.0922557255071757
2023-07-01,0.03838243508328602,0.026907867194017526,0.05610483352610513,0.036761752585693766,0.02451333629857989,0.35204756543494103,0.022450697833119353,0.028344144037799654,0.10146536823680602,0.09754324327939422,0.12294401058580863,0.09253474590444861
2023-08-01,0.03790285568530286,0.026693200556207535,0.05609737169750666,0.03814201291039516,0.02404661360470599,0.35435779789798466,0.02176393932231671,0.028080377238505875,0.10017493847579703,0.0937981223334466,0.1261837420002747,0.09275902827755635
2023-09-01,0.03718091801498433,0.026071680804928107,0.05587155180649265,0.03937003797710321,0.02384056348553424,0.3558071094192385,0.02226675952434277,0.027013303859148557,0.10160519298625917,0.09536620833931439,0.1238898116108253,0.09171686217182876
2023-10-01,0.03714733931203394,0.026715549606261206,0.05442346392629483,0.04260437842818498,0.023409564461546194,0.35148086837181447,0.022635737955124864,0.026912873411803557,0.1008166323075187,0.09533355817774086,0.12745667207475292,0.09106336196692329
2023-11-01,0.036845973949629775,0.022587605204826743,0.0543884960547389,0.041207674382791964,0.023518957157549907,0.35377767921333303,0.023138280589609032,0.027970918226582254,0.1042574369625021,0.0935837546142108,0.12879139243308949,0.08993183121113608
2023-12-01,0.035298714514197506,0.024014473269117313,0.05465212278574284,0.03694589993575621,0.02290312150186401,0.36184724385583744,0.022721397490168178,0.026882088781123185,0.10244465165582842,0.09075542331480498,0.13011022641816197,0.09142463647739794
2024-01-01,0.03470622859996043,0.024333601670474023,0.05601059709300018,0.035190826781526956,0.02241883376897009,0.36019725776581357,0.022106698823864693,0.02597334489239692,0.10308885877671299,0.09135281771806618,0.13197614627785054,0.09264478783136339
2024-02-01,0.033631038329289105,0.019750532762048762,0.05435226281692898,0.03474441827406212,0.0221620504956143,0.3673868593592776,0.022694100454290402,0.02487966283052111,0.1031658545820234,0.09327633324972615,0.13133149216479972,0.0926253946814183
2024-03-01,0.032385832846983174,0.02007553065528497,0.054733156081314294,0.033830665140884814,0.021689225179664297,0.37025689095026904,0.020953789787364042,0.02407626849922708,0.10719845196326078,0.09241849383821028,0.1289947357112154,0.09338695934632184
2024-04-01,0.03215348400693732,0.018385091921668085,0.05549033185899826,0.03614142513650018,0.021846755276255292,0.36701909096991125,0.020951284034113112,0.024926224127152913,0.10668631217348384,0.09124281086714309,0.130979749334894,0.09417744029294259
2024-05-01,0.03310233960547188,0.019019247091710254,0.05548918467783378,0.03744751872008681,0.021996412077692325,0.3664933261930381,0.020334460524572183,0.02640814954982821,0.10611491943703928,0.08958107928138702,0.1308901880670646,0.0931231747742755
2024-06-01,0.031976056545634665,0.01804286798902358,0.05494442240336037,0.03424700911061579,0.021434383337746714,0.3792274397670477,0.020176029353661223,0.027203321142776828,0.10394745047180753,0.08800596099085034,0.12941495597195352,0.09138010291552161
2024-07-01,0.029912668497790593,0.018479727810572385,0.05025547213338601,0.032882385776115075,0.021166643261356265,0.39220396484153563,0.019226337133521013,0.025719294409563023,0.10655388131274139,0.08860475675302588,0.11569775918025915,0.09929710889013355
2024-08-01,0.03085182107806747,0.02030758925493619,0.051210970260297105,0.033001058960632094,0.02112225784757664,0.3792226733522552,0.019537211463577633,0.026816751607705473,0.10544224569749042,0.08782399241197708,0.12248000742897783,0.10218342063650698
2024-09-01,0.03146963175544501,0.018877270744370407,0.05036490465883437,0.031223994659473137,0.021654634695052914,0.37686253306217615,0.019387589907249446,0.0273769793035401,0.10471309229570908,0.0913572228682446,0.12293300537426316,0.1037791406756416
2024-10-01,0.030981290743404187,0.02114159135519493,0.05063648439466637,0.029599302158338735,0.0216432820169922,0.38027593112947927,0.019923488874245603,0.028216702820740888,0.10636870250377835,0.08781342224578804,0.11968819581217098,0.10371160594520042
2024-11-01,0.03034550622923757,0.02063073784252447,0.049047248898679334,0.029492505292682172,0.020683685828442187,0.3821500981733439,0.020436832251911903,0.028597546493253842,0.10589342940799161,0.08556182673512314,0.12360767858154463,0.10355290426526517
2024-12-01,0.028824713855313985,0.025072373109676954,0.049045859839910395,0.029003129076205662,0.020337820824180973,0.37581442498554835,0.020900933423257714,0.028351220835949875,0.10906674767632145,0.07961703744330131,0.12959136224641202,0.10437437668392129
2025-01-01,0.028049833312676214,0.028622858094801158,0.046624492312853885,0.027185926063881097,0.01920291979718373,0.392634368632135,0.01979475961229695,0.026649126599098433,0.11020305523232497,0.07732043281632431,0.12345707426655736,0.10025515325986681
2025-02-01,0.027374100574015205,0.027892269669126172,0.047290779786411746,0.02669873510402244,0.018888827630771106,0.3818118910715725,0.019363958177679528,0.026594479399127135,0.11409243739407214,0.07961420817249715,0.12861370393785485,0.10176460908285007
2025-03-01,0.029531562876907516,0.021995928076483758,0.04686945784372952,0.027944995599167393,0.019504991394659745,0.37482122764749237,0.021650112867244577,0.027613287226675665,0.1122807325981398,0.08408234000003648,0.12913607146213574,0.10456929240732751
2025-04-01,0.031420625380714676,0.02110067592745439,0.04735970700704838,0.030904333038154166,0.02008518062242386,0.36239202124532893,0.02276630290071537,0.02959732193892363,0.11077042233309527,0.08584107063859808,0.13074358433654165,0.10701875463100156
2025-05-01,0.031398043597469,0.022499451685933237,0.046773382040245635,0.026746089819199723,0.019371882265821636,0.3689366575971578,0.021689197466795047,0.029370251862639793,0.11238303008489599,0.08544570174263252,0.12696450305037063,0.10842180878683907
2025-06-01,0.029913871014144118,0.025170781736338278,0.047614064860966275,0.025455683372962706,0.018849638021457872,0.38453556886438783,0.021199715092266834,0.028499690472841236,0.11160424457941831,0.07713781291881418,0.12366122062225103,0.10635770844415131
2025-07-01,0.028078523693657646,0.022520177646687553,0.05266595837591719,0.025998867355870734,0.017313035244044817,0.398676960639067,0.020649942598305798,0.027286102945028166,0.10945531983187506,0.07517512186040745,0.12434178644351856,0.09783820336562003
2025-08-01,0.026973856782802393,0.02180957106537961,0.05331986759937882,0.025574799009226202,0.01650063794692414,0.41174479885549986,0.0194543359193061,0.027608547436519814,0.10953006550915452,0.07241036283989298,0.12084986943601993,0.09422328759989569
2025-09-01,0.027204699589985438,0.023069837256998297,0.05244506577765364,0.025955533968710226,0.016817524806774974,0.40706076332997465,0.01959927754300764,0.026509950120743402,0.10795059700279118,0.07413893107064169,0.12316013552740414,0.0960876840053146
2025-10-01,0.025179232885061516,0.027858949180834716,0.05294053182824434,0.024854730259715966,0.015574575570876452,0.4206070334720937,0.018704681413318953,0.026554578399002663,0.10281954683826014,0.07295171588624648,0.12002537296938248,0.09192905129696263
2025-11-01,0.023756407087407498,0.02795241172764505,0.0540550162678601,0.024097219123731552,0.014747181203775113,0.43431238691572965,0.017139115825569297,0.02607065272229104,0.1022889887937084,0.07426513007734889,0.11429583692249372,0.08701965333243983
2025-12-01,0.024976509674654757,0.026887343023155125,0.053525725097415544,0.02448992666194043,0.014971968081697167,0.42255598004078165,0.016863924837895294,0.026698251271850243,0.10246602800926091,0.0821623142186496,0.11583066068324047,0.08857136839945884
2026-01-01,0.02418119804462349,0.02810434514121292,0.05480341552337982,0.024312116181324894,0.014654986625444361,0.4204756060901021,0.01749443633962538,0.025488214514467568,0.10118213332881777,0.08092657205063014,0.11996559196412593,0.08841138419624577
2026-02-01,0.02553060680232236,0.027090932034097,0.06013441372313675,0.02728541803455381,0.01572244548706723,0.41181323938145553,0.017618180952067682,0.025890079503522092,0.10491805560714974,0.08014501854173232,0.1163350800026199,0.08751652993027562
2026-03-01,0.02759968827732313,0.026086716374339278,0.06490788851737228,0.0297975900517311,0.017161770293728146,0.39548858755408306,0.018501300824668682,0.028622293264530748,0.10406319367844771,0.08446561162494982,0.11154555107272199,0.0917598084661039
2026-04-01,0.02655435845779756,0.025255299517600176,0.061599117978217,0.035377726788656035,0.016424102038523996,0.3963728810163055,0.01891339882819617,0.029457125789131913,0.1047402716223656,0.08241031060156785,0.11310139560938799,0.08979401175225034
2026-05-01,0.024765962071939065,0.02371977297146472,0.06106250397617958,0.030816125460051195,0.015182641410073966,0.4244039276529838,0.01671324563521272,0.027311332214797555,0.10638671975940829,0.07283785343434897,0.11200133700712495,0.08479857840641515
2026-06-01,0.023535093745899103,0.025304608896575514,0.06107884277412327,0.027101817457913034,0.01415921544744296,0.4526557097468699,0.015678045219275814,0.024618679066394377,0.09836509498240496,0.07114947820950743,0.10571818084476226,0.08063523360883146
2026-07-01,0.024679986621039655,0.02894556027186383,0.07349211002328535,0.026104813776827437,0.014040620245852646,0.43189630703692633,0.013971529602745328,0.025884016114353734,0.09405714043914341,0.07734544626130366,0.10964311708351843,0.07993935252314005
