date,HHI12,top_industry_weight,BusEq_weight,top_industry,effective_industries
1926-07-01,0.1265897765322423,0.20976813149813997,0.051997853256686766,Other,7.89953207434015
1926-08-01,0.12495887897861774,0.2077278546749321,0.05207971683796572,Other,8.002632611413826
1926-09-01,0.12584948279859387,0.21062261962726006,0.051775192026789346,Other,7.946000076936137
1926-10-01,0.12461143012690198,0.21103074160351337,0.051251187070159625,Other,8.024946018046807
1926-11-01,0.12516714522386962,0.21111430294810637,0.05002788163492911,Other,7.989316990584347
1926-12-01,0.12432961077714418,0.20971472407723907,0.05123149066532553,Other,8.043136254905999
1927-01-01,0.1250663315788938,0.21097796166999122,0.048846535348484856,Other,7.9957570304937295
1927-02-01,0.125931955231605,0.21380610782052256,0.048466707787288094,Other,7.940796267006829
1927-03-01,0.12554004596559065,0.21511196067168625,0.04868031680916227,Other,7.965585740458392
1927-04-01,0.12473471872423356,0.21661297829104553,0.04850049110996263,Other,8.017014109847183
1927-05-01,0.12383924541445997,0.21698364103872705,0.05126642746867343,Other,8.074984603251112
1927-06-01,0.1240516108159845,0.2178797683391278,0.05225417615490677,Other,8.061160942790002
1927-07-01,0.12295490596794614,0.20997301992316245,0.0443913010985726,Other,8.133063029308452
1927-08-01,0.12131773486184333,0.20670409641718773,0.04698171824556785,Other,8.242817928794997
1927-09-01,0.11935978159563732,0.19987708219249198,0.049083391526709506,Other,8.378031415873089
1927-10-01,0.11874743831545542,0.19895795610801018,0.04706756447963953,Other,8.421234295122021
1927-11-01,0.11852498945383348,0.19850364517437846,0.04559718855845534,Other,8.437039350165973
1927-12-01,0.11769820068859985,0.19564807567864112,0.047752707839309974,Other,8.496306605788742
1928-01-01,0.11757443466344511,0.1931849226489552,0.04747587227027628,Other,8.505250336627036
1928-02-01,0.11685245974454117,0.19169891833535135,0.04754683036375806,Other,8.557800171140304
1928-03-01,0.11619428428727877,0.19053424967099578,0.047926409400880006,Other,8.606275309787183
1928-04-01,0.11501639436393588,0.1850813883006005,0.05385468636117116,Other,8.694412701164943
1928-05-01,0.11536196688164232,0.1835031746619587,0.052952705710239946,Other,8.668368154870036
1928-06-01,0.11427084107923731,0.1807658314392264,0.05324029396134832,Other,8.751138878085122
1928-07-01,0.11243572222104953,0.17435101678469694,0.05308887213659598,Other,8.89397053041552
1928-08-01,0.1122102092306607,0.17195139221231734,0.05269000764534,Other,8.911845070570964
1928-09-01,0.11115309095250413,0.1682128221157186,0.05494990943626077,Other,8.996600917083821
1928-10-01,0.11151233487093418,0.1647545408047118,0.05387662761676579,Other,8.967617807997769
1928-11-01,0.1114603921319959,0.1611449809573306,0.054227373973449795,Other,8.971796894593368
1928-12-01,0.11067802294577408,0.16065761776473653,0.05907625358156298,Manuf,9.03521741158986
1929-01-01,0.11058098256798281,0.16519609395657775,0.0634949336778398,Manuf,9.043146269614864
1929-02-01,0.10941132765126825,0.16830811534049994,0.06751823984647669,Manuf,9.13982145603192
1929-03-01,0.11084425780773749,0.1764348281362076,0.06672380754805567,Manuf,9.021667155140578
1929-04-01,0.11085802803002631,0.17497533219108624,0.0689548581318803,Manuf,9.020546529378516
1929-05-01,0.11019562441405961,0.17486376143245122,0.06909984489305941,Manuf,9.074770484919656
1929-06-01,0.11006883624122354,0.165937216939565,0.07406526999009325,Manuf,9.085223703178166
1929-07-01,0.10978472910629283,0.18030572800957476,0.07415805349264476,Manuf,9.108734959229228
1929-08-01,0.10944055134794536,0.17690006918887488,0.07777421812533147,Manuf,9.137380867359584
1929-09-01,0.10954560794707091,0.17701259983881643,0.08078744078468887,Manuf,9.128617922164159
1929-10-01,0.1098047437373675,0.17342058290049786,0.07818961494521055,Manuf,9.107074666936192
1929-11-01,0.11350350429545057,0.1789002005265906,0.06877600318842834,Manuf,8.81030067051491
1929-12-01,0.11493168559093271,0.17605464048165842,0.06313129608324898,Manuf,8.7008207950523
1930-01-01,0.1135249019285084,0.17396158237807846,0.069684757505546,Manuf,8.808640069380933
1930-02-01,0.11317531261634779,0.17467565672672616,0.07311352733605038,Manuf,8.835849240283462
1930-03-01,0.1134158416380789,0.17458060909563938,0.07654709577226526,Manuf,8.817110427933853
1930-04-01,0.11295228114426553,0.17171980402326312,0.07677532593949522,Manuf,8.853296187287926
1930-05-01,0.1115130190927815,0.16133717958731578,0.08001752935669254,Manuf,8.96756278446713
1930-06-01,0.11122682146693022,0.15976018229244873,0.07762142686169433,Manuf,8.990637211522927
1930-07-01,0.11131926866132182,0.1615988867823104,0.0718645454555728,Manuf,8.983170766620862
1930-08-01,0.11082914421396206,0.16131536385408188,0.07191435695317636,Manuf,9.022897425513296
1930-09-01,0.10991746869824426,0.15894344068914185,0.07332631675617066,Manuf,9.097734981009195
1930-10-01,0.11052789238425184,0.15667337558953406,0.06767375609560715,Other,9.047489990340948
1930-11-01,0.11147697157034517,0.1588617168571631,0.06099466665014266,Other,8.970462562027631
1930-12-01,0.1104647409410208,0.15824628650840664,0.06081934129190018,Manuf,9.052662338056981
1931-01-01,0.11038093473971977,0.15375861068728713,0.058574758032874624,Manuf,9.059535529011582
1931-02-01,0.11057375989657141,0.16043269149997916,0.058019930183244015,Other,9.043736967390645
1931-03-01,0.10927515411162629,0.15443215983786202,0.06490546801205452,Manuf,9.151211070162246
1931-04-01,0.10909766579072858,0.152872966407985,0.06370280826443465,Manuf,9.166098951357975
1931-05-01,0.10855086456059695,0.15180469906192562,0.060547816957484346,Utils,9.212271169353649
1931-06-01,0.10732239553294806,0.1553737256573477,0.061360755061597716,Utils,9.317719708306354
1931-07-01,0.10484713405368777,0.1477930995993153,0.060925838289331416,Utils,9.537695131351349
1931-08-01,0.10374630512235537,0.14973319506296007,0.058360161505046755,Utils,9.638897489608224
1931-09-01,0.10297454947133947,0.14920395939864442,0.06044214744818071,Utils,9.71113741340841
1931-10-01,0.1038949724921346,0.1352964422191574,0.056727695207685405,Other,9.625104815112255
1931-11-01,0.10240499268549384,0.1314703203995802,0.05840741708075321,Utils,9.765148883621324
1931-12-01,0.1027051919928907,0.1375838176627995,0.05516096686930598,Utils,9.736606111103132
1932-01-01,0.10260409496186895,0.14188764699160616,0.054775872917129945,NoDur,9.746199704520885
1932-02-01,0.10393384255501367,0.1465237669310514,0.048491407857173485,NoDur,9.62150513650725
1932-03-01,0.10388826226260262,0.14643149162672123,0.04973190908552512,NoDur,9.625726508662346
1932-04-01,0.10551506773999594,0.153439707118068,0.04684309554377558,NoDur,9.47731941436214
1932-05-01,0.10951251908298018,0.1657509665723218,0.044429475145328724,NoDur,9.13137610543208
1932-06-01,0.1119797516369448,0.16377297335918495,0.03937826190035432,NoDur,8.930185907557203
1932-07-01,0.11229709666110863,0.16445277946619621,0.04277546340908978,NoDur,8.904949724727173
1932-08-01,0.10898881260421829,0.1533635949181294,0.047962223262790246,NoDur,9.17525364398085
1932-09-01,0.10652401653867809,0.13997411190196027,0.05205871047571531,Utils,9.387554398466634
1932-10-01,0.1052869582843374,0.13968181997397783,0.050444686016187804,NoDur,9.497852500396158
1932-11-01,0.10761240102031414,0.142275802266254,0.04616948514009009,NoDur,9.292609313783721
1932-12-01,0.1070681045001085,0.14454071628096268,0.04492480159831289,Utils,9.339849665490124
1933-01-01,0.10665216680705354,0.15172227396899213,0.045044260240834674,Utils,9.37627457498467
1933-02-01,0.1063846964304438,0.14339761865574122,0.04453836186756245,NoDur,9.399848225856598
1933-03-01,0.10864403131077163,0.15384625474588173,0.0415860246612052,NoDur,9.204371265822624
1933-04-01,0.10841955327278276,0.1641454172962045,0.04364595799890643,NoDur,9.223428522012147
1933-05-01,0.1065083248695811,0.1584515237606168,0.04922066359045216,NoDur,9.388937449016261
1933-06-01,0.10561046727402491,0.15352487123705683,0.04879003346537045,Manuf,9.468758408248723
1933-07-01,0.1052558936832807,0.15575502476460942,0.04838987778284902,Manuf,9.500655640329661
1933-08-01,0.10564555244060224,0.15123609447538203,0.047418910727196555,Manuf,9.465613808610033
1933-09-01,0.10638544626206416,0.1546461994011557,0.04804347731466244,Manuf,9.39978197334111
1933-10-01,0.10798544477309523,0.15433586908777203,0.04390088388186854,Manuf,9.26050730356534
1933-11-01,0.10798798437129015,0.1514223759849425,0.04308847035930225,Manuf,9.260289520376135
1933-12-01,0.1079062924857923,0.15457964305123997,0.04459775001868537,Manuf,9.267300145000043
1934-01-01,0.10748418869805643,0.15915462327898014,0.04419829734673137,Manuf,9.303693986184243
1934-02-01,0.1065508117033519,0.16193622550650363,0.04595669974736579,Manuf,9.385193636854686
1934-03-01,0.10592320140268784,0.16090707987086242,0.0437516303114276,Manuf,9.440802267657148
1934-04-01,0.10551088436911887,0.1595870599791571,0.04556836394012696,Manuf,9.477695177888982
1934-05-01,0.10597007849956674,0.158811541163309,0.04474932572479164,Manuf,9.436626018957686
1934-06-01,0.10607945005039468,0.15179428010347398,0.04445914112971634,Manuf,9.426896533918065
1934-07-01,0.10610086166827948,0.15288480661824141,0.04514387996956543,Manuf,9.424994144971828
1934-08-01,0.1064995020299637,0.15173153251598162,0.04372682495107917,NoDur,9.389715265698138
1934-09-01,0.10685832970329764,0.15032636039540162,0.044688735776715845,Manuf,9.358184830107259
1934-10-01,0.1063024741471173,0.15025373322213653,0.04444068543374612,NoDur,9.407118771441294
1934-11-01,0.10650559288028852,0.15355926336361383,0.044239689678741215,NoDur,9.389178285913983
1934-12-01,0.10741351287032846,0.15736211289272053,0.047059478457082096,Manuf,9.30981562075172
1935-01-01,0.10812083803776268,0.1628376753268623,0.04880955611556229,Manuf,9.248910923634687
1935-02-01,0.10840970993264276,0.1630853084992236,0.051111973335164054,Manuf,9.224265987071833
1935-03-01,0.10920313299811016,0.16209542538627644,0.051746978238256774,Manuf,9.157246431906911
1935-04-01,0.10801911306353335,0.15968013318708935,0.051050650941174204,Manuf,9.257620912067964
1935-05-01,0.10837696803428509,0.16091637392621314,0.05118938321218912,Manuf,9.227052741350446
1935-06-01,0.10725478176137683,0.1580645932003095,0.050752325344184016,Manuf,9.323593629837646
1935-07-01,0.10707403707008009,0.15712256194422156,0.05113400640868175,Manuf,9.339332179522648
1935-08-01,0.10601030145451479,0.16358138025797406,0.05330194503048491,Manuf,9.433045527458141
1935-09-01,0.10473518199603463,0.16357528333950588,0.05413225695444147,Manuf,9.547890030284771
1935-10-01,0.10478129405309593,0.16537055157851363,0.05712654840995985,Manuf,9.543688203480947
1935-11-01,0.10486102153982106,0.16593913522445608,0.05831583356283852,Manuf,9.5364319869824
1935-12-01,0.10438934176666687,0.16794295754451088,0.059982374769108386,Manuf,9.579522038133165
1936-01-01,0.10525912122828461,0.16867255681944454,0.06003516524915686,Manuf,9.500364323118497
1936-02-01,0.1057537548726479,0.16691238408345918,0.060363711341636914,Manuf,9.455929023080385
1936-03-01,0.10724575733479232,0.17449794394477938,0.05895969512094756,Manuf,9.324378183821947
1936-04-01,0.10797416926661557,0.17720666607665753,0.05780245341172758,Manuf,9.261474358100841
1936-05-01,0.10708506047665123,0.17338564589091351,0.05726596179842486,Manuf,9.33837078252423
1936-06-01,0.10632148075581861,0.1758453396170238,0.057684659030542734,Manuf,9.405437103501528
1936-07-01,0.10522462206522117,0.17370464786943512,0.055742847098904987,Manuf,9.503479132290654
1936-08-01,0.10472595909625362,0.17477186375882964,0.059032422351289734,Manuf,9.548730884201309
1936-09-01,0.10519543575924564,0.17869307781774557,0.060421879554512746,Manuf,9.506115857427872
1936-10-01,0.10554319181867587,0.1803083793674884,0.059272997638393214,Manuf,9.474793994462559
1936-11-01,0.10597935263357262,0.1822136351637566,0.058859080669741,Manuf,9.435800230423519
1936-12-01,0.10650160962798405,0.1873571534523835,0.06016401432476532,Manuf,9.389529449301797
1937-01-01,0.10895419432374322,0.1941339085431084,0.06232084792789996,Manuf,9.178168919579452
1937-02-01,0.10977225791778789,0.19769978472793875,0.06663109666594291,Manuf,9.109769799478238
1937-03-01,0.11168368377273859,0.2041731500100425,0.06495626234310048,Manuf,8.953859384105442
1937-04-01,0.1144449547808745,0.2105759278063158,0.06198174621502862,Manuf,8.737825113520122
1937-05-01,0.11252295024737094,0.20125553089936551,0.06174196301401405,Manuf,8.887075905862721
1937-06-01,0.11379483453096981,0.20536042850717587,0.06206209394361318,Manuf,8.787745103911947
1937-07-01,0.1160584996978215,0.2156735548135704,0.061750003485316354,Manuf,8.616344366019499
1937-08-01,0.1161779938050564,0.21923161112291578,0.06256104392038102,Manuf,8.607482082002324
1937-09-01,0.11666659188361898,0.21996019337066844,0.06213786907148477,Manuf,8.57143406569682
1937-10-01,0.11258785663539651,0.2024051164101447,0.060697931703259045,Manuf,8.881952546964198
1937-11-01,0.11012531814627412,0.19089817322778832,0.06194613059901388,Manuf,9.080564005016072
1937-12-01,0.1090744845158161,0.1888028697836281,0.0646234252050297,Manuf,9.168046995032988
1938-01-01,0.11103163255053368,0.19032049105045237,0.06540360726765344,Manuf,9.006442371680622
1938-02-01,0.11035494444196732,0.18713000467671237,0.06345395023660995,Manuf,9.061669189873708
1938-03-01,0.11182946079301193,0.19244303493055975,0.06328112787831419,Manuf,8.942187442456923
1938-04-01,0.11096119789410762,0.1839839435083498,0.05898806447858704,Manuf,9.012159376238161
1938-05-01,0.11167526399436248,0.18894075838195448,0.05985395067490385,Manuf,8.954534462085368
1938-06-01,0.10981330757606235,0.1801785050204537,0.06050583685849759,Manuf,9.10636444774554
1938-07-01,0.11130147284165677,0.19534288717157536,0.06213283165894782,Manuf,8.984607071845776
1938-08-01,0.11099639275850733,0.19444033433380023,0.061482815117382954,Manuf,9.009301790335478
1938-09-01,0.10988115552727681,0.19384314961367127,0.06286810877113495,Manuf,9.100741571212916
1938-10-01,0.11029808090952255,0.19501260554211045,0.06324799888579603,Manuf,9.06634088058431
1938-11-01,0.11051446619187569,0.2026107424644865,0.06520728262179327,Manuf,9.048589152697854
1938-12-01,0.11082191966790317,0.20273788952636315,0.06328490882923787,Manuf,9.023485633498057
1939-01-01,0.11211485489560875,0.2064332095211745,0.0626901184356245,Manuf,8.919424646547595
1939-02-01,0.10939046887792275,0.19507451626406702,0.061523163645871286,Manuf,9.141564253792321
1939-03-01,0.10882698974703815,0.19641903694843785,0.06166928026536787,Manuf,9.188897003624197
1939-04-01,0.10686882951148498,0.180252152204579,0.05806937391610746,Manuf,9.357265393203656
1939-05-01,0.10632172857940628,0.17736390098738145,0.05762945387043418,Manuf,9.405415180521176
1939-06-01,0.1063954487841643,0.18130715317368962,0.058005597823364306,Manuf,9.398898274573922
1939-07-01,0.10617249088608678,0.17717867413376717,0.05580649844095484,Manuf,9.418635577391766
1939-08-01,0.10647024761526151,0.18412532611427318,0.058565907622990195,Manuf,9.392295241141708
1939-09-01,0.1063728851672111,0.1799381112907901,0.05728251769037104,Manuf,9.400891951253051
1939-10-01,0.11187576068899217,0.2041053954097432,0.05676442260293192,Manuf,8.938486709198244
1939-11-01,0.11061468383979252,0.20045031348668277,0.05610140679073143,Manuf,9.040391070034953
1939-12-01,0.10868983170403762,0.19205398219951353,0.05610989309585143,Manuf,9.20049267095196
1940-01-01,0.1091311722565597,0.19328254658166594,0.05676650732290758,Manuf,9.163284690547174
1940-02-01,0.10785487522818574,0.18568092577907136,0.05575673541064308,Manuf,9.271718110881183
1940-03-01,0.10840266204756198,0.18761040004153745,0.05537406474541896,Manuf,9.224865710043607
1940-04-01,0.10802062406795494,0.1862208740736184,0.05594101392289523,Manuf,9.257491415444033
1940-05-01,0.10863551565733817,0.18731664904829518,0.05457759693753088,Manuf,9.205092772369525
1940-06-01,0.10852590101554654,0.18322328335833094,0.055408867114402856,Manuf,9.214390211390626
1940-07-01,0.1068317033213598,0.17904768360177775,0.05361012184104336,Manuf,9.36051723327771
1940-08-01,0.10710937411211378,0.18219798260988268,0.05498917688240585,Manuf,9.336250989136373
1940-09-01,0.10736185757028141,0.1837773987741771,0.055456436410475096,Manuf,9.31429487744638
1940-10-01,0.10828958483723046,0.18800566474111025,0.05641059476247086,Manuf,9.234498419244058
1940-11-01,0.10954621469417677,0.19676636409151263,0.056041993902669555,Manuf,9.128567361197536
1940-12-01,0.11096835623634854,0.20118347197856573,0.054372361341287846,Manuf,9.011578020225214
1941-01-01,0.11112169791357582,0.20055881182429808,0.05424042331232,Manuf,8.999142550699176
1941-02-01,0.10958881130309192,0.1938007844623658,0.055388002445253305,Manuf,9.125019133881107
1941-03-01,0.1093454261929536,0.19337848431399157,0.0562788632103679,Manuf,9.145329940324855
1941-04-01,0.10951767460808022,0.19220118442166334,0.055554494077421836,Manuf,9.130946247522132
1941-05-01,0.10984579383134148,0.18916695155182198,0.05362224560308804,Manuf,9.103671293371614
1941-06-01,0.11131610521472203,0.19318075733369927,0.05301685562458374,Manuf,8.983426055655293
1941-07-01,0.11168484712562429,0.19486081370449676,0.05479059807778496,Manuf,8.953766117217222
1941-08-01,0.11291250719254393,0.19853648105077873,0.05246293926776335,Manuf,8.85641480172565
1941-09-01,0.11222300689312772,0.19681007469890255,0.053230764661330324,Manuf,8.91082878355167
1941-10-01,0.11144688837186247,0.19252931034690485,0.052708021836223494,Manuf,8.972883986346226
1941-11-01,0.11179930291780092,0.18911067946313473,0.049715648797184056,Manuf,8.94459959857923
1941-12-01,0.11256992516946528,0.18796836559294103,0.049572772237140864,Manuf,8.883367369167011
1942-01-01,0.1152004671532575,0.19981503498350253,0.05151247726850604,Manuf,8.680520354745134
1942-02-01,0.11410124984433155,0.20082202481642047,0.05217578043013831,Manuf,8.764145891165093
1942-03-01,0.11389728510171984,0.2036358552254216,0.0523223299300218,Manuf,8.779840530061064
1942-04-01,0.11479545421454788,0.20813141407630348,0.05265745064668266,Manuf,8.711146332772394
1942-05-01,0.1139792549051353,0.20391262125699883,0.05324900317574478,Manuf,8.773526382781656
1942-06-01,0.11116706852365538,0.19336028560527688,0.054376805389633055,Manuf,8.995469731103045
1942-07-01,0.11179483694123278,0.19394954840398673,0.05621818725807356,Manuf,8.944956917157723
1942-08-01,0.11198599773403531,0.19403072115052006,0.055447594492693895,Manuf,8.929687820212859
1942-09-01,0.11168810792036099,0.19219994394937834,0.055611093155345764,Manuf,8.953504707171225
1942-10-01,0.11181808726347679,0.19293779919079024,0.056492413833754127,Manuf,8.94309699327714
1942-11-01,0.11178793905445637,0.1923433960985135,0.056677217657877386,Manuf,8.945508866684268
1942-12-01,0.11000784556737646,0.18386798751714006,0.05785601172358776,Manuf,9.090260743153364
1943-01-01,0.11037678040296685,0.18384321041104265,0.05838257016248153,Manuf,9.059876509798258
1943-02-01,0.11038716049641785,0.1858743612871596,0.06047929344734768,Manuf,9.059024577703951
1943-03-01,0.11019139089229077,0.18532549990482297,0.05976049172184871,Manuf,9.075119135010048
1943-04-01,0.11079347841862676,0.1891464097675211,0.06050533370423744,Manuf,9.025802008143094
1943-05-01,0.10954637003129672,0.18436145987647365,0.06083163463566085,Manuf,9.128554416858416
1943-06-01,0.10901525589960764,0.18211887565707177,0.061417266475342826,Manuf,9.173028047752343
1943-07-01,0.10847353626826786,0.18026530843450372,0.06255827219065756,Manuf,9.218838385861064
1943-08-01,0.10792784165988506,0.17606417426834595,0.06037820853091442,Manuf,9.265449809988027
1943-09-01,0.10742411722023655,0.1741089995830594,0.06034135360152114,Manuf,9.308896604194016
1943-10-01,0.10729875601894313,0.17464029032441336,0.06203381301387096,Manuf,9.319772540731547
1943-11-01,0.10746760241477198,0.17629329801585691,0.060465601151138845,Manuf,9.305129895245015
1943-12-01,0.10683018327302245,0.17261234679357146,0.060288948769256605,Manuf,9.360650420718013
1944-01-01,0.10703963458127444,0.17417784999371047,0.06113780721974706,Manuf,9.34233383654451
1944-02-01,0.10742229633186069,0.17568760701711944,0.06066488305868864,Manuf,9.309054396963278
1944-03-01,0.10720937337643717,0.17474557410632605,0.05890745162747171,Manuf,9.327542625296076
1944-04-01,0.10713133616807055,0.17445036643913267,0.05962372178680115,Manuf,9.334337046176413
1944-05-01,0.10691436423062281,0.17312646551351235,0.05991440287675136,Manuf,9.353280143376434
1944-06-01,0.10738976203148928,0.17508931288854812,0.059196781179928284,Manuf,9.31187462457339
1944-07-01,0.1077624801804442,0.17753448158791002,0.06043780054005476,Manuf,9.279667638732311
1944-08-01,0.10757591627419254,0.17690993484672213,0.060341308284139014,Manuf,9.295760934549437
1944-09-01,0.10739808673709479,0.17880918158616574,0.060846087132617376,Manuf,9.311152836902492
1944-10-01,0.10750725780551026,0.17988798356575497,0.060360643453111,Manuf,9.30169758221426
1944-11-01,0.10735813237792191,0.1786299613219275,0.0606394682399286,Manuf,9.314618071780549
1944-12-01,0.10727616527261616,0.17808386183764652,0.06091475867974983,Manuf,9.321735144603132
1945-01-01,0.10796177799758058,0.1803241042089696,0.061105218383218654,Manuf,9.262537340042787
1945-02-01,0.10861500770451335,0.1816816780999045,0.060569089206145905,Manuf,9.206830815871188
1945-03-01,0.10909020119209285,0.18363489671676977,0.06123178359817344,Manuf,9.16672615021708
1945-04-01,0.10829695254845198,0.18115910534621726,0.060974500093454495,Manuf,9.233870173332908
1945-05-01,0.108537349593433,0.18248212317570145,0.061466426228960876,Manuf,9.21341827256582
1945-06-01,0.10762953264178618,0.18075734978838978,0.06197457142234219,Manuf,9.291130189408248
1945-07-01,0.10720713615865543,0.18070307018604992,0.05955001941259895,Manuf,9.327737274131676
1945-08-01,0.1064468889106332,0.17857777838898184,0.06009251228110846,Manuf,9.394356286349934
1945-09-01,0.10679116812737588,0.182171783735433,0.06243322897613554,Manuf,9.364070246026744
1945-10-01,0.10734445099478471,0.18494322318629697,0.06105496577318326,Manuf,9.315805248736934
1945-11-01,0.1075232119067514,0.1845869316806615,0.05840289648082103,Manuf,9.300317413018146
1945-12-01,0.1076498264389799,0.18451575499185924,0.057388969811586976,Manuf,9.289378655587882
1946-01-01,0.10749832101606732,0.18468156380687767,0.05788872370660814,Manuf,9.302470871619793
1946-02-01,0.10780963105856829,0.1899408486800798,0.05771506761462174,Manuf,9.275609147171123
1946-03-01,0.10736147808479315,0.1874240828689247,0.05717928433278943,Manuf,9.314327800239568
1946-04-01,0.10763829583803465,0.18613578573018627,0.05434480613773875,Manuf,9.29037376720195
1946-05-01,0.1078278314269578,0.18503357240110968,0.05265665824857867,Manuf,9.274043507750562
1946-06-01,0.10812162986453955,0.18752925988959246,0.053875517955455476,Manuf,9.248843189404862
1946-07-01,0.1096372269983307,0.19490232027530097,0.053293493140691255,Manuf,9.120989534104375
1946-08-01,0.10968173329144396,0.19284743177175614,0.052947554181709135,Manuf,9.11728844896006
1946-09-01,0.10971279706925932,0.19203101175747675,0.05219308491257113,Manuf,9.114707005133791
1946-10-01,0.10945258237946921,0.19009443429501288,0.05201530037878943,Manuf,9.13637648614837
1946-11-01,0.10993541401104245,0.19082935867887243,0.05129574456124572,Manuf,9.096249911785069
1946-12-01,0.11042654863489176,0.1927258401692729,0.049381066451959006,Manuf,9.055793306610937
1947-01-01,0.1106023810997413,0.19490121932585006,0.049315675947735116,Manuf,9.041396668469545
1947-02-01,0.11023118584577722,0.19573811648081435,0.05184568911893026,Manuf,9.071842893889256
1947-03-01,0.11039178357848874,0.1963275866016439,0.050833259491475165,Manuf,9.058645196080182
1947-04-01,0.11092593390617439,0.19604186894200976,0.04998067444404198,Manuf,9.015024393176082
1947-05-01,0.11075632389692558,0.19232698725611294,0.04950774467432686,Manuf,9.02882982041406
1947-06-01,0.11051420326706142,0.18829746810414147,0.05030894321989846,Manuf,9.048610680235058
1947-07-01,0.11046636348489611,0.18672442177660792,0.049215367989354435,Manuf,9.052529371411131
1947-08-01,0.1108400208533732,0.18826080959086144,0.05036127572224415,Manuf,9.022012016064746
1947-09-01,0.11076109143745044,0.18809523726362096,0.04954874872469429,Manuf,9.028441188345683
1947-10-01,0.11124007181769197,0.19164673740013774,0.05009570631400768,Manuf,8.989566292611444
1947-11-01,0.11230864656968538,0.19422053999773586,0.05005883324939248,Manuf,8.90403393277043
1947-12-01,0.11290627524653694,0.19509539007815488,0.05063402720566,Manuf,8.856903638140981
1948-01-01,0.11410395326047536,0.1944223345129405,0.050493556072018886,Manuf,8.763938246006342
1948-02-01,0.1130281155341444,0.1937998693089521,0.050065905422016846,Manuf,8.847356211100523
1948-03-01,0.11260204266301968,0.19185624974349857,0.05041716636950499,Manuf,8.880833565272578
1948-04-01,0.11407966578895186,0.19663929649838427,0.051569458423831475,Manuf,8.765804081596862
1948-05-01,0.11541061060094168,0.1943064815832471,0.04962406888956614,Manuf,8.664714576874793
1948-06-01,0.1148285265993007,0.1948935657098426,0.05303171447108778,Manuf,8.708637388421302
1948-07-01,0.1149090011883868,0.18910269422200962,0.04986718447960238,Manuf,8.702538440487848
1948-08-01,0.11466316534118957,0.18988110036397576,0.04897959587684377,Manuf,8.72119653268265
1948-09-01,0.11401393840323663,0.1907442177219757,0.05026194126987936,Manuf,8.770857440809289
1948-10-01,0.1134315208724781,0.19058055793924428,0.050031448682217025,Manuf,8.81589167021942
1948-11-01,0.11456760146771033,0.1918720223666867,0.05074656215380602,Manuf,8.72847111390247
1948-12-01,0.11270511717107815,0.18754488387986298,0.05024208804602766,Manuf,8.87271159553539
1949-01-01,0.1128366801081556,0.18626062860646936,0.051428356522618894,Manuf,8.862366378038466
1949-02-01,0.11186621869561057,0.1867880239554746,0.0505449651818984,Manuf,8.93924914652754
1949-03-01,0.11105408684803443,0.1851154433931967,0.049560078042528356,Manuf,9.004621337064275
1949-04-01,0.111350400389913,0.18451188421785977,0.050105543848093195,Manuf,8.98065922078703
1949-05-01,0.11102287743229539,0.17970209476566495,0.049464504267409164,Manuf,9.007152607892241
1949-06-01,0.10955001730998462,0.17514891165915172,0.04889538874124998,Manuf,9.128250497399582
1949-07-01,0.10806324161305034,0.17263394806405546,0.04777076523206551,Manuf,9.253840483341879
1949-08-01,0.10842697567219903,0.17421628415532134,0.048819472379343566,Manuf,9.222797129592934
1949-09-01,0.10888531418005855,0.17166155602467545,0.0480102517542452,Manuf,9.183974969722241
1949-10-01,0.10911439800861283,0.1720998926200687,0.04815932189832726,Manuf,9.164693369990145
1949-11-01,0.10941972756974383,0.17334926625486777,0.0486329699447408,Manuf,9.139119811485573
1949-12-01,0.10823171096708956,0.1739238944142823,0.04962919647659924,Manuf,9.239436308126681
1950-01-01,0.10778343878424404,0.17627963602592,0.051658620957506965,Manuf,9.277863197534032
1950-02-01,0.10743251034833007,0.17788752835959915,0.05356200222122255,Manuf,9.308169349833534
1950-03-01,0.10705367090154509,0.17922394200632882,0.05480342078751382,Manuf,9.34110891834506
1950-04-01,0.10709852255889654,0.1754503643970836,0.0559137912091124,Manuf,9.337196966933615
1950-05-01,0.10795897585321237,0.17870882028430654,0.05637783454346527,Manuf,9.262777755132294
1950-06-01,0.10921340237973366,0.17890205179583407,0.0544834495700135,Manuf,9.156385372218441
1950-07-01,0.10791001838468314,0.1732107541701804,0.051943898288900114,Manuf,9.266980165225707
1950-08-01,0.11092360221791542,0.1806429687606467,0.0497421515497027,Manuf,9.015213895014389
1950-09-01,0.11110257580131037,0.1810542385207172,0.050096409673953436,Manuf,9.000691413206694
1950-10-01,0.11083587750086211,0.1812772662521095,0.049898149281155754,Manuf,9.02234928389701
1950-11-01,0.11139063440288649,0.1832437693800013,0.049380908928864445,Manuf,8.97741542958738
1950-12-01,0.11295113361852888,0.18691946802042567,0.04864898500485492,Manuf,8.853386132248227
1951-01-01,0.11445375639158141,0.18883406306773076,0.047895629821194684,Manuf,8.737153165848863
1951-02-01,0.11498927226691673,0.1906198051496889,0.04960317367485553,Manuf,8.696463420333407
1951-03-01,0.11425490311050895,0.1883333441562357,0.049516401799322984,Manuf,8.752359616749102
1951-04-01,0.11347095883046733,0.18506888848178873,0.05006721117632643,Manuf,8.812827619567948
1951-05-01,0.11612870161781133,0.18714412089159488,0.049148204662333286,Manuf,8.611135628563888
1951-06-01,0.11532109399534891,0.18504605071837346,0.049145487609810155,Manuf,8.671440456854594
1951-07-01,0.11591576525445085,0.18490453556045452,0.04849421543883186,Enrgy,8.626954218046736
1951-08-01,0.11828881101195474,0.1924790453943757,0.047849487710081115,Enrgy,8.453884957039056
1951-09-01,0.11937712481819354,0.19434041095947763,0.0489384398075234,Enrgy,8.376814247477974
1951-10-01,0.11878747793794127,0.19185960045777384,0.049548046816661494,Enrgy,8.418395754832298
1951-11-01,0.12016880943677322,0.198862208104414,0.047785804856623974,Enrgy,8.32162692371642
1951-12-01,0.1190984819195913,0.19545204165724975,0.048482968358330034,Enrgy,8.396412648442864
1952-01-01,0.11988512653245263,0.19856420017772217,0.049207569249202596,Enrgy,8.341318301309899
1952-02-01,0.12207759245169336,0.2084531677785061,0.04766086967698813,Enrgy,8.191511479845937
1952-03-01,0.12073685186938081,0.2061546594362687,0.04722587468982365,Enrgy,8.282475354598862
1952-04-01,0.12244424225262542,0.21497667419112113,0.0478230860466006,Enrgy,8.166982633097705
1952-05-01,0.11987066900444332,0.20888699424663565,0.04854213832032014,Enrgy,8.342324342604048
1952-06-01,0.11998368351329,0.2087741851148558,0.04868639759559482,Enrgy,8.334466576776125
1952-07-01,0.12036061537316425,0.2090074954236267,0.04951154289745491,Enrgy,8.30836563023224
1952-08-01,0.1200082649553197,0.20485943326539485,0.04950458572549376,Enrgy,8.33275941763103
1952-09-01,0.11826695944295876,0.19996441451533095,0.04999622667756692,Enrgy,8.45544693725139
1952-10-01,0.11704492757343994,0.19564491570804596,0.05145885888113963,Enrgy,8.543727786687288
1952-11-01,0.11735013050825847,0.19773132741517785,0.05158449740061694,Enrgy,8.521507352986074
1952-12-01,0.11615583563496366,0.18985321963286533,0.05359968744620728,Enrgy,8.609124066247029
1953-01-01,0.11702026247725122,0.19320574676581903,0.0535888079578141,Enrgy,8.545528601889782
1953-02-01,0.11634840457523711,0.1878731942874892,0.05233567214116722,Enrgy,8.594875053515207
1953-03-01,0.11626606208725458,0.18826092868221161,0.05277355006513357,Enrgy,8.600962155659204
1953-04-01,0.11637424873440708,0.19034138315087684,0.05252884313139584,Enrgy,8.592966320944688
1953-05-01,0.11540929313803794,0.1856596110676546,0.05367350229299064,Enrgy,8.664813489533525
1953-06-01,0.11549178897112967,0.18721908816792593,0.054408186422768436,Enrgy,8.658624209639504
1953-07-01,0.11463749466980949,0.1865150319749117,0.05346054577388009,Enrgy,8.72314946240147
1953-08-01,0.11529138685563589,0.1892938920709945,0.05346169810865868,Enrgy,8.673674827523476
1953-09-01,0.11394167091822018,0.18442918354577542,0.053354324012164694,Enrgy,8.776420355619798
1953-10-01,0.11354208961145575,0.18090189311588564,0.054932620825673815,Enrgy,8.807306642162642
1953-11-01,0.1147135605136559,0.18264244148555753,0.056206693059555966,Enrgy,8.717365196601639
1953-12-01,0.1144488767653666,0.18037528694368127,0.05784470023868574,Enrgy,8.737525681882536
1954-01-01,0.11503384773433718,0.1816439397527863,0.05791511999263681,Enrgy,8.693093551990295
1954-02-01,0.11637880024128353,0.18762242187206682,0.058847753206663224,Enrgy,8.592630255052809
1954-03-01,0.1165494840937552,0.1891037818398782,0.06110980637872078,Enrgy,8.580046559413132
1954-04-01,0.11753757604736507,0.1906838889426088,0.06424860909758892,Enrgy,8.507917498630581
1954-05-01,0.11870526813859517,0.1940839565998923,0.06763589971613503,Enrgy,8.424225947852989
1954-06-01,0.11924854580051983,0.1934110350663838,0.06506163962689754,Enrgy,8.385846496382523
1954-07-01,0.1173649902109819,0.1861620236574303,0.06998629252928912,Manuf,8.520428436131965
1954-08-01,0.11745511552311988,0.189409297074439,0.06635613532132284,Manuf,8.513890566164058
1954-09-01,0.11717646287029565,0.1859897300783176,0.064992022768264,Manuf,8.534137108293793
1954-10-01,0.11846091965137144,0.18617678946573787,0.06501350522766931,Enrgy,8.441602538144933
1954-11-01,0.11893846039535615,0.18984313030703456,0.065159984466739,Manuf,8.407709303415905
1954-12-01,0.12030375152420471,0.1970879570688466,0.06711353815620881,Manuf,8.312292736763103
1955-01-01,0.12182425938263129,0.20195979390793192,0.06526417870919848,Manuf,8.208545695805574
1955-02-01,0.12192792329095672,0.2039213556611382,0.06748758544323244,Manuf,8.201566737208335
1955-03-01,0.12224706873812265,0.20559815566613546,0.06871392965267441,Manuf,8.180155240713358
1955-04-01,0.1227858844425683,0.2081036272960025,0.06772615044763954,Manuf,8.144258638033744
1955-05-01,0.12209439107202626,0.20725599802398453,0.06880209797693389,Manuf,8.19038443305784
1955-06-01,0.12193888546991828,0.2089862812958791,0.06813368964439324,Manuf,8.20082942489002
1955-07-01,0.12524959948682823,0.21238444557971795,0.061704144797699575,Manuf,7.984057466827781
1955-08-01,0.12393339300939393,0.206352281421799,0.058886592568103906,Manuf,8.06885033740827
1955-09-01,0.12506275173402814,0.2123923070721401,0.059276380318007194,Manuf,7.995985904153998
1955-10-01,0.12548368212974118,0.21378615021921596,0.056351919741391115,Manuf,7.969163663575566
1955-11-01,0.12531404043883151,0.21195433026501204,0.05466772399036715,Manuf,7.979951779530415
1955-12-01,0.12639401029322267,0.214074497005989,0.0568347867767898,Manuf,7.9117673193539035
1956-01-01,0.12800495712824975,0.2164144829305853,0.0590626214589636,Manuf,7.812197452619649
1956-02-01,0.12828131557682645,0.21262870556434837,0.05763036642294967,Manuf,7.795367513214421
1956-03-01,0.12927474742027892,0.215287484833476,0.05902400285260347,Manuf,7.735462802715429
1956-04-01,0.13290980988918336,0.21952144167677798,0.06120370662201011,Manuf,7.5238991074757635
1956-05-01,0.1355654498516604,0.2231924066708337,0.06053965506399484,Manuf,7.3765107635775085
1956-06-01,0.13356419963084198,0.22002480143470762,0.06061001534051996,Manuf,7.487036217518613
1956-07-01,0.13317205293863937,0.22327707058484123,0.06326837194868769,Manuf,7.509083009036153
1956-08-01,0.13541958658400943,0.2290052800299507,0.06345585305037289,Manuf,7.384456157526637
1956-09-01,0.13423628754644734,0.22981462135137792,0.06330165989467176,Manuf,7.449550477578487
1956-10-01,0.13311202920971313,0.22760233471557675,0.06191423111311189,Manuf,7.512469052849736
1956-11-01,0.13310025069872955,0.228148097292986,0.06364688146014162,Manuf,7.513133857752719
1956-12-01,0.13511014682513717,0.2280828533994256,0.06388011315349248,Manuf,7.401368612930487
1957-01-01,0.1367210669796114,0.23046470837113428,0.06465891601890192,Manuf,7.314161760814268
1957-02-01,0.13396670113348474,0.22463423044713376,0.06264156681438886,Manuf,7.464541498290665
1957-03-01,0.1326812799710613,0.22141650321054682,0.06409026912563176,Manuf,7.536858253237434
1957-04-01,0.1327673188543563,0.21991160150747263,0.06568664923299332,Manuf,7.531974047747282
1957-05-01,0.13354108778523993,0.2172126387012769,0.0680164433790623,Manuf,7.48833199268374
1957-06-01,0.13560384993260163,0.2198892077342022,0.06945508942310118,Enrgy,7.374421895079115
1957-07-01,0.13544439978176642,0.22014548722226732,0.07401054084776554,Manuf,7.383103336950373
1957-08-01,0.1346661708843338,0.21733855615671707,0.07428029177844532,Manuf,7.425769912615326
1957-09-01,0.13288585845188933,0.21400306300145017,0.072909979401799,Manuf,7.5252552201560645
1957-10-01,0.13045794650198292,0.2105751742656847,0.07249417120924229,Manuf,7.665305386244143
1957-11-01,0.12908097348674297,0.20851434073948724,0.07370916834882198,Manuf,7.747075134219554
1957-12-01,0.1291315885932029,0.2081466374696419,0.07717543792204686,Manuf,7.7440385493146255
1958-01-01,0.12685153660428666,0.20409711279049353,0.0770949411035793,Manuf,7.883231269949056
1958-02-01,0.12587256414175005,0.20759494775484383,0.07665971540256247,Manuf,7.944543013153054
1958-03-01,0.1241959531122843,0.2077558930138548,0.07670128243486325,Manuf,8.051792147332772
1958-04-01,0.12536167714491808,0.2059378868661658,0.07605512262554855,Manuf,7.976919444400861
1958-05-01,0.12535514928392436,0.2029526030639846,0.07348783327546504,Manuf,7.977334841946065
1958-06-01,0.12494493890426528,0.20613254875334763,0.07346656105013012,Manuf,8.003525463053892
1958-07-01,0.12492130499377112,0.20716129605599218,0.07420425090868475,Manuf,8.005039653162944
1958-08-01,0.12559802393214883,0.2152511260096509,0.07362454986520355,Manuf,7.961908704393508
1958-09-01,0.12574327272353802,0.21690689618615053,0.07394912807283814,Manuf,7.95271173034141
1958-10-01,0.12540942401468386,0.21813667858992009,0.07483460118816315,Manuf,7.973882408413842
1958-11-01,0.12559592658074661,0.22052927486300358,0.07647067544956729,Manuf,7.962041661893327
1958-12-01,0.12477612526804964,0.2201894169063128,0.07721913018732268,Manuf,8.014353690273323
1959-01-01,0.1236100076395105,0.2199212424246263,0.08379868386561123,Manuf,8.089959859207724
1959-02-01,0.12343916224001951,0.22052710170545234,0.08106178522688878,Manuf,8.101156730597088
1959-03-01,0.1222145154568851,0.22495071927579227,0.08427364898603852,Manuf,8.182334121782617
1959-04-01,0.12198026744906919,0.22150610699227882,0.08511215765846043,Manuf,8.198047281848543
1959-05-01,0.1212575674992746,0.22117691846395368,0.08806236734603362,Manuf,8.246907971380692
1959-06-01,0.12135217862680611,0.2228026516738738,0.0920413397278493,Manuf,8.24047834423555
1959-07-01,0.1208086055244596,0.22729448483220843,0.0900920945505747,Manuf,8.277556020605951
1959-08-01,0.12115032337411064,0.22620866271111265,0.0866390113007198,Manuf,8.254208260856332
1959-09-01,0.12045722570066279,0.22553323494756067,0.08582586635734833,Manuf,8.301702070451201
1959-10-01,0.11964625705860249,0.22479269772382857,0.08612919516085642,Manuf,8.357971445025665
1959-11-01,0.11987115527998925,0.22560959683144993,0.0882136589610844,Manuf,8.342290500698423
1959-12-01,0.12028310991477983,0.22794817260325256,0.09443908269590022,Manuf,8.313719197221426
1960-01-01,0.12009714851582146,0.22542604246401826,0.0953712645730435,Manuf,8.326592365915008
1960-02-01,0.11870286148486578,0.22227031524287283,0.09227093979536982,Manuf,8.424396745713638
1960-03-01,0.11798796697853382,0.22184781651029045,0.09522886270159801,Manuf,8.475440552187287
1960-04-01,0.11683563604127514,0.21677374061458624,0.09754822816450442,Manuf,8.559032448342428
1960-05-01,0.11572480026811888,0.2146250526349352,0.09971673492070697,Manuf,8.641190113814272
1960-06-01,0.11570164625177948,0.21699667558462515,0.10572878193924477,Manuf,8.642919374058778
1960-07-01,0.11539627438484851,0.21699169628736698,0.1060235957733078,Manuf,8.665791034682655
1960-08-01,0.11497498786956946,0.21494168279142767,0.10371446257024629,Manuf,8.697543861752134
1960-09-01,0.11428217536756058,0.2120606620413713,0.10155542442216019,Manuf,8.750270956811466
1960-10-01,0.11406906695065938,0.20863752156797566,0.09873582044214559,Manuf,8.7666185648082
1960-11-01,0.11373563515476455,0.20561519638681094,0.09702038284255633,Manuf,8.792319123546992
1960-12-01,0.11354110892277813,0.20589207755242922,0.09921972610121199,Manuf,8.807382713516763
1961-01-01,0.1136722688747121,0.20433040170489952,0.09820801009115758,Manuf,8.79722037660905
1961-02-01,0.11396736049583849,0.20415372437146045,0.09528708917407692,Manuf,8.774442047699393
1961-03-01,0.11415126657887176,0.2080780456580974,0.09506375578047466,Manuf,8.760305776450227
1961-04-01,0.11303825155034705,0.20493365629212681,0.09505879292426052,Manuf,8.846562878359823
1961-05-01,0.11291727417198275,0.20144256365474036,0.09487639816529508,Manuf,8.856040914314969
1961-06-01,0.11297345637752393,0.20392329028505168,0.09627370830061177,Manuf,8.851636765527429
1961-07-01,0.11150566384980609,0.19849294535926515,0.09758871437466497,Manuf,8.968154311398587
1961-08-01,0.11101114237825878,0.19610171150615308,0.0971415159014521,Manuf,9.008104759363752
1961-09-01,0.11015854824808761,0.19414650514504994,0.09961935152206598,Manuf,9.077824788938795
1961-10-01,0.10861170203100808,0.1889292132501976,0.10242184303844418,Manuf,9.207111032239466
1961-11-01,0.1079839311883221,0.18451065490176474,0.10272117337578751,Manuf,9.26063710586733
1961-12-01,0.1073604965776421,0.1814546268780579,0.10166004160272633,Manuf,9.314412953341822
1962-01-01,0.10786152361896892,0.18275351738782358,0.10049766348223343,Manuf,9.271146618812795
1962-02-01,0.10844542525108962,0.18385278164197338,0.09959261739462365,Manuf,9.221228075639386
1962-03-01,0.1085961297440362,0.18186698530815643,0.09763819705512687,Manuf,9.208431298215002
1962-04-01,0.10875990279931651,0.1830678584833135,0.09814795972870083,Manuf,9.194565039702153
1962-05-01,0.10878749511874558,0.17921414959252926,0.09194096691497661,Manuf,9.19223297593591
1962-06-01,0.10903252369866286,0.17856546367144077,0.0899138733732755,Manuf,9.171575288523416
1962-07-01,0.10903187864428071,0.17514450728063233,0.08600062602023548,Manuf,9.1716295493956
1962-08-01,0.10847004825851864,0.17230339157344005,0.09003987922203494,Manuf,9.219134830812298
1962-09-01,0.10841553416816782,0.17145374367036376,0.09099938983863304,Manuf,9.223770446482868
1962-10-01,0.10852184112693862,0.16736326738321813,0.08669216111468599,Manuf,9.214734929075652
1962-11-01,0.10823946525598031,0.16642244373256854,0.08653704410163128,Manuf,9.238774393748672
1962-12-01,0.10806595703008028,0.17047347941614682,0.08983002485837896,Manuf,9.253607958347594
1963-01-01,0.10800792571902164,0.16518202650522665,0.08786947874907254,Manuf,9.258579806462173
1963-02-01,0.10777418793251128,0.16695379814753095,0.08884380001538231,Manuf,9.278659567597066
1963-03-01,0.10802431314288075,0.16757036355117366,0.08581841321001014,Manuf,9.257175268287314
1963-04-01,0.10826935130083123,0.16569214903865384,0.08535671094862639,Manuf,9.23622417595775
1963-05-01,0.1080517390635521,0.16516742543867785,0.08754970378724097,Manuf,9.254825592504684
1963-06-01,0.10752272214662503,0.16669939486481797,0.08977291190181594,Manuf,9.300359775455968
1963-07-01,0.10796165959429593,0.1680128813940171,0.060710984223835335,Manuf,9.262547498416135
1963-08-01,0.10833899836323499,0.16535209523840946,0.06048222654869455,Manuf,9.230286555236896
1963-09-01,0.10808371852516828,0.167595453401458,0.06048666211539694,Manuf,9.252087304593807
1963-10-01,0.10774033665285469,0.16828202220741917,0.061620878327371585,Manuf,9.28157485921039
1963-11-01,0.10711467775878221,0.1678729887325985,0.06459452032520925,Manuf,9.335788716574944
1963-12-01,0.10682804188907682,0.1682728157122003,0.06506727745122655,Manuf,9.360838056344175
1964-01-01,0.10694947822687323,0.16640506076100173,0.06571485722053516,Manuf,9.350209244393767
1964-02-01,0.10739295315068297,0.16595618384351707,0.06606531886247667,Manuf,9.311597927630324
1964-03-01,0.10716278091739836,0.16811221483009994,0.06627372828697041,Manuf,9.33159807387609
1964-04-01,0.10750660890523026,0.17178366241057588,0.06747044748296042,Manuf,9.301753726429274
1964-05-01,0.10797273485320442,0.1680024888396118,0.06470484558076593,Manuf,9.261597396412729
1964-06-01,0.10783153958720255,0.16792760543312513,0.0656338766905719,Manuf,9.273724587705692
1964-07-01,0.10715886835171241,0.1688223429652145,0.0649330913820993,Manuf,9.331938787537782
1964-08-01,0.10745669020056967,0.1671313886393273,0.062474950014419724,Manuf,9.306074830087207
1964-09-01,0.1077597891307221,0.16771079977274317,0.06157679521553208,Manuf,9.279899376815893
1964-10-01,0.10825795329876084,0.17059483836427589,0.060525552667749664,Manuf,9.237196617234092
1964-11-01,0.10847054818106902,0.16935951272496744,0.05951655401058523,Manuf,9.219092341367244
1964-12-01,0.10843787127982969,0.16828011146073907,0.05937369517699085,Enrgy,9.221870442471587
1965-01-01,0.10795259533296048,0.16752414471509472,0.05918123690637217,Enrgy,9.263325230076024
1965-02-01,0.10716102303310018,0.16604182396759667,0.061356693093906456,Manuf,9.331751150706328
1965-03-01,0.10647883231588344,0.1703378723198163,0.06242888142072233,Manuf,9.391538001030746
1965-04-01,0.10638047372602387,0.17161577756019789,0.06264841463080296,Manuf,9.400221346780578
1965-05-01,0.106263474193573,0.1741589403261283,0.06381119119649034,Manuf,9.41057129544219
1965-06-01,0.10621896742752625,0.17348705746386278,0.06446359265912643,Manuf,9.414514415067208
1965-07-01,0.10575843118019504,0.17091015412581992,0.06505921898533912,Manuf,9.4555109114295
1965-08-01,0.10585637517344765,0.1728765505049933,0.06645845380681976,Manuf,9.446762165825925
1965-09-01,0.10551608739222076,0.17510989453494233,0.0684505255539403,Manuf,9.477227830509243
1965-10-01,0.10639253473285541,0.17646982721160648,0.06988374532023169,Manuf,9.399155706844786
1965-11-01,0.10695049388991562,0.1799591147112108,0.07146247541424453,Manuf,9.350120449460498
1965-12-01,0.10723507822854472,0.18412352570093268,0.07363017055263948,Manuf,9.325306760804057
1966-01-01,0.10771458630491093,0.18832484358101018,0.07150253801220766,Manuf,9.283793721021866
1966-02-01,0.10871016579360088,0.19427356293508213,0.07179585101439712,Manuf,9.19877173123458
1966-03-01,0.1081250035608541,0.19522381625212373,0.07640967256631585,Manuf,9.248554608714418
1966-04-01,0.10859060427058077,0.19693265764823187,0.07753828421558176,Manuf,9.208899855720931
1966-05-01,0.10933955410131556,0.1996840391174785,0.08152861571626856,Manuf,9.145821091179739
1966-06-01,0.10891980023133431,0.19739709770536965,0.08103244797703064,Manuf,9.181067151024003
1966-07-01,0.1083239609010452,0.1981870017075535,0.08444568872252972,Manuf,9.231567897646467
1966-08-01,0.1083717720855085,0.19691417973425335,0.08414290004464597,Manuf,9.227495137857217
1966-09-01,0.10847159476828093,0.19595471941233733,0.08575917844350221,Manuf,9.219003391037248
1966-10-01,0.10868977872163675,0.19199162024260247,0.08433123690662907,Manuf,9.200497155864861
1966-11-01,0.10919628749928702,0.18874106143929045,0.08112275711517215,Manuf,9.157820498307045
1966-12-01,0.10869186430368824,0.19237042415310857,0.08905214828313955,Manuf,9.200320616508801
1967-01-01,0.10906279204403134,0.19445561262463348,0.0890304594999896,Manuf,9.169029888729378
1967-02-01,0.10901174866892786,0.1999247991941645,0.09057719349648419,Manuf,9.173323171221037
1967-03-01,0.10901580888591837,0.2009629691318784,0.095475006827729,Manuf,9.172981517262956
1967-04-01,0.10948774684376167,0.20361828343069333,0.09639327061144352,Manuf,9.133442132360196
1967-05-01,0.10872647625513493,0.20158116131846868,0.0997983339914957,Manuf,9.197391789405776
1967-06-01,0.10919019942307256,0.20287421655394253,0.09979175802251755,Manuf,9.158331107404258
1967-07-01,0.10893898073782346,0.2027717424503359,0.10538326990025744,Manuf,9.179450672543345
1967-08-01,0.10942778479345011,0.20309440166042902,0.10475479642096142,Manuf,9.138446893424236
1967-09-01,0.10911356854145599,0.20314009204896555,0.10472468929577095,Manuf,9.164763038797194
1967-10-01,0.10943782377123265,0.2014950298274969,0.10989545870588256,Manuf,9.13760860313146
1967-11-01,0.10958031941757211,0.1981158923120063,0.11938298559877042,Manuf,9.125726273796952
1967-12-01,0.10998050559644927,0.19928469286038628,0.12076110537505236,Manuf,9.09252048421466
1968-01-01,0.11053636249606077,0.20231485955055753,0.11968721516608785,Manuf,9.046796704891003
1968-02-01,0.10892199479304542,0.1966027220921257,0.11351514330522947,Manuf,9.180882170768408
1968-03-01,0.10838439991849994,0.1939306187361166,0.11236642858795849,Manuf,9.226420045245938
1968-04-01,0.10885282187315576,0.19442318557908433,0.11666701849982496,Manuf,9.186716364278384
1968-05-01,0.10925695085693896,0.1983442299054391,0.12065870124379871,Manuf,9.15273574959455
1968-06-01,0.10971091603192862,0.2013300792241971,0.12259857102140197,Manuf,9.11486328041391
1968-07-01,0.10818248259808366,0.1986252053385343,0.12065100736388515,Manuf,9.243640707665863
1968-08-01,0.10842546174276557,0.19453232183683472,0.11651950828805223,Manuf,9.222925906208765
1968-09-01,0.109253472357737,0.19872223966522987,0.1154769705690559,Manuf,9.153027161696276
1968-10-01,0.10908575534456583,0.19863852673485669,0.1143312644265312,Manuf,9.1670997449789
1968-11-01,0.10855683650572835,0.19777386347902856,0.10785520302409006,Manuf,9.21176438249683
1968-12-01,0.10832587278029714,0.1969184175300631,0.11122698093963425,Manuf,9.231404966643252
1969-01-01,0.10864643722541209,0.1974724761825492,0.10935158827406433,Manuf,9.204167440164369
1969-02-01,0.1084356450345514,0.19827027397154895,0.10520922456899223,Manuf,9.222059772700803
1969-03-01,0.10833059194739446,0.19657225304786527,0.10743559700071334,Manuf,9.23100282222774
1969-04-01,0.10939552896473682,0.197080688799714,0.11018697164845433,Manuf,9.141141411020058
1969-05-01,0.1085953000023311,0.19617436156333568,0.11240226158936811,Manuf,9.208501656872205
1969-06-01,0.10843098441398473,0.19244411401195177,0.10959256544266748,Manuf,9.222456158675493
1969-07-01,0.10384618268623931,0.18461261202134643,0.11598934843056581,Manuf,9.629626955295972
1969-08-01,0.10340261082609889,0.18513979784429932,0.11752683847453438,Manuf,9.670935695054997
1969-09-01,0.10315216714020943,0.18339415060340813,0.11973828636925313,Manuf,9.69441581038963
1969-10-01,0.10248349324592906,0.1850526233040981,0.12330150900207687,Manuf,9.757668950650478
1969-11-01,0.1018260827249235,0.18699081726708144,0.12368454345607378,Manuf,9.820666505471241
1969-12-01,0.1018468977003357,0.18707035018230445,0.1257325062628794,Manuf,9.818659405240814
1970-01-01,0.10217283501003536,0.1881612936025324,0.12741473601001416,Manuf,9.787337308412559
1970-02-01,0.1012052247727278,0.18736079992876975,0.12521425452503782,Manuf,9.880912791268008
1970-03-01,0.10053707564415892,0.18672804467591259,0.12212545473724745,Manuf,9.946579344911537
1970-04-01,0.10060466250766915,0.18706473889377748,0.11964511915306025,Manuf,9.939897168521085
1970-05-01,0.10067162166584276,0.18823928050218472,0.1142812016394145,Manuf,9.93328589976706
1970-06-01,0.10018291016229708,0.18250055148684932,0.11064927589231272,Manuf,9.981742378814834
1970-07-01,0.09899943953578509,0.1796460441700347,0.10222068940901538,Manuf,10.101067285724707
1970-08-01,0.09852608006110593,0.17489369445997985,0.09713461755708784,Manuf,10.149596932911566
1970-09-01,0.0989535696064976,0.17451528355524157,0.10036809183485164,Manuf,10.105749635679004
1970-10-01,0.09895298543738912,0.17486892054470252,0.10580322271570052,Manuf,10.10580929498821
1970-11-01,0.09920325274702682,0.17168378022528116,0.10404491387010564,Manuf,10.08031462990482
1970-12-01,0.0988021340136846,0.16923880273876785,0.10347852355798653,Manuf,10.121238877912242
1971-01-01,0.09851134189371967,0.1719178024920414,0.10188751285681967,Manuf,10.151115402314424
1971-02-01,0.0979633129970251,0.173872695379784,0.10236440042794792,Manuf,10.207903034377447
1971-03-01,0.09832344139846522,0.1728620785866522,0.10368127423120545,Manuf,10.170514637983466
1971-04-01,0.09832209824941901,0.17275546047689389,0.1074949601955398,Manuf,10.17065357436988
1971-05-01,0.09870377053225644,0.17397131855110384,0.10635649631785851,Manuf,10.131325223013638
1971-06-01,0.09874449961214936,0.17593482735546648,0.10377212018295859,Manuf,10.127146361851244
1971-07-01,0.0972071921164542,0.17105900781176236,0.10116017294203546,Manuf,10.28730465542097
1971-08-01,0.09694281524066169,0.1695358251607918,0.09643555629904799,Manuf,10.315359601611405
1971-09-01,0.09706456872145633,0.17316509566596625,0.09784457635295915,Manuf,10.302420473011878
1971-10-01,0.09681135523055957,0.17289333581371072,0.09679883579846446,Manuf,10.329366814651706
1971-11-01,0.09577198886668106,0.16845647987856574,0.09667295348234474,Manuf,10.44146636019061
1971-12-01,0.09558573545502164,0.16678193222558796,0.09864462867121244,Manuf,10.461812060551182
1972-01-01,0.0963188691432039,0.16973703170444657,0.10065233977704707,Manuf,10.382181693944425
1972-02-01,0.09644627547998125,0.17013022660733532,0.10640040961767698,Manuf,10.368466745069526
1972-03-01,0.09705218232584963,0.1735939844202594,0.10506448955702499,Manuf,10.303735331190511
1972-04-01,0.09717391882084311,0.17676443422164212,0.10538512999029256,Manuf,10.290827128662707
1972-05-01,0.09760304769938896,0.17924810012202727,0.10566980607150199,Manuf,10.245581706423092
1972-06-01,0.09803277545345813,0.17962337913682477,0.10818731456516018,Manuf,10.200670085840406
1972-07-01,0.09658177340802047,0.17515467574657087,0.10576532961447957,Manuf,10.353920462563764
1972-08-01,0.09693602820392348,0.17659088179556312,0.10748907241608496,Manuf,10.31608183797575
1972-09-01,0.09675463252781152,0.17300345957168006,0.10704055214514496,Manuf,10.335422437913307
1972-10-01,0.09670982275410146,0.1729373413355766,0.10677451081125128,Manuf,10.340211278668589
1972-11-01,0.0964358161917577,0.1725604863284083,0.10240721587258628,Manuf,10.369591293877278
1972-12-01,0.09622514595246635,0.17147709365780422,0.10023269404172332,Manuf,10.39229392797163
1973-01-01,0.09612028526590324,0.17024592467289704,0.10130197774354294,Manuf,10.403631213053943
1973-02-01,0.09704852447454777,0.16753636492516644,0.10638676971288681,Manuf,10.30412368878687
1973-03-01,0.09718210124057182,0.1700875883699423,0.10767861514354206,Manuf,10.289960674183463
1973-04-01,0.09779822676192393,0.17082109257254074,0.1071461129324062,Manuf,10.225134269912273
1973-05-01,0.09813580883680796,0.170222408674603,0.10516524230483874,Manuf,10.189960340194682
1973-06-01,0.09844284712689422,0.17267700253345403,0.10464057391510277,Manuf,10.15817836628583
1973-07-01,0.09374780990943915,0.15988489721095545,0.0955397312690398,Manuf,10.666915856125119
1973-08-01,0.09382405119693915,0.16161430422701226,0.09496484631261815,Manuf,10.658247935819503
1973-09-01,0.09469708847264155,0.16634618449612407,0.09449336947169465,Manuf,10.559986754913853
1973-10-01,0.09455756717551123,0.16488788989021974,0.08690507861685873,Manuf,10.575568194810565
1973-11-01,0.09565486766671488,0.16586216196366502,0.09084710087740452,Manuf,10.454251042239129
1973-12-01,0.09602360977741013,0.1627028623176121,0.09180661924331156,Manuf,10.414105471748817
1974-01-01,0.09764836711533045,0.1641440326121899,0.08702441652517917,Manuf,10.24082664709509
1974-02-01,0.09599607865699854,0.1643033607863626,0.0877910331772965,Manuf,10.417092176994831
1974-03-01,0.09574534907160398,0.1642679507504815,0.08723690422228673,Manuf,10.44437155116685
1974-04-01,0.09564025132643325,0.1652239143140234,0.08693955154169714,Manuf,10.455848726148401
1974-05-01,0.09583031699050618,0.16787141545560758,0.08787565405365394,Manuf,10.435111052581295
1974-06-01,0.09482956689173783,0.16744356791507015,0.08800469207855549,Manuf,10.545234284805392
1974-07-01,0.0951458331199639,0.16860030305198054,0.087407734979092,Manuf,10.510181762128854
1974-08-01,0.0961890931725691,0.16871260837368227,0.08675961769643775,Manuf,10.396189079420251
1974-09-01,0.09590198299789396,0.16755290988070598,0.0906216684965074,Manuf,10.42731306214972
1974-10-01,0.09536810297124566,0.1631521591310965,0.08434198541696093,Manuf,10.48568618693725
1974-11-01,0.09591516702626932,0.16001234632472158,0.08320246320333244,Manuf,10.425879774844361
1974-12-01,0.09534748015639807,0.15661744598894675,0.08235778809290871,Manuf,10.487954147919842
1975-01-01,0.09533300267986954,0.15299813304843177,0.08040658605786731,Manuf,10.489546871381188
1975-02-01,0.09435625463776784,0.1557136935611508,0.08124976814447712,Manuf,10.598131558305107
1975-03-01,0.09417020891747323,0.15864535430206203,0.08684758861449655,Manuf,10.619069570891124
1975-04-01,0.09396504732790065,0.16194262012552316,0.0852176216160267,Manuf,10.642255055865588
1975-05-01,0.09564761253139917,0.16804646690202207,0.08613962882380964,Manuf,10.455044026025432
1975-06-01,0.09588573467613656,0.16410688741142104,0.08651109914373904,Manuf,10.429080022983582
1975-07-01,0.09481632483639167,0.16027773934284278,0.08374807925099664,Manuf,10.546707033050787
1975-08-01,0.09506771101966473,0.16047090677963183,0.0809245516807671,Manuf,10.51881852707225
1975-09-01,0.09567797552397542,0.16270557069670616,0.08045164371850684,Manuf,10.45172616292885
1975-10-01,0.09572288082265698,0.16032290331345692,0.08305296860522175,Manuf,10.44682307308188
1975-11-01,0.09402493730738724,0.15893395620098644,0.08532970688489872,Manuf,10.635476381449639
1975-12-01,0.0932822263071422,0.1587523088612813,0.08692878753286196,Manuf,10.720155806609801
1976-01-01,0.0935466384017711,0.1587471447713698,0.08703082380960976,Manuf,10.689854997302257
1976-02-01,0.09447669382339856,0.1653112012004714,0.09145898037853036,Manuf,10.584621026951465
1976-03-01,0.09469181546348988,0.16839370286732797,0.09191243828711981,Manuf,10.560574798416107
1976-04-01,0.09504184733678095,0.16778545328691238,0.09239064625461103,Manuf,10.521681007067322
1976-05-01,0.09517371144780387,0.16659420812615947,0.09024063540918029,Manuf,10.507103114796886
1976-06-01,0.09633613469104027,0.1668152281869708,0.09170405075412437,Manuf,10.380320979319974
1976-07-01,0.09616505213420692,0.1660772306696349,0.09503808563595438,Manuf,10.398788102401387
1976-08-01,0.09571711549623356,0.16365993611878257,0.09376112710873384,Manuf,10.447452316292896
1976-09-01,0.09499815147657631,0.16161507836851471,0.09315689911585512,Manuf,10.52652061599925
1976-10-01,0.09528400885105787,0.15993218116830202,0.09366984917117653,Manuf,10.494940463337755
1976-11-01,0.09463610035067292,0.1571784788403305,0.09148731760795563,Manuf,10.566792125779825
1976-12-01,0.09503433886692714,0.15790403217041624,0.09228623655517548,Manuf,10.522512303686995
1977-01-01,0.09499461193967225,0.15685328584115543,0.09059577940129218,Manuf,10.526912838330926
1977-02-01,0.09533053739735411,0.15288629806071555,0.09066161531076031,Manuf,10.489818134894463
1977-03-01,0.09504224369590239,0.15474195290426795,0.09159107362926587,Manuf,10.521637128008097
1977-04-01,0.09527175932892748,0.15632445896627656,0.09262029613297826,Manuf,10.496289845425041
1977-05-01,0.09595153402908342,0.15717055761591056,0.0889802278928666,Manuf,10.421928217394573
1977-06-01,0.0956708626163415,0.15437613712187034,0.08867854741771437,Manuf,10.452503224625367
1977-07-01,0.09594173465436082,0.1536911994917866,0.08943785850062323,Manuf,10.422992700753168
1977-08-01,0.0953681911634792,0.14935121948278435,0.09067690536177513,Manuf,10.485676490244112
1977-09-01,0.09421622512162633,0.149282387532118,0.09251469736140414,Manuf,10.613883104625263
1977-10-01,0.09396239109593468,0.14741153208597205,0.09087081559764848,Manuf,10.642555902808068
1977-11-01,0.09373295468956783,0.145720211156878,0.09177706819546555,Manuf,10.668606396884412
1977-12-01,0.09369837971215775,0.14593974059908973,0.09255238153955068,Manuf,10.672543143990417
1978-01-01,0.09395831230878357,0.1457171091062618,0.09428403538208496,Manuf,10.643017902595046
1978-02-01,0.09363472408491505,0.14483896597159515,0.09547529041059039,Manuf,10.679798651332858
1978-03-01,0.09334507308004443,0.14327843188780337,0.09300204722534558,Manuf,10.7129382087739
1978-04-01,0.09326308557427113,0.14469326508808078,0.08953404801813798,Manuf,10.722355944396012
1978-05-01,0.09346008220353914,0.14791482803700615,0.09389883565884295,Manuf,10.69975519411786
1978-06-01,0.09389891793815029,0.15218119300563054,0.09350535985006224,Manuf,10.649749986029487
1978-07-01,0.09383157555591205,0.15338452424116616,0.09285277528918404,Manuf,10.65739325035764
1978-08-01,0.09438461453091315,0.15786314135018203,0.09570801152860894,Manuf,10.594947121095428
1978-09-01,0.09470086229263432,0.15776179759795708,0.09752589778796479,Manuf,10.559565940486461
1978-10-01,0.09504450001331799,0.15553302813602893,0.0943913445419168,Manuf,10.521387348661692
1978-11-01,0.0947590350343468,0.15380061432964776,0.09476836187734927,Manuf,10.553083403999791
1978-12-01,0.09529305646424727,0.15358355253490263,0.09654493497866028,Manuf,10.49394401967983
1979-01-01,0.09577744300379391,0.15343289868631627,0.1013126527520481,Manuf,10.440871761009408
1979-02-01,0.09596478424600943,0.1559365178672768,0.10079946894400615,Manuf,10.420489222759688
1979-03-01,0.09621639519356819,0.1532884727327888,0.10055698573984664,Manuf,10.39323909390078
1979-04-01,0.09707507326236174,0.15508207978255922,0.10197103128800065,Manuf,10.301305643080294
1979-05-01,0.09767988471429452,0.15360773519106533,0.10188266445191951,Manuf,10.237522320229147
1979-06-01,0.09735330913770815,0.1523660274326704,0.10145780492985723,Manuf,10.271864499084264
1979-07-01,0.09798806612908252,0.15368866103393541,0.09764601496476902,Enrgy,10.205324377793833
1979-08-01,0.0980181916915469,0.1538758108941573,0.09481478841704825,Enrgy,10.202187805574873
1979-09-01,0.09855753685649771,0.15630541096704414,0.09463390323663116,Enrgy,10.146357466867558
1979-10-01,0.0998157335675361,0.1661607034956603,0.0931529058757292,Enrgy,10.018460660046065
1979-11-01,0.10079581074095863,0.17432963017727512,0.09295374303460953,Enrgy,9.92104724044496
1979-12-01,0.10183203991757878,0.17900449632612764,0.09463176237195786,Enrgy,9.820091994713884
1980-01-01,0.10212930355091418,0.17895861273513852,0.0928579680990465,Enrgy,9.791509050107967
1980-02-01,0.10584198202954576,0.19102891343520356,0.09425621232499383,Enrgy,9.448046803591133
1980-03-01,0.11234659916783746,0.21739545892850864,0.09121558364085382,Enrgy,8.901025998179744
1980-04-01,0.10732041328015166,0.20256664803787486,0.09039629150082308,Enrgy,9.317891810475768
1980-05-01,0.1078154957072016,0.20610140428723353,0.08681095373822219,Enrgy,9.275104598282754
1980-06-01,0.10683111758810569,0.20266202701808164,0.0853349150847561,Enrgy,9.360568555086777
1980-07-01,0.10838346549725333,0.20813600281241224,0.08526276507790834,Enrgy,9.22649959024739
1980-08-01,0.10651020630683118,0.198365964383784,0.0921616013015171,Enrgy,9.388771599213996
1980-09-01,0.10716206289771757,0.20132354658966928,0.09330135749765776,Enrgy,9.331660598531636
1980-10-01,0.10957023046323862,0.20923221940543993,0.09269377377273452,Enrgy,9.126566547977694
1980-11-01,0.11315842590126711,0.22102104820918966,0.0928180941055249,Enrgy,8.837167820560875
1980-12-01,0.12267179676435669,0.24918967646914783,0.0923230876757666,Enrgy,8.15183299157935
1981-01-01,0.11689436280946493,0.2314320310657804,0.09484078334989725,Enrgy,8.55473246070879
1981-02-01,0.11208782934620419,0.2171723461379179,0.09047063042873628,Enrgy,8.921575213231343
1981-03-01,0.1110978084167332,0.2125830845824145,0.0893027180686932,Enrgy,9.001077647265122
1981-04-01,0.1083247741216676,0.19959625177953666,0.08988260067790652,Enrgy,9.231498594004227
1981-05-01,0.10479118472745592,0.18548601167689205,0.09146703819350699,Enrgy,9.542787426259473
1981-06-01,0.1024733583862069,0.17599045762864568,0.09445913369714923,Enrgy,9.758634007398765
1981-07-01,0.10413295783504112,0.18623435762957577,0.09531973587020717,Enrgy,9.603107611560578
1981-08-01,0.10750141006261121,0.20210982456959958,0.0924090616438099,Enrgy,9.302203565679536
1981-09-01,0.10702898857345614,0.20127551470169414,0.09123182274534015,Enrgy,9.343263104029802
1981-10-01,0.1034110420282801,0.1883525525450354,0.09402997329633307,Enrgy,9.67014721432289
1981-11-01,0.10339238027074603,0.18887085820050592,0.09394569957150979,Enrgy,9.671892622854543
1981-12-01,0.10462827827892054,0.1930760857825411,0.09120222410069002,Enrgy,9.557645566279666
1982-01-01,0.10282377894138238,0.18466332020094914,0.09412448394773786,Enrgy,9.72537685636003
1982-02-01,0.10018522470078453,0.1738636735729929,0.09936157383820392,Enrgy,9.981511774681573
1982-03-01,0.09789123439745322,0.161949630579637,0.09916413050678423,Enrgy,10.215419247241778
1982-04-01,0.09595050053270937,0.1527324486068717,0.09733420953060713,Enrgy,10.422040473453306
1982-05-01,0.09566266318938758,0.15300659010108594,0.10086686101871749,Enrgy,10.45339912835435
1982-06-01,0.09654529964397142,0.16090958829618784,0.09878004297947163,Enrgy,10.357832061091367
1982-07-01,0.09489387571391264,0.1492179772835593,0.10153060001484908,Enrgy,10.538087863697482
1982-08-01,0.09359947810895908,0.1403434970605999,0.10504237038927652,Enrgy,10.683820254167452
1982-09-01,0.09336412836826848,0.13737355630915926,0.10636771718448965,Enrgy,10.71075173599402
1982-10-01,0.09333656876517375,0.13794189236265517,0.10604196151788248,Enrgy,10.713914312791038
1982-11-01,0.09304152459382721,0.13014807458371802,0.11142441027532375,Enrgy,10.747889228658925
1982-12-01,0.09233641784859967,0.1276696593982311,0.11756864922310423,Manuf,10.829963120722963
1983-01-01,0.09256909798566806,0.12857387116980576,0.11993717100551925,Manuf,10.802741106484847
1983-02-01,0.09250569651191161,0.12907506681713518,0.12534134314128717,Manuf,10.81014507978148
1983-03-01,0.09237777652336451,0.1288616318669618,0.12634266191946283,Manuf,10.825114412091056
1983-04-01,0.09244895262672613,0.12674108260215622,0.12333694118291796,Manuf,10.816780196933344
1983-05-01,0.09263975669598536,0.12494861286778625,0.12370437814593897,Manuf,10.794501579723342
1983-06-01,0.09312494912441213,0.12666115231895653,0.12601493659100563,Manuf,10.738260900030454
1983-07-01,0.09329546813988547,0.1316937502517465,0.1316937502517465,BusEq,10.718634248135384
1983-08-01,0.09324862755069749,0.12915552958262147,0.12915552958262147,BusEq,10.724018425432794
1983-09-01,0.09347945370314592,0.12789959656313124,0.12789959656313124,BusEq,10.697537912187718
1983-10-01,0.09294601073566729,0.12889427047964325,0.12889427047964325,BusEq,10.75893405305945
1983-11-01,0.09245968479310517,0.12325954269857421,0.12325954269857421,BusEq,10.815524649880391
1983-12-01,0.09278343053873694,0.12679643269766422,0.1227392006797106,Manuf,10.777786445204798
1984-01-01,0.09354454307741801,0.128468843655544,0.12535685384280154,Manuf,10.690094441665018
1984-02-01,0.09402318623066154,0.130525856870469,0.11925851195748674,Enrgy,10.63567445530679
1984-03-01,0.09414576060547697,0.13542710986649592,0.11794409732911833,Enrgy,10.621827191885522
1984-04-01,0.09442943423434433,0.13441399779111313,0.11892856657072345,Enrgy,10.589918367172599
1984-05-01,0.09462481796485961,0.13944217555849248,0.11813564762220943,Enrgy,10.568052034418344
1984-06-01,0.09422714910001163,0.13897698125198243,0.11793212284742087,Enrgy,10.612652611813727
1984-07-01,0.09568614667016165,0.1382415989195888,0.11974254048193551,Money,10.450833634748463
1984-08-01,0.09526658659950892,0.14003910202763462,0.11953924265571891,Money,10.496859766834081
1984-09-01,0.09588628065289738,0.13885485343089918,0.1231352036586551,Money,10.42902063977161
1984-10-01,0.09604481394679651,0.14278550947530452,0.11872387267435205,Money,10.41180631110332
1984-11-01,0.09560527902686329,0.1447869118505473,0.11697551930132702,Money,10.459673463418467
1984-12-01,0.09543566927593478,0.14719640123406888,0.11370671863285872,Money,10.478262557248726
1985-01-01,0.09558828111797475,0.14982939062544423,0.11441760419965756,Money,10.46153344640441
1985-02-01,0.09607146161270677,0.1503662131488396,0.11914289496599842,Money,10.408918353207778
1985-03-01,0.09584244581570839,0.15146686720134994,0.11557528772954533,Money,10.43379049323157
1985-04-01,0.09522458184685376,0.15158596462978996,0.10926237975129442,Money,10.50149006281029
1985-05-01,0.09587615373408749,0.1557422089291594,0.10556776627535137,Money,10.430122205084489
1985-06-01,0.09533791482525121,0.15671382818019106,0.10303428474097866,Money,10.489006412956915
1985-07-01,0.0965521332306484,0.16879659128561936,0.10392545231477791,Money,10.357098973786023
1985-08-01,0.09671674960225582,0.16697979626938853,0.10906847966816102,Money,10.339470713319713
1985-09-01,0.09668296395304107,0.16751935742251836,0.10693932693809428,Money,10.343083818631172
1985-10-01,0.09681391889716019,0.16705108222647316,0.10724937703763905,Money,10.329093289387883
1985-11-01,0.09765317730915651,0.17234372381689742,0.10595121663397587,Money,10.240322205125366
1985-12-01,0.09806202447945944,0.17431085496338827,0.1082260493549264,Money,10.197627525112589
1986-01-01,0.09836087740761988,0.17473457367163192,0.11301152341504328,Money,10.166643754669591
1986-02-01,0.09943509864869907,0.17862912081825535,0.11186465253012269,Money,10.056811061584673
1986-03-01,0.09992381607571901,0.1808576682053825,0.10924079793093935,Money,10.007624200843496
1986-04-01,0.09958658568540932,0.18092883806887552,0.10346511237213848,Money,10.041513052359948
1986-05-01,0.09818033985146858,0.1743351754821572,0.10878566066933987,Money,10.185338546524108
1986-06-01,0.09795483300229806,0.17445002344614466,0.10455139716124608,Money,10.2087867372153
1986-07-01,0.10188176901532693,0.19479828227336551,0.0981309999390925,Money,9.815298749372536
1986-08-01,0.10203302290373559,0.1960208890773297,0.09601228448574192,Money,9.800748537495192
1986-09-01,0.10237606068686174,0.1975664411112264,0.09617244940995105,Money,9.767908564666362
1986-10-01,0.10137924349465058,0.19311488484321268,0.09588816224689066,Money,9.86395208258549
1986-11-01,0.10048296944422175,0.19068115110833359,0.09205502750560644,Money,9.95193519390469
1986-12-01,0.09929475568649217,0.18604921661883458,0.0942759898918841,Money,10.071025333476275
1987-01-01,0.09955237927080254,0.1869865600233831,0.09388023231677782,Money,10.044963338141807
1987-02-01,0.0988446511398014,0.1827853407493134,0.09652373609329286,Money,10.116885319223245
1987-03-01,0.09893979168220807,0.181785252055801,0.10124474214055476,Money,10.107156918340529
1987-04-01,0.09748071295790572,0.17525813488314337,0.10227393191822114,Money,10.258439538001959
1987-05-01,0.09665428514192403,0.16965053035792113,0.10906603791719148,Money,10.346152770481229
1987-06-01,0.09607087199162406,0.1672228058453537,0.10892536087200079,Money,10.408982236438792
1987-07-01,0.09342813482885896,0.1569077607318293,0.10371584686219872,Money,10.703413932342686
1987-08-01,0.09309993906578314,0.15326995057732198,0.10048185252560297,Money,10.741145590798011
1987-09-01,0.09371057092813373,0.15665857074131517,0.10395005912504371,Money,10.671154706408695
1987-10-01,0.09370367999655178,0.15620220579010166,0.1036176947037461,Money,10.671939458907048
1987-11-01,0.09319285363149264,0.15918136651153322,0.09932371898986468,Money,10.730436519888583
1987-12-01,0.09343366901218082,0.15976516372395075,0.09687353126695111,Money,10.702779956865777
1988-01-01,0.09282999509062773,0.15380940032130855,0.10124004855737823,Money,10.772380188361787
1988-02-01,0.09319836584786283,0.16002799508473564,0.09453797127325274,Money,10.729801868333203
1988-03-01,0.09274791027792346,0.1551792297335195,0.0966579607992789,Money,10.781914083060773
1988-04-01,0.09266770237593303,0.15355054152533296,0.09429485250989224,Money,10.79124629575053
1988-05-01,0.09255350311886643,0.15146852224684781,0.09627595377105637,Money,10.804561321851864
1988-06-01,0.09271864821607169,0.15405090042484693,0.09494361652211486,Money,10.785316861712634
1988-07-01,0.09220219551335267,0.13726951014284947,0.1077916362069675,Manuf,10.845728720800153
1988-08-01,0.0918284179959159,0.13408916124374737,0.1036135713731274,Manuf,10.889875071619716
1988-09-01,0.09189665483158045,0.13336108937841581,0.09816603667811614,Money,10.881788916394248
1988-10-01,0.09184299388104088,0.13320750793140085,0.09728556071315352,Money,10.888146800780955
1988-11-01,0.09151359439398311,0.13102032428940436,0.09600087551350461,Money,10.927338245450324
1988-12-01,0.0914356656151232,0.13036462091427253,0.09456600560951785,Money,10.93665139606752
1989-01-01,0.09093397076047986,0.12974372429558167,0.09804183281848061,Manuf,10.99699036165484
1989-02-01,0.09091820540167228,0.1306527602163625,0.09904803960004498,Manuf,10.99889725695803
1989-03-01,0.09102089236321927,0.13020943969945714,0.09674016068100236,Manuf,10.986488640536457
1989-04-01,0.09121161500036357,0.13007802545598687,0.08972031135712133,Money,10.963515995150551
1989-05-01,0.09131160254039451,0.12905750819410697,0.09006767110328129,Manuf,10.95151078481641
1989-06-01,0.09142773164495308,0.1305016701634134,0.0893272571166034,Manuf,10.93760046331852
1989-07-01,0.09196102701903225,0.13692383081157633,0.08141035794268096,Money,10.874171727040848
1989-08-01,0.09227142971517736,0.1379655690274628,0.07797836001261065,Money,10.837590824015528
1989-09-01,0.09219161451338878,0.13813537516113641,0.0781308741580455,Money,10.846973504892597
1989-10-01,0.09255807312414772,0.14112950582431685,0.0761189918819437,Money,10.804027852424115
1989-11-01,0.09247371054985663,0.1400800675255392,0.07539932226211156,Money,10.813884227786621
1989-12-01,0.09239558548045491,0.13682579054216798,0.07276412794129453,Money,10.823027905500279
1990-01-01,0.09210777421242777,0.13082721920654944,0.07078847927485125,Money,10.856846868253532
1990-02-01,0.0919897925391037,0.13235499574790605,0.07548854105931976,Manuf,10.870771336666648
1990-03-01,0.09207744387260736,0.13362791138431915,0.07711864068476848,Manuf,10.860423117126688
1990-04-01,0.09192810975241592,0.13651948650761286,0.07896234137891271,Manuf,10.878065508942106
1990-05-01,0.09179651225438784,0.13635975913630408,0.07970836711271763,Manuf,10.893660068791997
1990-06-01,0.0916592324965429,0.13463060630125293,0.0820826705401469,Manuf,10.909975708532329
1990-07-01,0.09129949597473919,0.128514276806144,0.08575603166584257,Manuf,10.952962985432919
1990-08-01,0.09127122825368336,0.13020185961803607,0.08011277348185986,Manuf,10.956355240674037
1990-09-01,0.09150343542590493,0.12614502586583493,0.07763308302959393,Manuf,10.92855142919472
1990-10-01,0.09131209084170609,0.12225247775943429,0.07694845241213132,Manuf,10.951452220424436
1990-11-01,0.09107865194179103,0.11916640812839162,0.07560414973151881,Manuf,10.97952131130692
1990-12-01,0.09110278762695659,0.11905234719397768,0.0785798225760551,Manuf,10.976612527980516
1991-01-01,0.09133650161761869,0.1216911245907405,0.07951061945699892,Manuf,10.94852531342301
1991-02-01,0.0916330432020573,0.1251928256230646,0.08727654808735413,Manuf,10.913093847542854
1991-03-01,0.0918684311989787,0.12290352749376539,0.08593860017135355,Manuf,10.88513199745504
1991-04-01,0.09240341445397174,0.1213709287787434,0.0837729507293431,Manuf,10.822110913424341
1991-05-01,0.09237999035190879,0.1209204936324232,0.08140229791242382,Manuf,10.824854995011782
1991-06-01,0.0923735990815414,0.12406339567623571,0.08112698751629316,Manuf,10.825603959820436
1991-07-01,0.09208513804571608,0.12115106823674791,0.08258785106054391,Money,10.85951567454398
1991-08-01,0.0924543088412068,0.12234991028245858,0.08275733175041947,Money,10.816153541502665
1991-09-01,0.09302780762856763,0.12454432414408537,0.08285568655696954,Money,10.749474006661563
1991-10-01,0.0929433880747182,0.1258600872003265,0.0807169470350019,Money,10.759237646857558
1991-11-01,0.09325528755855064,0.12627247180571072,0.08097174724641484,Money,10.723252548786006
1991-12-01,0.09350837925440322,0.12449587306010962,0.08051303958469284,Money,10.694228773651972
1992-01-01,0.0946330596707214,0.12664905765758352,0.07934123020270845,Money,10.567131650181556
1992-02-01,0.09382531068772189,0.12648278778503952,0.08495531156241763,Money,10.658104861792495
1992-03-01,0.09361800753225737,0.12848098335678068,0.08705751923966087,Money,10.681705650010082
1992-04-01,0.09344805376025885,0.1296168252041793,0.0846258860936473,Money,10.701132444828673
1992-05-01,0.09255965416948418,0.1274899246533401,0.08284082454904408,Money,10.803843304869305
1992-06-01,0.09290662796784703,0.1298166657415487,0.08256655713529583,Money,10.763494724467648
1992-07-01,0.09358602643377342,0.13949286836876398,0.08113676345793021,Money,10.685355903080836
1992-08-01,0.09350357848097197,0.13835764312384843,0.08034684133063887,Money,10.694777849635996
1992-09-01,0.09376206078804915,0.1367853124460729,0.07835004485378524,Money,10.665294593519208
1992-10-01,0.09384650648370019,0.13925038110067134,0.07997305216836811,Money,10.655697664927846
1992-11-01,0.09406090392717686,0.14109300927025076,0.08071146482430562,Money,10.631409631936055
1992-12-01,0.09469048538766339,0.1441665725491229,0.08245471995599316,Money,10.560723138190646
1993-01-01,0.09490009248123055,0.14788597537108464,0.08118588222755457,Money,10.537397528856793
1993-02-01,0.09486313025166342,0.15118116713719743,0.08428782386481065,Money,10.541503293714737
1993-03-01,0.09464750743102195,0.15200897342449055,0.0835702673535772,Money,10.56551859782244
1993-04-01,0.09475976412451485,0.1540872607296032,0.0836319708475746,Money,10.553002207624688
1993-05-01,0.09389185497742222,0.1524166272681598,0.08304061704371465,Money,10.650551107340096
1993-06-01,0.09355526736097843,0.14840156895637407,0.08773169049635199,Money,10.688869031195741
1993-07-01,0.09564270917291066,0.1649484074255524,0.08971883661625642,Money,10.455580029546411
1993-08-01,0.09628077253201117,0.1689716705867385,0.0864641746445425,Money,10.38628974095033
1993-09-01,0.09626340598435233,0.16758556456345125,0.0888110588763315,Money,10.38816349550888
1993-10-01,0.09680951074499533,0.17137823926759937,0.08996532257881196,Money,10.32956361729879
1993-11-01,0.0951541041225316,0.16177836034891996,0.0901697951088952,Money,10.509268194173554
1993-12-01,0.09480195659234639,0.15847387491822698,0.09174065111252623,Money,10.548305498588546
1994-01-01,0.09483997681739025,0.1589574995933098,0.09286652635393768,Money,10.544076807667839
1994-02-01,0.0947605877364236,0.15956522573284698,0.09457778424167985,Money,10.552910486176998
1994-03-01,0.09491143768006975,0.15710084229218552,0.09887495518485273,Money,10.53613794546901
1994-04-01,0.09520899686474621,0.1581508348091771,0.0997820567451481,Money,10.503209076140134
1994-05-01,0.09518375467586894,0.16054066008984616,0.09742428559833811,Money,10.505994467284035
1994-06-01,0.09631026558133217,0.1658753722794824,0.09856051557528954,Money,10.383109152113377
1994-07-01,0.09685976235439445,0.16836638063908443,0.09720355622278853,Money,10.324204558144167
1994-08-01,0.09684616768319568,0.1680193836351837,0.09813291981280438,Money,10.325653806676293
1994-09-01,0.09696226906887592,0.16641596722529065,0.10301916251057004,Money,10.313290000357382
1994-10-01,0.09647706091941222,0.16176748881276817,0.10508609002090251,Money,10.365158209320919
1994-11-01,0.0963521815374715,0.1593688926719249,0.1106438453100355,Money,10.378592202513843
1994-12-01,0.09619103437520324,0.15657145593375377,0.11287551042003019,Money,10.395979277022793
1995-01-01,0.09646738796022822,0.15676646363290972,0.11453147718306954,Money,10.366197542451156
1995-02-01,0.09708939452676088,0.1613581135194641,0.11143420624309848,Money,10.299786139096465
1995-03-01,0.09763500870336593,0.16289425305216357,0.11443462715530016,Money,10.24222779595579
1995-04-01,0.09745577758079602,0.16053705851786865,0.11704555965945024,Money,10.261064298326971
1995-05-01,0.09784283980162542,0.1593716181509361,0.12381779765197942,Money,10.220471953057391
1995-06-01,0.0984081721734169,0.1635079613171199,0.12325488433026237,Money,10.161757686524037
1995-07-01,0.0981110543073994,0.15655877393874185,0.13743686014290343,Money,10.19253138251702
1995-08-01,0.09903784331995137,0.1568875407832646,0.14215444412701694,Money,10.097150407136825
1995-09-01,0.09999203072810095,0.1635228760966424,0.14101296974842642,Money,10.000796990704261
1995-10-01,0.10023854711608772,0.16661192217624904,0.1380012878256727,Money,9.976202057696282
1995-11-01,0.10056916833760676,0.16530019207283514,0.1418641664897667,Money,9.943405285435384
1995-12-01,0.10059656877945691,0.16916310821085676,0.13562511838029495,Money,9.94069690579956
1996-01-01,0.09932131830563251,0.16705596982048937,0.12857103666333192,Money,10.068331925707938
1996-02-01,0.0992540231309136,0.16619087777229022,0.12825056918200214,Money,10.075158350820951
1996-03-01,0.10003548924289644,0.1671056408483047,0.1344948622719059,Money,9.996452334749893
1996-04-01,0.09914975964279649,0.16670031528543872,0.12874575647119924,Money,10.085753143554422
1996-05-01,0.09865220518399645,0.15751291057704295,0.13775081669076816,Money,10.136620850338801
1996-06-01,0.09885982126541887,0.1553000004056088,0.13949306237278225,Money,10.115332874365611
1996-07-01,0.10058159040224918,0.1629410756977453,0.14060202580096237,Money,9.942177251331653
1996-08-01,0.10097273031941592,0.16716001077395728,0.1374164361275114,Money,9.903664056984613
1996-09-01,0.101597236874636,0.1689440222161636,0.13877759277419624,Money,9.842787370624373
1996-10-01,0.10325260929764223,0.16971108613580457,0.14630008937964187,Money,9.684985268675772
1996-11-01,0.10369595428133123,0.17620867916296262,0.14193914531391888,Money,9.6435777743745
1996-12-01,0.10537861856028215,0.1786513682710234,0.14922541257921004,Money,9.489591092219026
1997-01-01,0.10505147172876489,0.17825965200759428,0.1475855268725364,Money,9.519143173757012
1997-02-01,0.1064549758616386,0.17919030226422228,0.15276907192690606,Money,9.393642635358985
1997-03-01,0.10654985559745461,0.18610338898348935,0.1416493250250187,Money,9.385277853195788
1997-04-01,0.10510563466103025,0.18196187880090806,0.1402298435906416,Money,9.514237778260307
1997-05-01,0.10685634684218524,0.18445397679699516,0.14498885117093796,Money,9.358358483627436
1997-06-01,0.10725444108618097,0.18216148730760098,0.1492334722673091,Money,9.323623244621462
1997-07-01,0.10792366331265085,0.18399601597690016,0.14659482754566358,Money,9.265808528969565
1997-08-01,0.11046146039853229,0.18770755407444506,0.1583064967998129,Money,9.052931188779459
1997-09-01,0.11005403902576384,0.18403938603107758,0.1633513595324022,Money,9.086445248646424
1997-10-01,0.1101806730825586,0.18813120182793155,0.15942622135714177,Money,9.076001915968492
1997-11-01,0.1089897003489479,0.18974026454002868,0.1518233263138715,Money,9.175178909551459
1997-12-01,0.10860474627257753,0.1895399787103566,0.14943114230044827,Money,9.207700715861789
1998-01-01,0.10844957466253315,0.19534049731417505,0.14075114905850952,Money,9.220875260338639
1998-02-01,0.10840359390959887,0.18800592259385304,0.14773045539648846,Money,9.224786410992342
1998-03-01,0.1095000294854948,0.1903466569922875,0.15198243599618977,Money,9.132417632202259
1998-04-01,0.10891748317738689,0.191727521020096,0.14671163027716164,Money,9.181262464276413
1998-05-01,0.10975817345373895,0.19100720832556586,0.15317851973021296,Money,9.110938789642683
1998-06-01,0.10855403619911541,0.1914183096078329,0.1462222978061634,Money,9.212002013133334
1998-07-01,0.11184233687803039,0.19707034596478873,0.15635645711874122,Money,8.94115795425975
1998-08-01,0.11365134430371712,0.19918451295785908,0.16104267920433546,Money,8.798840050036203
1998-09-01,0.10918054373583383,0.18428892624419302,0.15690504340180048,Money,9.159141050071478
1998-10-01,0.11060253519062496,0.1779344711565187,0.1699806413374506,Money,9.041384072042169
1998-11-01,0.1097953480329966,0.17292080285280323,0.17031153983042951,Money,9.107854002152001
1998-12-01,0.11202334540693198,0.1803981307979826,0.1803981307979826,BusEq,8.92671073486902
1999-01-01,0.11470428090903047,0.1957321467526272,0.1957321467526272,BusEq,8.718070433596797
1999-02-01,0.12053640391330506,0.2184492615188157,0.2184492615188157,BusEq,8.296248830513003
1999-03-01,0.11740584271371526,0.2010593604689413,0.2010593604689413,BusEq,8.517463670342368
1999-04-01,0.1198685182112682,0.21142445265120105,0.21142445265120105,BusEq,8.342474028397518
1999-05-01,0.11767894471036054,0.20628934344802835,0.20628934344802835,BusEq,8.497696868894161
1999-06-01,0.11765563359549601,0.20880921848238954,0.20880921848238954,BusEq,8.499380517876716
1999-07-01,0.12615351171456246,0.2264722207454817,0.2264722207454817,BusEq,7.926850282714449
1999-08-01,0.12603784875014004,0.2300183285547624,0.2300183285547624,BusEq,7.93412462935971
1999-09-01,0.1298602677285493,0.24559557813664093,0.24559557813664093,BusEq,7.700584770780922
1999-10-01,0.13164946676924427,0.25234715402770647,0.25234715402770647,BusEq,7.595928981260548
1999-11-01,0.13213393233170997,0.2465920542543198,0.2465920542543198,BusEq,7.568078708878449
1999-12-01,0.13901790880822446,0.26980768198490834,0.26980768198490834,BusEq,7.193317814753655
2000-01-01,0.15296622746128305,0.30512845419962736,0.30512845419962736,BusEq,6.537390746941888
2000-02-01,0.15122966289763354,0.3015559163134852,0.3015559163134852,BusEq,6.612459360415913
2000-03-01,0.17415597406015085,0.34935515884364216,0.34935515884364216,BusEq,5.741979311341999
2000-04-01,0.17014026902115165,0.3390505983650303,0.3390505983650303,BusEq,5.877503343289537
2000-05-01,0.15963302220864406,0.31873049882053567,0.31873049882053567,BusEq,6.264368024637013
2000-06-01,0.14996268241596872,0.2946561421766552,0.2946561421766552,BusEq,6.668325638682464
2000-07-01,0.16986348161999176,0.33864427912572903,0.33864427912572903,BusEq,5.887080557062519
2000-08-01,0.16591653460842032,0.32821651617138947,0.32821651617138947,BusEq,6.027126846399609
2000-09-01,0.17537279260841515,0.34464523644437756,0.34464523644437756,BusEq,5.702138770367141
2000-10-01,0.15898925200962696,0.3087695962693134,0.3087695962693134,BusEq,6.289733345870757
2000-11-01,0.15187142796498915,0.2922369047729117,0.2922369047729117,BusEq,6.584517004940057
2000-12-01,0.13651189277973377,0.24898046822688114,0.24898046822688114,BusEq,7.325369091567219
2001-01-01,0.13169087547011366,0.22622837442391275,0.22622837442391275,BusEq,7.593540527619495
2001-02-01,0.13904263112546214,0.2564587597026422,0.2564587597026422,BusEq,7.192038815042786
2001-03-01,0.12555635815899757,0.20897297170055246,0.20897297170055246,BusEq,7.964550857182842
2001-04-01,0.12248423703465308,0.19643410655212026,0.19327226748932044,Money,8.164315867984557
2001-05-01,0.12512968307487599,0.21109845485077763,0.21109845485077763,BusEq,7.991708884946291
2001-06-01,0.12435146101429748,0.20231145261211442,0.20231145261211442,BusEq,8.041722966849772
2001-07-01,0.1289856217954046,0.215471378099884,0.215471378099884,BusEq,7.752802103680887
2001-08-01,0.12673654944461388,0.20313213467729987,0.20313213467729987,BusEq,7.8903836689748115
2001-09-01,0.12385775156747084,0.19953298658091317,0.19046961876603982,Money,8.073778082878047
2001-10-01,0.12275708366378063,0.20609625232019624,0.16978413979087606,Money,8.146169411607236
2001-11-01,0.12548936641086908,0.1982634780110604,0.192265427710056,Money,7.96880268504875
2001-12-01,0.1288568036832296,0.20706196099156976,0.20706196099156976,BusEq,7.760552577870186
2002-01-01,0.12749359377806818,0.20220284837934457,0.20220284837934457,BusEq,7.843531352177029
2002-02-01,0.12785597515170335,0.20411196505060808,0.20411196505060808,BusEq,7.821300481369623
2002-03-01,0.12271932491042209,0.20081863850807122,0.18129066074459516,Money,8.148675856308216
2002-04-01,0.12365696648060102,0.20450742910175568,0.18525698819559466,Money,8.086887689881001
2002-05-01,0.12272148916925311,0.21328498082372896,0.1721433406891931,Money,8.14853215006897
2002-06-01,0.12226829077486426,0.215796960841895,0.16685836171259,Money,8.17873541588412
2002-07-01,0.12135080310356967,0.22281742831711834,0.15317338777612213,Money,8.24057175086453
2002-08-01,0.12251912627968657,0.2254046328235982,0.15065684652514993,Money,8.16199095084306
2002-09-01,0.12324261043939574,0.22884109499073846,0.1484817940954818,Money,8.114076750197917
2002-10-01,0.12235038298593746,0.22857006024214221,0.13813419489138554,Money,8.173247811696156
2002-11-01,0.12398514714645531,0.2268661639731264,0.15287776187397528,Money,8.06548222117902
2002-12-01,0.1246770914732661,0.220904240788064,0.16833895123339232,Money,8.020719670176339
2003-01-01,0.12325409852029814,0.22441221761642263,0.15566609608236257,Money,8.113320465650192
2003-02-01,0.12469853477942905,0.22673458835172233,0.15779095255008138,Money,8.019340417823141
2003-03-01,0.12478947581871021,0.2236496783084205,0.16268382130535441,Money,8.013496277945466
2003-04-01,0.12379263865911214,0.2204251519855574,0.1596542324489844,Money,8.078024758432532
2003-05-01,0.12552076006853688,0.22773844607531377,0.16228684483428057,Money,7.966809629371108
2003-06-01,0.12574983817512192,0.22642836476754002,0.16789567744819647,Money,7.9522965159396755
2003-07-01,0.1241610081172387,0.2201005526246202,0.16479483420183788,Money,8.054058316406007
2003-08-01,0.12637562643540562,0.22391960847216652,0.17011810737990268,Money,7.9129182438603385
2003-09-01,0.1251498753377265,0.2176593687053159,0.17631905949183443,Money,7.990419465472287
2003-10-01,0.12648008958477103,0.2214480094969615,0.17695895914626608,Money,7.906382761768743
2003-11-01,0.12733248877348674,0.22305727007041246,0.18031898353044762,Money,7.853455230729934
2003-12-01,0.12720363269874435,0.2218197272395694,0.18143994336833769,Money,7.8614107064716805
2004-01-01,0.1259283882322138,0.22156491316916657,0.17793102610449515,Money,7.941021194966661
2004-02-01,0.12782358503737856,0.22393792973501017,0.18218318201935607,Money,7.823282375530126
2004-03-01,0.12694341768866027,0.22650457393158024,0.17463641610803657,Money,7.877525422015867
2004-04-01,0.12640190170444976,0.22729366001499945,0.17247291808768836,Money,7.911273378925728
2004-05-01,0.12262973549656075,0.21632885469476867,0.1680211608637167,Money,8.154629021670244
2004-06-01,0.12404777973304504,0.21707293241320846,0.17430122059957573,Money,8.061409903119857
2004-07-01,0.12056889073226301,0.2031471435140033,0.176520301278619,Money,8.294013438513042
2004-08-01,0.1193001411157234,0.20596815890862608,0.16839982597311093,Money,8.382219758063664
2004-09-01,0.11951181712793904,0.21233814647774693,0.16054124741702927,Money,8.367373403163022
2004-10-01,0.1187535214350157,0.208283110146385,0.16363340219759512,Money,8.42080291949254
2004-11-01,0.11933006879633498,0.20600401240566116,0.170392923816151,Money,8.380117518466673
2004-12-01,0.11879558844903625,0.20542318881809388,0.17043762494450232,Money,8.417821007124383
2005-01-01,0.1192625482117292,0.20576213563470114,0.17033211424265823,Money,8.384861928529984
2005-02-01,0.11791783810524636,0.20651513863962756,0.16327542094530262,Money,8.480481122011923
2005-03-01,0.11591495251550347,0.20169586024848804,0.16010370959523182,Money,8.627014706029849
2005-04-01,0.11516210464447191,0.1983298625731983,0.15935040247296867,Money,8.683411987712423
2005-05-01,0.11584133465146836,0.20138407531444244,0.15608809282379474,Money,8.632497225698396
2005-06-01,0.11672633911743056,0.2005530268448375,0.16263999482944586,Money,8.567046714229313
2005-07-01,0.11787728310645468,0.20742987917296246,0.1593544003715505,Money,8.483398782587333
2005-08-01,0.11712159784765823,0.202765849611024,0.16185133494463153,Money,8.53813488184062
2005-09-01,0.1173930567351234,0.20299764886731822,0.16307783216470773,Money,8.518391358156066
2005-10-01,0.11737534914535379,0.20392586145884245,0.16266737424825292,Money,8.519676467685159
2005-11-01,0.12034606279320914,0.21337227963659774,0.16352026848413992,Money,8.309370300865611
2005-12-01,0.12171203192690509,0.2143757388475675,0.16810783846430263,Money,8.216114579374997
2006-01-01,0.1212522203274022,0.2141812401080062,0.16506003496898433,Money,8.247271656550495
2006-02-01,0.119772467359514,0.2082003585040093,0.16668279788164203,Money,8.349164228189093
2006-03-01,0.12026563647659846,0.21161168049845963,0.1643739873346558,Money,8.314927100515384
2006-04-01,0.12007415011650818,0.2088541192388654,0.16642744865595946,Money,8.328187199573748
2006-05-01,0.1203758380032873,0.2128941360857227,0.1639546786296714,Money,8.307314961102836
2006-06-01,0.11903406758490466,0.21229526982118613,0.15778067985196634,Money,8.40095630006695
2006-07-01,0.11746760280933899,0.21111908425855141,0.15317171170169802,Money,8.5129855048042
2006-08-01,0.11738768606587381,0.21487199103206714,0.14803795001619874,Money,8.518781087812187
2006-09-01,0.11786380179199442,0.2129638031887633,0.15524130731912297,Money,8.484369117541245
2006-10-01,0.11920370028106225,0.21582267303748776,0.15736174396955557,Money,8.389001328332665
2006-11-01,0.11795901109693399,0.21132119366147117,0.158218612821237,Money,8.477521053294012
2006-12-01,0.11727098234989164,0.20807784248268973,0.16053853713064667,Money,8.527258661621708
2007-01-01,0.11779567161656072,0.21297452217277346,0.15594289103329168,Money,8.489276272010418
2007-02-01,0.11782038329484942,0.2110941407020613,0.15689732487069555,Money,8.487495728964545
2007-03-01,0.11682296063616111,0.20916332431448104,0.15557147732782808,Money,8.559961111706857
2007-04-01,0.11599764649282725,0.20670230298817227,0.15598348628535963,Money,8.62086456264296
2007-05-01,0.11596041466378482,0.20566329678430115,0.156827115148168,Money,8.623632494756045
2007-06-01,0.11568108387982923,0.20424261310968655,0.15746912359920978,Money,8.644455657407315
2007-07-01,0.11418820264901121,0.20005996300375892,0.15993117079704103,Money,8.757472110089818
2007-08-01,0.11277112709941986,0.19076924673463988,0.1641689175444946,Money,8.867518005015526
2007-09-01,0.11333516293635373,0.19119314165969126,0.16694715774895003,Money,8.823386970922481
2007-10-01,0.11261571670030845,0.18791488309339732,0.1670423412386655,Money,8.87975523577395
2007-11-01,0.11287225085271621,0.18188330992052928,0.17487892807683106,Money,8.859573477496001
2007-12-01,0.11106145140857136,0.17891846544942733,0.1693928552466619,Money,9.004024234486307
2008-01-01,0.11051392630186543,0.17342892583733413,0.17342892583733413,BusEq,9.048633357469631
2008-02-01,0.11038719000455233,0.1816003469864397,0.1619555616636006,Money,9.05902215609221
2008-03-01,0.10768758850959347,0.16679225962886496,0.16123243610859114,Money,9.286121212668013
2008-04-01,0.10695530786535778,0.16378512506034332,0.16378512506034332,BusEq,9.349699607791923
2008-05-01,0.10769610036781271,0.16663849082568732,0.16663849082568732,BusEq,9.285387275720444
2008-06-01,0.10719899514755113,0.17285778201789664,0.17285778201789664,BusEq,9.328445650293432
2008-07-01,0.10613679883502114,0.17076834367322033,0.17076834367322033,BusEq,9.421802908851607
2008-08-01,0.10701948574470797,0.17079653099699552,0.17079653099699552,BusEq,9.34409274200282
2008-09-01,0.10673271649180088,0.17138258823354413,0.17138258823354413,BusEq,9.369198432017976
2008-10-01,0.10690734640569527,0.16542174286782976,0.16542174286782976,BusEq,9.353894130017682
2008-11-01,0.10631130909004947,0.16373021553170236,0.16373021553170236,BusEq,9.406336998004269
2008-12-01,0.10406989383232147,0.15880280328470586,0.15880280328470586,BusEq,9.608926877654076
2009-01-01,0.10451366400250606,0.15951024083551824,0.15951024083551824,BusEq,9.5681269003833
2009-02-01,0.10489384119684331,0.16888597200523575,0.16888597200523575,BusEq,9.533448185231434
2009-03-01,0.10623105941366698,0.17845128294417262,0.17845128294417262,BusEq,9.413442787066348
2009-04-01,0.10720307865638692,0.18529176149191795,0.18529176149191795,BusEq,9.32809031730566
2009-05-01,0.10782081911483316,0.18984551283471512,0.18984551283471512,BusEq,9.274646661095785
2009-06-01,0.10780522762744654,0.1862411191023522,0.1862411191023522,BusEq,9.2759880203194
2009-07-01,0.10966783909596056,0.19068956484352242,0.19068956484352242,BusEq,9.118443549571438
2009-08-01,0.1096352792270134,0.19127113433322268,0.19127113433322268,BusEq,9.121151576851247
2009-09-01,0.11072241482165925,0.1895012170787433,0.1895012170787433,BusEq,9.031594926923347
2009-10-01,0.11050833921355405,0.19179375014428388,0.19179375014428388,BusEq,9.049090838905197
2009-11-01,0.11050504188513417,0.194789856595551,0.194789856595551,BusEq,9.049360852145211
2009-12-01,0.11017434563671097,0.19445711586762435,0.19445711586762435,BusEq,9.076523161729513
2010-01-01,0.11088708880846623,0.20048022982575311,0.20048022982575311,BusEq,9.018182466015375
2010-02-01,0.10940149589352621,0.19097160301452382,0.19097160301452382,BusEq,9.14064283886245
2010-03-01,0.10993189060131425,0.19386688988680936,0.19386688988680936,BusEq,9.096541454259723
2010-04-01,0.11067797793221794,0.19525232087180222,0.19525232087180222,BusEq,9.035221086279927
2010-05-01,0.11061140718727269,0.1959002733346455,0.1959002733346455,BusEq,9.040658874422704
2010-06-01,0.11027040851326578,0.19605020580667462,0.19605020580667462,BusEq,9.068616081890163
2010-07-01,0.11056651424986169,0.19120526104693722,0.19120526104693722,BusEq,9.044329621716829
2010-08-01,0.11010174059388061,0.1913238061842754,0.1913238061842754,BusEq,9.082508547149883
2010-09-01,0.10837724253575755,0.18780521215875404,0.18780521215875404,BusEq,9.227029370765399
2010-10-01,0.10951566603338916,0.19307466802419937,0.19307466802419937,BusEq,9.131113713860076
2010-11-01,0.11001861293026165,0.19792535817302062,0.19792535817302062,BusEq,9.089371092452128
2010-12-01,0.10947766373612376,0.1954874786865634,0.1954874786865634,BusEq,9.134283340301455
2011-01-01,0.10992167357152438,0.19411765034361475,0.19411765034361475,BusEq,9.097386962083643
2011-02-01,0.11114319914619591,0.197722601875575,0.197722601875575,BusEq,8.997401619550438
2011-03-01,0.11067505041967035,0.19561005567015535,0.19561005567015535,BusEq,9.035460080732607
2011-04-01,0.10940164723182166,0.1917192036958405,0.1917192036958405,BusEq,9.14063019436082
2011-05-01,0.10904221430332427,0.19227893326617104,0.19227893326617104,BusEq,9.170760208686572
2011-06-01,0.10832465009120533,0.1911444896803132,0.1911444896803132,BusEq,9.231509163962562
2011-07-01,0.10771009938290053,0.18805347526758204,0.18805347526758204,BusEq,9.284180459671497
2011-08-01,0.10837492688814872,0.19149108080124488,0.19149108080124488,BusEq,9.22722652474845
2011-09-01,0.10713080773859501,0.18991953210824236,0.18991953210824236,BusEq,9.334383088383449
2011-10-01,0.10790118906993586,0.19578185212344643,0.19578185212344643,BusEq,9.267738461638757
2011-11-01,0.10845779675449285,0.1967806719014081,0.1967806719014081,BusEq,9.220176233743889
2011-12-01,0.10751474028491907,0.19350640092433083,0.19350640092433083,BusEq,9.30105023134459
2012-01-01,0.10680760683540944,0.1898262156452614,0.1898262156452614,BusEq,9.362629026423187
2012-02-01,0.10868847867868278,0.19629676355594156,0.19629676355594156,BusEq,9.200607204709467
2012-03-01,0.10991550454628224,0.20028167493350232,0.20028167493350232,BusEq,9.09789755437941
2012-04-01,0.11151954598903087,0.20381276715539698,0.20381276715539698,BusEq,8.967037940580934
2012-05-01,0.11070946482958424,0.20158729141533394,0.20158729141533394,BusEq,9.032651377543068
2012-06-01,0.10929173146583301,0.19787248951085304,0.19787248951085304,BusEq,9.149823015775185
2012-07-01,0.11091703684136502,0.20288231826894532,0.20288231826894532,BusEq,9.015747521548137
2012-08-01,0.11034394689467647,0.20175941452194343,0.20175941452194343,BusEq,9.062572330809429
2012-09-01,0.11184605664922556,0.20629345747779823,0.20629345747779823,BusEq,8.940860589624767
2012-10-01,0.11132691356045125,0.2032710892245923,0.2032710892245923,BusEq,8.98255388583097
2012-11-01,0.10952747700194275,0.19377894412220753,0.19377894412220753,BusEq,9.130129054120935
2012-12-01,0.10957819291199086,0.1951228724114853,0.1951228724114853,BusEq,9.12590337023684
2013-01-01,0.10964584343006184,0.1937289906690535,0.1937289906690535,BusEq,9.120272768368599
2013-02-01,0.10873165586862579,0.18816292218370867,0.18816292218370867,BusEq,9.196953656332084
2013-03-01,0.10841346081170082,0.18692904013289047,0.18692904013289047,BusEq,9.223946846756064
2013-04-01,0.10808248676153745,0.18470821996891063,0.18470821996891063,BusEq,9.252192746141208
2013-05-01,0.10745823744093208,0.1826678674976273,0.1826678674976273,BusEq,9.305940836314969
2013-06-01,0.10938901049753216,0.1858705799710574,0.1858705799710574,BusEq,9.141686129636945
2013-07-01,0.10933855602134258,0.18578873034926816,0.18578873034926816,BusEq,9.145904577382591
2013-08-01,0.10988344868470792,0.18617252026460115,0.18617252026460115,BusEq,9.100551647858557
2013-09-01,0.11046853760969104,0.19090220221128057,0.19090220221128057,BusEq,9.052351209112715
2013-10-01,0.11048623781646597,0.19091617158360633,0.19091617158360633,BusEq,9.050900996929123
2013-11-01,0.10999858762166241,0.1893355576902873,0.1893355576902873,BusEq,9.091025817890287
2013-12-01,0.11120217481924906,0.19023652043065858,0.19023652043065858,BusEq,8.99262987999494
2014-01-01,0.11170679295716698,0.19275978325950835,0.19275978325950835,BusEq,8.952007067139073
2014-02-01,0.11247163788732546,0.19657243151758802,0.19657243151758802,BusEq,8.89113041104464
2014-03-01,0.11248478056345428,0.1974652342020992,0.1974652342020992,BusEq,8.89009157497432
2014-04-01,0.11217173732220674,0.19541066791331396,0.19541066791331396,BusEq,8.91490159528829
2014-05-01,0.11068038405444174,0.19364207021539956,0.19364207021539956,BusEq,9.035024666232795
2014-06-01,0.11121151318324554,0.19615538597509802,0.19615538597509802,BusEq,8.991874774262616
2014-07-01,0.11068423656841786,0.19651828577617078,0.19651828577617078,BusEq,9.034710190026603
2014-08-01,0.1120470380085129,0.2008495485832774,0.2008495485832774,BusEq,8.924823161537066
2014-09-01,0.11210598627047993,0.2009883675681322,0.2009883675681322,BusEq,8.920130255910543
2014-10-01,0.1129628161404185,0.20213487153900564,0.20213487153900564,BusEq,8.852470522308415
2014-11-01,0.11303663929598994,0.2003918682885033,0.2003918682885033,BusEq,8.846689057885639
2014-12-01,0.114216791565598,0.20384305891837,0.20384305891837,BusEq,8.75528008003684
2015-01-01,0.1140909796762593,0.20118602370918248,0.20118602370918248,BusEq,8.764934816385715
2015-02-01,0.113285597304961,0.20036806308216032,0.20036806308216032,BusEq,8.827247450600748
2015-03-01,0.11467228933316556,0.20436978680138787,0.20436978680138787,BusEq,8.720502623738756
2015-04-01,0.11465696662486043,0.2023996236837694,0.2023996236837694,BusEq,8.72166802800429
2015-05-01,0.11470651623163722,0.20426463702332237,0.20426463702332237,BusEq,8.71790054176704
2015-06-01,0.11589433181131001,0.2053574786488156,0.2053574786488156,BusEq,8.628549682896667
2015-07-01,0.11593775101279091,0.20126603137204777,0.20126603137204777,BusEq,8.625318252806839
2015-08-01,0.11772377284340117,0.20344480444291255,0.20344480444291255,BusEq,8.494461023859834
2015-09-01,0.11746954466662392,0.2039031736324492,0.2039031736324492,BusEq,8.512844778942311
2015-10-01,0.11820600615399408,0.20793420832764845,0.20793420832764845,BusEq,8.459807014351197
2015-11-01,0.11870196986126683,0.2127925313096384,0.2127925313096384,BusEq,8.424460025126391
2015-12-01,0.1195684970480215,0.21396954845040275,0.21396954845040275,BusEq,8.36340695658637
2016-01-01,0.11983487915445483,0.21306649532661737,0.21306649532661737,BusEq,8.344815858754302
2016-02-01,0.11796029053826995,0.21321515321936346,0.21321515321936346,BusEq,8.477429102936714
2016-03-01,0.11646079647626098,0.21035528639067422,0.21035528639067422,BusEq,8.586580465331414
2016-04-01,0.11695194754655659,0.21373256216310088,0.21373256216310088,BusEq,8.550520286136466
2016-05-01,0.11479929432766178,0.2031463218679571,0.2031463218679571,BusEq,8.710854939106035
2016-06-01,0.11713259498282153,0.210170753070679,0.210170753070679,BusEq,8.537333268734107
2016-07-01,0.11351519675170739,0.20485126455651814,0.20485126455651814,BusEq,8.809393179199674
2016-08-01,0.11569403686421463,0.21153272800602285,0.21153272800602285,BusEq,8.643487833116751
2016-09-01,0.11705054623689393,0.2141615716687991,0.2141615716687991,BusEq,8.54331767043735
2016-10-01,0.11746726478217859,0.21686037894652888,0.21686037894652888,BusEq,8.513010002014738
2016-11-01,0.11858815321427812,0.2191085437914378,0.2191085437914378,BusEq,8.43254551905442
2016-12-01,0.11817677283496272,0.2096241610985694,0.2096241610985694,BusEq,8.461899711853944
2017-01-01,0.117871813367229,0.20718313352757414,0.20718313352757414,BusEq,8.483792447347064
2017-02-01,0.11898954504481116,0.2129170654780633,0.2129170654780633,BusEq,8.404099701561197
2017-03-01,0.12047211713691708,0.2156693163241235,0.2156693163241235,BusEq,8.300675905475254
2017-04-01,0.12082486191649588,0.21951317590395833,0.21951317590395833,BusEq,8.276442316078267
2017-05-01,0.12177808072660602,0.22285759381708461,0.22285759381708461,BusEq,8.211658403822424
2017-06-01,0.12323160973006472,0.22941358584989827,0.22941358584989827,BusEq,8.114801082209922
2017-07-01,0.12139228120744817,0.21929345507036754,0.21929345507036754,BusEq,8.237756058732371
2017-08-01,0.1227689126907898,0.22401427443392805,0.22401427443392805,BusEq,8.145384512108826
2017-09-01,0.12449222421883131,0.23030717514527035,0.23030717514527035,BusEq,8.03263020059959
2017-10-01,0.12517825750844452,0.22754569974066705,0.22754569974066705,BusEq,7.988607765470293
2017-11-01,0.12874340150451655,0.2379174912670893,0.2379174912670893,BusEq,7.76738837341437
2017-12-01,0.12773880803897292,0.2331831189522072,0.2331831189522072,BusEq,7.828474489091064
2018-01-01,0.12684692136434653,0.23054583378714577,0.23054583378714577,BusEq,7.883518096018015
2018-02-01,0.1293498477564678,0.23525045940226186,0.23525045940226186,BusEq,7.730971604100691
2018-03-01,0.1329567108782608,0.2439463383785191,0.2439463383785191,BusEq,7.521245023243921
2018-04-01,0.1317222001684982,0.24230618733742854,0.24230618733742854,BusEq,7.591734716857192
2018-05-01,0.13166745595125026,0.24071652951084177,0.24071652951084177,BusEq,7.594891180780837
2018-06-01,0.13430649556654478,0.25012536124328205,0.25012536124328205,BusEq,7.445656263918601
2018-07-01,0.1336063463652683,0.2522648649857887,0.2522648649857887,BusEq,7.484674397622443
2018-08-01,0.13352491256605242,0.2503616150116611,0.2503616150116611,BusEq,7.489239129853896
2018-09-01,0.13714779284084425,0.25899884309330307,0.25899884309330307,BusEq,7.291404252932229
2018-10-01,0.13634251762367533,0.25849021946346484,0.25849021946346484,BusEq,7.3344692281547985
2018-11-01,0.13534018704604747,0.2554802417438064,0.2554802417438064,BusEq,7.388788369708437
2018-12-01,0.1327081714596059,0.24724004723437462,0.24724004723437462,BusEq,7.535331012411568
2019-01-01,0.1331263167652269,0.2504024822549105,0.2504024822549105,BusEq,7.511662789886513
2019-02-01,0.13403376646161327,0.252154353613652,0.252154353613652,BusEq,7.460806529572501
2019-03-01,0.13550355242819276,0.2571345932676337,0.2571345932676337,BusEq,7.379880321070762
2019-04-01,0.13759137523687387,0.2644981390906613,0.2644981390906613,BusEq,7.267897412017469
2019-05-01,0.13982331842653045,0.2686678349234741,0.2686678349234741,BusEq,7.151882899456757
2019-06-01,0.1384256746189033,0.26338761447958897,0.26338761447958897,BusEq,7.224093382626296
2019-07-01,0.13733999927821458,0.2625623282646571,0.2625623282646571,BusEq,7.281199980016485
2019-08-01,0.13917182891469976,0.2663615706093611,0.2663615706093611,BusEq,7.185362208704702
2019-09-01,0.13859919552973587,0.2660013048441787,0.2660013048441787,BusEq,7.2150490930191165
2019-10-01,0.1382756001030016,0.2656440598422305,0.2656440598422305,BusEq,7.231933900522574
2019-11-01,0.1400768408870534,0.26855905797296886,0.26855905797296886,BusEq,7.138938840049361
2019-12-01,0.1425384147217822,0.27285979909622593,0.27285979909622593,BusEq,7.0156526011032145
2020-01-01,0.14338856827810464,0.2759420267362916,0.2759420267362916,BusEq,6.9740566630143235
2020-02-01,0.14707872293975766,0.2859539325110525,0.2859539325110525,BusEq,6.799079975759597
2020-03-01,0.14831321119226132,0.2893500556507433,0.2893500556507433,BusEq,6.742487685090174
2020-04-01,0.15372176782521801,0.30151208051972855,0.30151208051972855,BusEq,6.5052595617882965
2020-05-01,0.15541138434261106,0.3045973654676407,0.3045973654676407,BusEq,6.434535051791682
2020-06-01,0.15825314719037817,0.3111826831515211,0.3111826831515211,BusEq,6.3189896552073135
2020-07-01,0.16298512444553465,0.32210208136921864,0.32210208136921864,BusEq,6.1355292601207525
2020-08-01,0.16458497030725155,0.32556695803829006,0.32556695803829006,BusEq,6.075888935260454
2020-09-01,0.16894389251855954,0.33491196759636516,0.33491196759636516,BusEq,5.919124894616381
2020-10-01,0.16628267028811647,0.32946745202770256,0.32946745202770256,BusEq,6.013855793073981
2020-11-01,0.1670106449240982,0.3314459778003471,0.3314459778003471,BusEq,5.98764228743906
2020-12-01,0.16442191813986048,0.32719514521574977,0.32719514521574977,BusEq,6.0819142077480235
2021-01-01,0.16522120272374113,0.32904809015785824,0.32904809015785824,BusEq,6.052491953300053
2021-02-01,0.16658550947508508,0.3322018402322395,0.3322018402322395,BusEq,6.002923082271825
2021-03-01,0.16462575241137137,0.32700653573148714,0.32700653573148714,BusEq,6.074383778676209
2021-04-01,0.16084825086602028,0.31909294635528823,0.31909294635528823,BusEq,6.217039940539716
2021-05-01,0.16323639499984244,0.3226801282148217,0.3226801282148217,BusEq,6.126084810933035
2021-06-01,0.1615703499573883,0.3186537752103653,0.3186537752103653,BusEq,6.1892544038168795
2021-07-01,0.16715051750019838,0.33100868127295874,0.33100868127295874,BusEq,5.982631791725162
2021-08-01,0.1711315190394769,0.33872381315443206,0.33872381315443206,BusEq,5.843458911676687
2021-09-01,0.1742677003771335,0.34400048505697595,0.34400048505697595,BusEq,5.738298019861946
2021-10-01,0.17108032155504574,0.3379743581694536,0.3379743581694536,BusEq,5.845207624760316
2021-11-01,0.17329912832733044,0.34277139354590563,0.34277139354590563,BusEq,5.770369474168286
2021-12-01,0.17874894792782356,0.3535996506586724,0.3535996506586724,BusEq,5.594438521695729
2022-01-01,0.175800713826992,0.34826038069047627,0.34826038069047627,BusEq,5.688259041906475
2022-02-01,0.17086898111954174,0.33956322282620377,0.33956322282620377,BusEq,5.8524373086791535
2022-03-01,0.16648404580059206,0.3313290718447807,0.3313290718447807,BusEq,6.006581562762837
2022-04-01,0.1658140748798208,0.3318704381752489,0.3318704381752489,BusEq,6.030851124820272
2022-05-01,0.159415413297208,0.32011311666049,0.32011311666049,BusEq,6.272919157043105
2022-06-01,0.15630897056435977,0.3140755189481131,0.3140755189481131,BusEq,6.397585476952859
2022-07-01,0.15714133871476607,0.3156806164338871,0.3156806164338871,BusEq,6.363697854293723
2022-08-01,0.15990499949053438,0.32179592895678083,0.32179592895678083,BusEq,6.253713162102822
2022-09-01,0.15707215889498732,0.3161867192165443,0.3161867192165443,BusEq,6.366500639165234
2022-10-01,0.15411512189739518,0.30775401985324785,0.30775401985324785,BusEq,6.488655932581148
2022-11-01,0.15038872652546847,0.29826221717267404,0.29826221717267404,BusEq,6.64943458930513
2022-12-01,0.1513363187879415,0.2996246787499014,0.2996246787499014,BusEq,6.607799158913334
2023-01-01,0.14926500062554893,0.2938477938857048,0.2938477938857048,BusEq,6.69949416011214
2023-02-01,0.1521615389060771,0.3011692365876017,0.3011692365876017,BusEq,6.57196297559305
2023-03-01,0.15494527179840065,0.3077318122928624,0.3077318122928624,BusEq,6.45389167667601
2023-04-01,0.16456244380411295,0.3312859226506849,0.3312859226506849,BusEq,6.076720647089751
2023-05-01,0.16411631643605742,0.32908599800648347,0.32908599800648347,BusEq,6.0932393665417015
2023-06-01,0.17824883385125379,0.35534868750912796,0.35534868750912796,BusEq,5.610134879392739
2023-07-01,0.17603005395702126,0.35204756543494103,0.35204756543494103,BusEq,5.680848113834901
2023-08-01,0.17752042700700338,0.35435779789798466,0.35435779789798466,BusEq,5.633154543733431
2023-09-01,0.17830537930410303,0.3558071094192385,0.3558071094192385,BusEq,5.608355754059904
2023-10-01,0.17598439963720172,0.35148086837181447,0.35148086837181447,BusEq,5.682321853877597
2023-11-01,0.17785603590627796,0.35377767921333303,0.35377767921333303,BusEq,5.6225249534233095
2023-12-01,0.1828900263690794,0.36184724385583744,0.36184724385583744,BusEq,5.467766722182871
2024-01-01,0.18255362714511922,0.36019725776581357,0.36019725776581357,BusEq,5.477842405207648
2024-02-01,0.18745184655832253,0.3673868593592776,0.3673868593592776,BusEq,5.334703383083861
2024-03-01,0.18956486929893446,0.37025689095026904,0.37025689095026904,BusEq,5.275239044546009
2024-04-01,0.18773010921994504,0.36701909096991125,0.36701909096991125,BusEq,5.326796027313859
2024-05-01,0.18694025676221257,0.3664933261930381,0.3664933261930381,BusEq,5.349302591747249
2024-06-01,0.1946084128343425,0.3792274397670477,0.3792274397670477,BusEq,5.138524000250879
2024-07-01,0.2025966626745069,0.39220396484153563,0.39220396484153563,BusEq,4.935915462766563
2024-08-01,0.1947066174659658,0.3792226733522552,0.3792226733522552,BusEq,5.1359322708936554
2024-09-01,0.19367152792343303,0.37686253306217615,0.37686253306217615,BusEq,5.163381580772907
2024-10-01,0.1952251821044845,0.38027593112947927,0.38027593112947927,BusEq,5.1222900100295465
2024-11-01,0.1968602205286024,0.3821500981733439,0.3821500981733439,BusEq,5.079746417609581
2024-12-01,0.19351927538676214,0.37581442498554835,0.37581442498554835,BusEq,5.167443904496999
2025-01-01,0.2035673946853222,0.392634368632135,0.392634368632135,BusEq,4.912378043378785
2025-02-01,0.19794892449807946,0.3818118910715725,0.3818118910715725,BusEq,5.051808200199149
2025-03-01,0.1937238859985073,0.37482122764749237,0.37482122764749237,BusEq,5.161986065093209
2025-04-01,0.18594188598904104,0.36239202124532893,0.36239202124532893,BusEq,5.378024400908451
2025-05-01,0.19002391223151857,0.3689366575971578,0.3689366575971578,BusEq,5.262495589405793
2025-06-01,0.19893788099459417,0.38453556886438783,0.38453556886438783,BusEq,5.026694740089111
2025-07-01,0.20782417772650452,0.398676960639067,0.398676960639067,BusEq,4.811759685227743
2025-08-01,0.21636989324568023,0.41174479885549986,0.41174479885549986,BusEq,4.621715087064058
2025-09-01,0.21331586555207943,0.40706076332997465,0.40706076332997465,BusEq,4.687883844982256
2025-10-01,0.22178927978738328,0.4206070334720937,0.4206070334720937,BusEq,4.508784198039883
2025-11-01,0.23128078713661043,0.43431238691572965,0.43431238691572965,BusEq,4.323748688252824
2025-12-01,0.2230979817120895,0.42255598004078165,0.42255598004078165,BusEq,4.48233548473115
2026-01-01,0.22193453651237535,0.4204756060901021,0.4204756060901021,BusEq,4.505833187185081
2026-02-01,0.21518842441170924,0.41181323938145553,0.41181323938145553,BusEq,4.6470901152505775
2026-03-01,0.20323633321752754,0.39548858755408306,0.39548858755408306,BusEq,4.920380052958748
2026-04-01,0.20361252387151363,0.3963728810163055,0.3963728810163055,BusEq,4.911289251691776
2026-05-01,0.22358727676707618,0.4244039276529838,0.4244039276529838,BusEq,4.4725264087444385
2026-06-01,0.24402522764324586,0.4526557097468699,0.4526557097468699,BusEq,4.097936961919183
2026-07-01,0.22836722064629397,0.43189630703692633,0.43189630703692633,BusEq,4.37891216248083
