signal_month,claims_rise_20pct,sahm_050,curve_inverted,baa_level_300,baa_widening_100,nfci_positive,inflation_surge,inflation_400,cpi_yoy_change_12m
1954-01,,,,,,,,,
1954-02,,,1.3,,,,,,
1954-03,,,1.5000000000000002,,,,,,
1954-04,,,1.34,,,,,,
1954-05,,,1.32,,,,,,
1954-06,,,1.61,,,,,,
1954-07,,,1.7399999999999998,,,,,,
1954-08,,,1.5799999999999998,,,,,,
1954-09,,,1.44,,,,,,
1954-10,,,1.3699999999999999,,,,,,
1954-11,,,1.4500000000000002,,,,,,
1954-12,,,1.5499999999999998,,,,,,
1955-01,,,1.3599999999999999,,,,,,
1955-02,,,1.39,,,,-0.6310319227913919,-0.6310319227913919,
1955-03,,,1.48,,,,-0.6298629121896937,-0.6298629121896937,
1955-04,,,1.4000000000000001,,,,-0.519866320089124,-0.519866320089124,
1955-05,,,1.16,,,,-0.2606105733432673,-0.2606105733432673,
1955-06,,,1.3099999999999998,,,,-0.5941329372447068,-0.5941329372447068,
1955-07,,,1.3699999999999999,,,,-0.8537490720118779,-0.8537490720118779,
1955-08,,,1.2999999999999998,,,,-0.37230081906179935,-0.37230081906179935,
1955-09,,,1.0700000000000003,,,,-0.484171322160154,-0.484171322160154,
1955-10,,,0.9000000000000004,,,,0.14919806042521522,0.14919806042521522,
1955-11,,,0.6499999999999999,,,,0.37425149700598404,0.37425149700598404,
1955-12,,,0.6499999999999999,,,,0.37341299477220424,0.37341299477220424,
1956-01,,,0.41999999999999993,,,,0.37355248412402897,0.37355248412402897,
1956-02,,,0.48999999999999977,,,,0.22413149047439962,0.22413149047439962,0.8551634132657915
1956-03,,,0.52,,,,0.1491424310216205,0.1491424310216205,0.7790053432113142
1956-04,,,0.71,,,,0.3732736095558131,0.3732736095558131,0.8931399296449372
1956-05,,,0.5800000000000001,,,,0.5225830533781339,0.5225830533781339,0.7831936267214012
1956-06,,,0.45999999999999996,,,,0.9712364587224576,0.9712364587224576,1.5653693959671644
1956-07,,,0.5099999999999998,,,,1.647323099962561,1.647323099962561,2.501072171974439
1956-08,,,0.7999999999999998,,,,1.9805680119581393,1.9805680119581393,2.3528688310199386
1956-09,,,0.73,,,,2.208083832335328,2.208083832335328,2.692255154495482
1956-10,,,0.54,,,,1.862197392923659,1.862197392923659,1.7129993324984438
1956-11,,,0.43999999999999995,,,,2.572706935123037,2.572706935123037,2.198455438117053
1956-12,,,0.5,,,,2.34375,2.34375,1.9703370052277958
1957-01,,,0.3799999999999999,,,,2.828433196873825,2.828433196873825,2.4548807127497962
1957-02,,,0.3500000000000001,,,,3.130823704808061,3.130823704808061,2.9066922143336615
1957-03,,,0.23999999999999977,,,,3.4996276991809516,3.4996276991809516,3.350485268159331
1957-04,,,0.33000000000000007,,,,3.607288955001864,3.607288955001864,3.2340153454460507
1957-05,,,0.41000000000000014,,,,3.713330857779429,3.713330857779429,3.190747804401295
1957-06,,,0.54,,,,3.588605253422128,3.588605253422128,2.6173687946996704
1957-07,,,0.5099999999999998,,,,3.53591160220994,3.53591160220994,1.8885885022473792
1957-08,,,0.77,,,,3.2979113228288837,3.2979113228288837,1.3173433108707444
1957-09,,,0.56,,,,3.551812522885389,3.551812522885389,1.3437286905500612
1957-10,,,0.3900000000000001,,,,3.546617915904937,3.546617915904937,1.684420522981278
1957-11,,,0.3900000000000001,,,,2.944383860414379,2.944383860414379,0.3716769252913421
1957-12,,,0.41000000000000014,,,,3.271537622682663,3.271537622682663,0.9277876226826631
1958-01,,,0.16999999999999993,,,,3.0401737242128135,3.0401737242128135,0.2117405273389883
1958-02,,,0.6499999999999999,,,,3.5056017347307566,3.5056017347307566,0.3747780299226955
1958-03,,,1.5199999999999998,,,,3.237410071942448,3.237410071942448,-0.2622176272385035
1958-04,,,1.68,,,,3.6252692031586653,3.6252692031586653,0.017980248156801437
1958-05,,,1.75,,,,3.6161833154314316,3.6161833154314316,-0.09714754234799727
1958-06,,,2.01,,,,3.3571428571428585,3.3571428571428585,-0.23146239627926946
1958-07,,,2.14,,,,2.8459622909996485,2.8459622909996485,-0.6899493112102917
1958-08,,,2.29,,,,2.483150053210359,2.483150053210359,-0.8147612696185247
1958-09,,,1.85,,,,2.333804809052342,2.333804809052342,-1.218007713833047
1958-10,,,1.3199999999999998,,,,2.083333333333326,2.083333333333326,-1.4632845825716112
1958-11,,,1.17,,,,2.083333333333326,2.083333333333326,-0.8610505270810531
1958-12,,,1.0700000000000003,,,,1.9007391763463444,1.9007391763463444,-1.3707984463363188
1959-01,,,1.0899999999999999,,,,1.7562346329469625,1.7562346329469625,-1.283939091265851
1959-02,,,1.1999999999999997,,,,1.2918994413407825,1.2918994413407825,-2.213702293389974
1959-03,,,1.2599999999999998,,,,1.0452961672473782,1.0452961672473782,-2.19211390469507
1959-04,,,1.1900000000000004,,,,0.3463803255975062,0.3463803255975062,-3.278888877561159
1959-05,,,1.17,,,,0.13821700069107656,0.13821700069107656,-3.477966314740355
1959-06,,,1.4699999999999998,,,,0.3455425017277136,0.3455425017277136,-3.011600355415145
1959-07,,,1.13,,,,0.6918021445866396,0.6918021445866396,-2.154160146413009
1959-08,,,1.2000000000000002,,,,0.8999653859466772,0.8999653859466772,-1.5831846672636818
1959-09,,,1.0499999999999998,,,,0.8293020041465038,0.8293020041465038,-1.5045028049058384
1959-10,,,0.6399999999999997,,,,1.1760636457972984,1.1760636457972984,-0.9072696875360275
1959-11,,,0.4800000000000004,,,,1.5219647180906293,1.5219647180906293,-0.5613686152426967
1959-12,,,0.3799999999999999,,,,1.3816925734024155,1.3816925734024155,-0.5190466029439289
1960-01,,0.77,0.20000000000000018,,,,1.5188125647221273,1.5188125647221273,-0.23742206822483514
1960-02,,0.5,0.3700000000000001,,,,1.2409513960703222,1.2409513960703222,-0.05094804527046026
1960-03,,0.13,0.5300000000000002,,,,1.4137931034482687,1.4137931034482687,0.3684969362008905
1960-04,,0.1,0.94,,,,1.5188125647221273,1.5188125647221273,1.1724322391246211
1960-05,,0.03,1.0500000000000003,,,,1.9323671497584405,1.9323671497584405,1.794150149067364
1960-06,,0.07,1.0599999999999996,,,,1.8250688705234275,1.8250688705234275,1.4795263687957139
1960-07,,0.1,1.6900000000000004,,,,1.7176228100309165,1.7176228100309165,1.025820665444277
1960-08,,0.23,1.6,,,,1.3722126929674117,1.3722126929674117,0.4722473070207345
1960-09,,0.53,1.5,,,,1.473612063056895,1.473612063056895,0.6443100589103912
1960-10,,0.6,1.3199999999999998,,,,1.2307692307692353,1.2307692307692353,0.054705584971936894
1960-11,,0.93,1.5900000000000003,,,,1.3628620102214661,1.3628620102214661,-0.15910270786916314
1960-12,,1.07,1.56,,,,1.4650766609880739,1.4650766609880739,0.0833840875856584
1961-01,,1.3,1.5899999999999999,,,,1.3600816048962905,1.3600816048962905,-0.15873095982583685
1961-02,,1.4,1.5999999999999996,,,,1.6002723867892366,1.6002723867892366,0.3593209907189143
1961-03,,1.6,1.3599999999999999,,,,1.4620877252635056,1.4620877252635056,0.048294621815236916
1961-04,,1.63,1.35,,,,1.4620877252635056,1.4620877252635056,-0.05672483945862172
1961-05,,1.7,1.4899999999999998,,,,0.9140148950575577,0.9140148950575577,-1.0183522547008828
1961-06,,1.67,1.42,,,,0.9130875887723988,0.9130875887723988,-0.9119812817510287
1961-07,,1.63,1.5499999999999998,,,,0.7767646065518496,0.7767646065518496,-0.9408582034790669
1961-08,,1.53,1.6799999999999997,,,,1.25211505922167,1.25211505922167,-0.12009763374574156
1961-09,,1.3,1.65,,,,1.1144883485309176,1.1144883485309176,-0.35912371452597736
1961-10,,1.2,1.7000000000000002,,,,1.249577845322536,1.249577845322536,0.01880861455330063
1961-11,,0.9,1.62,,,,0.7731092436974896,0.7731092436974896,-0.5897527665239766
1961-12,,0.5,1.46,,,,0.671591672263272,0.671591672263272,-0.7934849887248019
1962-01,,-0.07,1.4599999999999995,,,,0.6709158000671067,0.6709158000671067,-0.6891658048291838
1962-02,,-0.3,1.3599999999999999,,,,0.6702412868632601,0.6702412868632601,-0.9300310999259764
1962-03,,-0.17,1.31,,,,0.9048257372654245,0.9048257372654245,-0.5572619879980811
1962-04,,-0.17,1.21,,,,1.1058981233244003,1.1058981233244003,-0.3561896019391053
1962-05,,-0.1,1.1099999999999999,,,,1.3418316001341912,1.3418316001341912,0.4278167050766335
1962-06,,-0.07,1.1800000000000002,,,,1.3404825737265424,1.3404825737265424,0.42739498495414363
1962-07,,0.0,1.1800000000000002,,,,1.2399463806970434,1.2399463806970434,0.4631817741451938
1962-08,,-0.07,1.0899999999999999,,,,1.0026737967914423,1.0026737967914423,-0.2494412624302278
1962-09,,0.13,1.1600000000000001,,,,1.135604542418167,1.135604542418167,0.0211161938872495
1962-10,,0.23,1.2000000000000002,,,,1.4676450967311627,1.4676450967311627,0.21806725140862682
1962-11,,0.3,1.19,,,,1.3342228152101399,1.3342228152101399,0.5611135715126503
1962-12,,0.3,1.0899999999999999,,,,1.3342228152101399,1.3342228152101399,0.6626311429468679
1963-01,,0.07,0.9899999999999998,,,,1.2329223592135952,1.2329223592135952,0.5620065591464884
1963-02,,0.23,0.9199999999999999,,,,1.331557922769644,1.331557922769644,0.6613166359063838
1963-03,,0.33,1.0,,,,1.2288276320159497,1.2288276320159497,0.3240018947505252
1963-04,,0.37,1.04,,,,1.1269472986410234,1.1269472986410234,0.021049175316623092
1963-05,,0.33,1.0700000000000003,,,,0.893743793445867,0.893743793445867,-0.44808780668832426
1963-06,,0.27,1.0,,,,0.8928571428571619,0.8928571428571619,-0.44762543086938056
1963-07,,0.3,1.0,,,,1.3240648791790655,1.3240648791790655,0.08411849848202202
1963-08,,0.27,0.8399999999999994,,,,1.5552614162806178,1.5552614162806178,0.5525876194891755
1963-09,,0.07,0.6800000000000002,,,,1.5521796565389767,1.5521796565389767,0.4165751141208096
1963-10,,0.03,0.7000000000000002,,,,0.9861932938855844,0.9861932938855844,-0.4814518028455783
1963-11,,0.0,0.6600000000000001,,,,1.2179065174456882,1.2179065174456882,-0.11631629776445163
1963-12,,0.13,0.6000000000000001,,,,1.3166556945358954,1.3166556945358954,-0.017567120674244485
1964-01,,0.13,0.6099999999999999,,,,1.6458196181698526,1.6458196181698526,0.4128972589562574
1964-02,,0.13,0.6499999999999999,,,,1.6425755584756896,1.6425755584756896,0.3110176357060457
1964-03,,-0.03,0.6200000000000006,,,,1.4107611548556331,1.4107611548556331,0.18193352283968345
1964-04,,-0.03,0.6799999999999997,,,,1.4093739757456536,1.4093739757456536,0.2824266771046302
1964-05,,-0.07,0.7600000000000002,,,,1.5419947506561726,1.5419947506561726,0.6482509572103057
1964-06,,-0.1,0.7200000000000002,,,,1.5404785316289749,1.5404785316289749,0.647621388771813
1964-07,,-0.03,0.69,,,,1.3067624959163693,1.3067624959163693,-0.017302383262696175
1964-08,,-0.17,0.7300000000000004,,,,1.0752688172043001,1.0752688172043001,-0.47999259907631764
1964-09,,0.0,0.6900000000000004,,,,0.9756097560975618,0.9756097560975618,-0.5765699004414149
1964-10,,-0.03,0.6700000000000004,,,,1.171875,1.171875,0.1856817061144156
1964-11,,0.1,0.6200000000000006,,,,1.2032520325203189,1.2032520325203189,-0.01465448492536936
1964-12,,0.07,0.5100000000000002,,,,1.3970110461338558,1.3970110461338558,0.08035535159796048
1965-01,,-0.03,0.33999999999999986,,,,1.1981865284974136,1.1981865284974136,-0.447633089672439
1965-02,,-0.13,0.38000000000000034,,,,1.098901098901095,1.098901098901095,-0.5436744595745946
1965-03,,0.03,0.2799999999999998,,,,1.1970236169524417,1.1970236169524417,-0.2137375379031914
1965-04,,-0.07,0.2799999999999998,,,,1.1958629605688387,1.1958629605688387,-0.21351101517681492
1965-05,,0.03,0.27,,,,1.3893376413570246,1.3893376413570246,-0.152657109299148
1965-06,,-0.1,0.31999999999999984,,,,1.6139444803098701,1.6139444803098701,0.07346594868089529
1965-07,,0.0,0.41000000000000014,,,,1.9348597226700903,1.9348597226700903,0.628097226753721
1965-08,,-0.13,0.3600000000000003,,,,1.8052869116698789,1.8052869116698789,0.7300180944655787
1965-09,,-0.03,0.41000000000000014,,,,1.6103059581320522,1.6103059581320522,0.6346962020344904
1965-10,,-0.1,0.3700000000000001,,,,1.737451737451745,1.737451737451745,0.5655767374517451
1965-11,,-0.07,0.3199999999999994,,,,1.7030848329048665,1.7030848329048665,0.4998328003845476
1965-12,,-0.1,0.3600000000000003,,,,1.7302146747837144,1.7302146747837144,0.33320362864985853
1966-01,,-0.1,0.2400000000000002,,,,1.9200000000000106,1.9200000000000106,0.721813471502597
1966-02,,-0.1,0.020000000000000462,,,,1.9181585677749302,1.9181585677749302,0.8192574688738352
1966-03,,-0.17,0.17999999999999972,,,,2.5575447570332477,2.5575447570332477,1.360521140080806
1966-04,,-0.1,0.28000000000000025,,,,2.7786649632705274,2.7786649632705274,1.5828020027016887
1966-05,,-0.1,0.1299999999999999,,,,2.8680688336520044,2.8680688336520044,1.4787311922949797
1966-06,,0.1,0.14000000000000057,,,,2.763659466327839,2.763659466327839,1.149714986017969
1966-07,,0.17,0.3099999999999996,,,,2.4359379943056148,2.4359379943056148,0.5010782716355244
1966-08,,0.23,0.21999999999999975,,,,2.754908169727699,2.754908169727699,0.94962125805782
1966-09,,0.2,0.2599999999999998,,,,3.4865293185419866,3.4865293185419866,1.8762233604099343
1966-10,,0.13,-0.1900000000000004,,,,3.5736875395319334,3.5736875395319334,1.8362358020801883
1966-11,,0.13,-0.33999999999999986,,,,3.791469194312813,3.791469194312813,2.0883843614079467
1966-12,,0.07,-0.16000000000000014,,,,3.5590551181102548,3.5590551181102548,1.8288404433265404
1967-01,,0.0,-0.1200000000000001,,,,3.3594976452119285,3.3594976452119285,1.439497645211918
1967-02,,-0.03,-0.13999999999999968,,,,3.19949811794229,3.19949811794229,1.2813395501673597
1967-03,,0.07,0.07000000000000028,,,,2.8678304239401653,2.8678304239401653,0.3102856669069176
1967-04,,0.03,0.28000000000000025,,,,2.5481665630826544,2.5481665630826544,-0.23049840018787293
1967-05,,0.03,0.75,,,,2.5402726146220633,2.5402726146220633,-0.32779621902994105
1967-06,,0.07,1.2499999999999996,,,,2.3183925811437467,2.3183925811437467,-0.4452668851840924
1967-07,,0.2,1.4799999999999995,,,,2.8412600370598895,2.8412600370598895,0.40532204275427475
1967-08,,0.27,0.9500000000000002,,,,2.9275808936825687,2.9275808936825687,0.17267272395486977
1967-09,,0.27,1.0100000000000007,,,,2.6033690658499253,2.6033690658499253,-0.8831602526920612
1967-10,,0.3,0.8799999999999999,,,,2.595419847328251,2.595419847328251,-0.9782676922036826
1967-11,,0.43,0.9200000000000008,,,,2.5875190258751957,2.5875190258751957,-1.2039501684376175
1967-12,,0.47,1.0199999999999996,,,,3.10218978102188,3.10218978102188,-0.4568653370883746
1968-01,8.010012515644549,0.27,0.7300000000000004,,,,3.280680437424044,3.280680437424044,-0.07881720778788459
1968-02,5.506883604505641,0.0,0.5300000000000002,,,,3.647416413373872,3.647416413373872,0.4479182954315819
1968-03,1.158301158301156,-0.03,0.5799999999999992,,,,3.6363636363636376,3.6363636363636376,0.7685332124234723
1968-04,8.00542740841248,-0.03,0.5700000000000003,,,,3.9393939393939315,3.9393939393939315,1.391227376311277
1968-05,8.00542740841248,0.0,0.2599999999999998,,,,3.92749244712991,3.92749244712991,1.3872198325078466
1968-06,4.341926729986434,-0.07,0.20999999999999996,,,,4.229607250755274,4.229607250755274,1.9112146696115273
1968-07,6.51289009497964,0.07,0.20000000000000018,,,,4.2042042042042205,4.2042042042042205,1.362944167144331
1968-08,7.327001356852114,0.13,0.1900000000000004,,,,4.491017964071853,4.491017964071853,1.5634370703892841
1968-09,3.663500678426046,0.13,0.33000000000000007,,,,4.477611940298498,4.477611940298498,1.8742428744485728
1968-10,0.9497964721845387,0.07,0.2699999999999996,,,,4.464285714285721,4.464285714285721,1.8688658669574698
1968-11,0.0,0.03,0.23000000000000043,,,,4.7477744807121525,4.7477744807121525,2.160255454836957
1968-12,8.42391304347827,-0.03,0.25,,,,4.424778761061954,4.424778761061954,1.3225889800400736
1969-01,4.0760869565217295,-0.1,0.07000000000000028,,,,4.705882352941182,4.705882352941182,1.425201915517138
1969-02,6.521739130434789,-0.1,-0.09999999999999964,,,,4.692082111436946,4.692082111436946,1.0446656980630742
1969-03,1.0869565217391353,-0.03,0.07000000000000028,,,,4.678362573099393,4.678362573099393,1.0419989367357552
1969-04,0.13605442176871652,0.03,0.28000000000000025,,,,5.247813411078739,5.247813411078739,1.3084194716848074
1969-05,1.8156424581005526,0.1,0.05999999999999961,,,,5.523255813953476,5.523255813953476,1.595763366823566
1969-06,7.2625698324022325,0.17,0.28000000000000025,,,,5.507246376811592,5.507246376811592,1.277639126056318
1969-07,16.62011173184357,0.17,0.1299999999999999,,,,5.475504322766556,5.475504322766556,1.2713001185623352
1969-08,11.17318435754191,0.2,-0.28000000000000025,,,,5.4441260744985565,5.4441260744985565,0.9531081104267036
1969-09,8.798882681564235,0.2,-0.29000000000000004,,,,5.428571428571427,5.428571428571427,0.9509594882729289
1969-10,11.312849162011162,0.4,0.07000000000000028,,,,5.698005698005693,5.698005698005693,1.233719983719972
1969-11,15.50279329608939,0.5,0.09999999999999964,,,,5.665722379603411,5.665722379603411,0.9179478988912582
1969-12,22.76536312849162,0.47,-0.10000000000000053,,,,5.932203389830515,5.932203389830515,1.507424628768561
1970-01,40.36312849162012,0.27,-0.16999999999999993,,,,5.89887640449438,5.89887640449438,1.1929940515531978
1970-02,44.41340782122904,0.3,-0.08000000000000007,,,,6.162464985994376,6.162464985994376,1.4703828745574299
1970-03,49.86033519553072,0.53,0.11000000000000032,,,,6.424581005586605,6.424581005586605,1.746218432487212
1970-04,81.70391061452513,0.8,0.4400000000000004,,,,6.094182825484751,6.094182825484751,0.8463694144060119
1970-05,65.04065040650406,1.07,0.8799999999999999,,,,6.060606060606077,6.060606060606077,0.5373502466526014
1970-06,53.03225806451613,1.27,1.0700000000000003,,,,6.043956043956045,6.043956043956045,0.5367096671444527
1970-07,47.87096774193549,1.37,1.1600000000000001,,,,6.010928961748618,6.010928961748618,0.5354246389820627
1970-08,50.451612903225794,1.43,1.0099999999999998,,,,5.7065217391304435,5.7065217391304435,0.262395664631887
1970-09,63.124199743918055,1.47,1.12,,,,5.691056910569103,5.691056910569103,0.2624854819976763
1970-10,62.51541307028361,1.6,1.2699999999999996,,,,5.660377358490565,5.660377358490565,-0.037628339515127784
1970-11,59.04645476772616,1.8,1.42,,,,5.630026809651478,5.630026809651478,-0.03569556995193235
1970-12,34.95038588754134,2.03,1.5599999999999996,,,,5.600000000000005,5.600000000000005,-0.3322033898305099
1971-01,17.22440944881889,2.27,1.5199999999999996,,,,5.570291777188308,5.570291777188308,-0.3285846273060722
1971-02,9.335899903753608,2.37,1.7999999999999998,,,0.713,5.277044854881274,5.277044854881274,-0.8854201311131016
1971-03,8.394833948339485,2.1,2.41,,,0.882,4.724409448818889,4.724409448818889,-1.7001715567677156
1971-04,3.790613718411562,1.77,2.3200000000000003,,,1.08,4.438642297650142,4.438642297650142,-1.6555405278346091
1971-05,5.6859205776173205,1.53,1.9700000000000002,,,1.424,4.155844155844157,4.155844155844157,-1.9047619047619202
1971-06,7.039711191335729,1.43,2.25,,,1.402,4.404145077720201,4.404145077720201,-1.639810966235844
1971-07,7.310469314079415,1.17,1.7699999999999996,,,1.034,4.381443298969079,4.381443298969079,-1.6294856627795395
1971-08,15.030946065428829,0.97,1.33,,,1.259,4.370179948586128,4.370179948586128,-1.3363417905443153
1971-09,13.262599469496017,0.87,1.6399999999999997,,,2.035,4.358974358974366,4.358974358974366,-1.3320825515947377
1971-10,5.128205128205132,0.8,1.4499999999999993,,,2.197,4.081632653061207,4.081632653061207,-1.578744705429358
1971-11,1.5030946065428763,0.63,1.4699999999999998,,,1.58,3.8071065989847774,3.8071065989847774,-1.8229202106667008
1971-12,0.0,0.33,1.5899999999999999,,,1.366,3.535353535353525,3.535353535353525,-2.06464646464648
1972-01,0.8426966292134797,0.13,1.92,,,1.317,3.266331658291466,3.266331658291466,-2.3039601188968417
1972-02,0.0,0.03,2.5700000000000003,,,0.989,3.2581453634085378,3.2581453634085378,-2.0188994914727365
1972-03,1.742497579864466,-0.07,2.88,,,0.609,3.759398496240607,3.759398496240607,-0.9650109525782824
1972-04,2.3233301064859546,-0.03,2.3400000000000003,,,0.34,3.499999999999992,3.499999999999992,-0.9386422976501496
1972-05,3.678606001936102,0.0,2.4800000000000004,,,0.153,3.4912718204488824,3.4912718204488824,-0.6645723353952748
1972-06,5.808325266214909,0.07,2.44,,,0.034,3.2258064516129226,3.2258064516129226,-1.1783386261072781
1972-07,10.164569215876096,-0.07,2.2,,,0.216,2.9629629629629672,2.9629629629629672,-1.4184803360061116
1972-08,1.501501501501501,-0.13,2.1300000000000003,,,0.337,2.9556650246305383,2.9556650246305383,-1.4145149239555899
1972-09,2.4024024024023927,-0.1,2.1900000000000004,,,0.159,2.9484029484029284,2.9484029484029284,-1.4105714105714373
1972-10,0.5005005005005003,0.0,1.8899999999999997,,,-0.111,3.1862745098039325,3.1862745098039325,-0.8953581432572744
1972-11,1.5182186234817818,0.0,1.7400000000000002,,,-0.177,3.1784841075794823,3.1784841075794823,-0.6286224914052951
1972-12,1.2320328542094527,-0.13,1.5,,,-0.251,3.4146341463414664,3.4146341463414664,-0.12071938901205836
1973-01,0.0,-0.13,1.29,,,-0.208,3.406326034063256,3.406326034063256,0.1399943757717903
1973-02,0.4524886877828038,-0.17,1.0499999999999998,,,0.249,3.6407766990291357,3.6407766990291357,0.3826313356205979
1973-03,3.054298642533926,-0.03,1.04,,,0.915,3.864734299516903,3.864734299516903,0.10533580327629632
1973-04,8.14479638009049,-0.03,0.6200000000000001,,,1.28,4.8309178743961345,4.8309178743961345,1.3309178743961425
1973-05,8.710407239818995,0.0,0.41000000000000014,,,1.208,5.301204819277117,5.301204819277117,1.8099329988282342
1973-06,8.823529411764696,-0.03,0.4899999999999993,,,1.127,5.528846153846145,5.528846153846145,2.3030397022332227
1973-07,9.841628959276028,-0.07,-0.29000000000000004,,,1.289,5.995203836930463,5.995203836930463,3.0322408739674955
1973-08,16.85520361990951,-0.1,-0.8799999999999999,,,1.733,5.741626794258381,5.741626794258381,2.7859617696278427
1973-09,12.217194570135748,-0.07,-1.2699999999999996,,,2.311,7.398568019093088,7.398568019093088,4.45016507069016
1973-10,9.2760180995475,0.0,-1.1999999999999993,,,2.417,7.3634204275534465,7.3634204275534465,4.177145917749514
1973-11,14.81900452488687,-0.07,-0.4299999999999997,,,2.237,8.056872037914697,8.056872037914697,4.878387930335215
1973-12,31.674208144796378,-0.03,-1.0999999999999996,,,2.095,8.25471698113207,8.25471698113207,4.8400828347906035
1974-01,38.12217194570135,0.03,-0.71,,,1.767,8.94117647058823,8.94117647058823,5.534850436524974
1974-02,43.95480225988702,0.23,-0.7799999999999994,,,1.032,9.601873536299754,9.601873536299754,5.961096837270619
1974-03,35.30678148546824,0.4,-0.16000000000000014,,,0.48,9.999999999999986,9.999999999999986,6.135265700483083
1974-04,24.021164021164033,0.5,-0.75,,,0.818,10.138248847926267,10.138248847926267,5.307330973530132
1974-05,25.92592592592593,0.43,-0.8200000000000003,,,1.903,10.068649885583515,10.068649885583515,4.767445066306398
1974-06,30.48016701461378,0.43,-0.6500000000000004,,,3.698,10.70615034168565,10.70615034168565,5.177304187839504
1974-07,28.157349896480333,0.47,-0.3600000000000003,,,4.874,10.859728506787313,10.859728506787313,4.86452466985685
1974-08,42.02898550724639,0.57,0.2599999999999998,,,5.213,11.538461538461519,11.538461538461519,5.796834744203138
1974-09,49.37888198757765,0.63,-0.9200000000000017,,,4.651,10.888888888888882,10.888888888888882,3.490320869795794
1974-10,62.60245901639345,0.83,-0.02000000000000135,,,4.009,11.946902654867241,11.946902654867241,4.5834822273137945
1974-11,86.52130822596631,1.07,0.4400000000000004,,,3.3,11.842105263157897,11.842105263157897,3.7852332252432
1974-12,80.37865748709123,1.43,0.20999999999999996,,,2.744,12.200435729847502,12.200435729847502,3.945718748715432
1975-01,84.16523235800344,1.83,0.27999999999999936,,,2.455,12.095032397408211,12.095032397408211,3.153855926819981
1975-02,87.4354561101549,2.37,1.2400000000000002,,,1.744,11.752136752136755,11.752136752136755,2.1502632158370005
1975-03,88.20998278829603,2.77,1.8899999999999997,,,1.14,11.205073995771686,11.205073995771686,1.2050739957717003
1975-04,80.80895008605853,3.27,2.24,,,0.688,10.460251046025103,10.460251046025103,0.32200219809883635
1975-05,65.88824020016682,3.5,2.62,,,0.302,10.187110187110182,10.187110187110182,0.11846030152666742
1975-06,60.096930533117934,3.83,2.83,,,-0.072,9.259259259259256,9.259259259259256,-1.4468910824263936
1975-07,40.095087163232954,3.77,2.5200000000000005,,,-0.169,9.183673469387754,9.183673469387754,-1.6760550373995589
1975-08,31.345454545454544,3.5,1.9300000000000006,,,-0.153,9.533468559837743,9.533468559837743,-2.0049929786237755
1975-09,21.653005464480877,3.17,1.96,,,-0.067,8.617234468937895,8.617234468937895,-2.2716544199509876
1975-10,3.884093711467318,2.87,2.01,,,0.063,7.905138339920947,7.905138339920947,-4.041764314946294
1975-11,0.0,2.7,2.1800000000000006,,,0.157,7.647058823529407,7.647058823529407,-4.1950464396284906
1975-12,0.26791694574681557,2.27,2.5700000000000003,,,0.067,7.37864077669903,7.37864077669903,-4.821794953148472
1976-01,0.5383580080753791,1.8,2.5599999999999996,,,-0.183,7.129094412331405,7.129094412331405,-4.965937985076806
1976-02,0.0,0.93,2.87,,,-0.53,6.692160611854692,6.692160611854692,-5.059976140282063
1976-03,3.890489913544659,0.2,2.91,,,-0.692,6.273764258555126,6.273764258555126,-4.93130973721656
1976-04,6.700288184438041,-0.27,2.7300000000000004,,,-0.741,6.060606060606055,6.060606060606055,-4.399644985419048
1976-05,13.328530259366001,-0.1,2.6999999999999993,,,-0.625,5.849056603773595,5.849056603773595,-4.338053583336587
1976-06,13.472622478386164,-0.1,2.7,,,-0.482,6.214689265536721,6.214689265536721,-3.0445699937225346
1976-07,12.391930835734865,0.0,2.45,,,-0.476,5.981308411214958,5.981308411214958,-3.202365058172796
1976-08,11.95965417867435,0.1,2.5999999999999996,,,-0.621,5.555555555555558,5.555555555555558,-3.9779130042821853
1976-09,17.435158501440927,0.3,2.63,,,-0.706,5.719557195571956,5.719557195571956,-2.8976772733659386
1976-10,17.939481268011527,0.4,2.51,,,-0.722,5.494505494505497,5.494505494505497,-2.41063284541545
1976-11,12.247838616714702,0.43,2.49,,,-0.687,5.464480874316946,5.464480874316946,-2.182577949212461
1976-12,7.708933717579258,0.5,2.54,,,-0.665,5.063291139240511,5.063291139240511,-2.315349637458519
1977-01,17.363112391930848,0.47,2.5200000000000005,,,-0.76,5.035971223021574,5.035971223021574,-2.093123189309831
1977-02,29.899135446685875,0.27,2.59,,,-0.9,5.197132616487465,5.197132616487465,-1.4950279953672263
1977-03,0.0,0.1,2.7199999999999998,,,-0.944,6.082289803220031,6.082289803220031,-0.19147445533509444
1977-04,3.986013986013992,-0.07,2.8600000000000003,,,-0.852,6.428571428571428,6.428571428571428,0.3679653679653727
1977-05,6.363636363636371,-0.1,2.83,,,-0.65,6.951871657754016,6.951871657754016,1.1028150539804216
1977-06,1.0489510489510412,-0.2,2.5,,,-0.521,6.737588652482285,6.737588652482285,0.5228993869455634
1977-07,1.8881118881118875,-0.07,2.2600000000000007,,,-0.487,6.701940035273357,6.701940035273357,0.7206316240583988
1977-08,2.7272727272727337,-0.03,2.1399999999999997,,,-0.51,6.666666666666665,6.666666666666665,1.1111111111111072
1977-09,3.1468531468531458,0.07,1.9100000000000001,,,-0.483,6.631762652705064,6.631762652705064,0.9122054571331084
1977-10,1.1888111888111785,0.0,1.5300000000000002,,,-0.374,6.423611111111094,6.423611111111094,0.9291056166055967
1977-11,0.35486160397444344,0.03,1.3599999999999994,,,-0.267,6.390328151986191,6.390328151986191,0.925847277669245
1977-12,1.5613910574875822,-0.03,1.4800000000000004,,,-0.213,6.712564543889843,6.712564543889843,1.6492734046493318
1978-01,0.5010737294201872,-0.13,1.62,,,-0.258,6.67808219178081,6.67808219178081,1.6421109687592361
1978-02,9.735146743020762,-0.17,1.5199999999999996,,,-0.296,6.814310051107331,6.814310051107331,1.6171774346198653
1978-03,0.0,-0.2,1.5799999999999992,,,-0.217,6.2394603709949426,6.2394603709949426,0.15717056777491134
1978-04,0.0,-0.07,1.7499999999999991,,,0.044,6.375838926174482,6.375838926174482,-0.052732502396946046
1978-05,1.710730948678063,-0.1,1.8600000000000003,,,0.296,6.499999999999995,6.499999999999995,-0.4518716577540216
1978-06,1.0124610591900396,0.0,1.9399999999999995,,,0.527,7.14285714285714,7.14285714285714,0.4052684903748549
1978-07,9.267912772585674,-0.17,1.7300000000000004,,,0.654,7.438016528925617,7.438016528925617,0.7360764936522601
1978-08,8.644859813084116,0.07,1.6300000000000008,,,0.57,7.7302631578947345,7.7302631578947345,1.0635964912280693
1978-09,1.2461059190031154,0.0,1.33,,,0.482,7.855973813420625,7.855973813420625,1.2242111607155604
1978-10,2.258566978193155,0.1,0.5700000000000003,,,0.892,8.482871125611746,8.482871125611746,2.0592600145006523
1978-11,3.686274509803922,-0.03,0.6500000000000004,,,1.604,8.92857142857142,8.92857142857142,2.538243276585229
1978-12,9.882352941176475,-0.03,0.16999999999999993,,,2.031,8.870967741935477,8.870967741935477,2.158403198045634
1979-01,12.15686274509804,0.0,-0.07000000000000028,,,1.73,8.988764044943842,8.988764044943842,2.3106818531630324
1979-02,12.470588235294123,0.0,-0.25,,,1.136,9.250398724082931,9.250398724082931,2.4360886729756004
1979-03,12.549019607843137,-0.03,-0.22000000000000064,,,0.608,9.84126984126985,9.84126984126985,3.601809470274908
1979-04,30.352941176470583,-0.07,-0.3600000000000012,,,0.265,10.252365930599371,10.252365930599371,3.876527004424889
1979-05,9.176470588235297,0.0,-0.28000000000000114,,,0.263,10.485133020344284,10.485133020344284,3.985133020344289
1979-06,14.823529411764703,0.03,-0.35999999999999943,,,0.451,10.697674418604652,10.697674418604652,3.5548172757475127
1979-07,18.980392156862735,0.0,-0.15000000000000036,,,0.839,11.076923076923073,11.076923076923073,3.638906547997456
1979-08,23.529411764705888,-0.03,-0.2900000000000009,,,1.173,11.45038167938932,11.45038167938932,3.7201185214945856
1979-09,20.78431372549019,0.07,-0.4900000000000002,,,1.706,11.836115326251884,11.836115326251884,3.980141512831259
1979-10,26.19607843137255,0.13,-0.9299999999999997,,,2.197,11.879699248120312,11.879699248120312,3.396828122508566
1979-11,20.218181818181826,0.23,-1.3999999999999986,,,2.507,12.071535022354718,12.071535022354718,3.142963593783298
1979-12,25.454545454545464,0.17,-1.1399999999999988,,,2.305,12.592592592592599,12.592592592592599,3.721624850657122
1980-01,20.5090909090909,0.13,-1.6499999999999986,,,1.89,13.254786450662737,13.254786450662737,4.2660224057188945
1980-02,21.599999999999998,0.23,-1.1999999999999993,,,1.79,13.868613138686126,13.868613138686126,4.6182144146031945
1980-03,28.000000000000004,0.3,-0.4499999999999993,,,2.696,14.161849710982644,14.161849710982644,4.320579869712793
1980-04,54.10909090909091,0.4,-2.4499999999999993,,,3.754,14.592274678111572,14.592274678111572,4.339908747512201
1980-05,79.58452722063036,0.67,-1.7299999999999986,,,3.942,14.589235127478762,14.589235127478762,4.104102107134478
1980-06,65.50783912747103,1.27,1.5999999999999996,,,2.717,14.425770308123242,14.425770308123242,3.72809588951859
1980-07,45.35412605588045,1.77,2.709999999999999,,,1.514,14.265927977839322,14.265927977839322,3.189004900916249
1980-08,34.63287849252761,2.03,2.1899999999999995,,,0.832,13.15068493150684,13.15068493150684,1.7003032521175196
1980-09,22.681067344345607,1.93,1.9699999999999989,,,0.882,12.890094979647216,12.890094979647216,1.0539796533953325
1980-10,10.050251256281406,1.83,1.2400000000000002,,,1.225,12.768817204301076,12.768817204301076,0.8891179561807636
1980-11,0.0,1.73,0.13000000000000078,,,1.995,12.632978723404253,12.632978723404253,0.5614437010495354
1980-12,0.06101281269066394,1.7,-1.0500000000000007,,,2.884,12.631578947368416,12.631578947368416,0.038986354775817134
1981-01,1.2851897184822603,1.57,-2.6500000000000004,,,3.328,12.353706111833551,12.353706111833551,-0.9010803388291855
1981-02,4.957160342717248,1.4,-2.4499999999999993,,,2.706,11.794871794871797,11.794871794871797,-2.073741343814328
1981-03,0.0,1.23,-1.5999999999999996,,,1.973,11.392405063291132,11.392405063291132,-2.769444647691511
1981-04,1.4842300556586308,1.1,-0.2400000000000002,,,1.671,10.611735330836458,10.611735330836458,-3.980539347275114
1981-05,3.215831787260348,0.83,-0.009999999999999787,,,1.932,10.135970333745359,10.135970333745359,-4.453264793733403
1981-06,7.111935683364257,0.47,-2.200000000000001,,,2.71,9.79192166462668,9.79192166462668,-4.633848643496563
1981-07,6.555349412492273,0.1,-1.2599999999999998,,,3.321,9.696969696969692,9.696969696969692,-4.56895828086963
1981-08,9.771181199752622,0.0,-0.6699999999999999,,,3.527,10.774818401937058,10.774818401937058,-2.375866529569782
1981-09,17.06864564007422,-0.13,-0.5700000000000003,,,3.274,10.817307692307686,10.817307692307686,-2.07278728733953
1981-10,22.139764996907864,0.07,0.620000000000001,,,2.994,10.96543504171632,10.96543504171632,-1.8033821625847555
1981-11,26.592455163883734,0.4,1.6100000000000012,,,2.715,10.271546635182993,10.271546635182993,-2.3614320882212603
1981-12,36.301793444650585,0.8,2.530000000000001,,,2.394,9.579439252336464,9.579439252336464,-3.0521396950319524
1982-01,34.879406307977746,1.07,2.870000000000001,,,2.08,8.912037037037024,8.912037037037024,-3.4416690747965273
1982-02,32.03463203463204,1.23,2.3100000000000005,,,1.912,8.25688073394495,8.25688073394495,-3.5379910609268475
1982-03,37.66233766233766,1.4,0.9499999999999993,,,2.012,7.613636363636367,7.613636363636367,-3.7787686996547656
1982-04,43.433109346365306,1.47,1.1799999999999997,,,2.114,6.884875846501148,6.884875846501148,-3.72685948433531
1982-05,39.96415770609318,1.77,1.17,,,2.27,6.621773288439958,6.621773288439958,-3.5141970453054006
1982-06,39.17585606500291,2.0,1.5299999999999994,,,2.602,6.911928651059096,6.911928651059096,-2.8799930135675833
1982-07,29.471890971039173,2.17,1.83,,,2.927,7.182320441988943,7.182320441988943,-2.514649254980749
1982-08,39.888888888888886,2.3,2.5999999999999996,,,3.06,6.557377049180335,6.557377049180335,-4.2174413527567225
1982-09,38.44944997380828,2.4,4.380000000000001,,,3.359,5.965292841648595,5.965292841648595,-4.852014850659091
1982-10,28.478478478478486,2.53,4.42,,,3.393,4.940923737916236,4.940923737916236,-6.024511303800084
1982-11,14.004796163069555,2.47,3.2,,,2.166,5.032119914346889,5.032119914346889,-5.2394267208361045
1982-12,0.47961630695443347,2.47,2.4800000000000004,,,1.139,4.47761194029852,4.47761194029852,-5.101827312037943
1983-01,0.0,2.37,2.5999999999999988,,,0.538,3.825717321997879,3.825717321997879,-5.086319715039145
1983-02,0.0,2.13,2.6000000000000005,,,0.244,3.7076271186440746,3.7076271186440746,-4.549253615300875
1983-03,0.0,1.87,2.610000000000001,,,0.069,3.484688489968324,3.484688489968324,-4.128947873668043
1983-04,3.7558685446009488,1.57,2.16,,,0.014,3.5902851108764455,3.5902851108764455,-3.294590735624703
1983-05,0.0,1.27,2.1899999999999995,,,-0.091,4.0000000000000036,4.0000000000000036,-2.6217732884399547
1983-06,0.0,0.97,2.1900000000000013,,,-0.188,3.44108446298228,3.44108446298228,-3.470844188076816
1983-07,0.0,0.7,2.0600000000000005,,,-0.172,2.4742268041237248,2.4742268041237248,-4.708093637865218
1983-08,7.725587144622992,0.3,2.3000000000000007,,,-0.086,2.358974358974364,2.358974358974364,-4.198402690205971
1983-09,1.0506798516687343,-0.07,2.51,,,-0.083,2.456499488229258,2.456499488229258,-3.508793353419337
1983-10,0.0,-0.23,2.6500000000000004,,,-0.081,2.763561924257929,2.763561924257929,-2.1773618136583073
1983-11,0.0,-0.23,2.8999999999999986,,,0.01,2.752293577981657,2.752293577981657,-2.2798263363652316
1983-12,0.47554347826086474,-0.37,2.9299999999999997,,,0.1,3.1632653061224536,3.1632653061224536,-1.3143466341760668
1984-01,0.0,-0.33,2.83,,,0.059,3.7871033776867957,3.7871033776867957,-0.03861394431108334
1984-02,0.0,-0.27,2.7699999999999996,,,-0.096,4.290091930541351,4.290091930541351,0.5824648118972764
1984-03,1.8422991893883633,-0.2,2.75,,,-0.194,4.693877551020398,4.693877551020398,1.209189061052074
1984-04,8.843036109064117,-0.13,2.8000000000000007,,,-0.029,4.892966360856277,4.892966360856277,1.3026812499798313
1984-05,6.190125276344882,-0.07,2.9400000000000013,,,0.381,4.5546558704453455,4.5546558704453455,0.5546558704453419
1984-06,7.000736919675754,-0.1,3.58,,,0.89,4.3346774193548265,4.3346774193548265,0.8935929563725464
1984-07,6.263817243920422,-0.23,3.6900000000000013,,,1.216,4.325955734406439,4.325955734406439,1.8517289302827145
1984-08,14.812085482682381,-0.1,3.24,,,1.015,4.308617234468937,4.308617234468937,1.9496428754945727
1984-09,17.31761238025056,0.0,2.25,,,0.577,4.295704295704317,4.295704295704317,1.8392048074750589
1984-10,23.58142962417096,0.1,2.1500000000000004,,,0.324,4.2828685258964105,4.2828685258964105,1.5193066016384815
1984-11,19.970523212969795,0.07,2.42,,,0.106,4.265873015873023,4.265873015873023,1.5135794378913658
1984-12,12.527634487840821,-0.03,2.960000000000001,,,-0.118,4.154302670623156,4.154302670623156,0.991037364500702
1985-01,9.285187914517312,-0.07,3.4399999999999995,,,-0.281,4.043392504930954,4.043392504930954,0.2562891272441581
1985-02,15.051395007342139,0.03,3.620000000000001,,,-0.387,3.52595494613126,3.52595494613126,-0.7641369844100909
1985-03,7.974594213126318,0.1,3.24,,,-0.349,3.6062378167641462,3.6062378167641462,-1.0876397342562516
1985-04,11.32075471698113,0.13,3.34,,,-0.269,3.790087463556846,3.790087463556846,-1.1028788972994308
1985-05,9.783368273934311,0.1,3.4799999999999995,,,-0.334,3.581800580832528,3.581800580832528,-0.9728552896128173
1985-06,8.807212205270453,0.1,3.369999999999999,,,-0.46,3.5748792270531515,3.5748792270531515,-0.759798192301675
1985-07,3.7722908093278384,0.1,3.21,,,-0.439,3.6644165863066513,3.6644165863066513,-0.6615391480997879
1985-08,8.900876601483487,0.1,3.2300000000000004,,,-0.316,3.458213256484166,3.458213256484166,-0.8504039779847705
1985-09,10.182063385030338,0.0,3.1900000000000004,,,-0.145,3.3524904214559337,3.3524904214559337,-0.9432138742483831
1985-10,9.440323668240058,-0.07,3.2699999999999996,,,-0.142,3.2473734479465,3.2473734479465,-1.0354950779499106
1985-11,5.799055967633171,-0.07,3.08,,,-0.27,3.2350142721217834,3.2350142721217834,-1.0308587437512395
1985-12,3.9109912339851727,0.0,2.539999999999999,,,-0.33,3.5137701804368593,3.5137701804368593,-0.6405324901862963
1986-01,0.0,-0.07,2.16,2.29,,-0.266,3.791469194312791,3.791469194312791,-0.25192331061816287
1986-02,3.2122905027933024,-0.13,2.119999999999999,2.49,,-0.259,3.9735099337748325,3.9735099337748325,0.4475549876435725
1986-03,6.913407821229045,0.1,1.6399999999999997,2.92,,-0.299,3.19849482596426,3.19849482596426,-0.4077429907998864
1986-04,7.751396648044695,0.2,1.2200000000000006,2.78,0.48999999999999977,-0.335,2.1535580524344455,2.1535580524344455,-1.6365294111224005
1986-05,7.4022346368715075,0.33,1.2400000000000002,2.36,-0.13000000000000034,-0.421,1.5887850467289688,1.5887850467289688,-1.9930155341035594
1986-06,3.4916201117318524,0.33,1.5599999999999996,2.81,-0.10999999999999988,-0.475,1.679104477611948,1.679104477611948,-1.8957747494412036
1986-07,1.1173184357541999,0.3,1.5899999999999999,2.91,0.13000000000000034,-0.444,1.7674418604651132,1.7674418604651132,-1.8969747258415381
1986-08,13.198324022346375,0.23,1.4699999999999998,3.07,0.71,-0.492,1.671309192200554,1.671309192200554,-1.786904064283612
1986-09,10.474860335195535,0.07,1.6399999999999997,2.75,-0.06000000000000005,-0.587,1.575532900834098,1.575532900834098,-1.7769575206218358
1986-10,7.05307262569832,0.03,2.24,2.82,-0.0900000000000003,-0.552,1.757631822386685,1.757631822386685,-1.489741625559815
1986-11,1.3966480446927276,0.07,2.25,2.85,-0.21999999999999975,-0.541,1.5668202764977046,1.5668202764977046,-1.6681939956240788
1986-12,0.06983240223463749,0.13,1.9000000000000004,2.76,0.009999999999999787,-0.551,1.2844036697247763,1.2844036697247763,-2.229366510712083
1987-01,3.537214443625647,-0.07,1.58,2.5,-0.31999999999999984,-0.511,1.187214611872145,1.187214611872145,-2.604254582440646
1987-02,2.8002947678702927,-0.07,1.6500000000000004,2.43,-0.41999999999999993,-0.486,1.364877161055511,1.364877161055511,-2.6086327727193215
1987-03,0.0,-0.07,1.6600000000000001,2.19,-0.5699999999999998,-0.434,1.9143117593436676,1.9143117593436676,-1.2841830666205922
1987-04,1.4328808446455454,-0.03,1.6600000000000001,2.16,-0.33999999999999986,-0.171,2.8414298808432603,2.8414298808432603,0.6878718284088148
1987-05,0.8371385083713934,-0.13,2.38,2.08,-0.3500000000000001,0.31,3.679852805887762,3.679852805887762,2.0910677591587934
1987-06,0.0,-0.13,2.9499999999999993,2.12,-0.06999999999999984,0.623,3.669724770642202,3.669724770642202,1.9906202930302541
1987-07,0.0,-0.17,2.7300000000000004,2.11,-0.050000000000000266,0.427,3.7477148080438782,3.7477148080438782,1.980272947578765
1987-08,0.2349256068911565,-0.1,2.759999999999999,1.92,-0.16000000000000014,0.052,3.926940639269394,3.926940639269394,2.25563144706884
1987-09,0.0,-0.1,2.7199999999999998,1.91,-0.2100000000000002,0.042,4.2883211678832245,4.2883211678832245,2.7127882670491266
1987-10,0.0,-0.07,3.0199999999999996,2.45,0.3400000000000003,0.494,4.2727272727272725,4.2727272727272725,2.5150954503405876
1987-11,3.2828282828282873,0.0,3.3899999999999997,2.24,0.3200000000000003,1.104,4.355716878402904,4.355716878402904,2.7888966019051997
1987-12,7.3232323232323315,-0.03,3.169999999999999,2.39,0.4800000000000002,1.112,4.528985507246386,4.528985507246386,3.2445818375216096
1988-01,14.730639730639727,-0.03,3.2200000000000006,2.51,0.05999999999999961,0.836,4.332129963898912,4.332129963898912,3.144915352026767
1988-02,7.3232323232323315,-0.07,2.8600000000000003,2.37,0.1299999999999999,0.367,4.129263913824044,4.129263913824044,2.764386752768533
1988-03,2.8619528619528545,-0.07,2.5500000000000007,2.19,-0.20000000000000018,0.138,3.9355992844364973,3.9355992844364973,2.0212875250928297
1988-04,5.387205387205385,-0.07,2.669999999999999,2.07,-0.43999999999999995,0.136,3.832442067736186,3.832442067736186,0.9910121868929256
1988-05,5.639730639730645,-0.13,2.8100000000000005,1.93,-0.44000000000000017,0.251,3.9929015084294583,3.9929015084294583,0.31304870254169614
1988-06,3.7878787878787845,-0.03,2.83,2.16,-0.029999999999999805,0.259,3.9823008849557473,3.9823008849557473,0.31257611431354526
1988-07,9.680134680134689,-0.1,2.46,2.07,0.0,0.306,3.96475770925111,3.96475770925111,0.2170429012072317
1988-08,5.976430976430969,0.0,2.33,1.97,0.040000000000000036,0.433,4.130052724077338,4.130052724077338,0.20311208480794374
1988-09,2.5252525252525304,0.0,2.2,1.62,-0.54,0.401,4.111986001749779,4.111986001749779,-0.17633516613344558
1988-10,0.17196904557179593,0.03,1.7400000000000002,1.58,-0.48999999999999977,0.257,4.184829991281602,4.184829991281602,-0.08789728144567022
1988-11,1.1314186248912117,0.0,1.450000000000001,1.55,-0.41999999999999993,0.188,4.260869565217407,4.260869565217407,-0.09484731318549766
1988-12,1.653611836379465,-0.07,1.200000000000001,1.55,-0.07000000000000006,0.157,4.246100519930662,4.246100519930662,-0.28288498731572354
1989-01,0.870322019147074,-0.03,1.0399999999999991,1.56,-0.020000000000000018,0.143,4.4117647058823595,4.4117647058823595,0.07963474198344755
1989-02,5.836236933797911,0.03,0.8200000000000003,1.35,-0.19999999999999996,0.19,4.482758620689653,4.482758620689653,0.35349470686560913
1989-03,12.195121951219523,-0.07,0.6400000000000006,1.31,-0.24,0.412,4.647160068846801,4.647160068846801,0.7115607844103033
1989-04,7.66550522648084,-0.1,0.5399999999999991,1.55,-0.010000000000000009,0.72,4.892703862660941,4.892703862660941,1.060261794924755
1989-05,13.066202090592327,-0.03,0.5299999999999994,1.7,0.34999999999999987,0.622,5.034129692832767,5.034129692832767,1.0412281844033089
1989-06,16.027874564459932,0.03,0.4299999999999997,1.83,0.52,0.366,5.276595744680845,5.276595744680845,1.294294859725098
1989-07,18.37979094076656,0.13,0.129999999999999,1.99,0.43999999999999995,0.258,5.1694915254237195,5.1694915254237195,1.2047338161726096
1989-08,16.550522648083632,0.1,0.13999999999999968,1.7,0.0,0.21,5.063291139240511,5.063291139240511,0.9332384151631734
1989-09,17.682926829268286,0.1,0.20999999999999908,1.62,-0.20999999999999996,0.24,4.621848739495804,4.621848739495804,0.5098627377460252
1989-10,26.56794425087108,0.1,0.4399999999999995,1.84,-0.1499999999999999,0.382,4.435146443514637,4.435146443514637,0.2503164522330348
1989-11,17.33449477351916,0.13,0.3700000000000001,1.99,0.29000000000000004,0.303,4.587155963302747,4.587155963302747,0.3262863980853403
1989-12,24.73867595818815,0.2,0.17999999999999972,1.91,0.2899999999999998,0.103,4.655029093931851,4.655029093931851,0.4089285740011883
1990-01,25.78397212543555,0.13,0.20999999999999996,1.68,-0.16000000000000014,0.027,4.639602319801162,4.639602319801162,0.22783761391880208
1990-02,15.938511326860837,0.13,0.5700000000000012,1.68,-0.31000000000000005,0.066,5.198019801980203,5.198019801980203,0.7152611812905496
1990-03,11.245954692556626,0.13,0.7300000000000004,1.58,-0.32999999999999985,0.053,5.263157894736836,5.263157894736836,0.6159978258900356
1990-04,16.50563607085347,0.1,0.6899999999999995,1.5,-0.17999999999999994,0.079,5.237315875613735,5.237315875613735,0.3446120129527941
1990-05,9.056024558710662,0.13,1.0199999999999996,1.71,0.030000000000000027,0.112,4.711616571892785,4.711616571892785,-0.3225131209399823
1990-06,9.06344410876132,0.13,1.0199999999999996,1.79,0.20999999999999996,-0.005,4.365400161681476,4.365400161681476,-0.911195582999369
1990-07,10.876132930513593,0.03,0.75,1.77,0.27,-0.154,4.673650282030639,4.673650282030639,-0.49584124339308033
1990-08,16.08761329305135,0.07,0.8500000000000005,1.69,-0.020000000000000018,-0.072,4.819277108433728,4.819277108433728,-0.24401403080678286
1990-09,17.149220489977736,0.17,1.2999999999999998,1.94,0.1499999999999999,0.185,5.702811244979911,5.702811244979911,1.0809625054841066
1990-10,26.280623608017816,0.33,1.5300000000000002,2.13,0.3599999999999999,0.381,6.169871794871806,6.169871794871806,1.7347253513571692
1990-11,31.590574374079527,0.4,1.5500000000000007,2.27,0.5800000000000001,0.457,6.379585326953752,6.379585326953752,1.7924293636510047
1990-12,32.65454545454545,0.5,1.330000000000001,2.35,0.41000000000000014,0.472,6.195393169181873,6.195393169181873,1.5403640752500225
1991-01,27.927272727272733,0.6,1.3399999999999999,2.3,0.16999999999999993,0.52,6.254948535233562,6.254948535233562,1.6153462154324005
1991-02,40.79999999999999,0.77,1.87,2.09,-0.18000000000000016,0.393,5.647058823529405,5.647058823529405,0.4490390215492024
1991-03,43.933955491744435,0.97,1.9099999999999993,1.96,-0.3900000000000001,0.103,5.312500000000009,5.312500000000009,0.04934210526317262
1991-04,31.527093596059117,1.2,2.1999999999999993,1.83,-0.46999999999999975,-0.147,4.821150855365497,4.821150855365497,-0.4161650202482381
1991-05,24.599303135888494,1.3,2.389999999999999,1.77,-0.31999999999999984,-0.233,4.809930178432875,4.809930178432875,0.09831360654009025
1991-06,18.244644091223215,1.43,2.6100000000000003,1.66,-0.30000000000000004,-0.235,5.034856700232382,5.034856700232382,0.6694565385509055
1991-07,13.423728813559332,1.5,2.709999999999999,1.6,-0.22999999999999998,-0.268,4.695919938414161,4.695919938414161,0.022269656383522296
1991-08,9.83397190293742,1.53,2.6899999999999995,1.75,-0.020000000000000018,-0.413,4.367816091954024,4.367816091954024,-0.45146101647970394
1991-09,6.658291457286425,1.4,2.5700000000000003,1.94,0.28,-0.54,3.7993920972644313,3.7993920972644313,-1.9034191477154794
1991-10,1.3788968824939962,1.17,2.4300000000000006,2.02,0.41999999999999993,-0.56,3.396226415094339,3.396226415094339,-2.7736453797774674
1991-11,6.714628297362113,1.1,2.54,2.06,0.31000000000000005,-0.58,2.8485757121439192,2.8485757121439192,-3.5310096148098324
1991-12,9.532374100719432,1.0,2.8600000000000003,2.39,0.4500000000000002,-0.628,3.0665669409125185,3.0665669409125185,-3.1288262282693546
1992-01,5.27577937649879,1.0,3.0199999999999996,1.9,-0.1200000000000001,-0.663,2.980625931445613,2.980625931445613,-3.274322603787949
1992-02,6.175059952038375,0.93,3.2300000000000004,1.9,-0.16000000000000014,-0.656,2.672605790645899,2.672605790645899,-2.974453032883506
1992-03,2.9976019184652314,0.9,3.5,1.7,-0.6900000000000002,-0.653,2.8189910979228294,2.8189910979228294,-2.4935089020771795
1992-04,0.2997601918465209,0.77,3.5,1.63,-0.27,-0.682,3.189910979228472,3.189910979228472,-1.631239876137025
1992-05,0.0,0.67,3.7300000000000004,1.77,-0.1299999999999999,-0.76,3.1828275351591495,3.1828275351591495,-1.6271026432737257
1992-06,1.2084592145015005,0.63,3.76,1.86,0.16000000000000014,-0.859,3.0235988200590036,3.0235988200590036,-2.0112578801733783
1992-07,8.850645359557463,0.73,3.5999999999999996,1.97,0.3400000000000001,-0.914,3.0147058823529305,3.0147058823529305,-1.681214056061231
1992-08,0.0,0.87,3.63,2.06,0.29000000000000004,-0.936,3.1571218795888534,3.1571218795888534,-1.210694212365171
1992-09,3.4097954122752627,0.9,3.46,2.29,0.42999999999999994,-0.897,3.0746705710102518,3.0746705710102518,-0.7247215262541795
1992-10,0.0,0.8,3.51,2.19,0.21999999999999997,-0.804,2.9927007299270114,2.9927007299270114,-0.40352568516732745
1992-11,0.0,0.67,3.73,2.0,-0.06000000000000005,-0.682,3.279883381924198,3.279883381924198,0.4313076697802787
1992-12,0.0,0.5,3.74,2.06,-0.22999999999999998,-0.734,3.1204644412191396,3.1204644412191396,0.053897500306621104
1993-01,3.3532041728763007,0.37,3.5499999999999994,2.11,-0.08000000000000007,-0.88,2.966714905933454,2.966714905933454,-0.013911025512158837
1993-02,2.4224072672218044,0.2,3.5999999999999996,2.2,0.20000000000000018,-0.956,3.2537960954446943,3.2537960954446943,0.5811903047987954
1993-03,6.28311884935655,-0.03,3.3299999999999996,2.18,0.1200000000000001,-0.955,3.2467532467532534,3.2467532467532534,0.42776214883042396
1993-04,7.418622255866758,-0.1,3.0300000000000002,2.12,0.010000000000000231,-0.974,3.0194104960460155,3.0194104960460155,-0.17050048318245636
1993-05,4.087812263436796,-0.03,3.0999999999999996,2.1,-0.10000000000000009,-0.993,3.1563845050215145,3.1563845050215145,-0.02644303013763505
1993-06,3.7850113550340625,-0.03,3.08,2.16,-0.020000000000000018,-0.981,3.2211882605583497,3.2211882605583497,0.19758944049934613
1993-07,7.4943224829674415,0.0,2.89,2.05,-0.07000000000000028,-1.019,2.9978586723768963,2.9978586723768963,-0.016847209976034172
1993-08,3.2551097653293004,-0.07,2.7699999999999996,1.91,-0.19000000000000017,-1.09,2.8469750889679624,2.8469750889679624,-0.310146790620891
1993-09,2.649507948523855,-0.07,2.6599999999999997,2.0,-0.16000000000000014,-1.09,2.840909090909083,2.840909090909083,-0.23376148010116893
1993-10,7.19152157456473,-0.1,2.41,1.96,-0.08999999999999986,-1.05,2.7639971651311157,2.7639971651311157,-0.2287035647958957
1993-11,3.2551097653293004,0.0,2.31,1.91,0.0,-0.966,2.752293577981657,2.752293577981657,-0.5275898039425408
1993-12,0.0,-0.1,2.6199999999999997,1.94,-0.06000000000000005,-0.937,2.7445460942997935,2.7445460942997935,-0.3759183469193461
1994-01,12.61609907120742,-0.1,2.7099999999999995,1.85,-0.10999999999999988,-1.003,2.8109627547435068,2.8109627547435068,-0.15575215118994734
1994-02,7.8947368421052655,0.0,2.77,1.77,-0.1399999999999999,-1.012,2.450980392156854,2.450980392156854,-0.8028157032878402
1994-03,3.9473684210526327,0.0,2.7199999999999998,1.59,-0.34999999999999987,-0.918,2.515723270440251,2.515723270440251,-0.7310299763130024
1994-04,6.656346749226016,0.03,2.9800000000000004,1.48,-0.3700000000000001,-0.789,2.6517794836008246,2.6517794836008246,-0.3676310124451909
1994-05,11.145510835913308,-0.07,3.2899999999999996,1.51,-0.26,-0.72,2.364394993045882,2.364394993045882,-0.7919895119756326
1994-06,5.263157894736836,-0.17,3.04,1.52,-0.07000000000000006,-0.72,2.288488210818307,2.288488210818307,-0.9327000497400428
1994-07,6.578947368421062,-0.17,2.96,1.49,0.010000000000000009,-0.716,2.494802494802495,2.494802494802495,-0.5030561775744014
1994-08,4.102167182662542,-0.1,2.9699999999999998,1.55,0.040000000000000036,-0.77,2.69896193771626,2.69896193771626,-0.14801315125170245
1994-09,2.244582043343657,0.03,2.76,1.5,-0.020000000000000018,-0.806,2.900552486187835,2.900552486187835,0.05964339527875229
1994-10,3.482972136222906,0.0,2.84,1.4,-0.09000000000000008,-0.694,2.965517241379323,2.965517241379323,0.20152007624820722
1994-11,1.5479876160990669,-0.1,2.79,1.3,-0.25,-0.6,2.609890109890123,2.609890109890123,-0.14240346809153426
1994-12,0.0,-0.17,2.67,1.3,-0.19999999999999996,-0.502,2.602739726027403,2.602739726027403,-0.14180636827239024
1995-01,3.2507739938080427,-0.13,2.21,1.33,-0.06999999999999984,-0.405,2.597402597402576,2.597402597402576,-0.2135601573409307
1995-02,4.566563467492268,0.0,2.0700000000000003,1.53,0.22999999999999998,-0.504,2.8708133971291794,2.8708133971291794,0.41983300497232534
1995-03,5.340557275541791,-0.07,1.7000000000000002,1.49,0.18999999999999995,-0.621,2.862985685071595,2.862985685071595,0.3472624146313441
1995-04,9.597523219814242,0.03,1.4699999999999998,1.51,0.17999999999999994,-0.639,2.7872195785180187,2.7872195785180187,0.1354400949171941
1995-05,14.628482972136215,0.07,1.4099999999999993,1.66,0.1299999999999999,-0.672,3.125000000000022,3.125000000000022,0.7606050069541404
1995-06,13.390092879256965,0.17,0.96,1.74,0.25,-0.711,3.1186440677966054,3.1186440677966054,0.8301558569782985
1995-07,16.25386996904026,0.2,0.7000000000000002,1.72,0.20999999999999996,-0.672,3.0425963488843744,3.0425963488843744,0.5477938540818794
1995-08,10.294117647058831,0.17,0.8600000000000003,1.73,0.07000000000000006,-0.68,2.8301886792452713,2.8301886792452713,0.13122674152901137
1995-09,12.61609907120742,0.13,1.0899999999999999,1.71,-0.030000000000000027,-0.711,2.6174496644295386,2.6174496644295386,-0.2831028217582965
1995-10,15.015479876160986,0.13,0.9199999999999999,1.7,-0.020000000000000018,-0.697,2.54521098459477,2.54521098459477,-0.4203062567845528
1995-11,16.718266253869963,0.07,0.7599999999999998,1.81,0.08000000000000007,-0.714,2.7443105756358666,2.7443105756358666,0.13442046574574373
1995-12,11.606456571867785,0.07,0.5699999999999994,1.8,0.09000000000000008,-0.752,2.603471295060067,2.603471295060067,0.0007315690326636926
1996-01,13.33333333333333,0.07,0.5700000000000003,1.82,0.1200000000000001,-0.744,2.5316455696202667,2.5316455696202667,-0.06575702778230941
1996-02,11.201179071481215,0.17,0.6500000000000004,1.78,-0.030000000000000027,-0.793,2.7906976744185963,2.7906976744185963,-0.08011572271058309
1996-03,15.254237288135597,0.13,0.9799999999999995,1.78,-0.020000000000000018,-0.82,2.717031146454607,2.717031146454607,-0.14595453861698804
1996-04,1.4114326040931546,0.1,1.3099999999999996,1.61,-0.20999999999999996,-0.719,2.8439153439153486,2.8439153439153486,0.0566957653973299
1996-05,0.0,-0.03,1.5599999999999996,1.48,-0.30000000000000004,-0.685,2.832674571805005,2.832674571805005,-0.29232542819501717
1996-06,0.0,0.03,1.7200000000000006,1.51,-0.27,-0.716,2.827087442472065,2.827087442472065,-0.2915566253245405
1996-07,0.0,-0.07,1.8200000000000003,1.5,-0.1100000000000001,-0.701,2.8215223097112663,2.8215223097112663,-0.22107403917310808
1996-08,1.2917933130699,0.0,1.7199999999999998,1.48,0.0,-0.711,2.8833551769331667,2.8833551769331667,0.05316649768789539
1996-09,4.1793313069908855,-0.17,1.5899999999999999,1.5,-0.010000000000000009,-0.744,2.8122956180510084,2.8122956180510084,0.19484595362146973
1996-10,3.039513677811545,-0.03,1.7400000000000002,1.54,0.040000000000000036,-0.732,3.0045721750489918,3.0045721750489918,0.45936119045422164
1996-11,2.4316109422492405,-0.07,1.54,1.65,0.16999999999999993,-0.764,3.0618892508143203,3.0618892508143203,0.31757867517845373
1996-12,7.446808510638303,0.1,1.17,1.54,0.040000000000000036,-0.77,3.2530904359141077,3.2530904359141077,0.6496191408540408
1997-01,3.039513677811545,0.07,1.3899999999999997,1.5,-0.040000000000000036,-0.706,3.378817413905133,3.378817413905133,0.8471718442848664
1997-02,0.0,0.13,1.5499999999999998,1.49,-0.15999999999999992,-0.709,3.0381383322559907,3.0381383322559907,0.24744065783739444
1997-03,0.3933910306844979,0.13,1.4100000000000001,1.4,-0.14000000000000012,-0.735,3.0322580645161246,3.0322580645161246,0.3152269180615175
1997-04,2.9110936270652976,0.1,1.5500000000000007,1.5,0.0,-0.69,2.7652733118971096,2.7652733118971096,-0.07864203201823905
1997-05,0.472069236821393,-0.07,1.7299999999999995,1.51,0.020000000000000018,-0.638,2.434336963484962,2.434336963484962,-0.39833760832004295
1997-06,2.4390243902439046,-0.17,1.6600000000000001,1.5,0.10000000000000009,-0.628,2.237851662404089,2.237851662404089,-0.589235780067976
1997-07,0.7867820613689958,-0.07,1.5600000000000005,1.54,0.040000000000000036,-0.64,2.233567326100827,2.233567326100827,-0.5879549836104392
1997-08,6.055776892430287,-0.03,1.17,1.44,-0.07000000000000006,-0.656,2.165605095541401,2.165605095541401,-0.7177500813917659
1997-09,0.47808764940238113,0.03,1.1600000000000001,1.54,0.040000000000000036,-0.647,2.2900763358778775,2.2900763358778775,-0.5222192821731308
1997-10,0.0,0.0,1.2599999999999998,1.6,0.06000000000000005,-0.613,2.21940393151554,2.21940393151554,-0.7851682435334517
1997-11,1.6129032258064502,-0.03,1.0600000000000005,1.52,0.08000000000000007,-0.511,2.0859671302149163,2.0859671302149163,-0.975922120599404
1997-12,1.0483870967741948,-0.1,0.7400000000000002,1.53,-0.010000000000000009,-0.473,1.8903591682419618,1.8903591682419618,-1.362731267672146
1998-01,4.354838709677411,-0.07,0.6499999999999995,1.68,0.07999999999999985,-0.513,1.6970458830924073,1.6970458830924073,-1.6817715308127257
1998-02,2.9032258064516148,-0.03,0.5,1.67,0.1499999999999999,-0.598,1.6311166875784044,1.6311166875784044,-1.4070216446775863
1998-03,1.6129032258064502,0.0,0.4800000000000004,1.67,0.1399999999999999,-0.637,1.440200375704448,1.440200375704448,-1.5920576888116766
1998-04,0.3225806451612856,0.0,0.6200000000000001,1.66,-0.020000000000000018,-0.625,1.3767209011263937,1.3767209011263937,-1.388552410770716
1998-05,1.4586709886547755,-0.13,0.6899999999999995,1.63,-0.040000000000000036,-0.603,1.4383989993745905,1.4383989993745905,-0.9959379641103716
1998-06,9.562398703403563,-0.1,0.6500000000000004,1.67,0.0,-0.57,1.6885553470919357,1.6885553470919357,-0.5492963153121533
1998-07,7.94165316045381,-0.07,0.5199999999999996,1.71,0.050000000000000044,-0.555,1.6229712858926382,1.6229712858926382,-0.6105960402081889
1998-08,0.16207455429497752,0.07,0.5,2.06,0.43000000000000016,-0.51,1.74563591022443,1.74563591022443,-0.4199691853169707
1998-09,0.0,0.13,0.4399999999999995,2.57,0.8999999999999999,-0.314,1.6169154228855787,1.6169154228855787,-0.6731609129922989
1998-10,3.817427385892125,0.17,0.1999999999999993,2.65,0.94,-0.069,1.4267990074441794,1.4267990074441794,-0.7926049240713606
1998-11,4.89626556016598,0.2,0.5700000000000003,2.45,0.3900000000000001,-0.005,1.4860681114551078,1.4860681114551078,-0.5998990187598086
1998-12,4.89626556016598,0.17,0.41999999999999993,2.58,0.010000000000000231,-0.113,1.4842300556586308,1.4842300556586308,-0.40612911258333106
1999-01,7.883817427385886,0.0,0.2600000000000007,2.55,-0.10000000000000009,-0.189,1.606922126081578,1.606922126081578,-0.09012375701082931
1999-02,0.08298755186721962,-0.07,0.3799999999999999,2.24,-0.20999999999999996,-0.272,1.6666666666666607,1.6666666666666607,0.0355499790882563
1999-03,0.49792531120331773,0.0,0.5599999999999996,2.31,-0.27,-0.352,1.6666666666666607,1.6666666666666607,0.22646629096221282
1999-04,2.406639004149369,-0.03,0.79,2.22,-0.3299999999999996,-0.403,1.7283950617283939,1.7283950617283939,0.3516741606020002
1999-05,1.1686143572620988,0.0,0.8899999999999997,2.18,-0.06000000000000005,-0.424,2.281134401972884,2.281134401972884,0.8427354025982936
1999-06,0.0,-0.07,1.04,2.18,-0.1299999999999999,-0.4,2.091020910209096,2.091020910209096,0.4024655631171603
1999-07,3.886010362694292,0.03,1.33,2.19,-0.03000000000000025,-0.33,1.9656019656019597,1.9656019656019597,0.3426306797093215
1999-08,0.43177892918826455,0.03,1.2400000000000002,2.23,0.04999999999999982,-0.21,2.1446078431372584,2.1446078431372584,0.3989719329128283
1999-09,1.4010507880910739,0.03,1.2200000000000006,2.3,0.11999999999999966,-0.148,2.2643818849449104,2.2643818849449104,0.6474664620593318
1999-10,0.08756567425569628,0.0,1.2400000000000002,2.28,0.08999999999999986,-0.1,2.629969418960254,2.629969418960254,1.2031704115160746
1999-11,0.2669039145907437,-0.07,1.25,1.99,-0.24,-0.11,2.56253813300793,2.56253813300793,1.0764700215528222
1999-12,0.0,-0.03,0.96,1.73,-0.5699999999999998,-0.166,2.6203534430225606,2.6203534430225606,1.1361233873639298
2000-01,3.8634321653189474,-0.03,1.08,1.68,-0.5999999999999999,-0.171,2.676399026763998,2.676399026763998,1.06947690068242
2000-02,5.570530098831994,-0.03,1.3399999999999999,1.91,-0.08000000000000007,-0.21,2.792956891317555,2.792956891317555,1.1262902246508943
2000-03,0.0,0.0,0.9699999999999998,2.3,0.5699999999999998,-0.189,3.2179720704310855,3.2179720704310855,1.5513054037644247
2000-04,2.5352112676056304,0.0,0.5699999999999994,2.34,0.6599999999999999,-0.087,3.762135922330101,3.762135922330101,2.033740860601707
2000-05,6.009389671361509,-0.03,0.33000000000000007,2.52,0.6100000000000001,-0.031,3.013863773357439,3.013863773357439,0.7327293713845551
2000-06,9.295774647887335,0.0,0.6500000000000004,2.4,0.10000000000000009,0.025,3.1325301204819134,3.1325301204819134,1.0415092102728174
2000-07,12.112676056338035,-0.03,0.40999999999999925,2.27,-0.06999999999999984,-0.001,3.7349397590361377,3.7349397590361377,1.769337793434178
2000-08,17.464788732394364,0.03,0.08999999999999986,2.51,-0.010000000000000231,-0.115,3.5992801439711952,3.5992801439711952,1.4546723008339368
2000-09,12.676056338028175,0.03,-0.2599999999999998,2.54,0.14000000000000012,-0.197,3.3512866546977715,3.3512866546977715,1.086904769752861
2000-10,13.05164319248826,0.0,-0.20000000000000018,2.56,0.29000000000000004,-0.196,3.45649582836709,3.45649582836709,0.8265264094068359
2000-11,25.53990610328638,-0.03,-0.3700000000000001,2.64,0.13000000000000034,-0.167,3.4503271861986873,3.4503271861986873,0.8877890531907573
2000-12,30.70422535211268,-0.03,-0.4500000000000002,2.88,0.33999999999999986,-0.105,3.444180522565321,3.444180522565321,0.8238270795427605
2001-01,27.699530516431924,0.03,-0.5299999999999994,2.62,0.06000000000000005,-0.089,3.4360189573459543,3.4360189573459543,0.7596199305819562
2001-02,39.43661971830985,0.13,0.009999999999999787,2.88,0.23999999999999977,-0.223,3.7212049616065945,3.7212049616065945,0.9282480702890394
2001-03,45.72769953051643,0.2,0.21999999999999975,3.04,0.16000000000000014,-0.276,3.529411764705892,3.529411764705892,0.31143969427480656
2001-04,42.07699194270367,0.3,0.46999999999999975,2.73,0.10999999999999988,-0.252,2.9824561403508643,2.9824561403508643,-0.7796797819792367
2001-05,40.14209591474245,0.4,1.2699999999999996,2.65,-0.22999999999999998,-0.332,3.2182562902282053,3.2182562902282053,0.2043925168707661
2001-06,35.73883161512028,0.47,1.7699999999999996,2.65,-0.3900000000000001,-0.42,3.5630841121495394,3.5630841121495394,0.430553991667626
2001-07,34.00673400673399,0.53,1.79,2.78,0.04999999999999982,-0.457,3.193960511033689,3.193960511033689,-0.5409792480024489
2001-08,34.00673400673399,0.53,1.7300000000000004,2.9,0.25,-0.496,2.7214823393167498,2.7214823393167498,-0.8777978046544455
2001-09,49.24242424242424,0.7,1.6099999999999999,3.42,0.77,-0.428,2.7214823393167498,2.7214823393167498,-0.6298043153810218
2001-10,56.851549755301804,0.83,2.0900000000000003,3.38,0.6000000000000001,-0.335,2.5921658986175045,2.5921658986175045,-0.8643299297495854
2001-11,33.18452380952381,1.13,2.41,3.1,0.20000000000000018,-0.379,2.127659574468077,2.127659574468077,-1.3226676117306102
2001-12,19.837157660991856,1.4,2.7800000000000002,2.85,-0.5699999999999998,-0.371,1.894374282433997,1.894374282433997,-1.549806240131324
2002-01,16.7977126518942,1.63,3.4,2.85,-0.5299999999999998,-0.367,1.603665521191311,1.603665521191311,-1.8323534361546434
2002-02,6.898861352980568,1.6,3.39,2.98,-0.1200000000000001,-0.459,1.1958997722095743,1.1958997722095743,-2.52530518939702
2002-03,8.92049127343244,1.5,3.1900000000000004,2.81,-0.040000000000000036,-0.489,1.1363636363636465,1.1363636363636465,-2.3930481283422456
2002-04,9.363057324840774,1.37,3.49,2.84,-0.010000000000000231,-0.5,1.3628620102214661,1.3628620102214661,-1.6195941301293981
2002-05,4.2038216560509545,1.4,3.5,2.98,0.0,-0.577,1.643990929705219,1.643990929705219,-1.5742653605229862
2002-06,0.5161290322580614,1.43,3.43,3.13,0.31999999999999984,-0.621,1.2408347433727984,1.2408347433727984,-2.322249368776741
2002-07,0.2597402597402487,1.4,3.2299999999999995,3.25,0.41000000000000014,-0.535,1.0692177827799743,1.0692177827799743,-2.1247427282537146
2002-08,2.5974025974025983,1.33,2.9700000000000006,3.32,0.33999999999999986,-0.436,1.465614430665152,1.465614430665152,-1.2558679086515978
2002-09,6.363636363636371,1.13,2.6399999999999997,3.76,0.6299999999999999,-0.386,1.747463359639223,1.747463359639223,-0.9740189796775267
2002-10,5.844155844155852,0.9,2.24,3.82,0.5699999999999998,-0.351,1.516002245929271,1.516002245929271,-1.0761636526882334
2002-11,1.0389610389610393,0.57,2.36,3.38,0.06000000000000005,-0.383,2.0270270270270174,2.0270270270270174,-0.10063254744105965
2002-12,7.597402597402603,0.43,2.82,3.48,-0.2799999999999998,-0.451,2.2535211267605604,2.2535211267605604,0.3591468443265633
2003-01,2.5974025974025983,0.3,2.8400000000000003,3.16,-0.6599999999999997,-0.468,2.4802705749718212,2.4802705749718212,0.8766050537805103
2003-02,6.7532467532467555,0.23,2.88,3.21,-0.16999999999999993,-0.521,2.757456387169399,2.757456387169399,1.5615566149598248
2003-03,10.45454545454545,0.2,2.73,3.04,-0.43999999999999995,-0.535,3.146067415730336,3.146067415730336,2.0097037793666894
2003-04,13.311688311688318,0.13,2.68,2.76,-0.40000000000000036,-0.585,3.025210084033625,3.025210084033625,1.6623480738121588
2003-05,9.870129870129873,0.13,2.83,2.85,-0.3599999999999999,-0.68,2.175125488008911,2.175125488008911,0.5311345583036919
2003-06,9.545454545454547,0.2,2.5,2.81,-0.22999999999999998,-0.709,1.8941504178273005,1.8941504178273005,0.6533156744545021
2003-07,6.8137573004542595,0.4,2.41,2.58,-0.17999999999999972,-0.71,1.948775055679297,1.948775055679297,0.8795572728993228
2003-08,2.8277634961439535,0.47,3.08,2.46,-0.3900000000000001,-0.708,2.055555555555544,2.055555555555544,0.5899411248903919
2003-09,1.6709511568123503,0.47,3.5,2.57,-0.2400000000000002,-0.666,2.216066481994461,2.216066481994461,0.4686031223552378
2003-10,0.0,0.37,3.3299999999999996,2.36,-0.2200000000000002,-0.678,2.378318584070782,2.378318584070782,0.8623163381415111
2003-11,0.0,0.3,3.37,2.33,-0.1299999999999999,-0.712,2.041942604856528,2.041942604856528,0.014915577829510696
2003-12,0.0,0.23,3.3699999999999997,2.34,-0.22999999999999998,-0.712,1.9283746556473913,1.9283746556473913,-0.3251464711131691
2004-01,2.26468506723283,0.03,3.3699999999999997,2.19,-0.16999999999999993,-0.72,2.0352035203520247,2.0352035203520247,-0.44506705461979656
2004-02,2.123142250530785,-0.1,3.2700000000000005,2.21,-0.1200000000000001,-0.783,2.026286966046009,2.026286966046009,-0.7311694211233899
2004-03,0.0,-0.1,3.15,2.29,-0.04999999999999982,-0.811,1.688453159041381,1.688453159041381,-1.457614256688955
2004-04,2.5018395879323085,0.0,2.89,2.05,-0.14000000000000012,-0.8,1.7400761283306032,1.7400761283306032,-1.2851339557030217
2004-05,1.1931394481730084,0.0,3.4099999999999997,2.03,-0.18000000000000016,-0.738,2.2925764192139875,2.2925764192139875,0.11745093120507644
2004-06,4.101416853094708,0.0,3.6999999999999997,2.09,-0.20000000000000018,-0.693,2.8977583378895444,2.8977583378895444,1.0036079200622439
2004-07,3.5794183445190253,-0.03,3.4600000000000004,2.1,0.050000000000000266,-0.684,3.1676679410158393,3.1676679410158393,1.2188928853365422
2004-08,1.6405667412378921,-0.03,3.17,2.19,0.16000000000000014,-0.693,2.939575394665228,2.939575394665228,0.8840198391096843
2004-09,0.5965697240865042,-0.07,2.8000000000000003,2.11,0.020000000000000018,-0.699,2.5474254742547275,2.5474254742547275,0.33135899226026666
2004-10,0.0,-0.07,2.48,2.09,-0.010000000000000231,-0.697,2.5391680172879516,2.5391680172879516,0.1608494332171695
2004-11,0.22865853658535773,0.0,2.34,1.95,-0.24,-0.704,3.1909140075716547,3.1909140075716547,1.1489714027151265
2004-12,0.0,0.0,2.1200000000000006,1.86,-0.24999999999999978,-0.714,3.621621621621607,3.621621621621607,1.6932469659742155
2005-01,4.611837048424294,0.0,2.0400000000000005,1.75,-0.33999999999999986,-0.695,3.3423180592991875,3.3423180592991875,1.3071145389471628
2005-02,0.0,-0.1,1.8899999999999997,1.59,-0.3599999999999999,-0.701,2.8448738593666034,2.8448738593666034,0.8185868933205942
2005-03,6.495589414595027,0.0,1.63,1.64,-0.2200000000000002,-0.708,3.0530262453133394,3.0530262453133394,1.3645730862719585
2005-04,2.7265437048917374,-0.07,1.7599999999999998,1.76,0.010000000000000009,-0.664,3.2068412613575736,3.2068412613575736,1.4667651330269704
2005-05,4.89174017642342,0.0,1.56,1.9,0.30999999999999983,-0.609,3.3617929562433257,3.3617929562433257,1.0692165370293383
2005-06,4.490777866880524,-0.1,1.2999999999999998,1.87,0.2300000000000002,-0.598,2.869287991498415,2.869287991498415,-0.028470346391129553
2005-07,3.8492381716118684,-0.07,1.0299999999999998,1.67,-0.09000000000000008,-0.602,2.541026998411855,2.541026998411855,-0.6266409426039843
2005-08,1.2830793905372895,-0.07,0.9599999999999995,1.77,-0.1299999999999999,-0.612,3.067160232681121,3.067160232681121,0.12758483801589282
2005-09,22.774659182036892,-0.07,0.8199999999999998,1.81,-0.06000000000000005,-0.597,3.6469344608879517,3.6469344608879517,1.0995089866332242
2005-10,10.425020048115474,0.03,0.7800000000000002,1.83,0.16000000000000014,-0.566,4.741833508956805,4.741833508956805,2.2026654916688537
2005-11,1.7642341619887647,0.03,0.75,1.89,0.11999999999999988,-0.582,4.350104821802936,4.350104821802936,1.1591908142312812
2005-12,1.122694466720131,0.07,0.6600000000000001,1.82,0.010000000000000009,-0.58,3.3385498174230532,3.3385498174230532,-0.2830718041985536
2006-01,0.0,-0.03,0.5799999999999996,1.78,-0.050000000000000044,-0.562,3.3385498174230532,3.3385498174230532,-0.0037682418761342262
2006-02,1.4834205933682343,-0.07,0.17999999999999972,1.65,-0.24,-0.602,4.018789144050117,4.018789144050117,1.1739152846835132
2006-03,5.322862129144856,-0.07,0.14000000000000057,1.69,-0.13000000000000012,-0.632,3.63825363825363,3.63825363825363,0.5852273929402907
2006-04,7.068062827225141,-0.07,0.20999999999999996,1.67,-0.1100000000000001,-0.627,3.4179181771103018,3.4179181771103018,0.21107691575272813
2006-05,16.143106457242574,0.0,0.39000000000000057,1.66,0.010000000000000009,-0.618,3.613835828600931,3.613835828600931,0.25204287235760514
2006-06,6.631762652705064,-0.07,0.39000000000000057,1.67,-0.020000000000000018,-0.581,3.9772727272727293,3.9772727272727293,1.1079847357743144
2006-07,11.518324607329845,-0.03,0.3200000000000003,1.68,0.010000000000000009,-0.528,4.1817243159525175,4.1817243159525175,1.6406973175406625
2006-08,9.685863874345557,0.03,0.13999999999999968,1.73,0.07000000000000006,-0.558,4.104669061056954,4.104669061056954,1.0375088283758327
2006-09,10.471204188481686,0.07,-0.08000000000000007,1.72,0.050000000000000044,-0.602,3.926568077511483,3.926568077511483,0.27963361662353137
2006-10,10.122164048865612,0.07,-0.08999999999999986,1.64,-0.040000000000000036,-0.605,2.012072434607637,2.012072434607637,-2.7297610743491685
2006-11,13.874345549738209,-0.07,-0.1899999999999995,1.64,-0.09000000000000008,-0.627,1.4063284781516971,1.4063284781516971,-2.9437763436512387
2006-12,12.827225130890053,-0.07,-0.34000000000000075,1.64,-0.08000000000000007,-0.626,1.9687026754164672,1.9687026754164672,-1.369847142006586
2007-01,10.732984293193715,-0.03,-0.29000000000000004,1.57,-0.06999999999999984,-0.632,2.5239777889954462,2.5239777889954462,-0.814572028427607
2007-02,9.778911564625847,0.07,-0.22000000000000064,1.6,-0.039999999999999813,-0.678,2.075765178123423,2.075765178123423,-1.9430239659266935
2007-03,3.6317567567567544,0.07,-0.3100000000000005,1.75,0.1100000000000001,-0.661,2.420260782347028,2.420260782347028,-1.2179928559066022
2007-04,4.828150572831413,0.03,-0.3800000000000008,1.68,0.10999999999999988,-0.605,2.798197295943927,2.798197295943927,-0.6197208811663746
2007-05,0.7450331125827825,0.0,-0.17999999999999972,1.6,0.0,-0.586,2.5929247633283525,2.5929247633283525,-1.0209110652725784
2007-06,4.552980132450335,0.0,0.019999999999999574,1.59,-0.15999999999999992,-0.551,2.709885742672613,2.709885742672613,-1.2673869846001162
2007-07,3.7251655629139124,0.03,0.4899999999999993,1.85,0.17000000000000015,-0.522,2.692765113974227,2.692765113974227,-1.4889592019782905
2007-08,5.96026490066226,0.07,0.17999999999999972,2.05,0.44999999999999973,-0.289,2.3178905864958077,2.3178905864958077,-1.786778474561146
2007-09,3.7251655629139124,0.1,0.46999999999999975,2.0,0.4099999999999999,0.207,1.897448478900876,1.897448478900876,-2.029119598610607
2007-10,8.692052980132448,0.17,0.6299999999999994,1.99,0.1399999999999999,0.079,2.8338264299802685,2.8338264299802685,0.8217539953726316
2007-11,11.258278145695355,0.2,0.6300000000000003,2.47,0.4200000000000004,0.001,3.610698365527476,3.610698365527476,2.204369887375779
2007-12,15.64569536423841,0.23,0.8800000000000003,2.52,0.52,0.483,4.373267326732666,4.373267326732666,2.404564651316199
2008-01,12.16887417218544,0.4,1.0999999999999996,2.96,0.97,0.525,4.108813392417532,4.108813392417532,1.5848356034220856
2008-02,14.817880794701988,0.4,0.9900000000000002,3.22,0.75,0.415,4.294695655165981,4.294695655165981,2.2189304770425577
2008-03,21.85430463576159,0.43,1.62,3.45,0.9300000000000002,0.792,4.142959270611968,4.142959270611968,1.7226984882649399
2008-04,19.03973509933774,0.47,2.25,3.1,0.14000000000000012,0.951,3.9749035501344343,3.9749035501344343,1.1767062541905071
2008-05,17.59036144578314,0.5,2.39,3.0,-0.2200000000000002,0.655,3.9037609759888126,3.9037609759888126,1.31083621266046
2008-06,23.13253012048193,0.73,2.15,3.05,-0.40000000000000036,0.509,4.088413823123993,4.088413823123993,1.37852808045138
2008-07,27.87148594377511,0.8,2.2399999999999993,3.22,0.1200000000000001,0.717,4.935966105947864,4.935966105947864,2.2432009919736373
2008-08,37.58012820512822,0.97,2.38,3.29,0.29000000000000004,0.718,5.497512078341837,5.497512078341837,3.1796214918460297
2008-09,48.71794871794872,1.1,2.17,4.0,0.9500000000000002,0.846,5.308017162091239,5.308017162091239,3.4105686831903625
2008-10,44.015151515151516,1.27,2.56,5.53,2.31,1.799,4.953319875136075,4.953319875136075,2.1194934451558067
2008-11,56.33802816901407,1.5,3.14,6.1,2.8099999999999996,2.801,3.7310578899565128,3.7310578899565128,0.12035952442903675
2008-12,67.23498888065234,1.7,3.34,5.82,1.8200000000000003,3.081,1.0999174706166848,1.0999174706166848,-3.2733498561159813
2009-01,70.67342505430847,2.07,2.39,5.38,-0.15000000000000036,2.726,-0.02222800255385904,-0.02222800255385904,-4.1310413949713904
2009-02,85.85858585858585,2.37,2.39,5.22,-0.8799999999999999,2.146,-0.11358601902212717,-0.11358601902212717,-4.408281674188109
2009-03,83.3796940194715,2.77,2.5700000000000003,5.74,-0.08000000000000007,2.147,0.008463140671510772,0.008463140671510772,-4.134496129940457
2009-04,72.69601100412655,3.13,2.61,5.08,-0.2999999999999998,1.935,-0.4464787676623838,-0.4464787676623838,-4.421382317796818
2009-05,66.08108108108108,3.53,2.77,4.29,-0.9299999999999997,1.387,-0.5763244243767063,-0.5763244243767063,-4.480085400365519
2009-06,57.22733245729303,3.73,3.11,3.64,-2.1,0.883,-1.015761495855172,-1.015761495855172,-5.1041753189791645
2009-07,35.76992210904733,3.9,3.54,3.11,-1.9700000000000002,0.732,-1.2291746182109153,-1.2291746182109153,-6.16514072415878
2009-08,29.6875,3.8,3.38,2.98,-1.31,0.424,-1.9587610037622771,-1.9587610037622771,-7.456273082104115
2009-09,15.445440168687409,3.67,3.42,2.86,-0.7800000000000002,0.237,-1.4838355663267633,-1.4838355663267633,-6.791852728418002
2009-10,6.836734693877555,3.57,3.28,2.86,-0.25,0.11,-1.377942862886472,-1.377942862886472,-6.331262738022547
2009-11,0.0,3.57,3.3200000000000003,2.99,0.010000000000000231,0.028,-0.22396829420033848,-0.22396829420033848,-3.9550261841568513
2009-12,0.0,3.47,3.35,2.54,-0.31999999999999984,-0.025,1.9145871744709275,1.9145871744709275,0.8146697038542428
2010-01,3.7927350427350515,3.07,3.54,2.57,-0.29000000000000004,-0.142,2.8141231232083674,2.8141231232083674,2.8363511257622265
2010-02,3.7927350427350515,2.57,3.67,2.62,-0.3700000000000001,-0.193,2.6211113889767157,2.6211113889767157,2.734697407998843
2010-03,0.48076923076922906,2.03,3.58,2.47,-0.06999999999999984,-0.238,2.151336357866529,2.151336357866529,2.142873217195018
2010-04,0.21367521367521292,1.53,3.58,2.38,-0.18999999999999995,-0.41,2.2861714393279886,2.2861714393279886,2.7326502069903724
2010-05,1.4285714285714235,1.2,3.69,2.89,0.27,-0.344,2.2067707525304403,2.2067707525304403,2.7830951769071466
2010-06,1.2087912087912045,0.8,3.26,3.08,0.6099999999999999,-0.065,2.003548929218568,2.003548929218568,3.01931042507374
2010-07,1.8242122719734688,0.43,3.08,2.91,0.5300000000000002,-0.065,1.1215605940686268,1.1215605940686268,2.350735212279542
2010-08,5.030403537866235,0.13,2.8499999999999996,3.01,0.11999999999999966,-0.239,1.3407784804821077,1.3407784804821077,3.299539484244385
2010-09,0.27639579878386833,0.0,2.54,3.05,-0.03000000000000025,-0.263,1.1501775395112546,1.1501775395112546,2.634013105838018
2010-10,0.39303761931499537,0.03,2.5,3.15,0.23999999999999977,-0.325,1.1183122472331775,1.1183122472331775,2.4962551101196495
2010-11,0.0,0.07,2.41,3.03,0.020000000000000018,-0.426,1.1666951489314625,1.1666951489314625,1.390663443131801
2010-12,0.0,0.13,2.6199999999999997,2.68,-0.36999999999999966,-0.443,1.084544776600338,1.084544776600338,-0.8300423978705895
2011-01,3.3013205282112823,0.1,3.15,2.68,-0.46999999999999975,-0.516,1.437793022217937,1.437793022217937,-1.3763301009904305
2011-02,0.0,-0.13,3.24,2.57,-0.45999999999999996,-0.587,1.7007834915029774,1.7007834915029774,-0.9203278974737383
2011-03,1.6906700062617297,-0.3,3.45,2.58,-0.10000000000000009,-0.567,2.124898173333145,2.124898173333145,-0.02643818453338387
2011-04,6.950532247964936,-0.2,3.31,2.58,-0.10000000000000009,-0.543,2.619241510354109,2.619241510354109,0.3330700710261203
2011-05,5.823418910457101,0.0,3.4,2.65,0.08000000000000007,-0.594,3.0772344447868694,3.0772344447868694,0.8704636922564291
2011-06,4.758922980588598,0.07,3.13,2.72,0.14000000000000012,-0.556,3.4589718808964998,3.4589718808964998,1.4554229516779316
2011-07,3.0056355666875367,0.2,2.96,2.77,0.18999999999999995,-0.514,3.5023181506360412,3.5023181506360412,2.3807575565674144
2011-08,2.5673137132122825,0.23,2.96,3.25,0.6000000000000001,-0.389,3.5798809769996165,3.5798809769996165,2.239102496517509
2011-09,4.633688165309957,0.23,2.28,3.3,0.5799999999999996,-0.134,3.75499603070808,3.75499603070808,2.6048184911968253
2011-10,0.6261740763932266,0.2,1.97,3.02,0.25,-0.035,3.812621692818685,3.812621692818685,2.6943094455855077
2011-11,0.0,0.17,2.13,3.24,-0.009999999999999787,-0.1,3.5222681306640524,3.5222681306640524,2.35557298173259
2011-12,0.0,0.0,1.9999999999999998,3.27,-0.029999999999999805,-0.07,3.451432214581729,3.451432214581729,2.366887437981391
2012-01,0.8678237650200371,-0.17,1.97,3.24,0.2200000000000002,-0.146,3.062066838419386,3.062066838419386,1.6242738162014492
2012-02,0.0,-0.2,1.94,3.1,-0.14000000000000012,-0.32,3.0087663379855023,3.0087663379855023,1.307982846482525
2012-03,0.34411562284928365,-0.13,1.88,3.07,-0.20000000000000018,-0.404,2.8981784423473878,2.8981784423473878,0.7732802690142426
2012-04,5.092911218169305,-0.1,2.09,3.2,-0.040000000000000036,-0.432,2.5828752813320977,2.5828752813320977,-0.036366229022011254
2012-05,2.821748107364064,-0.07,1.9699999999999998,3.4,0.2999999999999998,-0.375,2.2731633741348567,2.2731633741348567,-0.8040710706520127
2012-06,4.54232622161046,-0.03,1.71,3.39,0.3200000000000003,-0.259,1.7379429374660749,1.7379429374660749,-1.721028943430425
2012-07,2.5464556090846635,0.0,1.53,3.27,0.06999999999999984,-0.273,1.653870448297634,1.653870448297634,-1.8484477023384072
2012-08,2.752924982794225,0.07,1.43,3.21,-0.18999999999999995,-0.365,1.4175114798464783,1.4175114798464783,-2.162369497153138
2012-09,5.849965588437711,0.03,1.5799999999999998,3.07,-0.3200000000000003,-0.459,1.6859349154821235,1.6859349154821235,-2.0690611152259564
2012-10,1.4452856159669736,-0.1,1.6099999999999999,2.73,-0.54,-0.526,1.9497168982819613,1.9497168982819613,-1.8629047945367239
2012-11,10.461114934618031,-0.13,1.65,2.95,-0.2599999999999998,-0.548,2.1556780595369363,2.1556780595369363,-1.3665900711271162
2012-12,0.0,-0.13,1.5599999999999998,2.85,-0.21999999999999975,-0.554,1.7960197033926262,1.7960197033926262,-1.6554125111891027
2013-01,0.28409090909091717,0.0,1.65,2.82,0.08999999999999986,-0.598,1.7595049796895523,1.7595049796895523,-1.3025618587298338
2013-02,0.28409090909091717,0.0,1.8399999999999999,2.89,-0.06000000000000005,-0.641,1.684061762098299,1.684061762098299,-1.3247045758872034
2013-03,3.7280701754385914,-0.03,1.88,2.96,0.10999999999999988,-0.648,2.0181404902574807,2.0181404902574807,-0.8800379520899071
2013-04,1.5350877192982448,-0.07,1.8699999999999999,2.83,0.010000000000000231,-0.661,1.5187472411246183,1.5187472411246183,-1.0641280402074793
2013-05,1.904761904761898,-0.13,1.7,2.79,-0.10000000000000009,-0.702,1.138808047576867,1.138808047576867,-1.1343553265579898
2013-06,0.879120879120876,-0.03,1.89,2.83,-0.1299999999999999,-0.688,1.3903888279197085,1.3903888279197085,-0.34755410954636634
2013-07,1.391941391941387,0.0,2.25,2.68,-0.1499999999999999,-0.627,1.7157935271568725,1.7157935271568725,0.06192307885923842
2013-08,0.0,-0.03,2.54,2.56,-0.22999999999999998,-0.658,1.885471805415806,1.885471805415806,0.46796032556932765
2013-09,0.0,-0.1,2.7,2.75,-0.08000000000000007,-0.662,1.538809488600279,1.538809488600279,-0.1471254268818445
2013-10,14.171974522292995,-0.13,2.79,2.65,-0.03000000000000025,-0.674,1.0947341081747997,1.0947341081747997,-0.8549827901071616
2013-11,3.423566878980888,-0.03,2.5700000000000003,2.61,0.04999999999999982,-0.723,0.8767991434911471,0.8767991434911471,-1.2788789160457892
2013-12,10.191082802547768,-0.1,2.6500000000000004,2.33,-0.41999999999999993,-0.767,1.2328701961954458,1.2328701961954458,-0.5631495071971804
2014-01,4.060509554140124,-0.17,2.83,2.4,-0.25,-0.776,1.5128383667573297,1.5128383667573297,-0.24666661293222258
2014-02,6.76751592356688,-0.2,2.82,2.35,-0.2599999999999998,-0.761,1.557758795574915,1.557758795574915,-0.1263029665233839
2014-03,2.3885350318471277,-0.1,2.66,2.26,-0.07000000000000028,-0.774,1.1204746347724948,1.1204746347724948,-0.8976658554849859
2014-04,2.7866242038216527,0.0,2.6700000000000004,2.16,-0.23999999999999977,-0.774,1.6126949139408042,1.6126949139408042,0.09394767281618588
2014-05,0.0,-0.1,2.68,2.22,-0.1299999999999999,-0.766,2.015125303606169,2.015125303606169,0.876317256029302
2014-06,0.8038585209003246,-0.13,2.5300000000000002,2.18,-0.07999999999999963,-0.787,2.166947687079812,2.166947687079812,0.7765588591601036
2014-07,0.0,-0.2,2.56,2.17,0.009999999999999787,-0.78,2.0589816945944195,2.0589816945944195,0.343188167437547
2014-08,1.2499999999999956,-0.03,2.5100000000000002,2.23,0.009999999999999787,-0.737,1.9742378703305974,1.9742378703305974,0.08876606491479144
2014-09,0.0,-0.07,2.39,2.29,0.10999999999999988,-0.72,1.7150983482969062,1.7150983482969062,0.17628885969662722
2014-10,0.08665511265164572,-0.07,2.51,2.39,0.2200000000000002,-0.671,1.6840509711232077,1.6840509711232077,0.589316862948408
2014-11,3.1523642732049106,-0.13,2.28,2.52,0.29000000000000004,-0.642,1.6095417021513292,1.6095417021513292,0.7327425586601821
2014-12,0.0,-0.1,2.31,2.51,0.21999999999999975,-0.648,1.231524989320798,1.231524989320798,-0.0013452068746477863
2015-01,0.5272407732864748,-0.1,2.18,2.61,0.21999999999999975,-0.571,0.6531213919623191,0.6531213919623191,-0.8597169747950106
2015-02,7.1111111111111125,0.0,1.8499999999999999,2.46,-0.06000000000000005,-0.504,-0.22993097820542818,-0.22993097820542818,-1.7876897737803432
2015-03,0.9777777777777885,-0.1,1.96,2.55,0.040000000000000036,-0.523,-0.08703146293520536,-0.08703146293520536,-1.2075060977077001
2015-04,1.6888888888888953,-0.03,2.0100000000000002,2.6,-0.009999999999999787,-0.537,-0.022031284423873476,-0.022031284423873476,-1.6347261983646777
2015-05,1.846722068328721,-0.1,1.92,2.72,0.26000000000000023,-0.543,-0.10403098939391064,-0.10403098939391064,-2.1191562930000796
2015-06,1.1080332409972193,0.0,2.18,2.83,0.28000000000000025,-0.545,0.03503321824429584,0.03503321824429584,-2.1319144688355163
2015-07,2.5854108956602007,-0.07,2.34,2.94,0.33999999999999986,-0.538,0.1795718097550525,0.1795718097550525,-1.879409884839367
2015-08,2.5974025974025983,-0.03,2.29,3.15,0.4299999999999997,-0.498,0.22568611104094582,0.22568611104094582,-1.7485517592896516
2015-09,0.0,-0.13,2.1,3.29,0.45999999999999996,-0.416,0.2413037985344868,0.2413037985344868,-1.4737945497624194
2015-10,0.7547169811320753,-0.07,2.15,3.19,0.25,-0.403,0.008842961634170088,0.008842961634170088,-1.6752080094890376
2015-11,1.3207547169811429,-0.1,2.05,3.2,0.050000000000000266,-0.464,0.12761656067050708,0.12761656067050708,-1.481925141480822
2015-12,2.264150943396226,-0.03,2.1399999999999997,3.23,-0.06000000000000005,-0.442,0.4363182169185187,0.4363182169185187,-0.7952067724022793
2016-01,6.132075471698117,-0.03,2.0100000000000002,3.48,0.29000000000000004,-0.36,0.6387247515364791,0.6387247515364791,-0.01439664042583999
2016-02,0.6603773584905603,-0.03,1.8299999999999998,3.55,0.34999999999999964,-0.297,1.2375025026943876,1.2375025026943876,1.4674334808998157
2016-03,0.19029495718363432,-0.03,1.47,3.12,-0.10999999999999988,-0.315,0.8472775790126619,0.8472775790126619,0.9343090419478672
2016-04,0.570884871550903,0.0,1.5999999999999999,2.86,-0.6200000000000001,-0.368,0.8916160965521946,0.8916160965521946,0.9136473809760681
2016-05,4.4719314938154175,0.03,1.58,2.84,-0.71,-0.383,1.1726257503534843,1.1726257503534843,1.276656739747395
2016-06,0.9514747859181716,-0.03,1.54,2.92,-0.20000000000000018,-0.372,1.0784764621246223,1.0784764621246223,1.0434432438803265
2016-07,1.263362487852282,-0.03,1.3699999999999999,2.71,-0.1499999999999999,-0.345,1.0792865347959424,1.0792865347959424,0.8997147250408899
2016-08,2.4295432458697697,-0.03,1.2,2.61,-0.22999999999999998,-0.356,0.8683633430518256,0.8683633430518256,0.6426772320108798
2016-09,0.0,0.07,1.26,2.69,-0.22999999999999998,-0.351,1.0553158595656864,1.0553158595656864,0.8140120610311996
2016-10,4.233870967741926,0.1,1.3399999999999999,2.61,-0.10000000000000009,-0.336,1.5486446201652182,1.5486446201652182,1.5398016585310481
2016-11,0.0,0.1,1.43,2.45,-0.1599999999999997,-0.377,1.685924966243646,1.685924966243646,1.5583084055731389
2016-12,3.2619775739041845,0.0,1.6900000000000002,2.28,-0.41000000000000014,-0.427,1.6843334719788938,1.6843334719788938,1.2480152550603751
2017-01,0.0,-0.07,1.9800000000000002,2.23,-0.3799999999999999,-0.464,2.0507989115119862,2.0507989115119862,1.4120741599755071
2017-02,0.0,0.0,1.9200000000000002,2.19,-0.26000000000000023,-0.484,2.5103933482571117,2.5103933482571117,1.2728908455627241
2017-03,1.6304347826086918,0.03,1.9,2.24,-0.03999999999999959,-0.485,2.8103616813294208,2.8103616813294208,1.963084102316759
2017-04,1.9889502762430844,-0.03,1.74,2.28,0.04999999999999982,-0.478,2.44119623655914,2.44119623655914,1.5495801400069453
2017-05,5.6353591160221095,-0.13,1.4999999999999998,2.23,0.040000000000000036,-0.505,2.176223471915395,2.176223471915395,1.0035977215619107
2017-06,9.613259668508277,-0.13,1.4099999999999997,2.09,-0.15000000000000036,-0.544,1.8563431667619756,1.8563431667619756,0.7778667046373533
2017-07,10.276243093922655,-0.03,1.21,2.06,-0.21999999999999975,-0.568,1.640565809959127,1.640565809959127,0.5612792751631845
2017-08,9.502762430939216,-0.03,1.2499999999999998,2.14,-0.08999999999999986,-0.575,1.7251073506566073,1.7251073506566073,0.8567440076047816
2017-09,17.67955801104972,0.03,1.2,2.0,-0.08999999999999986,-0.558,1.92812155729698,1.92812155729698,0.8728056977312937
2017-10,7.07182320441988,-0.03,1.1700000000000002,1.91,-0.15000000000000013,-0.568,2.1805652303711787,2.1805652303711787,0.6319206102059605
2017-11,9.502762430939216,-0.07,1.2899999999999998,1.88,-0.26000000000000023,-0.594,2.020757753132485,2.020757753132485,0.334832786888839
2017-12,7.4033149171270685,-0.1,1.12,1.77,-0.22999999999999998,-0.602,2.172493864295566,2.172493864295566,0.4881603923166722
2018-01,3.977900552486191,-0.03,1.0799999999999998,1.56,-0.34999999999999987,-0.615,2.129930719552253,2.129930719552253,0.07913180804026698
2018-02,0.0,0.0,1.1700000000000002,1.68,-0.19999999999999996,-0.605,2.151318868063945,2.151318868063945,-0.3590744801931667
2018-03,1.9230769230769162,0.0,1.2899999999999998,1.85,0.08000000000000007,-0.543,2.263468931091861,2.263468931091861,-0.5468927502375598
2018-04,0.2262443438914019,0.0,1.14,1.79,0.22999999999999998,-0.496,2.3309497646499366,2.3309497646499366,-0.11024647190920334
2018-05,4.240282685512375,-0.07,1.11,1.89,0.20999999999999996,-0.538,2.4709963021052994,2.4709963021052994,0.2947728301899044
2018-06,4.829210836277964,-0.1,1.1199999999999999,1.99,0.1399999999999999,-0.564,2.781921607842497,2.781921607842497,0.9255784410805212
2018-07,0.0,-0.03,1.0100000000000002,1.83,0.040000000000000036,-0.538,2.8075506935940187,2.8075506935940187,1.1669848836348917
2018-08,0.48192771084336616,0.0,0.9300000000000002,1.92,0.030000000000000027,-0.561,2.854124785561929,2.854124785561929,1.1290174349053217
2018-09,1.1029411764705843,0.03,0.8600000000000003,1.84,-0.1499999999999999,-0.597,2.6429238568742575,2.6429238568742575,0.7148022995772774
2018-10,4.4117647058823595,-0.07,0.8700000000000001,2.03,0.19999999999999973,-0.592,2.332055105808828,2.332055105808828,0.15148987543764925
2018-11,10.416666666666675,-0.07,0.8999999999999999,2.27,0.3500000000000001,-0.551,2.492032470218053,2.492032470218053,0.471274717085568
2018-12,9.191176470588225,-0.07,0.79,2.45,0.6100000000000001,-0.46,2.147328577667773,2.147328577667773,-0.025165286627792938
2019-01,9.191176470588225,0.07,0.45999999999999996,2.38,0.3500000000000001,-0.426,2.0023809043401064,2.0023809043401064,-0.1275498152121468
2019-02,9.068627450980383,0.13,0.33999999999999986,2.22,-0.04999999999999982,-0.506,1.4875893578291333,1.4875893578291333,-0.6637295102348117
2019-03,3.308823529411775,0.17,0.29000000000000004,2.26,-0.1900000000000004,-0.58,1.5188615351321877,1.5188615351321877,-0.7446073959596733
2019-04,4.094292803970223,0.13,0.16999999999999993,2.14,-0.23999999999999977,-0.605,1.8831863513063984,1.8831863513063984,-0.4477634133435382
2019-05,8.436724565756816,0.0,0.1499999999999999,2.37,0.1499999999999999,-0.613,2.000583470209061,2.000583470209061,-0.4704128318962386
2019-06,12.0347394540943,-0.07,0.04999999999999982,2.31,0.050000000000000266,-0.58,1.7959105553606136,1.7959105553606136,-0.9860110524818833
2019-07,3.473945409429291,-0.03,-0.10000000000000009,2.13,-0.010000000000000231,-0.574,1.671194894390049,1.671194894390049,-1.1363557992039697
2019-08,5.086848635235741,0.03,-0.040000000000000036,2.26,-0.11000000000000032,-0.576,1.826331335037068,1.826331335037068,-1.027793450524861
2019-09,3.970223325062028,0.07,-0.32000000000000006,2.2,-0.10999999999999988,-0.526,1.7376412106666406,1.7376412106666406,-0.9052826462076169
2019-10,5.33498759305211,0.0,-0.18999999999999995,2.18,0.050000000000000266,-0.51,1.6844977040391562,1.6844977040391562,-0.6475574017696717
2019-11,12.655086848635232,-0.03,0.06000000000000005,2.08,-0.17999999999999972,-0.549,1.7339736996186295,1.7339736996186295,-0.7580587705994235
2019-12,17.121588089330018,-0.07,0.27,1.98,-0.2200000000000002,-0.569,2.092290394862917,2.092290394862917,-0.055038182804856284
2020-01,6.94789081885856,0.0,0.32000000000000006,2.13,-0.050000000000000266,-0.553,2.3195274699624457,2.3195274699624457,0.31714656562233934
2020-02,4.714640198511155,0.0,0.24,2.38,0.2999999999999998,-0.62,2.599767976845202,2.599767976845202,1.1121786190160687
2020-03,1058.9330024813896,0.0,-0.020000000000000018,3.93,1.9500000000000002,-0.295,2.3413166797595197,2.3413166797595197,0.822455144627332
2020-04,2155.501813784764,0.3,0.5800000000000001,3.23,1.1,0.267,1.4940399642909163,1.4940399642909163,-0.3891463870154821
2020-05,875.9371221281741,4.0,0.52,3.08,0.7000000000000002,0.159,0.3130472940411133,0.3130472940411133,-1.6875361761679475
2020-06,620.7980652962515,7.27,0.54,2.93,-1.0,-0.269,0.1982013035848551,0.1982013035848551,-1.5977092517757585
2020-07,569.1656590084643,9.5,0.57,2.6,-0.6299999999999999,-0.385,0.7166562831830481,0.7166562831830481,-0.9545386112070009
2020-08,330.91787439613523,8.0,0.49,2.67,-0.41000000000000014,-0.475,0.9968647625897997,0.9968647625897997,-0.8294665724472683
2020-09,311.47342995169083,6.37,0.55,2.75,-0.18000000000000016,-0.507,1.2810698495523853,1.2810698495523853,-0.4565713611142552
2020-10,285.50724637681157,5.3,0.5700000000000001,2.61,0.009999999999999787,-0.492,1.3910228912373812,1.3910228912373812,-0.293474812801775
2020-11,262.92270531400965,4.2,0.6900000000000001,2.29,-0.3799999999999999,-0.507,1.2303863428671624,1.2303863428671624,-0.503587356751467
2020-12,304.2270531400966,3.63,0.78,2.18,-0.5699999999999998,-0.567,1.1757452138405844,1.1757452138405844,-0.9165451810223324
2021-01,302.8985507246377,3.23,0.8400000000000001,2.17,-0.43999999999999995,-0.604,1.3204191315779434,1.3204191315779434,-0.9991083383845023
2021-02,255.2941176470588,3.03,1.0,2.12,-0.16999999999999993,-0.618,1.3738437137002402,1.3738437137002402,-1.2259242631449618
2021-03,0.0,2.87,1.22,2.03,-0.15000000000000036,-0.627,1.6698167791706853,1.6698167791706853,-0.6714999005888345
2021-04,0.0,2.33,1.58,1.96,-0.20999999999999996,-0.648,2.6678187820641908,2.6678187820641908,1.1737788177732744
2021-05,0.0,-0.07,1.6199999999999999,1.99,-0.13000000000000012,-0.682,4.133077115360573,4.133077115360573,3.8200298213194595
2021-06,0.0,-0.13,1.6,1.87,-0.1599999999999997,-0.694,4.918257089467626,4.918257089467626,4.720055785882771
2021-07,1.3708019191226883,-0.03,1.48,1.95,-0.010000000000000009,-0.687,5.295632620349999,5.295632620349999,4.578976337166951
2021-08,0.0,-0.23,1.27,1.94,-0.050000000000000044,-0.656,5.245169381309234,5.245169381309234,4.248304618719434
2021-09,2.2334293948126804,-0.2,1.23,1.85,-0.020000000000000018,-0.647,5.152015301793966,5.152015301793966,3.870945452241581
2021-10,0.0,-0.37,1.33,1.69,-0.26,-0.654,5.351215590949132,5.351215590949132,3.960192699711751
2021-11,0.0,-0.27,1.53,1.81,-0.1299999999999999,-0.622,6.235042390298062,6.235042390298062,5.0046560474309
2021-12,0.0,-0.33,1.51,1.85,0.0,-0.552,6.901970403700863,6.901970403700863,5.726225189860279
2022-01,11.791907514450873,-0.27,1.41,1.93,0.24,-0.557,7.174340285065539,7.174340285065539,5.853921153487596
2022-02,1.2716763005780285,-0.2,1.61,2.34,0.5299999999999998,-0.542,7.558805726967832,7.558805726967832,6.184962013267592
2022-03,0.7025761124121788,-0.13,1.5999999999999999,1.93,0.07999999999999985,-0.439,7.937278766517819,7.937278766517819,6.267461987347134
2022-04,0.47225501770955525,-0.1,1.69,2.05,0.11999999999999988,-0.373,8.572204966013853,8.572204966013853,5.904386183949662
2022-05,0.0,-0.13,1.99,2.18,-0.1599999999999997,-0.336,8.231750770777225,8.231750770777225,4.098673655416652
2022-06,1.918465227817756,-0.07,1.92,2.31,0.3800000000000001,-0.259,8.538171195642065,8.538171195642065,3.6199141061744387
2022-07,5.155875299760182,0.0,1.6500000000000001,2.36,0.31000000000000005,-0.172,8.979361103105798,8.979361103105798,3.6837284827557992
2022-08,3.83693045563549,-0.03,0.6699999999999999,2.18,0.0,-0.219,8.462576727730099,8.462576727730099,3.217407346420865
2022-09,0.0,0.03,0.27,2.24,-0.06999999999999984,-0.225,8.222579178218826,8.222579178218826,3.0705638764248597
2022-10,2.5316455696202445,0.0,0.3900000000000001,2.28,-0.08000000000000007,-0.107,8.192106896425821,8.192106896425821,2.8408913054766893
2022-11,6.708860759493662,0.07,0.2599999999999998,2.15,-0.03000000000000025,-0.125,7.758813957693,7.758813957693,1.5237715673949381
2022-12,5.316455696202538,0.07,-0.26000000000000023,1.99,-0.2500000000000002,-0.18,7.122856456533988,7.122856456533988,0.22088605283312468
2023-01,3.544303797468351,0.03,-0.6299999999999999,1.9,-0.3799999999999999,-0.223,6.404600402357152,6.404600402357152,-0.7697398827083868
2023-02,8.734177215189876,-0.07,-1.0100000000000002,1.9,-0.25,-0.307,6.327178517960097,6.327178517960097,-1.2316272090077351
2023-03,15.949367088607591,0.0,-0.9000000000000004,2.11,0.11999999999999988,-0.27,5.957820738137087,5.957820738137087,-1.9794580283807317
2023-04,9.493670886075956,0.0,-1.0300000000000002,2.08,0.18000000000000016,-0.152,4.917719362889961,4.917719362889961,-3.6544856031238924
2023-05,14.430379746835452,0.0,-1.46,2.16,0.26000000000000023,-0.19,4.950079879124369,4.950079879124369,-3.2816708916528556
2023-06,26.96202531645571,0.03,-1.5699999999999998,1.88,-0.22999999999999998,-0.213,4.131851231385042,4.131851231385042,-4.4063199642570225
2023-07,17.46835443037975,0.07,-1.4100000000000001,1.77,-0.31000000000000005,-0.228,3.070617072997095,3.070617072997095,-5.9087440301087035
2023-08,24.0506329113924,0.1,-1.35,1.83,-0.33000000000000007,-0.28,3.287749268428297,3.287749268428297,-5.1748274593018015
2023-09,8.635794743429281,0.13,-1.13,1.78,-0.09999999999999987,-0.334,3.722504803505289,3.722504803505289,-4.500074374713537
2023-10,4.213135068153662,0.2,-0.9400000000000004,1.85,0.08000000000000007,-0.313,3.687206638119256,3.687206638119256,-4.504900258306566
2023-11,6.601466992665039,0.33,-0.54,1.67,-0.16000000000000014,-0.286,3.2512659098611785,3.2512659098611785,-4.507548047831822
2023-12,0.7334963325183352,0.3,-0.7699999999999996,1.61,-0.16999999999999993,-0.321,3.1333462745911866,3.1333462745911866,-3.9895101819428014
2024-01,4.702970297029707,0.23,-1.2200000000000006,1.61,-0.24,-0.366,3.3159099427102934,3.3159099427102934,-3.088690459646859
2024-02,3.960396039603964,0.2,-1.1600000000000001,1.55,-0.11999999999999988,-0.396,3.0883429864855705,3.0883429864855705,-3.2388355314745265
2024-03,6.806930693069302,0.27,-1.0300000000000002,1.5,-0.1100000000000001,-0.426,3.157074141648697,3.157074141648697,-2.8007465964883904
2024-04,4.084158415841577,0.3,-1.0300000000000002,1.44,-0.17000000000000015,-0.431,3.4868349120836584,3.4868349120836584,-1.4308844508063023
2024-05,9.90099009900991,0.37,-0.7000000000000002,1.46,-0.09000000000000008,-0.412,3.3607951262196734,3.3607951262196734,-1.589284752904696
2024-06,17.202970297029708,0.37,-0.7699999999999996,1.55,0.050000000000000044,-0.407,3.244278584003113,3.244278584003113,-0.887572647381929
2024-07,17.450495049504955,0.43,-0.9300000000000006,1.68,0.24,-0.379,2.9702579486470926,2.9702579486470926,-0.10035912435000238
2024-08,13.737623762376238,0.53,-0.9500000000000002,1.69,0.22999999999999998,-0.359,2.9414757935583014,2.9414757935583014,-0.3462734748699958
2024-09,11.138613861386148,0.57,-1.1799999999999997,1.63,0.07999999999999985,-0.39,2.607144490692037,2.607144490692037,-1.1153603128132517
2024-10,16.955445544554458,0.5,-0.9999999999999996,1.46,-0.21999999999999997,-0.426,2.4264830315416708,2.4264830315416708,-1.260723606577585
2024-11,8.29207920792079,0.43,-0.41000000000000014,1.44,-0.25,-0.444,2.578844053871343,2.578844053871343,-0.6724218559898354
2024-12,10.272277227722771,0.43,-0.05999999999999961,1.42,-0.20999999999999996,-0.474,2.719472461284833,2.719472461284833,-0.41387381330635353
2025-01,2.3809523809523725,0.4,0.1200000000000001,1.45,-0.010000000000000009,-0.483,2.870690967509981,2.870690967509981,-0.4452189752003122
2025-02,7.14285714285714,0.37,0.41999999999999993,1.57,0.13000000000000012,-0.507,2.9909783078999608,2.9909783078999608,-0.09736467858560971
2025-03,5.945303210463737,0.27,0.23000000000000043,1.76,0.3400000000000001,-0.479,2.8015834477613355,2.8015834477613355,-0.35549069388736143
2025-04,5.490654205607481,0.27,0.08000000000000007,1.96,0.51,-0.408,2.381981462805549,2.381981462805549,-1.1048534492781092
2025-05,8.761682242990654,0.27,0.07000000000000028,1.84,0.27,-0.39,2.32538823025783,2.32538823025783,-1.0354068959618434
2025-06,11.682242990654213,0.27,0.16999999999999993,1.75,-0.010000000000000009,-0.465,2.3772651073680873,2.3772651073680873,-0.8670134766350257
2025-07,3.5046728971962704,0.17,0.14999999999999947,1.67,-0.29000000000000004,-0.495,2.680453865910226,2.680453865910226,-0.2898040827368664
2025-08,7.710280373831768,0.1,0.13999999999999968,1.8,-0.040000000000000036,-0.517,2.742618052167134,2.742618052167134,-0.1988577413911674
2025-09,9.345794392523366,0.13,0.13999999999999968,1.67,-0.08000000000000007,-0.526,2.9385917430316155,2.9385917430316155,0.3314472523395784
2025-10,5.957943925233655,0.23,0.20000000000000018,1.69,0.020000000000000018,-0.524,3.0225715847133294,3.0225715847133294,0.5960885531716587
2025-11,3.2710280373831724,,0.23999999999999977,1.78,-0.020000000000000018,-0.512,,,
2025-12,2.453271028037385,0.43,0.31000000000000005,1.72,0.050000000000000044,-0.507,2.6964439164939513,2.6964439164939513,-0.02302854479088179
2026-01,3.7758830694275325,0.35,0.5499999999999998,1.62,-0.06999999999999984,-0.536,2.653304114557753,2.653304114557753,-0.21738685295222826
2026-02,5.115712545675999,0.3,0.6400000000000001,1.8,0.020000000000000018,-0.563,2.391201432150014,2.391201432150014,-0.5997768757499466
2026-03,1.3398294762484664,0.27,0.5299999999999998,1.79,0.07000000000000006,-0.506,2.4340041103732224,2.4340041103732224,-0.3675793373881131
2026-04,1.218026796589533,0.2,0.6400000000000001,1.7,0.07999999999999985,-0.459,3.2859577528651984,3.2859577528651984,0.9039762900596493
2026-05,5.91861898890258,0.13,0.7100000000000004,1.57,-0.22999999999999998,-0.495,3.7792458367415627,3.7792458367415627,1.4538576064837327
2026-06,9.741060419235502,0.1,0.8800000000000003,1.53,-0.26,-0.505,4.166614684049641,4.166614684049641,1.7893495766815537
2026-07,0.2466091245376001,0.07,0.8099999999999996,1.63,-0.07000000000000006,-0.511,3.463530729385411,3.463530729385411,0.783076863475185
2026-08,4.271356783919589,-0.03,0.8699999999999997,1.59,0.020000000000000018,-0.537,3.303856050706311,3.303856050706311,0.5612379985391769
