id,client_idempotency_key,symbol,side,qty,order_type,tif,status,submitted_at,created_at,updated_at,broker_order_id,attributes,account_id,filled_qty,avg_fill_price,limit_price,stop_price,user_id
a3cf90bf-921e-4023-999d-f8c89aeb66d6,organism_QQQ_20260407_0df14a18_t5448,QQQ,buy,5.000000,limit,day,filled,2026-04-07 15:38:10.593495+00,2026-04-07 15:38:10.59015+00,2026-04-07 15:38:12.293352+00,e6b35785-af10-4e3b-8ed5-ff0e6e474c19,"{""tick"": 5448, ""broker"": ""alpaca"", ""reason"": ""organism_entry"", ""source"": ""organism"", ""status"": ""pending_new"", ""message"": ""Order submitted to Alpaca"", ""success"": ""True"", ""confidence"": 0.275, ""alpaca_response"": ""{'id': 'e6b35785-af10-4e3b-8ed5-ff0e6e474c19', 'client_order_id': 'organism_QQQ_20260407_0df14a18_t5448', 'created_at': '2026-04-07T15:38:10.960764157Z', 'updated_at': '2026-04-07T15:38:10.961496847Z', 'submitted_at': '2026-04-07T15:38:10.960764157Z', 'filled_at': None, 'expired_at': None, 'canceled_at': None, 'failed_at': None, 'replaced_at': None, 'replaced_by': None, 'replaces': None, 'asset_id': '2d9e926c-e17c-47c3-ad8c-26c7a594e48f', 'symbol': 'QQQ', 'asset_class': 'us_equity', 'notional': None, 'qty': '5', 'filled_qty': '0', 'filled_avg_price': None, 'order_class': '', 'order_type': 'limit', 'type': 'limit', 'side': 'buy', 'position_intent': 'buy_to_open', 'time_in_force': 'day', 'limit_price': '582.08', 'stop_price': None, 'status': 'pending_new', 'extended_hours': False, 'legs': None, 'trail_percent': None, 'trail_price': None, 'hwm': None, 'subtag': None, 'source': None, 'expires_at': '2026-04-07T20:00:00Z'}"", ""broker_order_id"": ""e6b35785-af10-4e3b-8ed5-ff0e6e474c19""}",,5.000000,581.500000,,,system
468e4f18-4184-4b42-8b3d-bae1c3170b99,organism_exit_QQQ_20260407_0df14a18_t5463,QQQ,sell,2.000000,market,day,filled,2026-04-07 15:41:11.952341+00,2026-04-07 15:41:11.950735+00,2026-04-07 15:41:13.483191+00,1a0bfa0f-59ad-43c6-9444-ddaf52160827,"{""tick"": 5463, ""broker"": ""alpaca"", ""reason"": ""pyramid_cut_partial_at_-0.7R"", ""source"": ""organism"", ""status"": ""pending_new"", ""message"": ""Order submitted to Alpaca"", ""success"": ""True"", ""alpaca_response"": ""{'id': '1a0bfa0f-59ad-43c6-9444-ddaf52160827', 'client_order_id': 'organism_exit_QQQ_20260407_0df14a18_t5463', 'created_at': '2026-04-07T15:41:12.864230203Z', 'updated_at': '2026-04-07T15:41:12.864809633Z', 'submitted_at': '2026-04-07T15:41:12.864230203Z', 'filled_at': None, 'expired_at': None, 'canceled_at': None, 'failed_at': None, 'replaced_at': None, 'replaced_by': None, 'replaces': None, 'asset_id': '2d9e926c-e17c-47c3-ad8c-26c7a594e48f', 'symbol': 'QQQ', 'asset_class': 'us_equity', 'notional': None, 'qty': '2', 'filled_qty': '0', 'filled_avg_price': None, 'order_class': '', 'order_type': 'market', 'type': 'market', 'side': 'sell', 'position_intent': 'sell_to_close', 'time_in_force': 'day', 'limit_price': None, 'stop_price': None, 'status': 'pending_new', 'extended_hours': False, 'legs': None, 'trail_percent': None, 'trail_price': None, 'hwm': None, 'subtag': None, 'source': None, 'expires_at': '2026-04-07T20:00:00Z'}"", ""broker_order_id"": ""1a0bfa0f-59ad-43c6-9444-ddaf52160827""}",,2.000000,581.160000,,,system
e772a368-4fa6-4ab1-8f78-b3a3015a7045,organism_exit_QQQ_20260407_0df14a18_t5467,QQQ,sell,1.000000,market,day,filled,2026-04-07 15:42:00.618744+00,2026-04-07 15:42:00.617601+00,2026-04-07 15:42:02.326013+00,878f6f05-cf53-432e-a2ac-fa13f33bf702,"{""tick"": 5467, ""broker"": ""alpaca"", ""reason"": ""pyramid_cut_partial_at_-0.7R"", ""source"": ""organism"", ""status"": ""pending_new"", ""message"": ""Order submitted to Alpaca"", ""success"": ""True"", ""alpaca_response"": ""{'id': '878f6f05-cf53-432e-a2ac-fa13f33bf702', 'client_order_id': 'organism_exit_QQQ_20260407_0df14a18_t5467', 'created_at': '2026-04-07T15:42:01.563429032Z', 'updated_at': '2026-04-07T15:42:01.564083422Z', 'submitted_at': '2026-04-07T15:42:01.563429032Z', 'filled_at': None, 'expired_at': None, 'canceled_at': None, 'failed_at': None, 'replaced_at': None, 'replaced_by': None, 'replaces': None, 'asset_id': '2d9e926c-e17c-47c3-ad8c-26c7a594e48f', 'symbol': 'QQQ', 'asset_class': 'us_equity', 'notional': None, 'qty': '1', 'filled_qty': '0', 'filled_avg_price': None, 'order_class': '', 'order_type': 'market', 'type': 'market', 'side': 'sell', 'position_intent': 'sell_to_close', 'time_in_force': 'day', 'limit_price': None, 'stop_price': None, 'status': 'pending_new', 'extended_hours': False, 'legs': None, 'trail_percent': None, 'trail_price': None, 'hwm': None, 'subtag': None, 'source': None, 'expires_at': '2026-04-07T20:00:00Z'}"", ""broker_order_id"": ""878f6f05-cf53-432e-a2ac-fa13f33bf702""}",,1.000000,580.920000,,,system
c8add1a7-83d7-4fd3-832e-fc0cbdd9f691,organism_exit_QQQ_20260407_0df14a18_t5472,QQQ,sell,2.000000,market,day,filled,2026-04-07 15:43:01.396495+00,2026-04-07 15:43:01.396177+00,2026-04-07 15:43:03.630397+00,7d0ca2a7-35ba-408a-8666-371202a5699b,"{""tick"": 5472, ""broker"": ""alpaca"", ""reason"": ""pyramid_cut_full_at_-1.1R"", ""source"": ""organism"", ""status"": ""pending_new"", ""message"": ""Order submitted to Alpaca"", ""success"": ""True"", ""alpaca_response"": ""{'id': '7d0ca2a7-35ba-408a-8666-371202a5699b', 'client_order_id': 'organism_exit_QQQ_20260407_0df14a18_t5472', 'created_at': '2026-04-07T15:43:02.328096786Z', 'updated_at': '2026-04-07T15:43:02.328615096Z', 'submitted_at': '2026-04-07T15:43:02.328096786Z', 'filled_at': None, 'expired_at': None, 'canceled_at': None, 'failed_at': None, 'replaced_at': None, 'replaced_by': None, 'replaces': None, 'asset_id': '2d9e926c-e17c-47c3-ad8c-26c7a594e48f', 'symbol': 'QQQ', 'asset_class': 'us_equity', 'notional': None, 'qty': '2', 'filled_qty': '0', 'filled_avg_price': None, 'order_class': '', 'order_type': 'market', 'type': 'market', 'side': 'sell', 'position_intent': 'sell_to_close', 'time_in_force': 'day', 'limit_price': None, 'stop_price': None, 'status': 'pending_new', 'extended_hours': False, 'legs': None, 'trail_percent': None, 'trail_price': None, 'hwm': None, 'subtag': None, 'source': None, 'expires_at': '2026-04-07T20:00:00Z'}"", ""broker_order_id"": ""7d0ca2a7-35ba-408a-8666-371202a5699b""}",,2.000000,581.120000,,,system
89e5f196-aed8-4cd5-bd5d-82e6d05b725f,organism_SPY_20260407_0df14a18_t5537,SPY,buy,4.000000,limit,day,filled,2026-04-07 15:56:06.547024+00,2026-04-07 15:56:06.546717+00,2026-04-07 15:56:08.420712+00,1902802c-6be4-45d5-a897-69a398b73125,"{""tick"": 5537, ""broker"": ""alpaca"", ""reason"": ""organism_entry"", ""source"": ""organism"", ""status"": ""pending_new"", ""message"": ""Order submitted to Alpaca"", ""success"": ""True"", ""confidence"": 0.28, ""alpaca_response"": ""{'id': '1902802c-6be4-45d5-a897-69a398b73125', 'client_order_id': 'organism_SPY_20260407_0df14a18_t5537', 'created_at': '2026-04-07T15:56:06.906286258Z', 'updated_at': '2026-04-07T15:56:06.907052708Z', 'submitted_at': '2026-04-07T15:56:06.906286258Z', 'filled_at': None, 'expired_at': None, 'canceled_at': None, 'failed_at': None, 'replaced_at': None, 'replaced_by': None, 'replaces': None, 'asset_id': 'b28f4066-5c6d-479b-a2af-85dc1a8f16fb', 'symbol': 'SPY', 'asset_class': 'us_equity', 'notional': None, 'qty': '4', 'filled_qty': '0', 'filled_avg_price': None, 'order_class': '', 'order_type': 'limit', 'type': 'limit', 'side': 'buy', 'position_intent': 'buy_to_open', 'time_in_force': 'day', 'limit_price': '654.3', 'stop_price': None, 'status': 'pending_new', 'extended_hours': False, 'legs': None, 'trail_percent': None, 'trail_price': None, 'hwm': None, 'subtag': None, 'source': None, 'expires_at': '2026-04-07T20:00:00Z'}"", ""broker_order_id"": ""1902802c-6be4-45d5-a897-69a398b73125""}",,4.000000,653.620000,,,system
9691f1c4-bf06-4b79-b12f-3b3075a981d8,organism_SPY_20260407_0df14a18_t5572,SPY,buy,2.000000,limit,day,filled,2026-04-07 16:03:11.436906+00,2026-04-07 16:03:11.436582+00,2026-04-07 16:03:17.923118+00,1d0c2a23-ef06-46ae-bf1d-8d2ed81fb2da,"{""tick"": 5572, ""broker"": ""alpaca"", ""reason"": ""pyramid_add"", ""source"": ""organism"", ""status"": ""pending_new"", ""message"": ""Order submitted to Alpaca"", ""success"": ""True"", ""confidence"": 0.7, ""alpaca_response"": ""{'id': '1d0c2a23-ef06-46ae-bf1d-8d2ed81fb2da', 'client_order_id': 'organism_SPY_20260407_0df14a18_t5572', 'created_at': '2026-04-07T16:03:12.401169246Z', 'updated_at': '2026-04-07T16:03:12.418734566Z', 'submitted_at': '2026-04-07T16:03:12.401169246Z', 'filled_at': None, 'expired_at': None, 'canceled_at': None, 'failed_at': None, 'replaced_at': None, 'replaced_by': None, 'replaces': None, 'asset_id': 'b28f4066-5c6d-479b-a2af-85dc1a8f16fb', 'symbol': 'SPY', 'asset_class': 'us_equity', 'notional': None, 'qty': '2', 'filled_qty': '0', 'filled_avg_price': None, 'order_class': '', 'order_type': 'limit', 'type': 'limit', 'side': 'buy', 'position_intent': 'buy_to_open', 'time_in_force': 'day', 'limit_price': '657.29', 'stop_price': None, 'status': 'pending_new', 'extended_hours': False, 'legs': None, 'trail_percent': None, 'trail_price': None, 'hwm': None, 'subtag': None, 'source': None, 'expires_at': '2026-04-07T20:00:00Z'}"", ""broker_order_id"": ""1d0c2a23-ef06-46ae-bf1d-8d2ed81fb2da""}",,2.000000,656.605000,,,system
7220706d-3cd4-46f0-b6eb-042a8638e44a,organism_exit_SPY_20260407_0df14a18_t5621,SPY,sell,6.000000,market,day,filled,2026-04-07 16:13:06.707176+00,2026-04-07 16:13:06.706256+00,2026-04-07 16:13:11.337651+00,a2384d69-4d19-42d3-8989-7035b7ddb93b,"{""tick"": 5621, ""broker"": ""alpaca"", ""reason"": ""horizon_timeout"", ""source"": ""organism"", ""status"": ""pending_new"", ""message"": ""Order submitted to Alpaca"", ""success"": ""True"", ""alpaca_response"": ""{'id': 'a2384d69-4d19-42d3-8989-7035b7ddb93b', 'client_order_id': 'organism_exit_SPY_20260407_0df14a18_t5621', 'created_at': '2026-04-07T16:13:08.261645439Z', 'updated_at': '2026-04-07T16:13:08.262280329Z', 'submitted_at': '2026-04-07T16:13:08.261645439Z', 'filled_at': None, 'expired_at': None, 'canceled_at': None, 'failed_at': None, 'replaced_at': None, 'replaced_by': None, 'replaces': None, 'asset_id': 'b28f4066-5c6d-479b-a2af-85dc1a8f16fb', 'symbol': 'SPY', 'asset_class': 'us_equity', 'notional': None, 'qty': '6', 'filled_qty': '0', 'filled_avg_price': None, 'order_class': '', 'order_type': 'market', 'type': 'market', 'side': 'sell', 'position_intent': 'sell_to_close', 'time_in_force': 'day', 'limit_price': None, 'stop_price': None, 'status': 'pending_new', 'extended_hours': False, 'legs': None, 'trail_percent': None, 'trail_price': None, 'hwm': None, 'subtag': None, 'source': None, 'expires_at': '2026-04-07T20:00:00Z'}"", ""broker_order_id"": ""a2384d69-4d19-42d3-8989-7035b7ddb93b""}",,6.000000,655.351667,,,system
fc6d483d-d561-43ad-a421-4dd7e6b4b627,organism_SH_20260407_0df14a18_t5676,SH,buy,88.000000,limit,day,filled,2026-04-07 16:24:12.14937+00,2026-04-07 16:24:12.148944+00,2026-04-07 16:24:13.080112+00,c59d562b-44bc-40f0-a3e2-f05b63aee1f1,"{""tick"": 5676, ""broker"": ""alpaca"", ""reason"": ""organism_entry"", ""source"": ""organism"", ""status"": ""pending_new"", ""message"": ""Order submitted to Alpaca"", ""success"": ""True"", ""confidence"": 0.28, ""alpaca_response"": ""{'id': 'c59d562b-44bc-40f0-a3e2-f05b63aee1f1', 'client_order_id': 'organism_SH_20260407_0df14a18_t5676', 'created_at': '2026-04-07T16:24:12.520079567Z', 'updated_at': '2026-04-07T16:24:12.520742217Z', 'submitted_at': '2026-04-07T16:24:12.520079567Z', 'filled_at': None, 'expired_at': None, 'canceled_at': None, 'failed_at': None, 'replaced_at': None, 'replaced_by': None, 'replaces': None, 'asset_id': '2de017f1-e3fb-4efd-87d8-5635b424c7ce', 'symbol': 'SH', 'asset_class': 'us_equity', 'notional': None, 'qty': '88', 'filled_qty': '0', 'filled_avg_price': None, 'order_class': '', 'order_type': 'limit', 'type': 'limit', 'side': 'buy', 'position_intent': 'buy_to_open', 'time_in_force': 'day', 'limit_price': '37.71', 'stop_price': None, 'status': 'pending_new', 'extended_hours': False, 'legs': None, 'trail_percent': None, 'trail_price': None, 'hwm': None, 'subtag': None, 'source': None, 'expires_at': '2026-04-07T20:00:00Z'}"", ""broker_order_id"": ""c59d562b-44bc-40f0-a3e2-f05b63aee1f1""}",,88.000000,37.660000,,,system
e73e95d1-5295-49c7-8b81-83d5a5ca4cd1,organism_XLE_20260407_0df14a18_t5676,XLE,buy,55.000000,limit,day,filled,2026-04-07 16:24:12.154541+00,2026-04-07 16:24:12.154311+00,2026-04-07 16:24:16.496666+00,d98626e0-183e-4d7c-ad3a-bc8d932ef657,"{""tick"": 5676, ""broker"": ""alpaca"", ""reason"": ""organism_entry"", ""source"": ""organism"", ""status"": ""pending_new"", ""message"": ""Order submitted to Alpaca"", ""success"": ""True"", ""confidence"": 0.28, ""alpaca_response"": ""{'id': 'd98626e0-183e-4d7c-ad3a-bc8d932ef657', 'client_order_id': 'organism_XLE_20260407_0df14a18_t5676', 'created_at': '2026-04-07T16:24:12.727087634Z', 'updated_at': '2026-04-07T16:24:12.728322764Z', 'submitted_at': '2026-04-07T16:24:12.727087634Z', 'filled_at': None, 'expired_at': None, 'canceled_at': None, 'failed_at': None, 'replaced_at': None, 'replaced_by': None, 'replaces': None, 'asset_id': '2dda3c96-2138-4313-b15b-dd870c7e0ea8', 'symbol': 'XLE', 'asset_class': 'us_equity', 'notional': None, 'qty': '55', 'filled_qty': '0', 'filled_avg_price': None, 'order_class': '', 'order_type': 'limit', 'type': 'limit', 'side': 'buy', 'position_intent': 'buy_to_open', 'time_in_force': 'day', 'limit_price': '60.24', 'stop_price': None, 'status': 'pending_new', 'extended_hours': False, 'legs': None, 'trail_percent': None, 'trail_price': None, 'hwm': None, 'subtag': None, 'source': None, 'expires_at': '2026-04-07T20:00:00Z'}"", ""broker_order_id"": ""d98626e0-183e-4d7c-ad3a-bc8d932ef657""}",,55.000000,60.168000,,,system
5c5f0a66-2bfd-4da2-8203-79dcc191020e,organism_exit_SH_20260407_0df14a18_t5685,SH,sell,44.000000,market,day,filled,2026-04-07 16:26:02.19135+00,2026-04-07 16:26:02.190995+00,2026-04-07 16:26:07.13229+00,57788e82-75c3-444f-8a9f-7855bf358131,"{""tick"": 5685, ""broker"": ""alpaca"", ""reason"": ""pyramid_cut_partial_at_-0.8R"", ""source"": ""organism"", ""status"": ""pending_new"", ""message"": ""Order submitted to Alpaca"", ""success"": ""True"", ""alpaca_response"": ""{'id': '57788e82-75c3-444f-8a9f-7855bf358131', 'client_order_id': 'organism_exit_SH_20260407_0df14a18_t5685', 'created_at': '2026-04-07T16:26:03.102527658Z', 'updated_at': '2026-04-07T16:26:03.103046468Z', 'submitted_at': '2026-04-07T16:26:03.102527658Z', 'filled_at': None, 'expired_at': None, 'canceled_at': None, 'failed_at': None, 'replaced_at': None, 'replaced_by': None, 'replaces': None, 'asset_id': '2de017f1-e3fb-4efd-87d8-5635b424c7ce', 'symbol': 'SH', 'asset_class': 'us_equity', 'notional': None, 'qty': '44', 'filled_qty': '0', 'filled_avg_price': None, 'order_class': '', 'order_type': 'market', 'type': 'market', 'side': 'sell', 'position_intent': 'sell_to_close', 'time_in_force': 'day', 'limit_price': None, 'stop_price': None, 'status': 'pending_new', 'extended_hours': False, 'legs': None, 'trail_percent': None, 'trail_price': None, 'hwm': None, 'subtag': None, 'source': None, 'expires_at': '2026-04-07T20:00:00Z'}"", ""broker_order_id"": ""57788e82-75c3-444f-8a9f-7855bf358131""}",,44.000000,37.640000,,,system
f8ebe5dc-a5b8-4cc2-9bb3-d46aab44c4e0,organism_exit_XLE_20260407_0df14a18_t5690,XLE,sell,27.000000,market,day,filled,2026-04-07 16:27:03.053495+00,2026-04-07 16:27:03.05315+00,2026-04-07 16:27:08.882868+00,8df94c46-18b7-4284-9fcb-a6cf58a751c6,"{""tick"": 5690, ""broker"": ""alpaca"", ""reason"": ""pyramid_cut_partial_at_-0.8R"", ""source"": ""organism"", ""status"": ""pending_new"", ""message"": ""Order submitted to Alpaca"", ""success"": ""True"", ""alpaca_response"": ""{'id': '8df94c46-18b7-4284-9fcb-a6cf58a751c6', 'client_order_id': 'organism_exit_XLE_20260407_0df14a18_t5690', 'created_at': '2026-04-07T16:27:03.98477736Z', 'updated_at': '2026-04-07T16:27:03.98626113Z', 'submitted_at': '2026-04-07T16:27:03.98477736Z', 'filled_at': None, 'expired_at': None, 'canceled_at': None, 'failed_at': None, 'replaced_at': None, 'replaced_by': None, 'replaces': None, 'asset_id': '2dda3c96-2138-4313-b15b-dd870c7e0ea8', 'symbol': 'XLE', 'asset_class': 'us_equity', 'notional': None, 'qty': '27', 'filled_qty': '0', 'filled_avg_price': None, 'order_class': '', 'order_type': 'market', 'type': 'market', 'side': 'sell', 'position_intent': 'sell_to_close', 'time_in_force': 'day', 'limit_price': None, 'stop_price': None, 'status': 'pending_new', 'extended_hours': False, 'legs': None, 'trail_percent': None, 'trail_price': None, 'hwm': None, 'subtag': None, 'source': None, 'expires_at': '2026-04-07T20:00:00Z'}"", ""broker_order_id"": ""8df94c46-18b7-4284-9fcb-a6cf58a751c6""}",,27.000000,60.137778,,,system
9e4e0b6c-676e-41a5-8aaf-ddb4b4b2efbf,organism_exit_SH_20260407_0df14a18_t5695,SH,sell,44.000000,market,day,filled,2026-04-07 16:28:04.101799+00,2026-04-07 16:28:04.101483+00,2026-04-07 16:28:07.646105+00,834ff57e-bb9e-44cc-b400-e18a5f1fc014,"{""tick"": 5695, ""broker"": ""alpaca"", ""reason"": ""pyramid_cut_full_at_-1.7R"", ""source"": ""organism"", ""status"": ""pending_new"", ""message"": ""Order submitted to Alpaca"", ""success"": ""True"", ""alpaca_response"": ""{'id': '834ff57e-bb9e-44cc-b400-e18a5f1fc014', 'client_order_id': 'organism_exit_SH_20260407_0df14a18_t5695', 'created_at': '2026-04-07T16:28:05.171831562Z', 'updated_at': '2026-04-07T16:28:05.172474502Z', 'submitted_at': '2026-04-07T16:28:05.171831562Z', 'filled_at': None, 'expired_at': None, 'canceled_at': None, 'failed_at': None, 'replaced_at': None, 'replaced_by': None, 'replaces': None, 'asset_id': '2de017f1-e3fb-4efd-87d8-5635b424c7ce', 'symbol': 'SH', 'asset_class': 'us_equity', 'notional': None, 'qty': '44', 'filled_qty': '0', 'filled_avg_price': None, 'order_class': '', 'order_type': 'market', 'type': 'market', 'side': 'sell', 'position_intent': 'sell_to_close', 'time_in_force': 'day', 'limit_price': None, 'stop_price': None, 'status': 'pending_new', 'extended_hours': False, 'legs': None, 'trail_percent': None, 'trail_price': None, 'hwm': None, 'subtag': None, 'source': None, 'expires_at': '2026-04-07T20:00:00Z'}"", ""broker_order_id"": ""834ff57e-bb9e-44cc-b400-e18a5f1fc014""}",,44.000000,37.610000,,,system
f39715af-aa25-4aa2-8897-c94b27f05775,organism_exit_XLE_20260407_0df14a18_t5695,XLE,sell,28.000000,market,day,filled,2026-04-07 16:28:04.213054+00,2026-04-07 16:28:04.211859+00,2026-04-07 16:28:07.472179+00,c391ac2b-2b0c-4860-b9de-3ddfb9e52c5b,"{""tick"": 5695, ""broker"": ""alpaca"", ""reason"": ""pyramid_cut_full_at_-1.8R"", ""source"": ""organism"", ""status"": ""pending_new"", ""message"": ""Order submitted to Alpaca"", ""success"": ""True"", ""alpaca_response"": ""{'id': 'c391ac2b-2b0c-4860-b9de-3ddfb9e52c5b', 'client_order_id': 'organism_exit_XLE_20260407_0df14a18_t5695', 'created_at': '2026-04-07T16:28:05.487865553Z', 'updated_at': '2026-04-07T16:28:05.488450053Z', 'submitted_at': '2026-04-07T16:28:05.487865553Z', 'filled_at': None, 'expired_at': None, 'canceled_at': None, 'failed_at': None, 'replaced_at': None, 'replaced_by': None, 'replaces': None, 'asset_id': '2dda3c96-2138-4313-b15b-dd870c7e0ea8', 'symbol': 'XLE', 'asset_class': 'us_equity', 'notional': None, 'qty': '28', 'filled_qty': '0', 'filled_avg_price': None, 'order_class': '', 'order_type': 'market', 'type': 'market', 'side': 'sell', 'position_intent': 'sell_to_close', 'time_in_force': 'day', 'limit_price': None, 'stop_price': None, 'status': 'pending_new', 'extended_hours': False, 'legs': None, 'trail_percent': None, 'trail_price': None, 'hwm': None, 'subtag': None, 'source': None, 'expires_at': '2026-04-07T20:00:00Z'}"", ""broker_order_id"": ""c391ac2b-2b0c-4860-b9de-3ddfb9e52c5b""}",,28.000000,60.070000,,,system
39bd8aa0-a688-41af-b6d8-6a0124181afb,organism_XLE_20260407_0df14a18_t5869,XLE,buy,55.000000,limit,day,filled,2026-04-07 17:03:07.006796+00,2026-04-07 17:03:07.006256+00,2026-04-07 17:03:08.987425+00,9c5494d0-7a35-4e5b-977c-c562dc615282,"{""tick"": 5869, ""broker"": ""alpaca"", ""reason"": ""organism_entry"", ""source"": ""organism"", ""status"": ""pending_new"", ""message"": ""Order submitted to Alpaca"", ""success"": ""True"", ""confidence"": 0.3216, ""alpaca_response"": ""{'id': '9c5494d0-7a35-4e5b-977c-c562dc615282', 'client_order_id': 'organism_XLE_20260407_0df14a18_t5869', 'created_at': '2026-04-07T17:03:07.375252216Z', 'updated_at': '2026-04-07T17:03:07.375838946Z', 'submitted_at': '2026-04-07T17:03:07.375252216Z', 'filled_at': None, 'expired_at': None, 'canceled_at': None, 'failed_at': None, 'replaced_at': None, 'replaced_by': None, 'replaces': None, 'asset_id': '2dda3c96-2138-4313-b15b-dd870c7e0ea8', 'symbol': 'XLE', 'asset_class': 'us_equity', 'notional': None, 'qty': '55', 'filled_qty': '0', 'filled_avg_price': None, 'order_class': '', 'order_type': 'limit', 'type': 'limit', 'side': 'buy', 'position_intent': 'buy_to_open', 'time_in_force': 'day', 'limit_price': '60.15', 'stop_price': None, 'status': 'pending_new', 'extended_hours': False, 'legs': None, 'trail_percent': None, 'trail_price': None, 'hwm': None, 'subtag': None, 'source': None, 'expires_at': '2026-04-07T20:00:00Z'}"", ""broker_order_id"": ""9c5494d0-7a35-4e5b-977c-c562dc615282""}",,55.000000,60.071273,,,system
9a831587-46fa-4099-89fe-f3d556682cfc,organism_XLE_20260407_0df14a18_t5913,XLE,buy,27.000000,limit,day,filled,2026-04-07 17:12:01.104925+00,2026-04-07 17:12:01.104345+00,2026-04-07 17:12:04.030163+00,961a7fa9-935c-44a1-ab6a-f2c674d28a00,"{""tick"": 5913, ""broker"": ""alpaca"", ""reason"": ""pyramid_add"", ""source"": ""organism"", ""status"": ""pending_new"", ""message"": ""Order submitted to Alpaca"", ""success"": ""True"", ""confidence"": 0.7, ""alpaca_response"": ""{'id': '961a7fa9-935c-44a1-ab6a-f2c674d28a00', 'client_order_id': 'organism_XLE_20260407_0df14a18_t5913', 'created_at': '2026-04-07T17:12:02.065304188Z', 'updated_at': '2026-04-07T17:12:02.066455078Z', 'submitted_at': '2026-04-07T17:12:02.065304188Z', 'filled_at': None, 'expired_at': None, 'canceled_at': None, 'failed_at': None, 'replaced_at': None, 'replaced_by': None, 'replaces': None, 'asset_id': '2dda3c96-2138-4313-b15b-dd870c7e0ea8', 'symbol': 'XLE', 'asset_class': 'us_equity', 'notional': None, 'qty': '27', 'filled_qty': '0', 'filled_avg_price': None, 'order_class': '', 'order_type': 'limit', 'type': 'limit', 'side': 'buy', 'position_intent': 'buy_to_open', 'time_in_force': 'day', 'limit_price': '60.19', 'stop_price': None, 'status': 'pending_new', 'extended_hours': False, 'legs': None, 'trail_percent': None, 'trail_price': None, 'hwm': None, 'subtag': None, 'source': None, 'expires_at': '2026-04-07T20:00:00Z'}"", ""broker_order_id"": ""961a7fa9-935c-44a1-ab6a-f2c674d28a00""}",,27.000000,60.130000,,,system
79bee704-e21e-41b7-a0ce-9ccb1a90c959,organism_exit_XLE_20260407_0df14a18_t5943,XLE,sell,82.000000,market,day,filled,2026-04-07 17:18:05.954976+00,2026-04-07 17:18:05.953346+00,2026-04-07 17:18:08.642872+00,6dc92f24-67f2-4787-9a5b-bc9a6f4839b3,"{""tick"": 5943, ""broker"": ""alpaca"", ""reason"": ""stop_loss"", ""source"": ""organism"", ""status"": ""pending_new"", ""message"": ""Order submitted to Alpaca"", ""success"": ""True"", ""alpaca_response"": ""{'id': '6dc92f24-67f2-4787-9a5b-bc9a6f4839b3', 'client_order_id': 'organism_exit_XLE_20260407_0df14a18_t5943', 'created_at': '2026-04-07T17:18:06.966462386Z', 'updated_at': '2026-04-07T17:18:06.966938966Z', 'submitted_at': '2026-04-07T17:18:06.966462386Z', 'filled_at': None, 'expired_at': None, 'canceled_at': None, 'failed_at': None, 'replaced_at': None, 'replaced_by': None, 'replaces': None, 'asset_id': '2dda3c96-2138-4313-b15b-dd870c7e0ea8', 'symbol': 'XLE', 'asset_class': 'us_equity', 'notional': None, 'qty': '82', 'filled_qty': '0', 'filled_avg_price': None, 'order_class': '', 'order_type': 'market', 'type': 'market', 'side': 'sell', 'position_intent': 'sell_to_close', 'time_in_force': 'day', 'limit_price': None, 'stop_price': None, 'status': 'pending_new', 'extended_hours': False, 'legs': None, 'trail_percent': None, 'trail_price': None, 'hwm': None, 'subtag': None, 'source': None, 'expires_at': '2026-04-07T20:00:00Z'}"", ""broker_order_id"": ""6dc92f24-67f2-4787-9a5b-bc9a6f4839b3""}",,82.000000,60.110000,,,system
dc54706c-4e60-4ffd-b658-5aa688d91a1a,organism_QQQ_20260407_0df14a18_t5943,QQQ,buy,5.000000,limit,day,filled,2026-04-07 17:18:06.698739+00,2026-04-07 17:18:06.698416+00,2026-04-07 17:18:08.740668+00,53d32a05-25ec-4296-b643-e3388ead4b80,"{""tick"": 5943, ""broker"": ""alpaca"", ""reason"": ""organism_entry"", ""source"": ""organism"", ""status"": ""pending_new"", ""message"": ""Order submitted to Alpaca"", ""success"": ""True"", ""confidence"": 0.28, ""alpaca_response"": ""{'id': '53d32a05-25ec-4296-b643-e3388ead4b80', 'client_order_id': 'organism_QQQ_20260407_0df14a18_t5943', 'created_at': '2026-04-07T17:18:07.29168754Z', 'updated_at': '2026-04-07T17:18:07.29278884Z', 'submitted_at': '2026-04-07T17:18:07.29168754Z', 'filled_at': None, 'expired_at': None, 'canceled_at': None, 'failed_at': None, 'replaced_at': None, 'replaced_by': None, 'replaces': None, 'asset_id': '2d9e926c-e17c-47c3-ad8c-26c7a594e48f', 'symbol': 'QQQ', 'asset_class': 'us_equity', 'notional': None, 'qty': '5', 'filled_qty': '0', 'filled_avg_price': None, 'order_class': '', 'order_type': 'limit', 'type': 'limit', 'side': 'buy', 'position_intent': 'buy_to_open', 'time_in_force': 'day', 'limit_price': '585.03', 'stop_price': None, 'status': 'pending_new', 'extended_hours': False, 'legs': None, 'trail_percent': None, 'trail_price': None, 'hwm': None, 'subtag': None, 'source': None, 'expires_at': '2026-04-07T20:00:00Z'}"", ""broker_order_id"": ""53d32a05-25ec-4296-b643-e3388ead4b80""}",,5.000000,584.434000,,,system
1d33db62-3654-4d4f-a092-8b3258b9b69d,organism_exit_QQQ_20260407_0df14a18_t5958,QQQ,sell,5.000000,market,day,filled,2026-04-07 17:21:08.227016+00,2026-04-07 17:21:08.226573+00,2026-04-07 17:21:10.343082+00,c3f5deef-a8cb-4150-a210-9be6dd6943f7,"{""tick"": 5958, ""broker"": ""alpaca"", ""reason"": ""pyramid_cut_full_at_-1.3R"", ""source"": ""organism"", ""status"": ""pending_new"", ""message"": ""Order submitted to Alpaca"", ""success"": ""True"", ""alpaca_response"": ""{'id': 'c3f5deef-a8cb-4150-a210-9be6dd6943f7', 'client_order_id': 'organism_exit_QQQ_20260407_0df14a18_t5958', 'created_at': '2026-04-07T17:21:09.196638142Z', 'updated_at': '2026-04-07T17:21:09.197271442Z', 'submitted_at': '2026-04-07T17:21:09.196638142Z', 'filled_at': None, 'expired_at': None, 'canceled_at': None, 'failed_at': None, 'replaced_at': None, 'replaced_by': None, 'replaces': None, 'asset_id': '2d9e926c-e17c-47c3-ad8c-26c7a594e48f', 'symbol': 'QQQ', 'asset_class': 'us_equity', 'notional': None, 'qty': '5', 'filled_qty': '0', 'filled_avg_price': None, 'order_class': '', 'order_type': 'market', 'type': 'market', 'side': 'sell', 'position_intent': 'sell_to_close', 'time_in_force': 'day', 'limit_price': None, 'stop_price': None, 'status': 'pending_new', 'extended_hours': False, 'legs': None, 'trail_percent': None, 'trail_price': None, 'hwm': None, 'subtag': None, 'source': None, 'expires_at': '2026-04-07T20:00:00Z'}"", ""broker_order_id"": ""c3f5deef-a8cb-4150-a210-9be6dd6943f7""}",,5.000000,583.922000,,,system
f60b4522-7667-4e1c-8c2a-d8ab8bc716bc,organism_XLK_20260407_0df14a18_t6067,XLK,buy,24.000000,limit,day,filled,2026-04-07 17:43:05.926875+00,2026-04-07 17:43:05.925384+00,2026-04-07 17:43:06.622822+00,32be3c53-27fa-43d2-8d30-8fcb14391f65,"{""tick"": 6067, ""broker"": ""alpaca"", ""reason"": ""organism_entry"", ""source"": ""organism"", ""status"": ""pending_new"", ""message"": ""Order submitted to Alpaca"", ""success"": ""True"", ""confidence"": 0.2576, ""alpaca_response"": ""{'id': '32be3c53-27fa-43d2-8d30-8fcb14391f65', 'client_order_id': 'organism_XLK_20260407_0df14a18_t6067', 'created_at': '2026-04-07T17:43:06.273971835Z', 'updated_at': '2026-04-07T17:43:06.274702165Z', 'submitted_at': '2026-04-07T17:43:06.273971835Z', 'filled_at': None, 'expired_at': None, 'canceled_at': None, 'failed_at': None, 'replaced_at': None, 'replaced_by': None, 'replaces': None, 'asset_id': 'd704f4fd-c735-44f8-a7fa-7a50fef08fe4', 'symbol': 'XLK', 'asset_class': 'us_equity', 'notional': None, 'qty': '24', 'filled_qty': '0', 'filled_avg_price': None, 'order_class': '', 'order_type': 'limit', 'type': 'limit', 'side': 'buy', 'position_intent': 'buy_to_open', 'time_in_force': 'day', 'limit_price': '136.59', 'stop_price': None, 'status': 'pending_new', 'extended_hours': False, 'legs': None, 'trail_percent': None, 'trail_price': None, 'hwm': None, 'subtag': None, 'source': None, 'expires_at': '2026-04-07T20:00:00Z'}"", ""broker_order_id"": ""32be3c53-27fa-43d2-8d30-8fcb14391f65""}",,24.000000,136.450000,,,system
fc9c99c5-23d7-4bfb-9837-8d56f836949b,organism_exit_XLK_20260407_0df14a18_t6082,XLK,sell,24.000000,market,day,filled,2026-04-07 17:46:07.692643+00,2026-04-07 17:46:07.691972+00,2026-04-07 17:46:09.057618+00,fa119ed5-752a-428f-b3ab-f8e482a90750,"{""tick"": 6082, ""broker"": ""alpaca"", ""reason"": ""pyramid_cut_full_at_-1.3R"", ""source"": ""organism"", ""status"": ""pending_new"", ""message"": ""Order submitted to Alpaca"", ""success"": ""True"", ""alpaca_response"": ""{'id': 'fa119ed5-752a-428f-b3ab-f8e482a90750', 'client_order_id': 'organism_exit_XLK_20260407_0df14a18_t6082', 'created_at': '2026-04-07T17:46:08.560221028Z', 'updated_at': '2026-04-07T17:46:08.560828578Z', 'submitted_at': '2026-04-07T17:46:08.560221028Z', 'filled_at': None, 'expired_at': None, 'canceled_at': None, 'failed_at': None, 'replaced_at': None, 'replaced_by': None, 'replaces': None, 'asset_id': 'd704f4fd-c735-44f8-a7fa-7a50fef08fe4', 'symbol': 'XLK', 'asset_class': 'us_equity', 'notional': None, 'qty': '24', 'filled_qty': '0', 'filled_avg_price': None, 'order_class': '', 'order_type': 'market', 'type': 'market', 'side': 'sell', 'position_intent': 'sell_to_close', 'time_in_force': 'day', 'limit_price': None, 'stop_price': None, 'status': 'pending_new', 'extended_hours': False, 'legs': None, 'trail_percent': None, 'trail_price': None, 'hwm': None, 'subtag': None, 'source': None, 'expires_at': '2026-04-07T20:00:00Z'}"", ""broker_order_id"": ""fa119ed5-752a-428f-b3ab-f8e482a90750""}",,24.000000,136.330000,,,system
9817e130-96e4-4ffa-b5db-285a8570983c,organism_PSQ_20260407_0df14a18_t6142,PSQ,buy,105.000000,limit,day,filled,2026-04-07 17:58:12.327266+00,2026-04-07 17:58:12.326481+00,2026-04-07 17:58:13.447405+00,a5a14a8b-dc61-44d2-a810-8515e90c7ee8,"{""tick"": 6142, ""broker"": ""alpaca"", ""reason"": ""organism_entry"", ""source"": ""organism"", ""status"": ""pending_new"", ""message"": ""Order submitted to Alpaca"", ""success"": ""True"", ""confidence"": 0.4176, ""alpaca_response"": ""{'id': 'a5a14a8b-dc61-44d2-a810-8515e90c7ee8', 'client_order_id': 'organism_PSQ_20260407_0df14a18_t6142', 'created_at': '2026-04-07T17:58:12.687517167Z', 'updated_at': '2026-04-07T17:58:12.688177947Z', 'submitted_at': '2026-04-07T17:58:12.687517167Z', 'filled_at': None, 'expired_at': None, 'canceled_at': None, 'failed_at': None, 'replaced_at': None, 'replaced_by': None, 'replaces': None, 'asset_id': 'b1ff951e-57c6-4878-9001-6a4b597bad9b', 'symbol': 'PSQ', 'asset_class': 'us_equity', 'notional': None, 'qty': '105', 'filled_qty': '0', 'filled_avg_price': None, 'order_class': '', 'order_type': 'limit', 'type': 'limit', 'side': 'buy', 'position_intent': 'buy_to_open', 'time_in_force': 'day', 'limit_price': '31.81', 'stop_price': None, 'status': 'pending_new', 'extended_hours': False, 'legs': None, 'trail_percent': None, 'trail_price': None, 'hwm': None, 'subtag': None, 'source': None, 'expires_at': '2026-04-07T20:00:00Z'}"", ""broker_order_id"": ""a5a14a8b-dc61-44d2-a810-8515e90c7ee8""}",,105.000000,31.780000,,,system
ac847924-cba8-4aa9-839e-3c9f85c187a4,organism_SPY_20260407_0df14a18_t6142,SPY,buy,4.000000,limit,day,filled,2026-04-07 17:58:12.332005+00,2026-04-07 17:58:12.331749+00,2026-04-07 17:58:13.27996+00,46874513-3a09-4c24-b41b-da41879b5749,"{""tick"": 6142, ""broker"": ""alpaca"", ""reason"": ""organism_entry"", ""source"": ""organism"", ""status"": ""pending_new"", ""message"": ""Order submitted to Alpaca"", ""success"": ""True"", ""confidence"": 0.28, ""alpaca_response"": ""{'id': '46874513-3a09-4c24-b41b-da41879b5749', 'client_order_id': 'organism_SPY_20260407_0df14a18_t6142', 'created_at': '2026-04-07T17:58:12.882893944Z', 'updated_at': '2026-04-07T17:58:12.885978383Z', 'submitted_at': '2026-04-07T17:58:12.882893944Z', 'filled_at': None, 'expired_at': None, 'canceled_at': None, 'failed_at': None, 'replaced_at': None, 'replaced_by': None, 'replaces': None, 'asset_id': 'b28f4066-5c6d-479b-a2af-85dc1a8f16fb', 'symbol': 'SPY', 'asset_class': 'us_equity', 'notional': None, 'qty': '4', 'filled_qty': '0', 'filled_avg_price': None, 'order_class': '', 'order_type': 'limit', 'type': 'limit', 'side': 'buy', 'position_intent': 'buy_to_open', 'time_in_force': 'day', 'limit_price': '657.46', 'stop_price': None, 'status': 'pending_new', 'extended_hours': False, 'legs': None, 'trail_percent': None, 'trail_price': None, 'hwm': None, 'subtag': None, 'source': None, 'expires_at': '2026-04-07T20:00:00Z'}"", ""broker_order_id"": ""46874513-3a09-4c24-b41b-da41879b5749""}",,4.000000,656.830000,,,system
16c44679-ff46-4682-a55e-568f3874a9ce,organism_exit_PSQ_20260407_0df14a18_t6156,PSQ,sell,52.000000,market,day,filled,2026-04-07 18:01:02.207211+00,2026-04-07 18:01:02.206815+00,2026-04-07 18:01:03.731103+00,e7e9fdfc-4281-40c6-9a67-6ef570d3278b,"{""tick"": 6156, ""broker"": ""alpaca"", ""reason"": ""pyramid_cut_partial_at_-0.9R"", ""source"": ""organism"", ""status"": ""pending_new"", ""message"": ""Order submitted to Alpaca"", ""success"": ""True"", ""alpaca_response"": ""{'id': 'e7e9fdfc-4281-40c6-9a67-6ef570d3278b', 'client_order_id': 'organism_exit_PSQ_20260407_0df14a18_t6156', 'created_at': '2026-04-07T18:01:03.155825834Z', 'updated_at': '2026-04-07T18:01:03.156477094Z', 'submitted_at': '2026-04-07T18:01:03.155825834Z', 'filled_at': None, 'expired_at': None, 'canceled_at': None, 'failed_at': None, 'replaced_at': None, 'replaced_by': None, 'replaces': None, 'asset_id': 'b1ff951e-57c6-4878-9001-6a4b597bad9b', 'symbol': 'PSQ', 'asset_class': 'us_equity', 'notional': None, 'qty': '52', 'filled_qty': '0', 'filled_avg_price': None, 'order_class': '', 'order_type': 'market', 'type': 'market', 'side': 'sell', 'position_intent': 'sell_to_close', 'time_in_force': 'day', 'limit_price': None, 'stop_price': None, 'status': 'pending_new', 'extended_hours': False, 'legs': None, 'trail_percent': None, 'trail_price': None, 'hwm': None, 'subtag': None, 'source': None, 'expires_at': '2026-04-07T20:00:00Z'}"", ""broker_order_id"": ""e7e9fdfc-4281-40c6-9a67-6ef570d3278b""}",,52.000000,31.760000,,,system
7af5b59b-f1f3-435f-aee9-d024fd5fc3c0,organism_exit_PSQ_20260407_0df14a18_t6161,PSQ,sell,26.000000,market,day,filled,2026-04-07 18:02:02.798571+00,2026-04-07 18:02:02.798207+00,2026-04-07 18:02:07.240567+00,9fa831f7-f911-45c6-a628-9a5d2f28ac59,"{""tick"": 6161, ""broker"": ""alpaca"", ""reason"": ""pyramid_cut_partial_at_-0.9R"", ""source"": ""organism"", ""status"": ""pending_new"", ""message"": ""Order submitted to Alpaca"", ""success"": ""True"", ""alpaca_response"": ""{'id': '9fa831f7-f911-45c6-a628-9a5d2f28ac59', 'client_order_id': 'organism_exit_PSQ_20260407_0df14a18_t6161', 'created_at': '2026-04-07T18:02:03.798374327Z', 'updated_at': '2026-04-07T18:02:03.806146037Z', 'submitted_at': '2026-04-07T18:02:03.798374327Z', 'filled_at': None, 'expired_at': None, 'canceled_at': None, 'failed_at': None, 'replaced_at': None, 'replaced_by': None, 'replaces': None, 'asset_id': 'b1ff951e-57c6-4878-9001-6a4b597bad9b', 'symbol': 'PSQ', 'asset_class': 'us_equity', 'notional': None, 'qty': '26', 'filled_qty': '0', 'filled_avg_price': None, 'order_class': '', 'order_type': 'market', 'type': 'market', 'side': 'sell', 'position_intent': 'sell_to_close', 'time_in_force': 'day', 'limit_price': None, 'stop_price': None, 'status': 'pending_new', 'extended_hours': False, 'legs': None, 'trail_percent': None, 'trail_price': None, 'hwm': None, 'subtag': None, 'source': None, 'expires_at': '2026-04-07T20:00:00Z'}"", ""broker_order_id"": ""9fa831f7-f911-45c6-a628-9a5d2f28ac59""}",,26.000000,31.770000,,,system
c1776de2-20f3-4924-9cb5-c8cdf70379f1,organism_exit_PSQ_20260407_0df14a18_t6166,PSQ,sell,13.000000,market,day,filled,2026-04-07 18:03:03.607099+00,2026-04-07 18:03:03.606626+00,2026-04-07 18:03:04.957434+00,a5e0e803-a65c-452f-a8fb-8b00cb2e90c0,"{""tick"": 6166, ""broker"": ""alpaca"", ""reason"": ""pyramid_cut_partial_at_-0.9R"", ""source"": ""organism"", ""status"": ""pending_new"", ""message"": ""Order submitted to Alpaca"", ""success"": ""True"", ""alpaca_response"": ""{'id': 'a5e0e803-a65c-452f-a8fb-8b00cb2e90c0', 'client_order_id': 'organism_exit_PSQ_20260407_0df14a18_t6166', 'created_at': '2026-04-07T18:03:04.507314133Z', 'updated_at': '2026-04-07T18:03:04.508177743Z', 'submitted_at': '2026-04-07T18:03:04.507314133Z', 'filled_at': None, 'expired_at': None, 'canceled_at': None, 'failed_at': None, 'replaced_at': None, 'replaced_by': None, 'replaces': None, 'asset_id': 'b1ff951e-57c6-4878-9001-6a4b597bad9b', 'symbol': 'PSQ', 'asset_class': 'us_equity', 'notional': None, 'qty': '13', 'filled_qty': '0', 'filled_avg_price': None, 'order_class': '', 'order_type': 'market', 'type': 'market', 'side': 'sell', 'position_intent': 'sell_to_close', 'time_in_force': 'day', 'limit_price': None, 'stop_price': None, 'status': 'pending_new', 'extended_hours': False, 'legs': None, 'trail_percent': None, 'trail_price': None, 'hwm': None, 'subtag': None, 'source': None, 'expires_at': '2026-04-07T20:00:00Z'}"", ""broker_order_id"": ""a5e0e803-a65c-452f-a8fb-8b00cb2e90c0""}",,13.000000,31.760000,,,system
92dc1cd6-d5bf-41e6-8463-8e769a48a8bd,organism_exit_PSQ_20260407_0df14a18_t6171,PSQ,sell,7.000000,market,day,filled,2026-04-07 18:04:04.627657+00,2026-04-07 18:04:04.627323+00,2026-04-07 18:04:08.412452+00,8c70fb2c-10a3-433d-8c0d-d76d265fd121,"{""tick"": 6171, ""broker"": ""alpaca"", ""reason"": ""pyramid_cut_partial_at_-0.9R"", ""source"": ""organism"", ""status"": ""pending_new"", ""message"": ""Order submitted to Alpaca"", ""success"": ""True"", ""alpaca_response"": ""{'id': '8c70fb2c-10a3-433d-8c0d-d76d265fd121', 'client_order_id': 'organism_exit_PSQ_20260407_0df14a18_t6171', 'created_at': '2026-04-07T18:04:05.625639424Z', 'updated_at': '2026-04-07T18:04:05.626431804Z', 'submitted_at': '2026-04-07T18:04:05.625639424Z', 'filled_at': None, 'expired_at': None, 'canceled_at': None, 'failed_at': None, 'replaced_at': None, 'replaced_by': None, 'replaces': None, 'asset_id': 'b1ff951e-57c6-4878-9001-6a4b597bad9b', 'symbol': 'PSQ', 'asset_class': 'us_equity', 'notional': None, 'qty': '7', 'filled_qty': '0', 'filled_avg_price': None, 'order_class': '', 'order_type': 'market', 'type': 'market', 'side': 'sell', 'position_intent': 'sell_to_close', 'time_in_force': 'day', 'limit_price': None, 'stop_price': None, 'status': 'pending_new', 'extended_hours': False, 'legs': None, 'trail_percent': None, 'trail_price': None, 'hwm': None, 'subtag': None, 'source': None, 'expires_at': '2026-04-07T20:00:00Z'}"", ""broker_order_id"": ""8c70fb2c-10a3-433d-8c0d-d76d265fd121""}",,7.000000,31.760000,,,system
923ecb9d-47ae-495c-9d67-72dd0aa28396,organism_exit_SPY_20260407_0df14a18_t6181,SPY,sell,2.000000,market,day,filled,2026-04-07 18:06:06.453125+00,2026-04-07 18:06:06.452758+00,2026-04-07 18:06:09.767374+00,5ee1bfaf-b874-4941-9252-925a569ee0b3,"{""tick"": 6181, ""broker"": ""alpaca"", ""reason"": ""pyramid_cut_partial_at_-1.0R"", ""source"": ""organism"", ""status"": ""pending_new"", ""message"": ""Order submitted to Alpaca"", ""success"": ""True"", ""alpaca_response"": ""{'id': '5ee1bfaf-b874-4941-9252-925a569ee0b3', 'client_order_id': 'organism_exit_SPY_20260407_0df14a18_t6181', 'created_at': '2026-04-07T18:06:07.421383328Z', 'updated_at': '2026-04-07T18:06:07.421985498Z', 'submitted_at': '2026-04-07T18:06:07.421383328Z', 'filled_at': None, 'expired_at': None, 'canceled_at': None, 'failed_at': None, 'replaced_at': None, 'replaced_by': None, 'replaces': None, 'asset_id': 'b28f4066-5c6d-479b-a2af-85dc1a8f16fb', 'symbol': 'SPY', 'asset_class': 'us_equity', 'notional': None, 'qty': '2', 'filled_qty': '0', 'filled_avg_price': None, 'order_class': '', 'order_type': 'market', 'type': 'market', 'side': 'sell', 'position_intent': 'sell_to_close', 'time_in_force': 'day', 'limit_price': None, 'stop_price': None, 'status': 'pending_new', 'extended_hours': False, 'legs': None, 'trail_percent': None, 'trail_price': None, 'hwm': None, 'subtag': None, 'source': None, 'expires_at': '2026-04-07T20:00:00Z'}"", ""broker_order_id"": ""5ee1bfaf-b874-4941-9252-925a569ee0b3""}",,2.000000,656.420000,,,system
7f8dcb0d-ee72-42b0-a9fc-b74cc662e263,organism_exit_SPY_20260407_0df14a18_t6186,SPY,sell,2.000000,market,day,filled,2026-04-07 18:07:07.327849+00,2026-04-07 18:07:07.327511+00,2026-04-07 18:07:09.305291+00,b5e8d67e-ea6d-4fde-aae9-082e42b1cdea,"{""tick"": 6186, ""broker"": ""alpaca"", ""reason"": ""pyramid_cut_full_at_-1.4R"", ""source"": ""organism"", ""status"": ""pending_new"", ""message"": ""Order submitted to Alpaca"", ""success"": ""True"", ""alpaca_response"": ""{'id': 'b5e8d67e-ea6d-4fde-aae9-082e42b1cdea', 'client_order_id': 'organism_exit_SPY_20260407_0df14a18_t6186', 'created_at': '2026-04-07T18:07:08.258941738Z', 'updated_at': '2026-04-07T18:07:08.259587798Z', 'submitted_at': '2026-04-07T18:07:08.258941738Z', 'filled_at': None, 'expired_at': None, 'canceled_at': None, 'failed_at': None, 'replaced_at': None, 'replaced_by': None, 'replaces': None, 'asset_id': 'b28f4066-5c6d-479b-a2af-85dc1a8f16fb', 'symbol': 'SPY', 'asset_class': 'us_equity', 'notional': None, 'qty': '2', 'filled_qty': '0', 'filled_avg_price': None, 'order_class': '', 'order_type': 'market', 'type': 'market', 'side': 'sell', 'position_intent': 'sell_to_close', 'time_in_force': 'day', 'limit_price': None, 'stop_price': None, 'status': 'pending_new', 'extended_hours': False, 'legs': None, 'trail_percent': None, 'trail_price': None, 'hwm': None, 'subtag': None, 'source': None, 'expires_at': '2026-04-07T20:00:00Z'}"", ""broker_order_id"": ""b5e8d67e-ea6d-4fde-aae9-082e42b1cdea""}",,2.000000,656.450000,,,system
6efd63ae-2e47-40e7-b04e-b33c33c8c07a,organism_PSQ_20260407_0df14a18_t6191,PSQ,buy,52.000000,limit,day,filled,2026-04-07 18:08:07.52937+00,2026-04-07 18:08:07.528934+00,2026-04-07 18:08:08.938299+00,19de1213-cb7f-4445-b106-a4fb597190ad,"{""tick"": 6191, ""broker"": ""alpaca"", ""reason"": ""pyramid_add"", ""source"": ""organism"", ""status"": ""pending_new"", ""message"": ""Order submitted to Alpaca"", ""success"": ""True"", ""confidence"": 0.7, ""alpaca_response"": ""{'id': '19de1213-cb7f-4445-b106-a4fb597190ad', 'client_order_id': 'organism_PSQ_20260407_0df14a18_t6191', 'created_at': '2026-04-07T18:08:08.496475718Z', 'updated_at': '2026-04-07T18:08:08.497575728Z', 'submitted_at': '2026-04-07T18:08:08.496475718Z', 'filled_at': None, 'expired_at': None, 'canceled_at': None, 'failed_at': None, 'replaced_at': None, 'replaced_by': None, 'replaces': None, 'asset_id': 'b1ff951e-57c6-4878-9001-6a4b597bad9b', 'symbol': 'PSQ', 'asset_class': 'us_equity', 'notional': None, 'qty': '52', 'filled_qty': '0', 'filled_avg_price': None, 'order_class': '', 'order_type': 'limit', 'type': 'limit', 'side': 'buy', 'position_intent': 'buy_to_open', 'time_in_force': 'day', 'limit_price': '31.84', 'stop_price': None, 'status': 'pending_new', 'extended_hours': False, 'legs': None, 'trail_percent': None, 'trail_price': None, 'hwm': None, 'subtag': None, 'source': None, 'expires_at': '2026-04-07T20:00:00Z'}"", ""broker_order_id"": ""19de1213-cb7f-4445-b106-a4fb597190ad""}",,52.000000,31.810000,,,system
c6319d46-a72d-4aed-abb2-f248becb227c,organism_exit_PSQ_20260407_0df14a18_t6201,PSQ,sell,59.000000,market,day,filled,2026-04-07 18:10:08.921411+00,2026-04-07 18:10:08.920467+00,2026-04-07 18:10:11.297258+00,70dc9fff-66f5-4b05-9f52-4170c86f347b,"{""tick"": 6201, ""broker"": ""alpaca"", ""reason"": ""failure_to_follow"", ""source"": ""organism"", ""status"": ""pending_new"", ""message"": ""Order submitted to Alpaca"", ""success"": ""True"", ""alpaca_response"": ""{'id': '70dc9fff-66f5-4b05-9f52-4170c86f347b', 'client_order_id': 'organism_exit_PSQ_20260407_0df14a18_t6201', 'created_at': '2026-04-07T18:10:09.933090541Z', 'updated_at': '2026-04-07T18:10:09.933806821Z', 'submitted_at': '2026-04-07T18:10:09.933090541Z', 'filled_at': None, 'expired_at': None, 'canceled_at': None, 'failed_at': None, 'replaced_at': None, 'replaced_by': None, 'replaces': None, 'asset_id': 'b1ff951e-57c6-4878-9001-6a4b597bad9b', 'symbol': 'PSQ', 'asset_class': 'us_equity', 'notional': None, 'qty': '59', 'filled_qty': '0', 'filled_avg_price': None, 'order_class': '', 'order_type': 'market', 'type': 'market', 'side': 'sell', 'position_intent': 'sell_to_close', 'time_in_force': 'day', 'limit_price': None, 'stop_price': None, 'status': 'pending_new', 'extended_hours': False, 'legs': None, 'trail_percent': None, 'trail_price': None, 'hwm': None, 'subtag': None, 'source': None, 'expires_at': '2026-04-07T20:00:00Z'}"", ""broker_order_id"": ""70dc9fff-66f5-4b05-9f52-4170c86f347b""}",,59.000000,31.790000,,,system
a0b5e223-0b56-42f5-9613-8afd4c2e0e95,organism_XLE_20260407_0df14a18_t6255,XLE,buy,55.000000,limit,day,filled,2026-04-07 18:21:03.25681+00,2026-04-07 18:21:03.256014+00,2026-04-07 18:21:07.468349+00,5753d536-0b96-4652-bbb6-fb9d6bb1aa15,"{""tick"": 6255, ""broker"": ""alpaca"", ""reason"": ""organism_entry"", ""source"": ""organism"", ""status"": ""pending_new"", ""message"": ""Order submitted to Alpaca"", ""success"": ""True"", ""confidence"": 0.28, ""alpaca_response"": ""{'id': '5753d536-0b96-4652-bbb6-fb9d6bb1aa15', 'client_order_id': 'organism_XLE_20260407_0df14a18_t6255', 'created_at': '2026-04-07T18:21:03.624170432Z', 'updated_at': '2026-04-07T18:21:03.624829442Z', 'submitted_at': '2026-04-07T18:21:03.624170432Z', 'filled_at': None, 'expired_at': None, 'canceled_at': None, 'failed_at': None, 'replaced_at': None, 'replaced_by': None, 'replaces': None, 'asset_id': '2dda3c96-2138-4313-b15b-dd870c7e0ea8', 'symbol': 'XLE', 'asset_class': 'us_equity', 'notional': None, 'qty': '55', 'filled_qty': '0', 'filled_avg_price': None, 'order_class': '', 'order_type': 'limit', 'type': 'limit', 'side': 'buy', 'position_intent': 'buy_to_open', 'time_in_force': 'day', 'limit_price': '59.99', 'stop_price': None, 'status': 'pending_new', 'extended_hours': False, 'legs': None, 'trail_percent': None, 'trail_price': None, 'hwm': None, 'subtag': None, 'source': None, 'expires_at': '2026-04-07T20:00:00Z'}"", ""broker_order_id"": ""5753d536-0b96-4652-bbb6-fb9d6bb1aa15""}",,55.000000,59.931091,,,system
af34ec7e-6e4a-443b-bc24-357fada5139d,organism_SPY_20260407_0df14a18_t6295,SPY,buy,4.000000,limit,day,filled,2026-04-07 18:29:08.541524+00,2026-04-07 18:29:08.541165+00,2026-04-07 18:29:10.638911+00,3e6fe615-7bde-4e4c-a363-08978ed82185,"{""tick"": 6295, ""broker"": ""alpaca"", ""reason"": ""organism_entry"", ""source"": ""organism"", ""status"": ""pending_new"", ""message"": ""Order submitted to Alpaca"", ""success"": ""True"", ""confidence"": 0.28, ""alpaca_response"": ""{'id': '3e6fe615-7bde-4e4c-a363-08978ed82185', 'client_order_id': 'organism_SPY_20260407_0df14a18_t6295', 'created_at': '2026-04-07T18:29:08.921789787Z', 'updated_at': '2026-04-07T18:29:08.922746947Z', 'submitted_at': '2026-04-07T18:29:08.921789787Z', 'filled_at': None, 'expired_at': None, 'canceled_at': None, 'failed_at': None, 'replaced_at': None, 'replaced_by': None, 'replaces': None, 'asset_id': 'b28f4066-5c6d-479b-a2af-85dc1a8f16fb', 'symbol': 'SPY', 'asset_class': 'us_equity', 'notional': None, 'qty': '4', 'filled_qty': '0', 'filled_avg_price': None, 'order_class': '', 'order_type': 'limit', 'type': 'limit', 'side': 'buy', 'position_intent': 'buy_to_open', 'time_in_force': 'day', 'limit_price': '656.83', 'stop_price': None, 'status': 'pending_new', 'extended_hours': False, 'legs': None, 'trail_percent': None, 'trail_price': None, 'hwm': None, 'subtag': None, 'source': None, 'expires_at': '2026-04-07T20:00:00Z'}"", ""broker_order_id"": ""3e6fe615-7bde-4e4c-a363-08978ed82185""}",,4.000000,656.192500,,,system
69df4b9a-3f69-4c75-bc40-824b66e3cf69,organism_exit_XLE_20260407_0df14a18_t6305,XLE,sell,27.000000,market,day,filled,2026-04-07 18:31:09.709362+00,2026-04-07 18:31:09.70896+00,2026-04-07 18:31:13.556031+00,3a248300-55fd-42e6-b2e3-96282ff83bf4,"{""tick"": 6305, ""broker"": ""alpaca"", ""reason"": ""pyramid_cut_partial_at_-0.9R"", ""source"": ""organism"", ""status"": ""pending_new"", ""message"": ""Order submitted to Alpaca"", ""success"": ""True"", ""alpaca_response"": ""{'id': '3a248300-55fd-42e6-b2e3-96282ff83bf4', 'client_order_id': 'organism_exit_XLE_20260407_0df14a18_t6305', 'created_at': '2026-04-07T18:31:10.610228393Z', 'updated_at': '2026-04-07T18:31:10.610761053Z', 'submitted_at': '2026-04-07T18:31:10.610228393Z', 'filled_at': None, 'expired_at': None, 'canceled_at': None, 'failed_at': None, 'replaced_at': None, 'replaced_by': None, 'replaces': None, 'asset_id': '2dda3c96-2138-4313-b15b-dd870c7e0ea8', 'symbol': 'XLE', 'asset_class': 'us_equity', 'notional': None, 'qty': '27', 'filled_qty': '0', 'filled_avg_price': None, 'order_class': '', 'order_type': 'market', 'type': 'market', 'side': 'sell', 'position_intent': 'sell_to_close', 'time_in_force': 'day', 'limit_price': None, 'stop_price': None, 'status': 'pending_new', 'extended_hours': False, 'legs': None, 'trail_percent': None, 'trail_price': None, 'hwm': None, 'subtag': None, 'source': None, 'expires_at': '2026-04-07T20:00:00Z'}"", ""broker_order_id"": ""3a248300-55fd-42e6-b2e3-96282ff83bf4""}",,27.000000,59.880000,,,system
4c254268-fe36-424d-9a29-e8c4f7497ab1,organism_exit_XLE_20260407_0df14a18_t6310,XLE,sell,28.000000,market,day,filled,2026-04-07 18:32:10.866696+00,2026-04-07 18:32:10.866223+00,2026-04-07 18:32:12.469475+00,12f14c1b-feb6-460d-a293-8663d975145b,"{""tick"": 6310, ""broker"": ""alpaca"", ""reason"": ""failure_to_follow"", ""source"": ""organism"", ""status"": ""pending_new"", ""message"": ""Order submitted to Alpaca"", ""success"": ""True"", ""alpaca_response"": ""{'id': '12f14c1b-feb6-460d-a293-8663d975145b', 'client_order_id': 'organism_exit_XLE_20260407_0df14a18_t6310', 'created_at': '2026-04-07T18:32:11.948311633Z', 'updated_at': '2026-04-07T18:32:11.955804473Z', 'submitted_at': '2026-04-07T18:32:11.948311633Z', 'filled_at': None, 'expired_at': None, 'canceled_at': None, 'failed_at': None, 'replaced_at': None, 'replaced_by': None, 'replaces': None, 'asset_id': '2dda3c96-2138-4313-b15b-dd870c7e0ea8', 'symbol': 'XLE', 'asset_class': 'us_equity', 'notional': None, 'qty': '28', 'filled_qty': '0', 'filled_avg_price': None, 'order_class': '', 'order_type': 'market', 'type': 'market', 'side': 'sell', 'position_intent': 'sell_to_close', 'time_in_force': 'day', 'limit_price': None, 'stop_price': None, 'status': 'pending_new', 'extended_hours': False, 'legs': None, 'trail_percent': None, 'trail_price': None, 'hwm': None, 'subtag': None, 'source': None, 'expires_at': '2026-04-07T20:00:00Z'}"", ""broker_order_id"": ""12f14c1b-feb6-460d-a293-8663d975145b""}",,28.000000,59.880000,,,system
bf501230-d8a8-4302-9114-411ec8720536,organism_exit_SPY_20260407_0df14a18_t6339,SPY,sell,2.000000,market,day,filled,2026-04-07 18:38:03.336657+00,2026-04-07 18:38:03.33474+00,2026-04-07 18:38:06.422503+00,40b55391-3fce-408e-b7bc-021cd59e057c,"{""tick"": 6339, ""broker"": ""alpaca"", ""reason"": ""pyramid_cut_partial_at_-0.8R"", ""source"": ""organism"", ""status"": ""pending_new"", ""message"": ""Order submitted to Alpaca"", ""success"": ""True"", ""alpaca_response"": ""{'id': '40b55391-3fce-408e-b7bc-021cd59e057c', 'client_order_id': 'organism_exit_SPY_20260407_0df14a18_t6339', 'created_at': '2026-04-07T18:38:04.354797959Z', 'updated_at': '2026-04-07T18:38:04.355478879Z', 'submitted_at': '2026-04-07T18:38:04.354797959Z', 'filled_at': None, 'expired_at': None, 'canceled_at': None, 'failed_at': None, 'replaced_at': None, 'replaced_by': None, 'replaces': None, 'asset_id': 'b28f4066-5c6d-479b-a2af-85dc1a8f16fb', 'symbol': 'SPY', 'asset_class': 'us_equity', 'notional': None, 'qty': '2', 'filled_qty': '0', 'filled_avg_price': None, 'order_class': '', 'order_type': 'market', 'type': 'market', 'side': 'sell', 'position_intent': 'sell_to_close', 'time_in_force': 'day', 'limit_price': None, 'stop_price': None, 'status': 'pending_new', 'extended_hours': False, 'legs': None, 'trail_percent': None, 'trail_price': None, 'hwm': None, 'subtag': None, 'source': None, 'expires_at': '2026-04-07T20:00:00Z'}"", ""broker_order_id"": ""40b55391-3fce-408e-b7bc-021cd59e057c""}",,2.000000,655.960000,,,system
4680f2a6-c5c8-490c-a9ef-9572ba7fcfb5,organism_exit_SPY_20260407_0df14a18_t6344,SPY,sell,1.000000,market,day,filled,2026-04-07 18:39:04.131679+00,2026-04-07 18:39:04.13129+00,2026-04-07 18:39:06.7669+00,a67611a7-41e7-4970-aff5-9d448db9fefb,"{""tick"": 6344, ""broker"": ""alpaca"", ""reason"": ""pyramid_cut_partial_at_-1.0R"", ""source"": ""organism"", ""status"": ""pending_new"", ""message"": ""Order submitted to Alpaca"", ""success"": ""True"", ""alpaca_response"": ""{'id': 'a67611a7-41e7-4970-aff5-9d448db9fefb', 'client_order_id': 'organism_exit_SPY_20260407_0df14a18_t6344', 'created_at': '2026-04-07T18:39:05.160122351Z', 'updated_at': '2026-04-07T18:39:05.160689501Z', 'submitted_at': '2026-04-07T18:39:05.160122351Z', 'filled_at': None, 'expired_at': None, 'canceled_at': None, 'failed_at': None, 'replaced_at': None, 'replaced_by': None, 'replaces': None, 'asset_id': 'b28f4066-5c6d-479b-a2af-85dc1a8f16fb', 'symbol': 'SPY', 'asset_class': 'us_equity', 'notional': None, 'qty': '1', 'filled_qty': '0', 'filled_avg_price': None, 'order_class': '', 'order_type': 'market', 'type': 'market', 'side': 'sell', 'position_intent': 'sell_to_close', 'time_in_force': 'day', 'limit_price': None, 'stop_price': None, 'status': 'pending_new', 'extended_hours': False, 'legs': None, 'trail_percent': None, 'trail_price': None, 'hwm': None, 'subtag': None, 'source': None, 'expires_at': '2026-04-07T20:00:00Z'}"", ""broker_order_id"": ""a67611a7-41e7-4970-aff5-9d448db9fefb""}",,1.000000,655.880000,,,system
e59be012-2ef8-4988-b589-38a3bc3c20c1,organism_exit_SPY_20260407_0df14a18_t6349,SPY,sell,1.000000,market,day,filled,2026-04-07 18:40:04.756556+00,2026-04-07 18:40:04.756078+00,2026-04-07 18:40:07.023615+00,3fed4ee2-02b2-434a-9ba3-1db3c6214aef,"{""tick"": 6349, ""broker"": ""alpaca"", ""reason"": ""pyramid_cut_partial_at_-0.8R"", ""source"": ""organism"", ""status"": ""pending_new"", ""message"": ""Order submitted to Alpaca"", ""success"": ""True"", ""alpaca_response"": ""{'id': '3fed4ee2-02b2-434a-9ba3-1db3c6214aef', 'client_order_id': 'organism_exit_SPY_20260407_0df14a18_t6349', 'created_at': '2026-04-07T18:40:05.718282198Z', 'updated_at': '2026-04-07T18:40:05.718957037Z', 'submitted_at': '2026-04-07T18:40:05.718282198Z', 'filled_at': None, 'expired_at': None, 'canceled_at': None, 'failed_at': None, 'replaced_at': None, 'replaced_by': None, 'replaces': None, 'asset_id': 'b28f4066-5c6d-479b-a2af-85dc1a8f16fb', 'symbol': 'SPY', 'asset_class': 'us_equity', 'notional': None, 'qty': '1', 'filled_qty': '0', 'filled_avg_price': None, 'order_class': '', 'order_type': 'market', 'type': 'market', 'side': 'sell', 'position_intent': 'sell_to_close', 'time_in_force': 'day', 'limit_price': None, 'stop_price': None, 'status': 'pending_new', 'extended_hours': False, 'legs': None, 'trail_percent': None, 'trail_price': None, 'hwm': None, 'subtag': None, 'source': None, 'expires_at': '2026-04-07T20:00:00Z'}"", ""broker_order_id"": ""3fed4ee2-02b2-434a-9ba3-1db3c6214aef""}",,1.000000,655.900000,,,system
a6d33a79-7aa1-4c89-abb7-3d35326cd9ed,organism_XLE_20260407_0df14a18_t6493,XLE,buy,55.000000,limit,day,filled,2026-04-07 19:09:04.974752+00,2026-04-07 19:09:04.974293+00,2026-04-07 19:09:07.944057+00,cba3e1e0-1f15-4008-b251-7c10ef3ca214,"{""tick"": 6493, ""broker"": ""alpaca"", ""reason"": ""organism_entry"", ""source"": ""organism"", ""status"": ""pending_new"", ""message"": ""Order submitted to Alpaca"", ""success"": ""True"", ""confidence"": 0.28, ""alpaca_response"": ""{'id': 'cba3e1e0-1f15-4008-b251-7c10ef3ca214', 'client_order_id': 'organism_XLE_20260407_0df14a18_t6493', 'created_at': '2026-04-07T19:09:05.332664483Z', 'updated_at': '2026-04-07T19:09:05.333257603Z', 'submitted_at': '2026-04-07T19:09:05.332664483Z', 'filled_at': None, 'expired_at': None, 'canceled_at': None, 'failed_at': None, 'replaced_at': None, 'replaced_by': None, 'replaces': None, 'asset_id': '2dda3c96-2138-4313-b15b-dd870c7e0ea8', 'symbol': 'XLE', 'asset_class': 'us_equity', 'notional': None, 'qty': '55', 'filled_qty': '0', 'filled_avg_price': None, 'order_class': '', 'order_type': 'limit', 'type': 'limit', 'side': 'buy', 'position_intent': 'buy_to_open', 'time_in_force': 'day', 'limit_price': '60.06', 'stop_price': None, 'status': 'pending_new', 'extended_hours': False, 'legs': None, 'trail_percent': None, 'trail_price': None, 'hwm': None, 'subtag': None, 'source': None, 'expires_at': '2026-04-07T20:00:00Z'}"", ""broker_order_id"": ""cba3e1e0-1f15-4008-b251-7c10ef3ca214""}",,55.000000,60.000000,,,system
9271abef-5961-4b9a-a972-68059b104360,organism_SH_20260407_0df14a18_t6508,SH,buy,88.000000,limit,day,filled,2026-04-07 19:12:06.975188+00,2026-04-07 19:12:06.974867+00,2026-04-07 19:12:08.358425+00,dd8ac7d0-f1e8-40a9-b462-9b9599861425,"{""tick"": 6508, ""broker"": ""alpaca"", ""reason"": ""organism_entry"", ""source"": ""organism"", ""status"": ""pending_new"", ""message"": ""Order submitted to Alpaca"", ""success"": ""True"", ""confidence"": 0.28, ""alpaca_response"": ""{'id': 'dd8ac7d0-f1e8-40a9-b462-9b9599861425', 'client_order_id': 'organism_SH_20260407_0df14a18_t6508', 'created_at': '2026-04-07T19:12:07.343033182Z', 'updated_at': '2026-04-07T19:12:07.344011462Z', 'submitted_at': '2026-04-07T19:12:07.343033182Z', 'filled_at': None, 'expired_at': None, 'canceled_at': None, 'failed_at': None, 'replaced_at': None, 'replaced_by': None, 'replaces': None, 'asset_id': '2de017f1-e3fb-4efd-87d8-5635b424c7ce', 'symbol': 'SH', 'asset_class': 'us_equity', 'notional': None, 'qty': '88', 'filled_qty': '0', 'filled_avg_price': None, 'order_class': '', 'order_type': 'limit', 'type': 'limit', 'side': 'buy', 'position_intent': 'buy_to_open', 'time_in_force': 'day', 'limit_price': '37.77', 'stop_price': None, 'status': 'pending_new', 'extended_hours': False, 'legs': None, 'trail_percent': None, 'trail_price': None, 'hwm': None, 'subtag': None, 'source': None, 'expires_at': '2026-04-07T20:00:00Z'}"", ""broker_order_id"": ""dd8ac7d0-f1e8-40a9-b462-9b9599861425""}",,88.000000,37.730000,,,system
578ad6f1-ce1a-4922-a4f9-29ba39f532d6,organism_XLE_20260407_0df14a18_t6523,XLE,buy,27.000000,limit,day,filled,2026-04-07 19:15:09.334551+00,2026-04-07 19:15:09.333912+00,2026-04-07 19:15:10.966028+00,b7328d0f-5f3b-4b39-b229-0039f64f5beb,"{""tick"": 6523, ""broker"": ""alpaca"", ""reason"": ""pyramid_add"", ""source"": ""organism"", ""status"": ""pending_new"", ""message"": ""Order submitted to Alpaca"", ""success"": ""True"", ""confidence"": 0.7, ""alpaca_response"": ""{'id': 'b7328d0f-5f3b-4b39-b229-0039f64f5beb', 'client_order_id': 'organism_XLE_20260407_0df14a18_t6523', 'created_at': '2026-04-07T19:15:10.248596129Z', 'updated_at': '2026-04-07T19:15:10.252979779Z', 'submitted_at': '2026-04-07T19:15:10.248596129Z', 'filled_at': None, 'expired_at': None, 'canceled_at': None, 'failed_at': None, 'replaced_at': None, 'replaced_by': None, 'replaces': None, 'asset_id': '2dda3c96-2138-4313-b15b-dd870c7e0ea8', 'symbol': 'XLE', 'asset_class': 'us_equity', 'notional': None, 'qty': '27', 'filled_qty': '0', 'filled_avg_price': None, 'order_class': '', 'order_type': 'limit', 'type': 'limit', 'side': 'buy', 'position_intent': 'buy_to_open', 'time_in_force': 'day', 'limit_price': '60.18', 'stop_price': None, 'status': 'pending_new', 'extended_hours': False, 'legs': None, 'trail_percent': None, 'trail_price': None, 'hwm': None, 'subtag': None, 'source': None, 'expires_at': '2026-04-07T20:00:00Z'}"", ""broker_order_id"": ""b7328d0f-5f3b-4b39-b229-0039f64f5beb""}",,27.000000,60.120000,,,system
d7b59ab6-d97f-452a-8061-5475208a7930,organism_exit_SH_20260407_0df14a18_t6528,SH,sell,88.000000,market,day,filled,2026-04-07 19:16:10.894803+00,2026-04-07 19:16:10.894187+00,2026-04-07 19:16:12.504475+00,2f4b99c9-4dd4-4595-a15b-1d172c903a1f,"{""tick"": 6528, ""broker"": ""alpaca"", ""reason"": ""pyramid_cut_full_at_-1.3R"", ""source"": ""organism"", ""status"": ""pending_new"", ""message"": ""Order submitted to Alpaca"", ""success"": ""True"", ""alpaca_response"": ""{'id': '2f4b99c9-4dd4-4595-a15b-1d172c903a1f', 'client_order_id': 'organism_exit_SH_20260407_0df14a18_t6528', 'created_at': '2026-04-07T19:16:11.882846625Z', 'updated_at': '2026-04-07T19:16:11.883470855Z', 'submitted_at': '2026-04-07T19:16:11.882846625Z', 'filled_at': None, 'expired_at': None, 'canceled_at': None, 'failed_at': None, 'replaced_at': None, 'replaced_by': None, 'replaces': None, 'asset_id': '2de017f1-e3fb-4efd-87d8-5635b424c7ce', 'symbol': 'SH', 'asset_class': 'us_equity', 'notional': None, 'qty': '88', 'filled_qty': '0', 'filled_avg_price': None, 'order_class': '', 'order_type': 'market', 'type': 'market', 'side': 'sell', 'position_intent': 'sell_to_close', 'time_in_force': 'day', 'limit_price': None, 'stop_price': None, 'status': 'pending_new', 'extended_hours': False, 'legs': None, 'trail_percent': None, 'trail_price': None, 'hwm': None, 'subtag': None, 'source': None, 'expires_at': '2026-04-07T20:00:00Z'}"", ""broker_order_id"": ""2f4b99c9-4dd4-4595-a15b-1d172c903a1f""}",,88.000000,37.700000,,,system
94198cc3-810c-4f54-b911-05c6ce6ca1f4,organism_XLE_20260407_0df14a18_t6567,XLE,buy,27.000000,limit,day,filled,2026-04-07 19:24:05.845239+00,2026-04-07 19:24:05.844837+00,2026-04-07 19:24:07.436021+00,a422be81-5b65-4d04-8912-98ea63dfbbce,"{""tick"": 6567, ""broker"": ""alpaca"", ""reason"": ""pyramid_add"", ""source"": ""organism"", ""status"": ""pending_new"", ""message"": ""Order submitted to Alpaca"", ""success"": ""True"", ""confidence"": 0.7, ""alpaca_response"": ""{'id': 'a422be81-5b65-4d04-8912-98ea63dfbbce', 'client_order_id': 'organism_XLE_20260407_0df14a18_t6567', 'created_at': '2026-04-07T19:24:06.902076181Z', 'updated_at': '2026-04-07T19:24:06.903246441Z', 'submitted_at': '2026-04-07T19:24:06.902076181Z', 'filled_at': None, 'expired_at': None, 'canceled_at': None, 'failed_at': None, 'replaced_at': None, 'replaced_by': None, 'replaces': None, 'asset_id': '2dda3c96-2138-4313-b15b-dd870c7e0ea8', 'symbol': 'XLE', 'asset_class': 'us_equity', 'notional': None, 'qty': '27', 'filled_qty': '0', 'filled_avg_price': None, 'order_class': '', 'order_type': 'limit', 'type': 'limit', 'side': 'buy', 'position_intent': 'buy_to_open', 'time_in_force': 'day', 'limit_price': '60.2', 'stop_price': None, 'status': 'pending_new', 'extended_hours': False, 'legs': None, 'trail_percent': None, 'trail_price': None, 'hwm': None, 'subtag': None, 'source': None, 'expires_at': '2026-04-07T20:00:00Z'}"", ""broker_order_id"": ""a422be81-5b65-4d04-8912-98ea63dfbbce""}",,27.000000,60.130000,,,system
815a930b-8022-4dc1-906d-d4c5f8d7b553,organism_exit_XLE_20260407_0df14a18_t6577,XLE,sell,109.000000,market,day,filled,2026-04-07 19:26:07.332122+00,2026-04-07 19:26:07.331067+00,2026-04-07 19:26:10.154077+00,b2af1447-4dff-4344-9808-6eeab0e84d76,"{""tick"": 6577, ""broker"": ""alpaca"", ""reason"": ""horizon_timeout"", ""source"": ""organism"", ""status"": ""pending_new"", ""message"": ""Order submitted to Alpaca"", ""success"": ""True"", ""alpaca_response"": ""{'id': 'b2af1447-4dff-4344-9808-6eeab0e84d76', 'client_order_id': 'organism_exit_XLE_20260407_0df14a18_t6577', 'created_at': '2026-04-07T19:26:08.337827837Z', 'updated_at': '2026-04-07T19:26:08.338444027Z', 'submitted_at': '2026-04-07T19:26:08.337827837Z', 'filled_at': None, 'expired_at': None, 'canceled_at': None, 'failed_at': None, 'replaced_at': None, 'replaced_by': None, 'replaces': None, 'asset_id': '2dda3c96-2138-4313-b15b-dd870c7e0ea8', 'symbol': 'XLE', 'asset_class': 'us_equity', 'notional': None, 'qty': '109', 'filled_qty': '0', 'filled_avg_price': None, 'order_class': '', 'order_type': 'market', 'type': 'market', 'side': 'sell', 'position_intent': 'sell_to_close', 'time_in_force': 'day', 'limit_price': None, 'stop_price': None, 'status': 'pending_new', 'extended_hours': False, 'legs': None, 'trail_percent': None, 'trail_price': None, 'hwm': None, 'subtag': None, 'source': None, 'expires_at': '2026-04-07T20:00:00Z'}"", ""broker_order_id"": ""b2af1447-4dff-4344-9808-6eeab0e84d76""}",,109.000000,60.090000,,,system
fc6cf061-6d1d-4096-9c9f-0ae5ffe7f007,organism_PSQ_20260407_0df14a18_t6665,PSQ,buy,105.000000,limit,day,filled,2026-04-07 19:44:01.656302+00,2026-04-07 19:44:01.655747+00,2026-04-07 19:44:02.595799+00,e2528299-d7d8-4907-82bf-4aa43dfa59c3,"{""tick"": 6665, ""broker"": ""alpaca"", ""reason"": ""organism_entry"", ""source"": ""organism"", ""status"": ""pending_new"", ""message"": ""Order submitted to Alpaca"", ""success"": ""True"", ""confidence"": 0.28, ""alpaca_response"": ""{'id': 'e2528299-d7d8-4907-82bf-4aa43dfa59c3', 'client_order_id': 'organism_PSQ_20260407_0df14a18_t6665', 'created_at': '2026-04-07T19:44:02.033487777Z', 'updated_at': '2026-04-07T19:44:02.034342307Z', 'submitted_at': '2026-04-07T19:44:02.033487777Z', 'filled_at': None, 'expired_at': None, 'canceled_at': None, 'failed_at': None, 'replaced_at': None, 'replaced_by': None, 'replaces': None, 'asset_id': 'b1ff951e-57c6-4878-9001-6a4b597bad9b', 'symbol': 'PSQ', 'asset_class': 'us_equity', 'notional': None, 'qty': '105', 'filled_qty': '0', 'filled_avg_price': None, 'order_class': '', 'order_type': 'limit', 'type': 'limit', 'side': 'buy', 'position_intent': 'buy_to_open', 'time_in_force': 'day', 'limit_price': '31.82', 'stop_price': None, 'status': 'pending_new', 'extended_hours': False, 'legs': None, 'trail_percent': None, 'trail_price': None, 'hwm': None, 'subtag': None, 'source': None, 'expires_at': '2026-04-07T20:00:00Z'}"", ""broker_order_id"": ""e2528299-d7d8-4907-82bf-4aa43dfa59c3""}",,105.000000,31.790000,,,system
fb0acf2c-3b7d-4cd5-ac1a-24f061b6b1ba,organism_exit_PSQ_20260407_0df14a18_t6676,PSQ,sell,105.000000,market,day,filled,2026-04-07 19:46:14.371352+00,2026-04-07 19:46:14.37087+00,2026-04-07 19:46:20.066975+00,b2fdec4f-6ba9-4db0-a532-7c7f1c532d39,"{""tick"": 6676, ""broker"": ""alpaca"", ""reason"": ""stop_loss"", ""source"": ""organism"", ""status"": ""pending_new"", ""message"": ""Order submitted to Alpaca"", ""success"": ""True"", ""alpaca_response"": ""{'id': 'b2fdec4f-6ba9-4db0-a532-7c7f1c532d39', 'client_order_id': 'organism_exit_PSQ_20260407_0df14a18_t6676', 'created_at': '2026-04-07T19:46:14.789943179Z', 'updated_at': '2026-04-07T19:46:14.790927529Z', 'submitted_at': '2026-04-07T19:46:14.789943179Z', 'filled_at': None, 'expired_at': None, 'canceled_at': None, 'failed_at': None, 'replaced_at': None, 'replaced_by': None, 'replaces': None, 'asset_id': 'b1ff951e-57c6-4878-9001-6a4b597bad9b', 'symbol': 'PSQ', 'asset_class': 'us_equity', 'notional': None, 'qty': '105', 'filled_qty': '0', 'filled_avg_price': None, 'order_class': '', 'order_type': 'market', 'type': 'market', 'side': 'sell', 'position_intent': 'sell_to_close', 'time_in_force': 'day', 'limit_price': None, 'stop_price': None, 'status': 'pending_new', 'extended_hours': False, 'legs': None, 'trail_percent': None, 'trail_price': None, 'hwm': None, 'subtag': None, 'source': None, 'expires_at': '2026-04-07T20:00:00Z'}"", ""broker_order_id"": ""b2fdec4f-6ba9-4db0-a532-7c7f1c532d39""}",,105.000000,31.669143,,,system
0f6b2ac8-3eb3-4528-9a6a-ab8df65f933d,organism_XLE_20260408_0df14a18_t6766,XLE,buy,58.000000,limit,day,filled,2026-04-08 13:29:11.469426+00,2026-04-08 13:29:11.46787+00,2026-04-08 13:33:57.889773+00,d39e93ee-5db2-4c68-8d8d-002ce648fd64,"{""tick"": 6766, ""broker"": ""alpaca"", ""reason"": ""organism_entry"", ""source"": ""organism"", ""status"": ""pending_new"", ""message"": ""Order submitted to Alpaca"", ""success"": ""True"", ""confidence"": 0.28, ""alpaca_response"": ""{'id': 'd39e93ee-5db2-4c68-8d8d-002ce648fd64', 'client_order_id': 'organism_XLE_20260408_0df14a18_t6766', 'created_at': '2026-04-08T13:29:11.818871651Z', 'updated_at': '2026-04-08T13:29:11.819601001Z', 'submitted_at': '2026-04-08T13:29:11.818871651Z', 'filled_at': None, 'expired_at': None, 'canceled_at': None, 'failed_at': None, 'replaced_at': None, 'replaced_by': None, 'replaces': None, 'asset_id': '2dda3c96-2138-4313-b15b-dd870c7e0ea8', 'symbol': 'XLE', 'asset_class': 'us_equity', 'notional': None, 'qty': '58', 'filled_qty': '0', 'filled_avg_price': None, 'order_class': '', 'order_type': 'limit', 'type': 'limit', 'side': 'buy', 'position_intent': 'buy_to_open', 'time_in_force': 'day', 'limit_price': '56.94', 'stop_price': None, 'status': 'pending_new', 'extended_hours': False, 'legs': None, 'trail_percent': None, 'trail_price': None, 'hwm': None, 'subtag': None, 'source': None, 'expires_at': '2026-04-08T20:00:00Z'}"", ""broker_order_id"": ""d39e93ee-5db2-4c68-8d8d-002ce648fd64""}",,58.000000,56.459310,,,system
90d126a4-4c37-4fdd-b467-b92ca5d07408,organism_exit_XLE_20260408_0df14a18_t6789,XLE,sell,21.000000,market,day,filled,2026-04-08 13:33:47.919444+00,2026-04-08 13:33:47.915954+00,2026-04-08 13:36:11.595095+00,b92895f0-adb4-4d94-802c-83db203c27c5,"{""tick"": 6789, ""broker"": ""alpaca"", ""reason"": ""stop_loss"", ""source"": ""organism"", ""status"": ""pending_new"", ""message"": ""Order submitted to Alpaca"", ""success"": ""True"", ""alpaca_response"": ""{'id': 'b92895f0-adb4-4d94-802c-83db203c27c5', 'client_order_id': 'organism_exit_XLE_20260408_0df14a18_t6789', 'created_at': '2026-04-08T13:34:04.916871992Z', 'updated_at': '2026-04-08T13:34:04.917834302Z', 'submitted_at': '2026-04-08T13:34:04.916871992Z', 'filled_at': None, 'expired_at': None, 'canceled_at': None, 'failed_at': None, 'replaced_at': None, 'replaced_by': None, 'replaces': None, 'asset_id': '2dda3c96-2138-4313-b15b-dd870c7e0ea8', 'symbol': 'XLE', 'asset_class': 'us_equity', 'notional': None, 'qty': '21', 'filled_qty': '0', 'filled_avg_price': None, 'order_class': '', 'order_type': 'market', 'type': 'market', 'side': 'sell', 'position_intent': 'sell_to_close', 'time_in_force': 'day', 'limit_price': None, 'stop_price': None, 'status': 'pending_new', 'extended_hours': False, 'legs': None, 'trail_percent': None, 'trail_price': None, 'hwm': None, 'subtag': None, 'source': None, 'expires_at': '2026-04-08T20:00:00Z'}"", ""broker_order_id"": ""b92895f0-adb4-4d94-802c-83db203c27c5""}",,21.000000,56.317619,,,system
e26edc97-74c6-48a7-ae6b-8ca8e21c78c3,organism_exit_XLE_20260408_0df14a18_t6801,XLE,sell,37.000000,market,day,filled,2026-04-08 13:36:11.743239+00,2026-04-08 13:36:11.741497+00,2026-04-08 13:37:03.818245+00,22a03084-b810-43d4-a11f-c137d75638b8,"{""tick"": 6801, ""broker"": ""alpaca"", ""reason"": ""stop_loss"", ""source"": ""organism"", ""status"": ""pending_new"", ""message"": ""Order submitted to Alpaca"", ""success"": ""True"", ""alpaca_response"": ""{'id': '22a03084-b810-43d4-a11f-c137d75638b8', 'client_order_id': 'organism_exit_XLE_20260408_0df14a18_t6801', 'created_at': '2026-04-08T13:36:11.991359462Z', 'updated_at': '2026-04-08T13:36:11.991883702Z', 'submitted_at': '2026-04-08T13:36:11.991359462Z', 'filled_at': None, 'expired_at': None, 'canceled_at': None, 'failed_at': None, 'replaced_at': None, 'replaced_by': None, 'replaces': None, 'asset_id': '2dda3c96-2138-4313-b15b-dd870c7e0ea8', 'symbol': 'XLE', 'asset_class': 'us_equity', 'notional': None, 'qty': '37', 'filled_qty': '0', 'filled_avg_price': None, 'order_class': '', 'order_type': 'market', 'type': 'market', 'side': 'sell', 'position_intent': 'sell_to_close', 'time_in_force': 'day', 'limit_price': None, 'stop_price': None, 'status': 'pending_new', 'extended_hours': False, 'legs': None, 'trail_percent': None, 'trail_price': None, 'hwm': None, 'subtag': None, 'source': None, 'expires_at': '2026-04-08T20:00:00Z'}"", ""broker_order_id"": ""22a03084-b810-43d4-a11f-c137d75638b8""}",,37.000000,56.320000,,,system
8960ae20-23c2-4036-b3c7-f8660f3b5bbe,organism_exit_XLE_20260408_0df14a18_t6804,XLE,sell,37.000000,market,day,filled,2026-04-08 13:36:47.828108+00,2026-04-08 13:36:47.826052+00,2026-04-08 13:37:42.175857+00,7d9b18b0-d0a2-4ac4-95b7-5ac7a430f848,"{""tick"": 6804, ""broker"": ""alpaca"", ""reason"": ""stop_loss"", ""source"": ""organism"", ""status"": ""pending_new"", ""message"": ""Order submitted to Alpaca"", ""success"": ""True"", ""alpaca_response"": ""{'id': '7d9b18b0-d0a2-4ac4-95b7-5ac7a430f848', 'client_order_id': 'organism_exit_XLE_20260408_0df14a18_t6804', 'created_at': '2026-04-08T13:37:05.254286384Z', 'updated_at': '2026-04-08T13:37:05.255266424Z', 'submitted_at': '2026-04-08T13:37:05.254286384Z', 'filled_at': None, 'expired_at': None, 'canceled_at': None, 'failed_at': None, 'replaced_at': None, 'replaced_by': None, 'replaces': None, 'asset_id': '2dda3c96-2138-4313-b15b-dd870c7e0ea8', 'symbol': 'XLE', 'asset_class': 'us_equity', 'notional': None, 'qty': '37', 'filled_qty': '0', 'filled_avg_price': None, 'order_class': '', 'order_type': 'market', 'type': 'market', 'side': 'sell', 'position_intent': 'sell_to_open', 'time_in_force': 'day', 'limit_price': None, 'stop_price': None, 'status': 'pending_new', 'extended_hours': False, 'legs': None, 'trail_percent': None, 'trail_price': None, 'hwm': None, 'subtag': None, 'source': None, 'expires_at': '2026-04-08T20:00:00Z'}"", ""broker_order_id"": ""7d9b18b0-d0a2-4ac4-95b7-5ac7a430f848""}",,37.000000,56.520000,,,system
ddf205c6-7b2c-4cb3-96d8-db8962b07f01,organism_AAPL_20260408_0df14a18_t7618,AAPL,buy,12.000000,limit,day,filled,2026-04-08 16:21:06.004713+00,2026-04-08 16:21:06.00325+00,2026-04-08 16:21:09.375105+00,91c3189d-d4f4-4d1e-a890-aba735d66d36,"{""tick"": 7618, ""broker"": ""alpaca"", ""reason"": ""organism_entry"", ""source"": ""organism"", ""status"": ""pending_new"", ""message"": ""Order submitted to Alpaca"", ""success"": ""True"", ""confidence"": 0.28, ""alpaca_response"": ""{'id': '91c3189d-d4f4-4d1e-a890-aba735d66d36', 'client_order_id': 'organism_AAPL_20260408_0df14a18_t7618', 'created_at': '2026-04-08T16:21:06.370526632Z', 'updated_at': '2026-04-08T16:21:06.371808082Z', 'submitted_at': '2026-04-08T16:21:06.370526632Z', 'filled_at': None, 'expired_at': None, 'canceled_at': None, 'failed_at': None, 'replaced_at': None, 'replaced_by': None, 'replaces': None, 'asset_id': 'b0b6dd9d-8b9b-48a9-ba46-b9d54906e415', 'symbol': 'AAPL', 'asset_class': 'us_equity', 'notional': None, 'qty': '12', 'filled_qty': '0', 'filled_avg_price': None, 'order_class': '', 'order_type': 'limit', 'type': 'limit', 'side': 'buy', 'position_intent': 'buy_to_open', 'time_in_force': 'day', 'limit_price': '257.54', 'stop_price': None, 'status': 'pending_new', 'extended_hours': False, 'legs': None, 'trail_percent': None, 'trail_price': None, 'hwm': None, 'subtag': None, 'source': None, 'expires_at': '2026-04-08T20:00:00Z'}"", ""broker_order_id"": ""91c3189d-d4f4-4d1e-a890-aba735d66d36""}",,12.000000,257.290833,,,system
05d421cf-777e-4465-9e36-55c1b42fde40,organism_XOM_20260408_0df14a18_t7643,XOM,buy,21.000000,limit,day,filled,2026-04-08 16:26:09.432141+00,2026-04-08 16:26:09.431812+00,2026-04-08 16:26:12.121489+00,8f9d56df-d9ba-48f1-8c2c-b69f7c417b64,"{""tick"": 7643, ""broker"": ""alpaca"", ""reason"": ""organism_entry"", ""source"": ""organism"", ""status"": ""pending_new"", ""message"": ""Order submitted to Alpaca"", ""success"": ""True"", ""confidence"": 0.2668, ""alpaca_response"": ""{'id': '8f9d56df-d9ba-48f1-8c2c-b69f7c417b64', 'client_order_id': 'organism_XOM_20260408_0df14a18_t7643', 'created_at': '2026-04-08T16:26:09.811686536Z', 'updated_at': '2026-04-08T16:26:09.817481346Z', 'submitted_at': '2026-04-08T16:26:09.811686536Z', 'filled_at': None, 'expired_at': None, 'canceled_at': None, 'failed_at': None, 'replaced_at': None, 'replaced_by': None, 'replaces': None, 'asset_id': '092efc51-b66b-4355-8132-d9c3796b9a76', 'symbol': 'XOM', 'asset_class': 'us_equity', 'notional': None, 'qty': '21', 'filled_qty': '0', 'filled_avg_price': None, 'order_class': '', 'order_type': 'limit', 'type': 'limit', 'side': 'buy', 'position_intent': 'buy_to_open', 'time_in_force': 'day', 'limit_price': '154.25', 'stop_price': None, 'status': 'pending_new', 'extended_hours': False, 'legs': None, 'trail_percent': None, 'trail_price': None, 'hwm': None, 'subtag': None, 'source': None, 'expires_at': '2026-04-08T20:00:00Z'}"", ""broker_order_id"": ""8f9d56df-d9ba-48f1-8c2c-b69f7c417b64""}",,21.000000,154.047143,,,system
f6bccff3-ed02-494a-8670-f6d36c853880,organism_exit_XOM_20260408_0df14a18_t7653,XOM,sell,21.000000,market,day,filled,2026-04-08 16:28:10.670833+00,2026-04-08 16:28:10.670188+00,2026-04-08 16:28:12.650809+00,fddd8b3b-aacf-4f02-9188-a6eebee58943,"{""tick"": 7653, ""broker"": ""alpaca"", ""reason"": ""pyramid_cut_full_at_-1.7R"", ""source"": ""organism"", ""status"": ""pending_new"", ""message"": ""Order submitted to Alpaca"", ""success"": ""True"", ""alpaca_response"": ""{'id': 'fddd8b3b-aacf-4f02-9188-a6eebee58943', 'client_order_id': 'organism_exit_XOM_20260408_0df14a18_t7653', 'created_at': '2026-04-08T16:28:11.60248551Z', 'updated_at': '2026-04-08T16:28:11.60315943Z', 'submitted_at': '2026-04-08T16:28:11.60248551Z', 'filled_at': None, 'expired_at': None, 'canceled_at': None, 'failed_at': None, 'replaced_at': None, 'replaced_by': None, 'replaces': None, 'asset_id': '092efc51-b66b-4355-8132-d9c3796b9a76', 'symbol': 'XOM', 'asset_class': 'us_equity', 'notional': None, 'qty': '21', 'filled_qty': '0', 'filled_avg_price': None, 'order_class': '', 'order_type': 'market', 'type': 'market', 'side': 'sell', 'position_intent': 'sell_to_close', 'time_in_force': 'day', 'limit_price': None, 'stop_price': None, 'status': 'pending_new', 'extended_hours': False, 'legs': None, 'trail_percent': None, 'trail_price': None, 'hwm': None, 'subtag': None, 'source': None, 'expires_at': '2026-04-08T20:00:00Z'}"", ""broker_order_id"": ""fddd8b3b-aacf-4f02-9188-a6eebee58943""}",,21.000000,153.570000,,,system
d59c88e6-d676-42d2-9a4d-f44b8b2146bc,organism_AAPL_20260408_0df14a18_t7677,AAPL,buy,6.000000,limit,day,filled,2026-04-08 16:33:03.063142+00,2026-04-08 16:33:03.062547+00,2026-04-08 16:33:05.173067+00,45793a01-cc78-43f4-bf1d-483eee6b5042,"{""tick"": 7677, ""broker"": ""alpaca"", ""reason"": ""pyramid_add"", ""source"": ""organism"", ""status"": ""pending_new"", ""message"": ""Order submitted to Alpaca"", ""success"": ""True"", ""confidence"": 0.7, ""alpaca_response"": ""{'id': '45793a01-cc78-43f4-bf1d-483eee6b5042', 'client_order_id': 'organism_AAPL_20260408_0df14a18_t7677', 'created_at': '2026-04-08T16:33:04.059849666Z', 'updated_at': '2026-04-08T16:33:04.061973016Z', 'submitted_at': '2026-04-08T16:33:04.059849666Z', 'filled_at': None, 'expired_at': None, 'canceled_at': None, 'failed_at': None, 'replaced_at': None, 'replaced_by': None, 'replaces': None, 'asset_id': 'b0b6dd9d-8b9b-48a9-ba46-b9d54906e415', 'symbol': 'AAPL', 'asset_class': 'us_equity', 'notional': None, 'qty': '6', 'filled_qty': '0', 'filled_avg_price': None, 'order_class': '', 'order_type': 'limit', 'type': 'limit', 'side': 'buy', 'position_intent': 'buy_to_open', 'time_in_force': 'day', 'limit_price': '258.02', 'stop_price': None, 'status': 'pending_new', 'extended_hours': False, 'legs': None, 'trail_percent': None, 'trail_price': None, 'hwm': None, 'subtag': None, 'source': None, 'expires_at': '2026-04-08T20:00:00Z'}"", ""broker_order_id"": ""45793a01-cc78-43f4-bf1d-483eee6b5042""}",,6.000000,257.780000,,,system
8e86e19d-6931-4669-9ffb-8aab63585eef,organism_exit_AAPL_20260408_0df14a18_t7702,AAPL,sell,18.000000,market,day,filled,2026-04-08 16:38:06.783258+00,2026-04-08 16:38:06.779217+00,2026-04-08 16:38:08.912989+00,c25d5ca9-cd0d-4faa-917e-c05083877d49,"{""tick"": 7702, ""broker"": ""alpaca"", ""reason"": ""horizon_timeout"", ""source"": ""organism"", ""status"": ""pending_new"", ""message"": ""Order submitted to Alpaca"", ""success"": ""True"", ""alpaca_response"": ""{'id': 'c25d5ca9-cd0d-4faa-917e-c05083877d49', 'client_order_id': 'organism_exit_AAPL_20260408_0df14a18_t7702', 'created_at': '2026-04-08T16:38:07.831087777Z', 'updated_at': '2026-04-08T16:38:07.831734347Z', 'submitted_at': '2026-04-08T16:38:07.831087777Z', 'filled_at': None, 'expired_at': None, 'canceled_at': None, 'failed_at': None, 'replaced_at': None, 'replaced_by': None, 'replaces': None, 'asset_id': 'b0b6dd9d-8b9b-48a9-ba46-b9d54906e415', 'symbol': 'AAPL', 'asset_class': 'us_equity', 'notional': None, 'qty': '18', 'filled_qty': '0', 'filled_avg_price': None, 'order_class': '', 'order_type': 'market', 'type': 'market', 'side': 'sell', 'position_intent': 'sell_to_close', 'time_in_force': 'day', 'limit_price': None, 'stop_price': None, 'status': 'pending_new', 'extended_hours': False, 'legs': None, 'trail_percent': None, 'trail_price': None, 'hwm': None, 'subtag': None, 'source': None, 'expires_at': '2026-04-08T20:00:00Z'}"", ""broker_order_id"": ""c25d5ca9-cd0d-4faa-917e-c05083877d49""}",,18.000000,257.760000,,,system
fbe27407-204b-49a4-9e75-540eb57c8cf7,organism_XLK_20260408_0df14a18_t7974,XLK,buy,23.000000,limit,day,filled,2026-04-08 17:33:09.725719+00,2026-04-08 17:33:09.725386+00,2026-04-08 17:33:10.91971+00,517e873b-1587-4d56-a3ac-ab9d5c9e8637,"{""tick"": 7974, ""broker"": ""alpaca"", ""reason"": ""organism_entry"", ""source"": ""organism"", ""status"": ""pending_new"", ""message"": ""Order submitted to Alpaca"", ""success"": ""True"", ""confidence"": 0.28, ""alpaca_response"": ""{'id': '517e873b-1587-4d56-a3ac-ab9d5c9e8637', 'client_order_id': 'organism_XLK_20260408_0df14a18_t7974', 'created_at': '2026-04-08T17:33:10.10969512Z', 'updated_at': '2026-04-08T17:33:10.110791219Z', 'submitted_at': '2026-04-08T17:33:10.10969512Z', 'filled_at': None, 'expired_at': None, 'canceled_at': None, 'failed_at': None, 'replaced_at': None, 'replaced_by': None, 'replaces': None, 'asset_id': 'd704f4fd-c735-44f8-a7fa-7a50fef08fe4', 'symbol': 'XLK', 'asset_class': 'us_equity', 'notional': None, 'qty': '23', 'filled_qty': '0', 'filled_avg_price': None, 'order_class': '', 'order_type': 'limit', 'type': 'limit', 'side': 'buy', 'position_intent': 'buy_to_open', 'time_in_force': 'day', 'limit_price': '141.94', 'stop_price': None, 'status': 'pending_new', 'extended_hours': False, 'legs': None, 'trail_percent': None, 'trail_price': None, 'hwm': None, 'subtag': None, 'source': None, 'expires_at': '2026-04-08T20:00:00Z'}"", ""broker_order_id"": ""517e873b-1587-4d56-a3ac-ab9d5c9e8637""}",,23.000000,141.790000,,,system
91cffed3-243a-4709-b4a5-9d60dbd0dc1b,organism_exit_XLK_20260408_0df14a18_t7979,XLK,sell,11.000000,market,day,filled,2026-04-08 17:34:09.728663+00,2026-04-08 17:34:09.727914+00,2026-04-08 17:34:12.069849+00,4ccc474f-e889-4ee3-9132-7d1dcdd42b3c,"{""tick"": 7979, ""broker"": ""alpaca"", ""reason"": ""pyramid_cut_partial_at_-0.8R"", ""source"": ""organism"", ""status"": ""pending_new"", ""message"": ""Order submitted to Alpaca"", ""success"": ""True"", ""alpaca_response"": ""{'id': '4ccc474f-e889-4ee3-9132-7d1dcdd42b3c', 'client_order_id': 'organism_exit_XLK_20260408_0df14a18_t7979', 'created_at': '2026-04-08T17:34:10.614394408Z', 'updated_at': '2026-04-08T17:34:10.615059898Z', 'submitted_at': '2026-04-08T17:34:10.614394408Z', 'filled_at': None, 'expired_at': None, 'canceled_at': None, 'failed_at': None, 'replaced_at': None, 'replaced_by': None, 'replaces': None, 'asset_id': 'd704f4fd-c735-44f8-a7fa-7a50fef08fe4', 'symbol': 'XLK', 'asset_class': 'us_equity', 'notional': None, 'qty': '11', 'filled_qty': '0', 'filled_avg_price': None, 'order_class': '', 'order_type': 'market', 'type': 'market', 'side': 'sell', 'position_intent': 'sell_to_close', 'time_in_force': 'day', 'limit_price': None, 'stop_price': None, 'status': 'pending_new', 'extended_hours': False, 'legs': None, 'trail_percent': None, 'trail_price': None, 'hwm': None, 'subtag': None, 'source': None, 'expires_at': '2026-04-08T20:00:00Z'}"", ""broker_order_id"": ""4ccc474f-e889-4ee3-9132-7d1dcdd42b3c""}",,11.000000,141.720000,,,system
1b73bc8d-31b8-4104-a674-7d1ccb281f45,organism_exit_XLK_20260408_0df14a18_t7989,XLK,sell,6.000000,market,day,filled,2026-04-08 17:36:11.801223+00,2026-04-08 17:36:11.800794+00,2026-04-08 17:36:14.947883+00,4e4e97a0-4efd-4d54-bf64-efd478c6114d,"{""tick"": 7989, ""broker"": ""alpaca"", ""reason"": ""pyramid_cut_partial_at_-0.8R"", ""source"": ""organism"", ""status"": ""pending_new"", ""message"": ""Order submitted to Alpaca"", ""success"": ""True"", ""alpaca_response"": ""{'id': '4e4e97a0-4efd-4d54-bf64-efd478c6114d', 'client_order_id': 'organism_exit_XLK_20260408_0df14a18_t7989', 'created_at': '2026-04-08T17:36:12.753968409Z', 'updated_at': '2026-04-08T17:36:12.754514799Z', 'submitted_at': '2026-04-08T17:36:12.753968409Z', 'filled_at': None, 'expired_at': None, 'canceled_at': None, 'failed_at': None, 'replaced_at': None, 'replaced_by': None, 'replaces': None, 'asset_id': 'd704f4fd-c735-44f8-a7fa-7a50fef08fe4', 'symbol': 'XLK', 'asset_class': 'us_equity', 'notional': None, 'qty': '6', 'filled_qty': '0', 'filled_avg_price': None, 'order_class': '', 'order_type': 'market', 'type': 'market', 'side': 'sell', 'position_intent': 'sell_to_close', 'time_in_force': 'day', 'limit_price': None, 'stop_price': None, 'status': 'pending_new', 'extended_hours': False, 'legs': None, 'trail_percent': None, 'trail_price': None, 'hwm': None, 'subtag': None, 'source': None, 'expires_at': '2026-04-08T20:00:00Z'}"", ""broker_order_id"": ""4e4e97a0-4efd-4d54-bf64-efd478c6114d""}",,6.000000,141.768333,,,system
8ffdae31-0b23-4cd2-b72d-1eba5429fbbd,organism_exit_XLK_20260408_0df14a18_t7993,XLK,sell,3.000000,market,day,filled,2026-04-08 17:37:00.672279+00,2026-04-08 17:37:00.67153+00,2026-04-08 17:37:03.611004+00,a0350105-1941-4ebd-8c03-11f2770c9ab4,"{""tick"": 7993, ""broker"": ""alpaca"", ""reason"": ""pyramid_cut_partial_at_-0.8R"", ""source"": ""organism"", ""status"": ""pending_new"", ""message"": ""Order submitted to Alpaca"", ""success"": ""True"", ""alpaca_response"": ""{'id': 'a0350105-1941-4ebd-8c03-11f2770c9ab4', 'client_order_id': 'organism_exit_XLK_20260408_0df14a18_t7993', 'created_at': '2026-04-08T17:37:01.545393132Z', 'updated_at': '2026-04-08T17:37:01.550389912Z', 'submitted_at': '2026-04-08T17:37:01.545393132Z', 'filled_at': None, 'expired_at': None, 'canceled_at': None, 'failed_at': None, 'replaced_at': None, 'replaced_by': None, 'replaces': None, 'asset_id': 'd704f4fd-c735-44f8-a7fa-7a50fef08fe4', 'symbol': 'XLK', 'asset_class': 'us_equity', 'notional': None, 'qty': '3', 'filled_qty': '0', 'filled_avg_price': None, 'order_class': '', 'order_type': 'market', 'type': 'market', 'side': 'sell', 'position_intent': 'sell_to_close', 'time_in_force': 'day', 'limit_price': None, 'stop_price': None, 'status': 'pending_new', 'extended_hours': False, 'legs': None, 'trail_percent': None, 'trail_price': None, 'hwm': None, 'subtag': None, 'source': None, 'expires_at': '2026-04-08T20:00:00Z'}"", ""broker_order_id"": ""a0350105-1941-4ebd-8c03-11f2770c9ab4""}",,3.000000,141.806667,,,system
a84d8025-e2ca-4419-a3d7-ce4e8dbb55fb,organism_exit_XLK_20260408_0df14a18_t8058,XLK,sell,3.000000,market,day,filled,2026-04-08 17:50:10.139844+00,2026-04-08 17:50:10.135871+00,2026-04-08 17:50:12.309456+00,4411d913-c13f-44e8-9c20-756cad5cf8ec,"{""tick"": 8058, ""broker"": ""alpaca"", ""reason"": ""horizon_timeout"", ""source"": ""organism"", ""status"": ""pending_new"", ""message"": ""Order submitted to Alpaca"", ""success"": ""True"", ""alpaca_response"": ""{'id': '4411d913-c13f-44e8-9c20-756cad5cf8ec', 'client_order_id': 'organism_exit_XLK_20260408_0df14a18_t8058', 'created_at': '2026-04-08T17:50:11.114016066Z', 'updated_at': '2026-04-08T17:50:11.114529216Z', 'submitted_at': '2026-04-08T17:50:11.114016066Z', 'filled_at': None, 'expired_at': None, 'canceled_at': None, 'failed_at': None, 'replaced_at': None, 'replaced_by': None, 'replaces': None, 'asset_id': 'd704f4fd-c735-44f8-a7fa-7a50fef08fe4', 'symbol': 'XLK', 'asset_class': 'us_equity', 'notional': None, 'qty': '3', 'filled_qty': '0', 'filled_avg_price': None, 'order_class': '', 'order_type': 'market', 'type': 'market', 'side': 'sell', 'position_intent': 'sell_to_close', 'time_in_force': 'day', 'limit_price': None, 'stop_price': None, 'status': 'pending_new', 'extended_hours': False, 'legs': None, 'trail_percent': None, 'trail_price': None, 'hwm': None, 'subtag': None, 'source': None, 'expires_at': '2026-04-08T20:00:00Z'}"", ""broker_order_id"": ""4411d913-c13f-44e8-9c20-756cad5cf8ec""}",,3.000000,141.870000,,,system
ca1b5b64-d779-418f-a5c6-b56dc25b3233,organism_TSLA_20260408_0df14a18_t8127,TSLA,buy,6.000000,limit,day,filled,2026-04-08 18:04:09.028056+00,2026-04-08 18:04:09.027533+00,2026-04-08 18:04:10.423585+00,d451319b-58fa-4ced-8f52-0e5cf83e9187,"{""tick"": 8127, ""broker"": ""alpaca"", ""reason"": ""organism_entry"", ""source"": ""organism"", ""status"": ""pending_new"", ""message"": ""Order submitted to Alpaca"", ""success"": ""True"", ""confidence"": 0.4134, ""alpaca_response"": ""{'id': 'd451319b-58fa-4ced-8f52-0e5cf83e9187', 'client_order_id': 'organism_TSLA_20260408_0df14a18_t8127', 'created_at': '2026-04-08T18:04:09.408596663Z', 'updated_at': '2026-04-08T18:04:09.409723473Z', 'submitted_at': '2026-04-08T18:04:09.408596663Z', 'filled_at': None, 'expired_at': None, 'canceled_at': None, 'failed_at': None, 'replaced_at': None, 'replaced_by': None, 'replaces': None, 'asset_id': '8ccae427-5dd0-45b3-b5fe-7ba5e422c766', 'symbol': 'TSLA', 'asset_class': 'us_equity', 'notional': None, 'qty': '6', 'filled_qty': '0', 'filled_avg_price': None, 'order_class': '', 'order_type': 'limit', 'type': 'limit', 'side': 'buy', 'position_intent': 'buy_to_open', 'time_in_force': 'day', 'limit_price': '347.63', 'stop_price': None, 'status': 'pending_new', 'extended_hours': False, 'legs': None, 'trail_percent': None, 'trail_price': None, 'hwm': None, 'subtag': None, 'source': None, 'expires_at': '2026-04-08T20:00:00Z'}"", ""broker_order_id"": ""d451319b-58fa-4ced-8f52-0e5cf83e9187""}",,6.000000,347.280000,,,system
145d1f04-96c5-4994-8eb5-adca939c3a62,organism_exit_TSLA_20260408_0df14a18_t8196,TSLA,sell,6.000000,market,day,filled,2026-04-08 18:18:09.118+00,2026-04-08 18:18:09.117088+00,2026-04-08 18:18:11.616868+00,7868a863-bd7d-4456-b86f-638f69d31f2f,"{""tick"": 8196, ""broker"": ""alpaca"", ""reason"": ""failure_to_follow"", ""source"": ""organism"", ""status"": ""pending_new"", ""message"": ""Order submitted to Alpaca"", ""success"": ""True"", ""alpaca_response"": ""{'id': '7868a863-bd7d-4456-b86f-638f69d31f2f', 'client_order_id': 'organism_exit_TSLA_20260408_0df14a18_t8196', 'created_at': '2026-04-08T18:18:10.211970347Z', 'updated_at': '2026-04-08T18:18:10.212526167Z', 'submitted_at': '2026-04-08T18:18:10.211970347Z', 'filled_at': None, 'expired_at': None, 'canceled_at': None, 'failed_at': None, 'replaced_at': None, 'replaced_by': None, 'replaces': None, 'asset_id': '8ccae427-5dd0-45b3-b5fe-7ba5e422c766', 'symbol': 'TSLA', 'asset_class': 'us_equity', 'notional': None, 'qty': '6', 'filled_qty': '0', 'filled_avg_price': None, 'order_class': '', 'order_type': 'market', 'type': 'market', 'side': 'sell', 'position_intent': 'sell_to_close', 'time_in_force': 'day', 'limit_price': None, 'stop_price': None, 'status': 'pending_new', 'extended_hours': False, 'legs': None, 'trail_percent': None, 'trail_price': None, 'hwm': None, 'subtag': None, 'source': None, 'expires_at': '2026-04-08T20:00:00Z'}"", ""broker_order_id"": ""7868a863-bd7d-4456-b86f-638f69d31f2f""}",,6.000000,346.480000,,,system
e949a8f4-d95d-479b-b0ac-2d303ed4431f,organism_AAPL_20260408_0df14a18_t8260,AAPL,buy,15.000000,limit,day,filled,2026-04-08 18:31:05.505068+00,2026-04-08 18:31:05.504231+00,2026-04-08 18:31:06.559663+00,d5704930-6656-4e13-9b27-e96fd22fcd1f,"{""tick"": 8260, ""broker"": ""alpaca"", ""reason"": ""organism_entry"", ""source"": ""organism"", ""status"": ""pending_new"", ""message"": ""Order submitted to Alpaca"", ""success"": ""True"", ""confidence"": 0.3879, ""alpaca_response"": ""{'id': 'd5704930-6656-4e13-9b27-e96fd22fcd1f', 'client_order_id': 'organism_AAPL_20260408_0df14a18_t8260', 'created_at': '2026-04-08T18:31:05.880353126Z', 'updated_at': '2026-04-08T18:31:05.881485146Z', 'submitted_at': '2026-04-08T18:31:05.880353126Z', 'filled_at': None, 'expired_at': None, 'canceled_at': None, 'failed_at': None, 'replaced_at': None, 'replaced_by': None, 'replaces': None, 'asset_id': 'b0b6dd9d-8b9b-48a9-ba46-b9d54906e415', 'symbol': 'AAPL', 'asset_class': 'us_equity', 'notional': None, 'qty': '15', 'filled_qty': '0', 'filled_avg_price': None, 'order_class': '', 'order_type': 'limit', 'type': 'limit', 'side': 'buy', 'position_intent': 'buy_to_open', 'time_in_force': 'day', 'limit_price': '257.66', 'stop_price': None, 'status': 'pending_new', 'extended_hours': False, 'legs': None, 'trail_percent': None, 'trail_price': None, 'hwm': None, 'subtag': None, 'source': None, 'expires_at': '2026-04-08T20:00:00Z'}"", ""broker_order_id"": ""d5704930-6656-4e13-9b27-e96fd22fcd1f""}",,15.000000,257.390000,,,system
d12e2bfc-6833-4529-9d85-d4bcd892cd7b,organism_exit_AAPL_20260408_0df14a18_t8309,AAPL,sell,7.000000,market,day,filled,2026-04-08 18:41:03.731532+00,2026-04-08 18:41:03.729635+00,2026-04-08 18:41:06.922025+00,94a2b3f0-45c4-4b66-bdcf-6308bbc01dbc,"{""tick"": 8309, ""broker"": ""alpaca"", ""reason"": ""pyramid_cut_partial_at_-0.9R"", ""source"": ""organism"", ""status"": ""pending_new"", ""message"": ""Order submitted to Alpaca"", ""success"": ""True"", ""alpaca_response"": ""{'id': '94a2b3f0-45c4-4b66-bdcf-6308bbc01dbc', 'client_order_id': 'organism_exit_AAPL_20260408_0df14a18_t8309', 'created_at': '2026-04-08T18:41:04.721359805Z', 'updated_at': '2026-04-08T18:41:04.725122575Z', 'submitted_at': '2026-04-08T18:41:04.721359805Z', 'filled_at': None, 'expired_at': None, 'canceled_at': None, 'failed_at': None, 'replaced_at': None, 'replaced_by': None, 'replaces': None, 'asset_id': 'b0b6dd9d-8b9b-48a9-ba46-b9d54906e415', 'symbol': 'AAPL', 'asset_class': 'us_equity', 'notional': None, 'qty': '7', 'filled_qty': '0', 'filled_avg_price': None, 'order_class': '', 'order_type': 'market', 'type': 'market', 'side': 'sell', 'position_intent': 'sell_to_close', 'time_in_force': 'day', 'limit_price': None, 'stop_price': None, 'status': 'pending_new', 'extended_hours': False, 'legs': None, 'trail_percent': None, 'trail_price': None, 'hwm': None, 'subtag': None, 'source': None, 'expires_at': '2026-04-08T20:00:00Z'}"", ""broker_order_id"": ""94a2b3f0-45c4-4b66-bdcf-6308bbc01dbc""}",,7.000000,257.240000,,,system
33aa650b-0310-4fa0-ac03-0f177aa3bf1c,organism_exit_AAPL_20260408_0df14a18_t8314,AAPL,sell,8.000000,market,day,filled,2026-04-08 18:42:04.361305+00,2026-04-08 18:42:04.360428+00,2026-04-08 18:42:08.739576+00,23c672d9-0683-4c56-a8a4-93d262873b21,"{""tick"": 8314, ""broker"": ""alpaca"", ""reason"": ""failure_to_follow"", ""source"": ""organism"", ""status"": ""pending_new"", ""message"": ""Order submitted to Alpaca"", ""success"": ""True"", ""alpaca_response"": ""{'id': '23c672d9-0683-4c56-a8a4-93d262873b21', 'client_order_id': 'organism_exit_AAPL_20260408_0df14a18_t8314', 'created_at': '2026-04-08T18:42:05.282351134Z', 'updated_at': '2026-04-08T18:42:05.294783554Z', 'submitted_at': '2026-04-08T18:42:05.282351134Z', 'filled_at': None, 'expired_at': None, 'canceled_at': None, 'failed_at': None, 'replaced_at': None, 'replaced_by': None, 'replaces': None, 'asset_id': 'b0b6dd9d-8b9b-48a9-ba46-b9d54906e415', 'symbol': 'AAPL', 'asset_class': 'us_equity', 'notional': None, 'qty': '8', 'filled_qty': '0', 'filled_avg_price': None, 'order_class': '', 'order_type': 'market', 'type': 'market', 'side': 'sell', 'position_intent': 'sell_to_close', 'time_in_force': 'day', 'limit_price': None, 'stop_price': None, 'status': 'pending_new', 'extended_hours': False, 'legs': None, 'trail_percent': None, 'trail_price': None, 'hwm': None, 'subtag': None, 'source': None, 'expires_at': '2026-04-08T20:00:00Z'}"", ""broker_order_id"": ""23c672d9-0683-4c56-a8a4-93d262873b21""}",,8.000000,257.206250,,,system
347acfa8-cbbb-4d2e-98f1-632ae13f005e,organism_AMZN_20260408_0df14a18_t8334,AMZN,buy,16.000000,limit,day,filled,2026-04-08 18:46:07.426577+00,2026-04-08 18:46:07.426041+00,2026-04-08 18:46:10.677674+00,fb614815-190e-48d3-8880-44065f8219a2,"{""tick"": 8334, ""broker"": ""alpaca"", ""reason"": ""organism_entry"", ""source"": ""organism"", ""status"": ""pending_new"", ""message"": ""Order submitted to Alpaca"", ""success"": ""True"", ""confidence"": 0.4934, ""alpaca_response"": ""{'id': 'fb614815-190e-48d3-8880-44065f8219a2', 'client_order_id': 'organism_AMZN_20260408_0df14a18_t8334', 'created_at': '2026-04-08T18:46:07.780589296Z', 'updated_at': '2026-04-08T18:46:07.782254266Z', 'submitted_at': '2026-04-08T18:46:07.780589296Z', 'filled_at': None, 'expired_at': None, 'canceled_at': None, 'failed_at': None, 'replaced_at': None, 'replaced_by': None, 'replaces': None, 'asset_id': 'f801f835-bfe6-4a9d-a6b1-ccbb84bfd75f', 'symbol': 'AMZN', 'asset_class': 'us_equity', 'notional': None, 'qty': '16', 'filled_qty': '0', 'filled_avg_price': None, 'order_class': '', 'order_type': 'limit', 'type': 'limit', 'side': 'buy', 'position_intent': 'buy_to_open', 'time_in_force': 'day', 'limit_price': '221.47', 'stop_price': None, 'status': 'pending_new', 'extended_hours': False, 'legs': None, 'trail_percent': None, 'trail_price': None, 'hwm': None, 'subtag': None, 'source': None, 'expires_at': '2026-04-08T20:00:00Z'}"", ""broker_order_id"": ""fb614815-190e-48d3-8880-44065f8219a2""}",,16.000000,221.253750,,,system
a2c07896-7947-494b-b026-bf352c6cb77f,organism_exit_AMZN_20260408_0df14a18_t8344,AMZN,sell,8.000000,market,day,filled,2026-04-08 18:48:08.828064+00,2026-04-08 18:48:08.82738+00,2026-04-08 18:48:10.060547+00,cee35a0d-1d08-43ec-8e98-36b921b6237a,"{""tick"": 8344, ""broker"": ""alpaca"", ""reason"": ""pyramid_cut_partial_at_-1.0R"", ""source"": ""organism"", ""status"": ""pending_new"", ""message"": ""Order submitted to Alpaca"", ""success"": ""True"", ""alpaca_response"": ""{'id': 'cee35a0d-1d08-43ec-8e98-36b921b6237a', 'client_order_id': 'organism_exit_AMZN_20260408_0df14a18_t8344', 'created_at': '2026-04-08T18:48:09.732346967Z', 'updated_at': '2026-04-08T18:48:09.732904097Z', 'submitted_at': '2026-04-08T18:48:09.732346967Z', 'filled_at': None, 'expired_at': None, 'canceled_at': None, 'failed_at': None, 'replaced_at': None, 'replaced_by': None, 'replaces': None, 'asset_id': 'f801f835-bfe6-4a9d-a6b1-ccbb84bfd75f', 'symbol': 'AMZN', 'asset_class': 'us_equity', 'notional': None, 'qty': '8', 'filled_qty': '0', 'filled_avg_price': None, 'order_class': '', 'order_type': 'market', 'type': 'market', 'side': 'sell', 'position_intent': 'sell_to_close', 'time_in_force': 'day', 'limit_price': None, 'stop_price': None, 'status': 'pending_new', 'extended_hours': False, 'legs': None, 'trail_percent': None, 'trail_price': None, 'hwm': None, 'subtag': None, 'source': None, 'expires_at': '2026-04-08T20:00:00Z'}"", ""broker_order_id"": ""cee35a0d-1d08-43ec-8e98-36b921b6237a""}",,8.000000,221.060000,,,system
d30f3fe5-fb09-4d3d-9e61-09cd5362794c,organism_exit_AMZN_20260408_0df14a18_t8349,AMZN,sell,4.000000,market,day,filled,2026-04-08 18:49:09.429915+00,2026-04-08 18:49:09.429117+00,2026-04-08 18:49:12.104532+00,52d045cb-6292-4560-9370-a68c5299d53a,"{""tick"": 8349, ""broker"": ""alpaca"", ""reason"": ""pyramid_cut_partial_at_-0.9R"", ""source"": ""organism"", ""status"": ""pending_new"", ""message"": ""Order submitted to Alpaca"", ""success"": ""True"", ""alpaca_response"": ""{'id': '52d045cb-6292-4560-9370-a68c5299d53a', 'client_order_id': 'organism_exit_AMZN_20260408_0df14a18_t8349', 'created_at': '2026-04-08T18:49:10.350167072Z', 'updated_at': '2026-04-08T18:49:10.350720842Z', 'submitted_at': '2026-04-08T18:49:10.350167072Z', 'filled_at': None, 'expired_at': None, 'canceled_at': None, 'failed_at': None, 'replaced_at': None, 'replaced_by': None, 'replaces': None, 'asset_id': 'f801f835-bfe6-4a9d-a6b1-ccbb84bfd75f', 'symbol': 'AMZN', 'asset_class': 'us_equity', 'notional': None, 'qty': '4', 'filled_qty': '0', 'filled_avg_price': None, 'order_class': '', 'order_type': 'market', 'type': 'market', 'side': 'sell', 'position_intent': 'sell_to_close', 'time_in_force': 'day', 'limit_price': None, 'stop_price': None, 'status': 'pending_new', 'extended_hours': False, 'legs': None, 'trail_percent': None, 'trail_price': None, 'hwm': None, 'subtag': None, 'source': None, 'expires_at': '2026-04-08T20:00:00Z'}"", ""broker_order_id"": ""52d045cb-6292-4560-9370-a68c5299d53a""}",,4.000000,221.057500,,,system
ab9bd5fe-e5ec-44f7-ae91-355a412c5cf6,organism_exit_AMZN_20260408_0df14a18_t8354,AMZN,sell,4.000000,market,day,filled,2026-04-08 18:50:10.442608+00,2026-04-08 18:50:10.441677+00,2026-04-08 18:50:13.097784+00,910227f6-5497-47ac-b616-f325b9d90dd2,"{""tick"": 8354, ""broker"": ""alpaca"", ""reason"": ""stop_loss"", ""source"": ""organism"", ""status"": ""pending_new"", ""message"": ""Order submitted to Alpaca"", ""success"": ""True"", ""alpaca_response"": ""{'id': '910227f6-5497-47ac-b616-f325b9d90dd2', 'client_order_id': 'organism_exit_AMZN_20260408_0df14a18_t8354', 'created_at': '2026-04-08T18:50:11.355418461Z', 'updated_at': '2026-04-08T18:50:11.356026421Z', 'submitted_at': '2026-04-08T18:50:11.355418461Z', 'filled_at': None, 'expired_at': None, 'canceled_at': None, 'failed_at': None, 'replaced_at': None, 'replaced_by': None, 'replaces': None, 'asset_id': 'f801f835-bfe6-4a9d-a6b1-ccbb84bfd75f', 'symbol': 'AMZN', 'asset_class': 'us_equity', 'notional': None, 'qty': '4', 'filled_qty': '0', 'filled_avg_price': None, 'order_class': '', 'order_type': 'market', 'type': 'market', 'side': 'sell', 'position_intent': 'sell_to_close', 'time_in_force': 'day', 'limit_price': None, 'stop_price': None, 'status': 'pending_new', 'extended_hours': False, 'legs': None, 'trail_percent': None, 'trail_price': None, 'hwm': None, 'subtag': None, 'source': None, 'expires_at': '2026-04-08T20:00:00Z'}"", ""broker_order_id"": ""910227f6-5497-47ac-b616-f325b9d90dd2""}",,4.000000,220.735000,,,system
87bb46c0-c787-4beb-952c-a8d932fbd0a0,organism_SPY_20260408_0df14a18_t8453,SPY,buy,7.000000,limit,day,filled,2026-04-08 19:10:08.746479+00,2026-04-08 19:10:08.746126+00,2026-04-08 19:10:13.998406+00,90a49fac-9366-44bd-8387-a3488a0c4502,"{""tick"": 8453, ""broker"": ""alpaca"", ""reason"": ""organism_entry"", ""source"": ""organism"", ""status"": ""pending_new"", ""message"": ""Order submitted to Alpaca"", ""success"": ""True"", ""confidence"": 0.3106, ""alpaca_response"": ""{'id': '90a49fac-9366-44bd-8387-a3488a0c4502', 'client_order_id': 'organism_SPY_20260408_0df14a18_t8453', 'created_at': '2026-04-08T19:10:09.130602795Z', 'updated_at': '2026-04-08T19:10:09.131630115Z', 'submitted_at': '2026-04-08T19:10:09.130602795Z', 'filled_at': None, 'expired_at': None, 'canceled_at': None, 'failed_at': None, 'replaced_at': None, 'replaced_by': None, 'replaces': None, 'asset_id': 'b28f4066-5c6d-479b-a2af-85dc1a8f16fb', 'symbol': 'SPY', 'asset_class': 'us_equity', 'notional': None, 'qty': '7', 'filled_qty': '0', 'filled_avg_price': None, 'order_class': '', 'order_type': 'limit', 'type': 'limit', 'side': 'buy', 'position_intent': 'buy_to_open', 'time_in_force': 'day', 'limit_price': '674.38', 'stop_price': None, 'status': 'pending_new', 'extended_hours': False, 'legs': None, 'trail_percent': None, 'trail_price': None, 'hwm': None, 'subtag': None, 'source': None, 'expires_at': '2026-04-08T20:00:00Z'}"", ""broker_order_id"": ""90a49fac-9366-44bd-8387-a3488a0c4502""}",,7.000000,673.784286,,,system
2b1e68a8-9277-4c27-919e-5a516e33536a,organism_SPY_20260408_0df14a18_t8487,SPY,buy,3.000000,limit,day,filled,2026-04-08 19:17:04.864917+00,2026-04-08 19:17:04.864646+00,2026-04-08 19:17:08.48164+00,eba384f3-8682-418e-8260-9f9d5e5a4b0f,"{""tick"": 8487, ""broker"": ""alpaca"", ""reason"": ""pyramid_add"", ""source"": ""organism"", ""status"": ""pending_new"", ""message"": ""Order submitted to Alpaca"", ""success"": ""True"", ""confidence"": 0.7, ""alpaca_response"": ""{'id': 'eba384f3-8682-418e-8260-9f9d5e5a4b0f', 'client_order_id': 'organism_SPY_20260408_0df14a18_t8487', 'created_at': '2026-04-08T19:17:05.793399179Z', 'updated_at': '2026-04-08T19:17:05.794503879Z', 'submitted_at': '2026-04-08T19:17:05.793399179Z', 'filled_at': None, 'expired_at': None, 'canceled_at': None, 'failed_at': None, 'replaced_at': None, 'replaced_by': None, 'replaces': None, 'asset_id': 'b28f4066-5c6d-479b-a2af-85dc1a8f16fb', 'symbol': 'SPY', 'asset_class': 'us_equity', 'notional': None, 'qty': '3', 'filled_qty': '0', 'filled_avg_price': None, 'order_class': '', 'order_type': 'limit', 'type': 'limit', 'side': 'buy', 'position_intent': 'buy_to_open', 'time_in_force': 'day', 'limit_price': '674.79', 'stop_price': None, 'status': 'pending_new', 'extended_hours': False, 'legs': None, 'trail_percent': None, 'trail_price': None, 'hwm': None, 'subtag': None, 'source': None, 'expires_at': '2026-04-08T20:00:00Z'}"", ""broker_order_id"": ""eba384f3-8682-418e-8260-9f9d5e5a4b0f""}",,3.000000,674.136667,,,system
a9b2ad86-301a-492d-aa93-da483787fcad,organism_exit_SPY_20260408_0df14a18_t8507,SPY,sell,5.000000,market,day,filled,2026-04-08 19:21:07.677449+00,2026-04-08 19:21:07.676962+00,2026-04-08 19:21:09.951389+00,c3be7068-a859-4351-bcf6-cee13ef9d51d,"{""tick"": 8507, ""broker"": ""alpaca"", ""reason"": ""pyramid_cut_partial_at_-0.8R"", ""source"": ""organism"", ""status"": ""pending_new"", ""message"": ""Order submitted to Alpaca"", ""success"": ""True"", ""alpaca_response"": ""{'id': 'c3be7068-a859-4351-bcf6-cee13ef9d51d', 'client_order_id': 'organism_exit_SPY_20260408_0df14a18_t8507', 'created_at': '2026-04-08T19:21:08.588171724Z', 'updated_at': '2026-04-08T19:21:08.588734383Z', 'submitted_at': '2026-04-08T19:21:08.588171724Z', 'filled_at': None, 'expired_at': None, 'canceled_at': None, 'failed_at': None, 'replaced_at': None, 'replaced_by': None, 'replaces': None, 'asset_id': 'b28f4066-5c6d-479b-a2af-85dc1a8f16fb', 'symbol': 'SPY', 'asset_class': 'us_equity', 'notional': None, 'qty': '5', 'filled_qty': '0', 'filled_avg_price': None, 'order_class': '', 'order_type': 'market', 'type': 'market', 'side': 'sell', 'position_intent': 'sell_to_close', 'time_in_force': 'day', 'limit_price': None, 'stop_price': None, 'status': 'pending_new', 'extended_hours': False, 'legs': None, 'trail_percent': None, 'trail_price': None, 'hwm': None, 'subtag': None, 'source': None, 'expires_at': '2026-04-08T20:00:00Z'}"", ""broker_order_id"": ""c3be7068-a859-4351-bcf6-cee13ef9d51d""}",,5.000000,673.600000,,,system
5c3b996a-da49-4d84-8c46-76e4051d5ad5,organism_exit_SPY_20260408_0df14a18_t8512,SPY,sell,2.000000,market,day,filled,2026-04-08 19:22:08.150878+00,2026-04-08 19:22:08.150439+00,2026-04-08 19:22:10.603329+00,e44fc417-a8f4-4bb8-b014-bff1eba562d3,"{""tick"": 8512, ""broker"": ""alpaca"", ""reason"": ""pyramid_cut_partial_at_-0.9R"", ""source"": ""organism"", ""status"": ""pending_new"", ""message"": ""Order submitted to Alpaca"", ""success"": ""True"", ""alpaca_response"": ""{'id': 'e44fc417-a8f4-4bb8-b014-bff1eba562d3', 'client_order_id': 'organism_exit_SPY_20260408_0df14a18_t8512', 'created_at': '2026-04-08T19:22:09.037951226Z', 'updated_at': '2026-04-08T19:22:09.038466956Z', 'submitted_at': '2026-04-08T19:22:09.037951226Z', 'filled_at': None, 'expired_at': None, 'canceled_at': None, 'failed_at': None, 'replaced_at': None, 'replaced_by': None, 'replaces': None, 'asset_id': 'b28f4066-5c6d-479b-a2af-85dc1a8f16fb', 'symbol': 'SPY', 'asset_class': 'us_equity', 'notional': None, 'qty': '2', 'filled_qty': '0', 'filled_avg_price': None, 'order_class': '', 'order_type': 'market', 'type': 'market', 'side': 'sell', 'position_intent': 'sell_to_close', 'time_in_force': 'day', 'limit_price': None, 'stop_price': None, 'status': 'pending_new', 'extended_hours': False, 'legs': None, 'trail_percent': None, 'trail_price': None, 'hwm': None, 'subtag': None, 'source': None, 'expires_at': '2026-04-08T20:00:00Z'}"", ""broker_order_id"": ""e44fc417-a8f4-4bb8-b014-bff1eba562d3""}",,2.000000,673.595000,,,system
a9803620-1616-4946-aee4-060c67f6df0d,organism_exit_SPY_20260408_0df14a18_t8517,SPY,sell,3.000000,market,day,filled,2026-04-08 19:23:08.823501+00,2026-04-08 19:23:08.823094+00,2026-04-08 19:23:10.834844+00,ac886609-8d96-43e2-84d4-024dbb0b7dd1,"{""tick"": 8517, ""broker"": ""alpaca"", ""reason"": ""pyramid_cut_full_at_-1.3R"", ""source"": ""organism"", ""status"": ""pending_new"", ""message"": ""Order submitted to Alpaca"", ""success"": ""True"", ""alpaca_response"": ""{'id': 'ac886609-8d96-43e2-84d4-024dbb0b7dd1', 'client_order_id': 'organism_exit_SPY_20260408_0df14a18_t8517', 'created_at': '2026-04-08T19:23:09.783636767Z', 'updated_at': '2026-04-08T19:23:09.784979447Z', 'submitted_at': '2026-04-08T19:23:09.783636767Z', 'filled_at': None, 'expired_at': None, 'canceled_at': None, 'failed_at': None, 'replaced_at': None, 'replaced_by': None, 'replaces': None, 'asset_id': 'b28f4066-5c6d-479b-a2af-85dc1a8f16fb', 'symbol': 'SPY', 'asset_class': 'us_equity', 'notional': None, 'qty': '3', 'filled_qty': '0', 'filled_avg_price': None, 'order_class': '', 'order_type': 'market', 'type': 'market', 'side': 'sell', 'position_intent': 'sell_to_close', 'time_in_force': 'day', 'limit_price': None, 'stop_price': None, 'status': 'pending_new', 'extended_hours': False, 'legs': None, 'trail_percent': None, 'trail_price': None, 'hwm': None, 'subtag': None, 'source': None, 'expires_at': '2026-04-08T20:00:00Z'}"", ""broker_order_id"": ""ac886609-8d96-43e2-84d4-024dbb0b7dd1""}",,3.000000,673.500000,,,system
59abb1ff-39d3-420f-a7d9-37db9424f75a,organism_exit_XLE_20260408_0df14a18_t8691,XLE,buy,37.000000,market,day,filled,2026-04-08 19:58:06.50835+00,2026-04-08 19:58:06.505577+00,2026-04-08 19:58:09.155794+00,c590af2a-8ae8-4705-be27-ddde9b3f4402,"{""tick"": 8691, ""broker"": ""alpaca"", ""reason"": ""eod_flatten"", ""source"": ""organism"", ""status"": ""pending_new"", ""message"": ""Order submitted to Alpaca"", ""success"": ""True"", ""alpaca_response"": ""{'id': 'c590af2a-8ae8-4705-be27-ddde9b3f4402', 'client_order_id': 'organism_exit_XLE_20260408_0df14a18_t8691', 'created_at': '2026-04-08T19:58:06.884927607Z', 'updated_at': '2026-04-08T19:58:06.885469597Z', 'submitted_at': '2026-04-08T19:58:06.884927607Z', 'filled_at': None, 'expired_at': None, 'canceled_at': None, 'failed_at': None, 'replaced_at': None, 'replaced_by': None, 'replaces': None, 'asset_id': '2dda3c96-2138-4313-b15b-dd870c7e0ea8', 'symbol': 'XLE', 'asset_class': 'us_equity', 'notional': None, 'qty': '37', 'filled_qty': '0', 'filled_avg_price': None, 'order_class': '', 'order_type': 'market', 'type': 'market', 'side': 'buy', 'position_intent': 'buy_to_close', 'time_in_force': 'day', 'limit_price': None, 'stop_price': None, 'status': 'pending_new', 'extended_hours': False, 'legs': None, 'trail_percent': None, 'trail_price': None, 'hwm': None, 'subtag': None, 'source': None, 'expires_at': '2026-04-08T20:00:00Z'}"", ""broker_order_id"": ""c590af2a-8ae8-4705-be27-ddde9b3f4402""}",,37.000000,58.060000,,,system
8073b197-9b1a-4851-b9fd-892750a74a3e,organism_IWM_20260409_8529edeb_t8911,IWM,buy,12.000000,limit,day,filled,2026-04-09 14:11:04.573137+00,2026-04-09 14:11:04.571279+00,2026-04-09 14:11:05.513997+00,e83a1ca9-580f-4c2f-b360-1d8dc69901fe,"{""tick"": 8911, ""broker"": ""alpaca"", ""reason"": ""organism_entry"", ""source"": ""organism"", ""status"": ""pending_new"", ""message"": ""Order submitted to Alpaca"", ""success"": ""True"", ""confidence"": 0.4407, ""alpaca_response"": ""{'id': 'e83a1ca9-580f-4c2f-b360-1d8dc69901fe', 'client_order_id': 'organism_IWM_20260409_8529edeb_t8911', 'created_at': '2026-04-09T14:11:04.982884886Z', 'updated_at': '2026-04-09T14:11:04.983460706Z', 'submitted_at': '2026-04-09T14:11:04.982884886Z', 'filled_at': None, 'expired_at': None, 'canceled_at': None, 'failed_at': None, 'replaced_at': None, 'replaced_by': None, 'replaces': None, 'asset_id': 'ef2b4bb6-00eb-494a-ba4d-aa40dd9a701c', 'symbol': 'IWM', 'asset_class': 'us_equity', 'notional': None, 'qty': '12', 'filled_qty': '0', 'filled_avg_price': None, 'order_class': '', 'order_type': 'limit', 'type': 'limit', 'side': 'buy', 'position_intent': 'buy_to_open', 'time_in_force': 'day', 'limit_price': '260.18', 'stop_price': None, 'status': 'pending_new', 'extended_hours': False, 'legs': None, 'trail_percent': None, 'trail_price': None, 'hwm': None, 'subtag': None, 'source': None, 'expires_at': '2026-04-09T20:00:00Z'}"", ""broker_order_id"": ""e83a1ca9-580f-4c2f-b360-1d8dc69901fe""}",,12.000000,259.910000,,,system
de545581-3d2a-4351-a088-635a5b3f4ee6,organism_exit_IWM_20260409_8529edeb_t8916,IWM,sell,6.000000,market,day,filled,2026-04-09 14:12:07.563603+00,2026-04-09 14:12:07.559919+00,2026-04-09 14:12:09.82919+00,b769213d-1d40-4c31-bdd8-53078a663d58,"{""tick"": 8916, ""broker"": ""alpaca"", ""reason"": ""pyramid_cut_partial_at_-0.7R"", ""source"": ""organism"", ""status"": ""pending_new"", ""message"": ""Order submitted to Alpaca"", ""success"": ""True"", ""alpaca_response"": ""{'id': 'b769213d-1d40-4c31-bdd8-53078a663d58', 'client_order_id': 'organism_exit_IWM_20260409_8529edeb_t8916', 'created_at': '2026-04-09T14:12:08.014299779Z', 'updated_at': '2026-04-09T14:12:08.014894099Z', 'submitted_at': '2026-04-09T14:12:08.014299779Z', 'filled_at': None, 'expired_at': None, 'canceled_at': None, 'failed_at': None, 'replaced_at': None, 'replaced_by': None, 'replaces': None, 'asset_id': 'ef2b4bb6-00eb-494a-ba4d-aa40dd9a701c', 'symbol': 'IWM', 'asset_class': 'us_equity', 'notional': None, 'qty': '6', 'filled_qty': '0', 'filled_avg_price': None, 'order_class': '', 'order_type': 'market', 'type': 'market', 'side': 'sell', 'position_intent': 'sell_to_close', 'time_in_force': 'day', 'limit_price': None, 'stop_price': None, 'status': 'pending_new', 'extended_hours': False, 'legs': None, 'trail_percent': None, 'trail_price': None, 'hwm': None, 'subtag': None, 'source': None, 'expires_at': '2026-04-09T20:00:00Z'}"", ""broker_order_id"": ""b769213d-1d40-4c31-bdd8-53078a663d58""}",,6.000000,259.770000,,,system
4a3de88c-d1c8-444c-80ed-e097b287b19b,organism_exit_IWM_20260409_8529edeb_t8930,IWM,sell,6.000000,market,day,filled,2026-04-09 14:15:04.328646+00,2026-04-09 14:15:04.328179+00,2026-04-09 14:15:07.868494+00,14d113d2-6f3b-43cf-8182-454aef9aee60,"{""tick"": 8930, ""broker"": ""alpaca"", ""reason"": ""pyramid_cut_full_at_-1.6R"", ""source"": ""organism"", ""status"": ""pending_new"", ""message"": ""Order submitted to Alpaca"", ""success"": ""True"", ""alpaca_response"": ""{'id': '14d113d2-6f3b-43cf-8182-454aef9aee60', 'client_order_id': 'organism_exit_IWM_20260409_8529edeb_t8930', 'created_at': '2026-04-09T14:15:04.791429857Z', 'updated_at': '2026-04-09T14:15:04.791962457Z', 'submitted_at': '2026-04-09T14:15:04.791429857Z', 'filled_at': None, 'expired_at': None, 'canceled_at': None, 'failed_at': None, 'replaced_at': None, 'replaced_by': None, 'replaces': None, 'asset_id': 'ef2b4bb6-00eb-494a-ba4d-aa40dd9a701c', 'symbol': 'IWM', 'asset_class': 'us_equity', 'notional': None, 'qty': '6', 'filled_qty': '0', 'filled_avg_price': None, 'order_class': '', 'order_type': 'market', 'type': 'market', 'side': 'sell', 'position_intent': 'sell_to_close', 'time_in_force': 'day', 'limit_price': None, 'stop_price': None, 'status': 'pending_new', 'extended_hours': False, 'legs': None, 'trail_percent': None, 'trail_price': None, 'hwm': None, 'subtag': None, 'source': None, 'expires_at': '2026-04-09T20:00:00Z'}"", ""broker_order_id"": ""14d113d2-6f3b-43cf-8182-454aef9aee60""}",,6.000000,259.503333,,,system
a7228c26-2338-4b82-82e5-8575d950a5dd,organism_PSQ_20260409_8529edeb_t9296,PSQ,buy,145.000000,limit,day,filled,2026-04-09 15:31:03.092058+00,2026-04-09 15:31:03.090608+00,2026-04-09 15:31:07.221993+00,9a9aefb7-88fe-442c-b567-055470bbe490,"{""tick"": 9296, ""broker"": ""alpaca"", ""reason"": ""organism_entry"", ""source"": ""organism"", ""status"": ""pending_new"", ""message"": ""Order submitted to Alpaca"", ""success"": ""True"", ""confidence"": 0.3818, ""alpaca_response"": ""{'id': '9a9aefb7-88fe-442c-b567-055470bbe490', 'client_order_id': 'organism_PSQ_20260409_8529edeb_t9296', 'created_at': '2026-04-09T15:31:03.444411667Z', 'updated_at': '2026-04-09T15:31:03.445026427Z', 'submitted_at': '2026-04-09T15:31:03.444411667Z', 'filled_at': None, 'expired_at': None, 'canceled_at': None, 'failed_at': None, 'replaced_at': None, 'replaced_by': None, 'replaces': None, 'asset_id': 'b1ff951e-57c6-4878-9001-6a4b597bad9b', 'symbol': 'PSQ', 'asset_class': 'us_equity', 'notional': None, 'qty': '145', 'filled_qty': '0', 'filled_avg_price': None, 'order_class': '', 'order_type': 'limit', 'type': 'limit', 'side': 'buy', 'position_intent': 'buy_to_open', 'time_in_force': 'day', 'limit_price': '30.73', 'stop_price': None, 'status': 'pending_new', 'extended_hours': False, 'legs': None, 'trail_percent': None, 'trail_price': None, 'hwm': None, 'subtag': None, 'source': None, 'expires_at': '2026-04-09T20:00:00Z'}"", ""broker_order_id"": ""9a9aefb7-88fe-442c-b567-055470bbe490""}",,145.000000,30.700000,,,system
e90a0e90-a538-43b5-9b45-66757254e8ac,organism_exit_PSQ_20260409_8529edeb_t9301,PSQ,sell,72.000000,market,day,filled,2026-04-09 15:32:03.275109+00,2026-04-09 15:32:03.274404+00,2026-04-09 15:32:07.09358+00,c09a9332-3a86-43d8-ab97-f3ba09208d72,"{""tick"": 9301, ""broker"": ""alpaca"", ""reason"": ""pyramid_cut_partial_at_-0.8R"", ""source"": ""organism"", ""status"": ""pending_new"", ""message"": ""Order submitted to Alpaca"", ""success"": ""True"", ""alpaca_response"": ""{'id': 'c09a9332-3a86-43d8-ab97-f3ba09208d72', 'client_order_id': 'organism_exit_PSQ_20260409_8529edeb_t9301', 'created_at': '2026-04-09T15:32:04.205376802Z', 'updated_at': '2026-04-09T15:32:04.205886282Z', 'submitted_at': '2026-04-09T15:32:04.205376802Z', 'filled_at': None, 'expired_at': None, 'canceled_at': None, 'failed_at': None, 'replaced_at': None, 'replaced_by': None, 'replaces': None, 'asset_id': 'b1ff951e-57c6-4878-9001-6a4b597bad9b', 'symbol': 'PSQ', 'asset_class': 'us_equity', 'notional': None, 'qty': '72', 'filled_qty': '0', 'filled_avg_price': None, 'order_class': '', 'order_type': 'market', 'type': 'market', 'side': 'sell', 'position_intent': 'sell_to_close', 'time_in_force': 'day', 'limit_price': None, 'stop_price': None, 'status': 'pending_new', 'extended_hours': False, 'legs': None, 'trail_percent': None, 'trail_price': None, 'hwm': None, 'subtag': None, 'source': None, 'expires_at': '2026-04-09T20:00:00Z'}"", ""broker_order_id"": ""c09a9332-3a86-43d8-ab97-f3ba09208d72""}",,72.000000,30.690000,,,system
9318a858-d455-4b64-9e7d-676a67489c36,organism_exit_PSQ_20260409_8529edeb_t9306,PSQ,sell,73.000000,market,day,filled,2026-04-09 15:33:04.149171+00,2026-04-09 15:33:04.148328+00,2026-04-09 15:33:10.182768+00,d56c05c1-191f-4dba-88e1-a37f48dda7f5,"{""tick"": 9306, ""broker"": ""alpaca"", ""reason"": ""stop_loss"", ""source"": ""organism"", ""status"": ""pending_new"", ""message"": ""Order submitted to Alpaca"", ""success"": ""True"", ""alpaca_response"": ""{'id': 'd56c05c1-191f-4dba-88e1-a37f48dda7f5', 'client_order_id': 'organism_exit_PSQ_20260409_8529edeb_t9306', 'created_at': '2026-04-09T15:33:05.083178325Z', 'updated_at': '2026-04-09T15:33:05.083701875Z', 'submitted_at': '2026-04-09T15:33:05.083178325Z', 'filled_at': None, 'expired_at': None, 'canceled_at': None, 'failed_at': None, 'replaced_at': None, 'replaced_by': None, 'replaces': None, 'asset_id': 'b1ff951e-57c6-4878-9001-6a4b597bad9b', 'symbol': 'PSQ', 'asset_class': 'us_equity', 'notional': None, 'qty': '73', 'filled_qty': '0', 'filled_avg_price': None, 'order_class': '', 'order_type': 'market', 'type': 'market', 'side': 'sell', 'position_intent': 'sell_to_close', 'time_in_force': 'day', 'limit_price': None, 'stop_price': None, 'status': 'pending_new', 'extended_hours': False, 'legs': None, 'trail_percent': None, 'trail_price': None, 'hwm': None, 'subtag': None, 'source': None, 'expires_at': '2026-04-09T20:00:00Z'}"", ""broker_order_id"": ""d56c05c1-191f-4dba-88e1-a37f48dda7f5""}",,73.000000,30.626986,,,system
2913d846-f061-4b05-9bfc-6d3a00dadbf3,organism_NVDA_20260409_8529edeb_t9647,NVDA,buy,15.000000,limit,day,filled,2026-04-09 16:42:04.522403+00,2026-04-09 16:42:04.520918+00,2026-04-09 16:42:05.325275+00,ed57ddb8-8356-48af-a5a5-be1b6718eda6,"{""tick"": 9647, ""broker"": ""alpaca"", ""reason"": ""organism_entry"", ""source"": ""organism"", ""status"": ""pending_new"", ""message"": ""Order submitted to Alpaca"", ""success"": ""True"", ""confidence"": 0.3018, ""alpaca_response"": ""{'id': 'ed57ddb8-8356-48af-a5a5-be1b6718eda6', 'client_order_id': 'organism_NVDA_20260409_8529edeb_t9647', 'created_at': '2026-04-09T16:42:04.912515755Z', 'updated_at': '2026-04-09T16:42:04.913154415Z', 'submitted_at': '2026-04-09T16:42:04.912515755Z', 'filled_at': None, 'expired_at': None, 'canceled_at': None, 'failed_at': None, 'replaced_at': None, 'replaced_by': None, 'replaces': None, 'asset_id': '4ce9353c-66d1-46c2-898f-fce867ab0247', 'symbol': 'NVDA', 'asset_class': 'us_equity', 'notional': None, 'qty': '15', 'filled_qty': '0', 'filled_avg_price': None, 'order_class': '', 'order_type': 'limit', 'type': 'limit', 'side': 'buy', 'position_intent': 'buy_to_open', 'time_in_force': 'day', 'limit_price': '183.48', 'stop_price': None, 'status': 'pending_new', 'extended_hours': False, 'legs': None, 'trail_percent': None, 'trail_price': None, 'hwm': None, 'subtag': None, 'source': None, 'expires_at': '2026-04-09T20:00:00Z'}"", ""broker_order_id"": ""ed57ddb8-8356-48af-a5a5-be1b6718eda6""}",,15.000000,183.310000,,,system
56489280-9f74-4fbc-8655-39fc877f0880,organism_exit_NVDA_20260409_8529edeb_t9681,NVDA,sell,15.000000,market,day,filled,2026-04-09 16:49:03.280989+00,2026-04-09 16:49:03.280307+00,2026-04-09 16:49:08.006339+00,50a17a1e-697e-49a5-964b-9646dd6090c6,"{""tick"": 9681, ""broker"": ""alpaca"", ""reason"": ""pyramid_cut_full_at_-1.0R"", ""source"": ""organism"", ""status"": ""pending_new"", ""message"": ""Order submitted to Alpaca"", ""success"": ""True"", ""alpaca_response"": ""{'id': '50a17a1e-697e-49a5-964b-9646dd6090c6', 'client_order_id': 'organism_exit_NVDA_20260409_8529edeb_t9681', 'created_at': '2026-04-09T16:49:04.269700452Z', 'updated_at': '2026-04-09T16:49:04.270470862Z', 'submitted_at': '2026-04-09T16:49:04.269700452Z', 'filled_at': None, 'expired_at': None, 'canceled_at': None, 'failed_at': None, 'replaced_at': None, 'replaced_by': None, 'replaces': None, 'asset_id': '4ce9353c-66d1-46c2-898f-fce867ab0247', 'symbol': 'NVDA', 'asset_class': 'us_equity', 'notional': None, 'qty': '15', 'filled_qty': '0', 'filled_avg_price': None, 'order_class': '', 'order_type': 'market', 'type': 'market', 'side': 'sell', 'position_intent': 'sell_to_close', 'time_in_force': 'day', 'limit_price': None, 'stop_price': None, 'status': 'pending_new', 'extended_hours': False, 'legs': None, 'trail_percent': None, 'trail_price': None, 'hwm': None, 'subtag': None, 'source': None, 'expires_at': '2026-04-09T20:00:00Z'}"", ""broker_order_id"": ""50a17a1e-697e-49a5-964b-9646dd6090c6""}",,15.000000,183.179334,,,system
360c2165-ef5b-4314-8a2d-0b348597cf61,organism_SPY_20260409_8529edeb_t10195,SPY,buy,7.000000,limit,day,filled,2026-04-09 18:33:06.768843+00,2026-04-09 18:33:06.767416+00,2026-04-09 18:33:08.697199+00,44dc2928-b1e4-424a-bf07-b4e7ca4e577e,"{""tick"": 10195, ""broker"": ""alpaca"", ""reason"": ""organism_entry"", ""source"": ""organism"", ""status"": ""pending_new"", ""message"": ""Order submitted to Alpaca"", ""success"": ""True"", ""confidence"": 0.3106, ""alpaca_response"": ""{'id': '44dc2928-b1e4-424a-bf07-b4e7ca4e577e', 'client_order_id': 'organism_SPY_20260409_8529edeb_t10195', 'created_at': '2026-04-09T18:33:07.157742909Z', 'updated_at': '2026-04-09T18:33:07.158366159Z', 'submitted_at': '2026-04-09T18:33:07.157742909Z', 'filled_at': None, 'expired_at': None, 'canceled_at': None, 'failed_at': None, 'replaced_at': None, 'replaced_by': None, 'replaces': None, 'asset_id': 'b28f4066-5c6d-479b-a2af-85dc1a8f16fb', 'symbol': 'SPY', 'asset_class': 'us_equity', 'notional': None, 'qty': '7', 'filled_qty': '0', 'filled_avg_price': None, 'order_class': '', 'order_type': 'limit', 'type': 'limit', 'side': 'buy', 'position_intent': 'buy_to_open', 'time_in_force': 'day', 'limit_price': '679.44', 'stop_price': None, 'status': 'pending_new', 'extended_hours': False, 'legs': None, 'trail_percent': None, 'trail_price': None, 'hwm': None, 'subtag': None, 'source': None, 'expires_at': '2026-04-09T20:00:00Z'}"", ""broker_order_id"": ""44dc2928-b1e4-424a-bf07-b4e7ca4e577e""}",,7.000000,678.781429,,,system
56f42bdf-c165-4de0-87d5-8889ee58ef88,organism_SPY_20260409_8529edeb_t10239,SPY,buy,3.000000,limit,day,filled,2026-04-09 18:42:03.833494+00,2026-04-09 18:42:03.832976+00,2026-04-09 18:42:05.681997+00,5e83cf91-6621-487a-8c13-25d7a60e40c9,"{""tick"": 10239, ""broker"": ""alpaca"", ""reason"": ""pyramid_add"", ""source"": ""organism"", ""status"": ""pending_new"", ""message"": ""Order submitted to Alpaca"", ""success"": ""True"", ""confidence"": 0.7, ""alpaca_response"": ""{'id': '5e83cf91-6621-487a-8c13-25d7a60e40c9', 'client_order_id': 'organism_SPY_20260409_8529edeb_t10239', 'created_at': '2026-04-09T18:42:04.776732447Z', 'updated_at': '2026-04-09T18:42:04.777876417Z', 'submitted_at': '2026-04-09T18:42:04.776732447Z', 'filled_at': None, 'expired_at': None, 'canceled_at': None, 'failed_at': None, 'replaced_at': None, 'replaced_by': None, 'replaces': None, 'asset_id': 'b28f4066-5c6d-479b-a2af-85dc1a8f16fb', 'symbol': 'SPY', 'asset_class': 'us_equity', 'notional': None, 'qty': '3', 'filled_qty': '0', 'filled_avg_price': None, 'order_class': '', 'order_type': 'limit', 'type': 'limit', 'side': 'buy', 'position_intent': 'buy_to_open', 'time_in_force': 'day', 'limit_price': '679.84', 'stop_price': None, 'status': 'pending_new', 'extended_hours': False, 'legs': None, 'trail_percent': None, 'trail_price': None, 'hwm': None, 'subtag': None, 'source': None, 'expires_at': '2026-04-09T20:00:00Z'}"", ""broker_order_id"": ""5e83cf91-6621-487a-8c13-25d7a60e40c9""}",,3.000000,679.160000,,,system
65f2d517-25af-4e17-b048-b36182b0296d,organism_exit_SPY_20260409_8529edeb_t10337,SPY,sell,10.000000,market,day,filled,2026-04-09 19:02:05.856961+00,2026-04-09 19:02:05.853137+00,2026-04-09 19:02:08.346607+00,14d7f34c-3be5-41cc-b06b-54e905fd4d1c,"{""tick"": 10337, ""broker"": ""alpaca"", ""reason"": ""max_holding_period"", ""source"": ""organism"", ""status"": ""pending_new"", ""message"": ""Order submitted to Alpaca"", ""success"": ""True"", ""alpaca_response"": ""{'id': '14d7f34c-3be5-41cc-b06b-54e905fd4d1c', 'client_order_id': 'organism_exit_SPY_20260409_8529edeb_t10337', 'created_at': '2026-04-09T19:02:06.775596806Z', 'updated_at': '2026-04-09T19:02:06.776201316Z', 'submitted_at': '2026-04-09T19:02:06.775596806Z', 'filled_at': None, 'expired_at': None, 'canceled_at': None, 'failed_at': None, 'replaced_at': None, 'replaced_by': None, 'replaces': None, 'asset_id': 'b28f4066-5c6d-479b-a2af-85dc1a8f16fb', 'symbol': 'SPY', 'asset_class': 'us_equity', 'notional': None, 'qty': '10', 'filled_qty': '0', 'filled_avg_price': None, 'order_class': '', 'order_type': 'market', 'type': 'market', 'side': 'sell', 'position_intent': 'sell_to_close', 'time_in_force': 'day', 'limit_price': None, 'stop_price': None, 'status': 'pending_new', 'extended_hours': False, 'legs': None, 'trail_percent': None, 'trail_price': None, 'hwm': None, 'subtag': None, 'source': None, 'expires_at': '2026-04-09T20:00:00Z'}"", ""broker_order_id"": ""14d7f34c-3be5-41cc-b06b-54e905fd4d1c""}",,10.000000,679.440000,,,system
52af1cba-102a-4611-9ec0-11f70986955d,organism_PSQ_20260410_853eaccd_t10815,PSQ,buy,118.000000,limit,day,filled,2026-04-10 14:07:03.296984+00,2026-04-10 14:07:03.296379+00,2026-04-10 14:07:09.196633+00,eac61d16-2ca3-4a26-970b-a11cf48ef380,"{""tick"": 10815, ""broker"": ""alpaca"", ""reason"": ""organism_entry"", ""source"": ""organism"", ""status"": ""pending_new"", ""message"": ""Order submitted to Alpaca"", ""success"": ""True"", ""confidence"": 0.3679, ""alpaca_response"": ""{'id': 'eac61d16-2ca3-4a26-970b-a11cf48ef380', 'client_order_id': 'organism_PSQ_20260410_853eaccd_t10815', 'created_at': '2026-04-10T14:07:03.778957291Z', 'updated_at': '2026-04-10T14:07:03.779535501Z', 'submitted_at': '2026-04-10T14:07:03.778957291Z', 'filled_at': None, 'expired_at': None, 'canceled_at': None, 'failed_at': None, 'replaced_at': None, 'replaced_by': None, 'replaces': None, 'asset_id': 'b1ff951e-57c6-4878-9001-6a4b597bad9b', 'symbol': 'PSQ', 'asset_class': 'us_equity', 'notional': None, 'qty': '118', 'filled_qty': '0', 'filled_avg_price': None, 'order_class': '', 'order_type': 'limit', 'type': 'limit', 'side': 'buy', 'position_intent': 'buy_to_open', 'time_in_force': 'day', 'limit_price': '30.46', 'stop_price': None, 'status': 'pending_new', 'extended_hours': False, 'legs': None, 'trail_percent': None, 'trail_price': None, 'hwm': None, 'subtag': None, 'source': None, 'expires_at': '2026-04-10T20:00:00Z'}"", ""broker_order_id"": ""eac61d16-2ca3-4a26-970b-a11cf48ef380""}",,118.000000,30.436779,,,system
05d2d04a-7c49-40e5-9756-2d43a4768b18,organism_XOM_20260410_853eaccd_t10815,XOM,buy,5.000000,limit,day,filled,2026-04-10 14:07:03.304722+00,2026-04-10 14:07:03.303408+00,2026-04-10 14:07:05.438971+00,7f5bb522-009d-4068-aad0-8b740126c8ed,"{""tick"": 10815, ""broker"": ""alpaca"", ""reason"": ""organism_entry"", ""source"": ""organism"", ""status"": ""pending_new"", ""message"": ""Order submitted to Alpaca"", ""success"": ""True"", ""confidence"": 0.3087, ""alpaca_response"": ""{'id': '7f5bb522-009d-4068-aad0-8b740126c8ed', 'client_order_id': 'organism_XOM_20260410_853eaccd_t10815', 'created_at': '2026-04-10T14:07:03.988097248Z', 'updated_at': '2026-04-10T14:07:03.989000668Z', 'submitted_at': '2026-04-10T14:07:03.988097248Z', 'filled_at': None, 'expired_at': None, 'canceled_at': None, 'failed_at': None, 'replaced_at': None, 'replaced_by': None, 'replaces': None, 'asset_id': '092efc51-b66b-4355-8132-d9c3796b9a76', 'symbol': 'XOM', 'asset_class': 'us_equity', 'notional': None, 'qty': '5', 'filled_qty': '0', 'filled_avg_price': None, 'order_class': '', 'order_type': 'limit', 'type': 'limit', 'side': 'buy', 'position_intent': 'buy_to_open', 'time_in_force': 'day', 'limit_price': '153.57', 'stop_price': None, 'status': 'pending_new', 'extended_hours': False, 'legs': None, 'trail_percent': None, 'trail_price': None, 'hwm': None, 'subtag': None, 'source': None, 'expires_at': '2026-04-10T20:00:00Z'}"", ""broker_order_id"": ""7f5bb522-009d-4068-aad0-8b740126c8ed""}",,5.000000,153.430000,,,system
70bc7287-1ad2-40f4-b246-5d781c99d3bb,organism_exit_PSQ_20260410_853eaccd_t10834,PSQ,sell,35.000000,market,day,filled,2026-04-10 14:11:03.40963+00,2026-04-10 14:11:03.408856+00,2026-04-10 14:11:04.529313+00,5071c08a-38bd-4c50-9100-31184dbde0e7,"{""tick"": 10834, ""broker"": ""alpaca"", ""reason"": ""ml_reversal"", ""source"": ""organism"", ""status"": ""pending_new"", ""message"": ""Order submitted to Alpaca"", ""success"": ""True"", ""alpaca_response"": ""{'id': '5071c08a-38bd-4c50-9100-31184dbde0e7', 'client_order_id': 'organism_exit_PSQ_20260410_853eaccd_t10834', 'created_at': '2026-04-10T14:11:03.843917264Z', 'updated_at': '2026-04-10T14:11:03.844370234Z', 'submitted_at': '2026-04-10T14:11:03.843917264Z', 'filled_at': None, 'expired_at': None, 'canceled_at': None, 'failed_at': None, 'replaced_at': None, 'replaced_by': None, 'replaces': None, 'asset_id': 'b1ff951e-57c6-4878-9001-6a4b597bad9b', 'symbol': 'PSQ', 'asset_class': 'us_equity', 'notional': None, 'qty': '35', 'filled_qty': '0', 'filled_avg_price': None, 'order_class': '', 'order_type': 'market', 'type': 'market', 'side': 'sell', 'position_intent': 'sell_to_close', 'time_in_force': 'day', 'limit_price': None, 'stop_price': None, 'status': 'pending_new', 'extended_hours': False, 'legs': None, 'trail_percent': None, 'trail_price': None, 'hwm': None, 'subtag': None, 'source': None, 'expires_at': '2026-04-10T20:00:00Z'}"", ""broker_order_id"": ""5071c08a-38bd-4c50-9100-31184dbde0e7""}",,35.000000,30.440000,,,system
befcb8a9-ce0b-4401-ad5d-e013cee11985,organism_XOM_20260410_853eaccd_t10848,XOM,buy,2.000000,limit,day,filled,2026-04-10 14:14:00.443168+00,2026-04-10 14:14:00.442478+00,2026-04-10 14:14:01.808094+00,22e9a336-969e-4ebb-9a9c-918af19c6cbf,"{""tick"": 10848, ""broker"": ""alpaca"", ""reason"": ""pyramid_add"", ""source"": ""organism"", ""status"": ""pending_new"", ""message"": ""Order submitted to Alpaca"", ""success"": ""True"", ""confidence"": 0.7, ""alpaca_response"": ""{'id': '22e9a336-969e-4ebb-9a9c-918af19c6cbf', 'client_order_id': 'organism_XOM_20260410_853eaccd_t10848', 'created_at': '2026-04-10T14:14:00.954051753Z', 'updated_at': '2026-04-10T14:14:00.956773743Z', 'submitted_at': '2026-04-10T14:14:00.954051753Z', 'filled_at': None, 'expired_at': None, 'canceled_at': None, 'failed_at': None, 'replaced_at': None, 'replaced_by': None, 'replaces': None, 'asset_id': '092efc51-b66b-4355-8132-d9c3796b9a76', 'symbol': 'XOM', 'asset_class': 'us_equity', 'notional': None, 'qty': '2', 'filled_qty': '0', 'filled_avg_price': None, 'order_class': '', 'order_type': 'limit', 'type': 'limit', 'side': 'buy', 'position_intent': 'buy_to_open', 'time_in_force': 'day', 'limit_price': '153.86', 'stop_price': None, 'status': 'pending_new', 'extended_hours': False, 'legs': None, 'trail_percent': None, 'trail_price': None, 'hwm': None, 'subtag': None, 'source': None, 'expires_at': '2026-04-10T20:00:00Z'}"", ""broker_order_id"": ""22e9a336-969e-4ebb-9a9c-918af19c6cbf""}",,2.000000,153.740000,,,system
88584568-9a9f-4e57-9ab0-87cf99c0ebc8,organism_exit_PSQ_20260410_853eaccd_t10853,PSQ,sell,83.000000,market,day,filled,2026-04-10 14:15:03.342738+00,2026-04-10 14:15:03.341857+00,2026-04-10 14:15:05.853561+00,6dc2dc03-6155-4c2c-af3c-2db7190cd62f,"{""tick"": 10853, ""broker"": ""alpaca"", ""reason"": ""stop_loss"", ""source"": ""organism"", ""status"": ""pending_new"", ""message"": ""Order submitted to Alpaca"", ""success"": ""True"", ""alpaca_response"": ""{'id': '6dc2dc03-6155-4c2c-af3c-2db7190cd62f', 'client_order_id': 'organism_exit_PSQ_20260410_853eaccd_t10853', 'created_at': '2026-04-10T14:15:03.79690429Z', 'updated_at': '2026-04-10T14:15:03.7974532Z', 'submitted_at': '2026-04-10T14:15:03.79690429Z', 'filled_at': None, 'expired_at': None, 'canceled_at': None, 'failed_at': None, 'replaced_at': None, 'replaced_by': None, 'replaces': None, 'asset_id': 'b1ff951e-57c6-4878-9001-6a4b597bad9b', 'symbol': 'PSQ', 'asset_class': 'us_equity', 'notional': None, 'qty': '83', 'filled_qty': '0', 'filled_avg_price': None, 'order_class': '', 'order_type': 'market', 'type': 'market', 'side': 'sell', 'position_intent': 'sell_to_close', 'time_in_force': 'day', 'limit_price': None, 'stop_price': None, 'status': 'pending_new', 'extended_hours': False, 'legs': None, 'trail_percent': None, 'trail_price': None, 'hwm': None, 'subtag': None, 'source': None, 'expires_at': '2026-04-10T20:00:00Z'}"", ""broker_order_id"": ""6dc2dc03-6155-4c2c-af3c-2db7190cd62f""}",,83.000000,30.380000,,,system
a49af154-c393-4ae3-9597-743225761ceb,organism_exit_XOM_20260410_853eaccd_t10858,XOM,sell,7.000000,market,day,filled,2026-04-10 14:16:06.69909+00,2026-04-10 14:16:06.698311+00,2026-04-10 14:16:09.846044+00,92187970-5421-4ef9-aede-d7360124e7ae,"{""tick"": 10858, ""broker"": ""alpaca"", ""reason"": ""pyramid_cut_full_at_-1.5R"", ""source"": ""organism"", ""status"": ""pending_new"", ""message"": ""Order submitted to Alpaca"", ""success"": ""True"", ""alpaca_response"": ""{'id': '92187970-5421-4ef9-aede-d7360124e7ae', 'client_order_id': 'organism_exit_XOM_20260410_853eaccd_t10858', 'created_at': '2026-04-10T14:16:07.144874988Z', 'updated_at': '2026-04-10T14:16:07.145460938Z', 'submitted_at': '2026-04-10T14:16:07.144874988Z', 'filled_at': None, 'expired_at': None, 'canceled_at': None, 'failed_at': None, 'replaced_at': None, 'replaced_by': None, 'replaces': None, 'asset_id': '092efc51-b66b-4355-8132-d9c3796b9a76', 'symbol': 'XOM', 'asset_class': 'us_equity', 'notional': None, 'qty': '7', 'filled_qty': '0', 'filled_avg_price': None, 'order_class': '', 'order_type': 'market', 'type': 'market', 'side': 'sell', 'position_intent': 'sell_to_close', 'time_in_force': 'day', 'limit_price': None, 'stop_price': None, 'status': 'pending_new', 'extended_hours': False, 'legs': None, 'trail_percent': None, 'trail_price': None, 'hwm': None, 'subtag': None, 'source': None, 'expires_at': '2026-04-10T20:00:00Z'}"", ""broker_order_id"": ""92187970-5421-4ef9-aede-d7360124e7ae""}",,7.000000,153.200000,,,system
68e4db4e-8957-4aa7-8712-63e162c63bca,organism_IWM_20260410_853eaccd_t10858,IWM,buy,12.000000,limit,day,filled,2026-04-10 14:16:06.894872+00,2026-04-10 14:16:06.894521+00,2026-04-10 14:16:08.144889+00,40756a0a-1f2d-4065-a681-b2e55c5ac86e,"{""tick"": 10858, ""broker"": ""alpaca"", ""reason"": ""organism_entry"", ""source"": ""organism"", ""status"": ""pending_new"", ""message"": ""Order submitted to Alpaca"", ""success"": ""True"", ""confidence"": 0.4826, ""alpaca_response"": ""{'id': '40756a0a-1f2d-4065-a681-b2e55c5ac86e', 'client_order_id': 'organism_IWM_20260410_853eaccd_t10858', 'created_at': '2026-04-10T14:16:07.456789673Z', 'updated_at': '2026-04-10T14:16:07.458018923Z', 'submitted_at': '2026-04-10T14:16:07.456789673Z', 'filled_at': None, 'expired_at': None, 'canceled_at': None, 'failed_at': None, 'replaced_at': None, 'replaced_by': None, 'replaces': None, 'asset_id': 'ef2b4bb6-00eb-494a-ba4d-aa40dd9a701c', 'symbol': 'IWM', 'asset_class': 'us_equity', 'notional': None, 'qty': '12', 'filled_qty': '0', 'filled_avg_price': None, 'order_class': '', 'order_type': 'limit', 'type': 'limit', 'side': 'buy', 'position_intent': 'buy_to_open', 'time_in_force': 'day', 'limit_price': '262.02', 'stop_price': None, 'status': 'pending_new', 'extended_hours': False, 'legs': None, 'trail_percent': None, 'trail_price': None, 'hwm': None, 'subtag': None, 'source': None, 'expires_at': '2026-04-10T20:00:00Z'}"", ""broker_order_id"": ""40756a0a-1f2d-4065-a681-b2e55c5ac86e""}",,12.000000,261.770000,,,system
54f6b933-4f67-44e8-b274-4da303195ba6,organism_IWM_20260410_853eaccd_t10901,IWM,buy,6.000000,limit,day,filled,2026-04-10 14:25:09.701748+00,2026-04-10 14:25:09.699044+00,2026-04-10 14:25:15.614263+00,6345607d-1220-4907-a1f8-5f79ef8e096b,"{""tick"": 10901, ""broker"": ""alpaca"", ""reason"": ""pyramid_add"", ""source"": ""organism"", ""status"": ""pending_new"", ""message"": ""Order submitted to Alpaca"", ""success"": ""True"", ""confidence"": 0.7, ""alpaca_response"": ""{'id': '6345607d-1220-4907-a1f8-5f79ef8e096b', 'client_order_id': 'organism_IWM_20260410_853eaccd_t10901', 'created_at': '2026-04-10T14:25:14.266993779Z', 'updated_at': '2026-04-10T14:25:14.268125789Z', 'submitted_at': '2026-04-10T14:25:14.266993779Z', 'filled_at': None, 'expired_at': None, 'canceled_at': None, 'failed_at': None, 'replaced_at': None, 'replaced_by': None, 'replaces': None, 'asset_id': 'ef2b4bb6-00eb-494a-ba4d-aa40dd9a701c', 'symbol': 'IWM', 'asset_class': 'us_equity', 'notional': None, 'qty': '6', 'filled_qty': '0', 'filled_avg_price': None, 'order_class': '', 'order_type': 'limit', 'type': 'limit', 'side': 'buy', 'position_intent': 'buy_to_open', 'time_in_force': 'day', 'limit_price': '262.41', 'stop_price': None, 'status': 'pending_new', 'extended_hours': False, 'legs': None, 'trail_percent': None, 'trail_price': None, 'hwm': None, 'subtag': None, 'source': None, 'expires_at': '2026-04-10T20:00:00Z'}"", ""broker_order_id"": ""6345607d-1220-4907-a1f8-5f79ef8e096b""}",,6.000000,262.200000,,,system
6ad84618-5d53-47a1-9bfc-ab3ddde6d36f,organism_IWM_20260410_853eaccd_t10934,IWM,buy,6.000000,limit,day,filled,2026-04-10 14:32:05.433504+00,2026-04-10 14:32:05.431951+00,2026-04-10 14:32:08.026732+00,c557ffd7-7b6f-4b60-b9fa-5230963190f1,"{""tick"": 10934, ""broker"": ""alpaca"", ""reason"": ""pyramid_add"", ""source"": ""organism"", ""status"": ""pending_new"", ""message"": ""Order submitted to Alpaca"", ""success"": ""True"", ""confidence"": 0.7, ""alpaca_response"": ""{'id': 'c557ffd7-7b6f-4b60-b9fa-5230963190f1', 'client_order_id': 'organism_IWM_20260410_853eaccd_t10934', 'created_at': '2026-04-10T14:32:06.425562248Z', 'updated_at': '2026-04-10T14:32:06.426719768Z', 'submitted_at': '2026-04-10T14:32:06.425562248Z', 'filled_at': None, 'expired_at': None, 'canceled_at': None, 'failed_at': None, 'replaced_at': None, 'replaced_by': None, 'replaces': None, 'asset_id': 'ef2b4bb6-00eb-494a-ba4d-aa40dd9a701c', 'symbol': 'IWM', 'asset_class': 'us_equity', 'notional': None, 'qty': '6', 'filled_qty': '0', 'filled_avg_price': None, 'order_class': '', 'order_type': 'limit', 'type': 'limit', 'side': 'buy', 'position_intent': 'buy_to_open', 'time_in_force': 'day', 'limit_price': '262.5', 'stop_price': None, 'status': 'pending_new', 'extended_hours': False, 'legs': None, 'trail_percent': None, 'trail_price': None, 'hwm': None, 'subtag': None, 'source': None, 'expires_at': '2026-04-10T20:00:00Z'}"", ""broker_order_id"": ""c557ffd7-7b6f-4b60-b9fa-5230963190f1""}",,6.000000,262.243333,,,system
2afc3246-8059-4fc8-8b68-288408888ffb,organism_exit_IWM_20260410_853eaccd_t10944,IWM,sell,7.000000,market,day,filled,2026-04-10 14:34:10.447034+00,2026-04-10 14:34:10.44649+00,2026-04-10 14:34:12.58606+00,f9c285e8-a18c-4685-8197-3fdb2c64aa39,"{""tick"": 10944, ""broker"": ""alpaca"", ""reason"": ""ml_reversal"", ""source"": ""organism"", ""status"": ""pending_new"", ""message"": ""Order submitted to Alpaca"", ""success"": ""True"", ""alpaca_response"": ""{'id': 'f9c285e8-a18c-4685-8197-3fdb2c64aa39', 'client_order_id': 'organism_exit_IWM_20260410_853eaccd_t10944', 'created_at': '2026-04-10T14:34:11.38310681Z', 'updated_at': '2026-04-10T14:34:11.38372139Z', 'submitted_at': '2026-04-10T14:34:11.38310681Z', 'filled_at': None, 'expired_at': None, 'canceled_at': None, 'failed_at': None, 'replaced_at': None, 'replaced_by': None, 'replaces': None, 'asset_id': 'ef2b4bb6-00eb-494a-ba4d-aa40dd9a701c', 'symbol': 'IWM', 'asset_class': 'us_equity', 'notional': None, 'qty': '7', 'filled_qty': '0', 'filled_avg_price': None, 'order_class': '', 'order_type': 'market', 'type': 'market', 'side': 'sell', 'position_intent': 'sell_to_close', 'time_in_force': 'day', 'limit_price': None, 'stop_price': None, 'status': 'pending_new', 'extended_hours': False, 'legs': None, 'trail_percent': None, 'trail_price': None, 'hwm': None, 'subtag': None, 'source': None, 'expires_at': '2026-04-10T20:00:00Z'}"", ""broker_order_id"": ""f9c285e8-a18c-4685-8197-3fdb2c64aa39""}",,7.000000,262.180000,,,system
4f9d3ed5-1771-4caa-8ae1-ebb3f03e933e,organism_exit_IWM_20260410_853eaccd_t10987,IWM,sell,17.000000,market,day,filled,2026-04-10 14:43:05.289312+00,2026-04-10 14:43:05.288233+00,2026-04-10 14:43:08.250091+00,8e3a0490-1dbf-469a-817e-aaf07329456b,"{""tick"": 10987, ""broker"": ""alpaca"", ""reason"": ""stop_loss"", ""source"": ""organism"", ""status"": ""pending_new"", ""message"": ""Order submitted to Alpaca"", ""success"": ""True"", ""alpaca_response"": ""{'id': '8e3a0490-1dbf-469a-817e-aaf07329456b', 'client_order_id': 'organism_exit_IWM_20260410_853eaccd_t10987', 'created_at': '2026-04-10T14:43:06.246329733Z', 'updated_at': '2026-04-10T14:43:06.250276353Z', 'submitted_at': '2026-04-10T14:43:06.246329733Z', 'filled_at': None, 'expired_at': None, 'canceled_at': None, 'failed_at': None, 'replaced_at': None, 'replaced_by': None, 'replaces': None, 'asset_id': 'ef2b4bb6-00eb-494a-ba4d-aa40dd9a701c', 'symbol': 'IWM', 'asset_class': 'us_equity', 'notional': None, 'qty': '17', 'filled_qty': '0', 'filled_avg_price': None, 'order_class': '', 'order_type': 'market', 'type': 'market', 'side': 'sell', 'position_intent': 'sell_to_close', 'time_in_force': 'day', 'limit_price': None, 'stop_price': None, 'status': 'pending_new', 'extended_hours': False, 'legs': None, 'trail_percent': None, 'trail_price': None, 'hwm': None, 'subtag': None, 'source': None, 'expires_at': '2026-04-10T20:00:00Z'}"", ""broker_order_id"": ""8e3a0490-1dbf-469a-817e-aaf07329456b""}",,17.000000,261.730000,,,system
e99c1a67-ed89-4679-a748-da84a1f865a9,organism_SPY_20260410_853eaccd_t11385,SPY,buy,7.000000,limit,day,filled,2026-04-10 16:04:11.909537+00,2026-04-10 16:04:11.908955+00,2026-04-10 16:04:14.204702+00,e09b5799-fa78-4219-944c-496ff7098cca,"{""tick"": 11385, ""broker"": ""alpaca"", ""reason"": ""organism_entry"", ""source"": ""organism"", ""status"": ""pending_new"", ""message"": ""Order submitted to Alpaca"", ""success"": ""True"", ""confidence"": 0.4958, ""alpaca_response"": ""{'id': 'e09b5799-fa78-4219-944c-496ff7098cca', 'client_order_id': 'organism_SPY_20260410_853eaccd_t11385', 'created_at': '2026-04-10T16:04:12.274224291Z', 'updated_at': '2026-04-10T16:04:12.274852311Z', 'submitted_at': '2026-04-10T16:04:12.274224291Z', 'filled_at': None, 'expired_at': None, 'canceled_at': None, 'failed_at': None, 'replaced_at': None, 'replaced_by': None, 'replaces': None, 'asset_id': 'b28f4066-5c6d-479b-a2af-85dc1a8f16fb', 'symbol': 'SPY', 'asset_class': 'us_equity', 'notional': None, 'qty': '7', 'filled_qty': '0', 'filled_avg_price': None, 'order_class': '', 'order_type': 'limit', 'type': 'limit', 'side': 'buy', 'position_intent': 'buy_to_open', 'time_in_force': 'day', 'limit_price': '680.05', 'stop_price': None, 'status': 'pending_new', 'extended_hours': False, 'legs': None, 'trail_percent': None, 'trail_price': None, 'hwm': None, 'subtag': None, 'source': None, 'expires_at': '2026-04-10T20:00:00Z'}"", ""broker_order_id"": ""e09b5799-fa78-4219-944c-496ff7098cca""}",,7.000000,679.350000,,,system
5040a385-d1e0-4cc7-83fc-a210e50e40bb,organism_SPY_20260410_853eaccd_t11419,SPY,buy,3.000000,limit,day,filled,2026-04-10 16:11:06.032101+00,2026-04-10 16:11:06.031509+00,2026-04-10 16:11:09.836875+00,da0bcb7a-82a0-44ed-a98c-7c4e83225bab,"{""tick"": 11419, ""broker"": ""alpaca"", ""reason"": ""pyramid_add"", ""source"": ""organism"", ""status"": ""pending_new"", ""message"": ""Order submitted to Alpaca"", ""success"": ""True"", ""confidence"": 0.7, ""alpaca_response"": ""{'id': 'da0bcb7a-82a0-44ed-a98c-7c4e83225bab', 'client_order_id': 'organism_SPY_20260410_853eaccd_t11419', 'created_at': '2026-04-10T16:11:07.011347087Z', 'updated_at': '2026-04-10T16:11:07.012555997Z', 'submitted_at': '2026-04-10T16:11:07.011347087Z', 'filled_at': None, 'expired_at': None, 'canceled_at': None, 'failed_at': None, 'replaced_at': None, 'replaced_by': None, 'replaces': None, 'asset_id': 'b28f4066-5c6d-479b-a2af-85dc1a8f16fb', 'symbol': 'SPY', 'asset_class': 'us_equity', 'notional': None, 'qty': '3', 'filled_qty': '0', 'filled_avg_price': None, 'order_class': '', 'order_type': 'limit', 'type': 'limit', 'side': 'buy', 'position_intent': 'buy_to_open', 'time_in_force': 'day', 'limit_price': '680.44', 'stop_price': None, 'status': 'pending_new', 'extended_hours': False, 'legs': None, 'trail_percent': None, 'trail_price': None, 'hwm': None, 'subtag': None, 'source': None, 'expires_at': '2026-04-10T20:00:00Z'}"", ""broker_order_id"": ""da0bcb7a-82a0-44ed-a98c-7c4e83225bab""}",,3.000000,679.780000,,,system
d57497d4-c8a4-45a5-83f2-acab271d1318,organism_SPY_20260410_853eaccd_t11458,SPY,buy,3.000000,limit,day,filled,2026-04-10 16:19:04.785086+00,2026-04-10 16:19:04.784703+00,2026-04-10 16:19:07.023544+00,244e8399-8f6b-4a78-8345-e2fc2ff60cd0,"{""tick"": 11458, ""broker"": ""alpaca"", ""reason"": ""pyramid_add"", ""source"": ""organism"", ""status"": ""pending_new"", ""message"": ""Order submitted to Alpaca"", ""success"": ""True"", ""confidence"": 0.7, ""alpaca_response"": ""{'id': '244e8399-8f6b-4a78-8345-e2fc2ff60cd0', 'client_order_id': 'organism_SPY_20260410_853eaccd_t11458', 'created_at': '2026-04-10T16:19:05.762323109Z', 'updated_at': '2026-04-10T16:19:05.771453569Z', 'submitted_at': '2026-04-10T16:19:05.762323109Z', 'filled_at': None, 'expired_at': None, 'canceled_at': None, 'failed_at': None, 'replaced_at': None, 'replaced_by': None, 'replaces': None, 'asset_id': 'b28f4066-5c6d-479b-a2af-85dc1a8f16fb', 'symbol': 'SPY', 'asset_class': 'us_equity', 'notional': None, 'qty': '3', 'filled_qty': '0', 'filled_avg_price': None, 'order_class': '', 'order_type': 'limit', 'type': 'limit', 'side': 'buy', 'position_intent': 'buy_to_open', 'time_in_force': 'day', 'limit_price': '680.54', 'stop_price': None, 'status': 'pending_new', 'extended_hours': False, 'legs': None, 'trail_percent': None, 'trail_price': None, 'hwm': None, 'subtag': None, 'source': None, 'expires_at': '2026-04-10T20:00:00Z'}"", ""broker_order_id"": ""244e8399-8f6b-4a78-8345-e2fc2ff60cd0""}",,3.000000,679.860000,,,system
426f0415-c9bd-49a2-9c83-728e10d23365,organism_NVDA_20260410_853eaccd_t11493,NVDA,buy,13.000000,limit,day,filled,2026-04-10 16:26:12.041636+00,2026-04-10 16:26:12.041147+00,2026-04-10 16:26:13.274844+00,ba31bcfc-356b-42f1-abe2-7fc7f827cc28,"{""tick"": 11493, ""broker"": ""alpaca"", ""reason"": ""organism_entry"", ""source"": ""organism"", ""status"": ""pending_new"", ""message"": ""Order submitted to Alpaca"", ""success"": ""True"", ""confidence"": 0.4146, ""alpaca_response"": ""{'id': 'ba31bcfc-356b-42f1-abe2-7fc7f827cc28', 'client_order_id': 'organism_NVDA_20260410_853eaccd_t11493', 'created_at': '2026-04-10T16:26:12.389469442Z', 'updated_at': '2026-04-10T16:26:12.390678272Z', 'submitted_at': '2026-04-10T16:26:12.389469442Z', 'filled_at': None, 'expired_at': None, 'canceled_at': None, 'failed_at': None, 'replaced_at': None, 'replaced_by': None, 'replaces': None, 'asset_id': '4ce9353c-66d1-46c2-898f-fce867ab0247', 'symbol': 'NVDA', 'asset_class': 'us_equity', 'notional': None, 'qty': '13', 'filled_qty': '0', 'filled_avg_price': None, 'order_class': '', 'order_type': 'limit', 'type': 'limit', 'side': 'buy', 'position_intent': 'buy_to_open', 'time_in_force': 'day', 'limit_price': '188.81', 'stop_price': None, 'status': 'pending_new', 'extended_hours': False, 'legs': None, 'trail_percent': None, 'trail_price': None, 'hwm': None, 'subtag': None, 'source': None, 'expires_at': '2026-04-10T20:00:00Z'}"", ""broker_order_id"": ""ba31bcfc-356b-42f1-abe2-7fc7f827cc28""}",,13.000000,188.640000,,,system
e6fa1c54-6abc-4a15-8906-adfe70600ddb,organism_exit_NVDA_20260410_853eaccd_t11512,NVDA,sell,13.000000,market,day,filled,2026-04-10 16:30:04.551706+00,2026-04-10 16:30:04.549948+00,2026-04-10 16:30:11.30064+00,73656595-c4cc-47dd-8eec-cd81fa6b5d3e,"{""tick"": 11512, ""broker"": ""alpaca"", ""reason"": ""pyramid_cut_full_at_-1.1R"", ""source"": ""organism"", ""status"": ""pending_new"", ""message"": ""Order submitted to Alpaca"", ""success"": ""True"", ""alpaca_response"": ""{'id': '73656595-c4cc-47dd-8eec-cd81fa6b5d3e', 'client_order_id': 'organism_exit_NVDA_20260410_853eaccd_t11512', 'created_at': '2026-04-10T16:30:05.516688075Z', 'updated_at': '2026-04-10T16:30:05.517358025Z', 'submitted_at': '2026-04-10T16:30:05.516688075Z', 'filled_at': None, 'expired_at': None, 'canceled_at': None, 'failed_at': None, 'replaced_at': None, 'replaced_by': None, 'replaces': None, 'asset_id': '4ce9353c-66d1-46c2-898f-fce867ab0247', 'symbol': 'NVDA', 'asset_class': 'us_equity', 'notional': None, 'qty': '13', 'filled_qty': '0', 'filled_avg_price': None, 'order_class': '', 'order_type': 'market', 'type': 'market', 'side': 'sell', 'position_intent': 'sell_to_close', 'time_in_force': 'day', 'limit_price': None, 'stop_price': None, 'status': 'pending_new', 'extended_hours': False, 'legs': None, 'trail_percent': None, 'trail_price': None, 'hwm': None, 'subtag': None, 'source': None, 'expires_at': '2026-04-10T20:00:00Z'}"", ""broker_order_id"": ""73656595-c4cc-47dd-8eec-cd81fa6b5d3e""}",,13.000000,188.489231,,,system
51c0a067-e358-417f-99c5-11bff5fb5337,organism_exit_SPY_20260410_853eaccd_t11527,SPY,sell,6.000000,market,day,filled,2026-04-10 16:33:08.767701+00,2026-04-10 16:33:08.767282+00,2026-04-10 16:33:10.84609+00,4fda2680-197b-4750-b854-d8e55fbf86cf,"{""tick"": 11527, ""broker"": ""alpaca"", ""reason"": ""pyramid_cut_partial_at_-0.9R"", ""source"": ""organism"", ""status"": ""pending_new"", ""message"": ""Order submitted to Alpaca"", ""success"": ""True"", ""alpaca_response"": ""{'id': '4fda2680-197b-4750-b854-d8e55fbf86cf', 'client_order_id': 'organism_exit_SPY_20260410_853eaccd_t11527', 'created_at': '2026-04-10T16:33:09.740228686Z', 'updated_at': '2026-04-10T16:33:09.740812436Z', 'submitted_at': '2026-04-10T16:33:09.740228686Z', 'filled_at': None, 'expired_at': None, 'canceled_at': None, 'failed_at': None, 'replaced_at': None, 'replaced_by': None, 'replaces': None, 'asset_id': 'b28f4066-5c6d-479b-a2af-85dc1a8f16fb', 'symbol': 'SPY', 'asset_class': 'us_equity', 'notional': None, 'qty': '6', 'filled_qty': '0', 'filled_avg_price': None, 'order_class': '', 'order_type': 'market', 'type': 'market', 'side': 'sell', 'position_intent': 'sell_to_close', 'time_in_force': 'day', 'limit_price': None, 'stop_price': None, 'status': 'pending_new', 'extended_hours': False, 'legs': None, 'trail_percent': None, 'trail_price': None, 'hwm': None, 'subtag': None, 'source': None, 'expires_at': '2026-04-10T20:00:00Z'}"", ""broker_order_id"": ""4fda2680-197b-4750-b854-d8e55fbf86cf""}",,6.000000,679.310000,,,system
66e6206e-8202-414b-8a14-9d303ed9b0b1,organism_AMZN_20260410_853eaccd_t11527,AMZN,buy,10.000000,limit,day,filled,2026-04-10 16:33:09.489121+00,2026-04-10 16:33:09.488795+00,2026-04-10 16:33:11.964267+00,80fb7bba-d50b-43f5-ad63-9b9089b0d22d,"{""tick"": 11527, ""broker"": ""alpaca"", ""reason"": ""organism_entry"", ""source"": ""organism"", ""status"": ""pending_new"", ""message"": ""Order submitted to Alpaca"", ""success"": ""True"", ""confidence"": 0.3464, ""alpaca_response"": ""{'id': '80fb7bba-d50b-43f5-ad63-9b9089b0d22d', 'client_order_id': 'organism_AMZN_20260410_853eaccd_t11527', 'created_at': '2026-04-10T16:33:10.053728791Z', 'updated_at': '2026-04-10T16:33:10.055057121Z', 'submitted_at': '2026-04-10T16:33:10.053728791Z', 'filled_at': None, 'expired_at': None, 'canceled_at': None, 'failed_at': None, 'replaced_at': None, 'replaced_by': None, 'replaces': None, 'asset_id': 'f801f835-bfe6-4a9d-a6b1-ccbb84bfd75f', 'symbol': 'AMZN', 'asset_class': 'us_equity', 'notional': None, 'qty': '10', 'filled_qty': '0', 'filled_avg_price': None, 'order_class': '', 'order_type': 'limit', 'type': 'limit', 'side': 'buy', 'position_intent': 'buy_to_open', 'time_in_force': 'day', 'limit_price': '238.18', 'stop_price': None, 'status': 'pending_new', 'extended_hours': False, 'legs': None, 'trail_percent': None, 'trail_price': None, 'hwm': None, 'subtag': None, 'source': None, 'expires_at': '2026-04-10T20:00:00Z'}"", ""broker_order_id"": ""80fb7bba-d50b-43f5-ad63-9b9089b0d22d""}",,10.000000,237.941000,,,system
212610bd-3a42-40d9-8fa0-e705602d5aa5,organism_exit_SPY_20260410_853eaccd_t11532,SPY,sell,7.000000,market,day,filled,2026-04-10 16:34:10.061944+00,2026-04-10 16:34:10.061566+00,2026-04-10 16:34:13.113135+00,96dfb4aa-5bdc-4ae4-8560-31df03544738,"{""tick"": 11532, ""broker"": ""alpaca"", ""reason"": ""pyramid_cut_full_at_-1.1R"", ""source"": ""organism"", ""status"": ""pending_new"", ""message"": ""Order submitted to Alpaca"", ""success"": ""True"", ""alpaca_response"": ""{'id': '96dfb4aa-5bdc-4ae4-8560-31df03544738', 'client_order_id': 'organism_exit_SPY_20260410_853eaccd_t11532', 'created_at': '2026-04-10T16:34:11.062501862Z', 'updated_at': '2026-04-10T16:34:11.063147242Z', 'submitted_at': '2026-04-10T16:34:11.062501862Z', 'filled_at': None, 'expired_at': None, 'canceled_at': None, 'failed_at': None, 'replaced_at': None, 'replaced_by': None, 'replaces': None, 'asset_id': 'b28f4066-5c6d-479b-a2af-85dc1a8f16fb', 'symbol': 'SPY', 'asset_class': 'us_equity', 'notional': None, 'qty': '7', 'filled_qty': '0', 'filled_avg_price': None, 'order_class': '', 'order_type': 'market', 'type': 'market', 'side': 'sell', 'position_intent': 'sell_to_close', 'time_in_force': 'day', 'limit_price': None, 'stop_price': None, 'status': 'pending_new', 'extended_hours': False, 'legs': None, 'trail_percent': None, 'trail_price': None, 'hwm': None, 'subtag': None, 'source': None, 'expires_at': '2026-04-10T20:00:00Z'}"", ""broker_order_id"": ""96dfb4aa-5bdc-4ae4-8560-31df03544738""}",,7.000000,679.230000,,,system
4b0be924-96df-4761-b0f7-0111170aca9e,organism_exit_AMZN_20260410_853eaccd_t11556,AMZN,sell,5.000000,market,day,filled,2026-04-10 16:39:03.82391+00,2026-04-10 16:39:03.823408+00,2026-04-10 16:39:06.359289+00,6a1c0f63-2dbd-45d3-af0f-136e01b292c7,"{""tick"": 11556, ""broker"": ""alpaca"", ""reason"": ""pyramid_cut_partial_at_-0.7R"", ""source"": ""organism"", ""status"": ""pending_new"", ""message"": ""Order submitted to Alpaca"", ""success"": ""True"", ""alpaca_response"": ""{'id': '6a1c0f63-2dbd-45d3-af0f-136e01b292c7', 'client_order_id': 'organism_exit_AMZN_20260410_853eaccd_t11556', 'created_at': '2026-04-10T16:39:04.859362922Z', 'updated_at': '2026-04-10T16:39:04.859885552Z', 'submitted_at': '2026-04-10T16:39:04.859362922Z', 'filled_at': None, 'expired_at': None, 'canceled_at': None, 'failed_at': None, 'replaced_at': None, 'replaced_by': None, 'replaces': None, 'asset_id': 'f801f835-bfe6-4a9d-a6b1-ccbb84bfd75f', 'symbol': 'AMZN', 'asset_class': 'us_equity', 'notional': None, 'qty': '5', 'filled_qty': '0', 'filled_avg_price': None, 'order_class': '', 'order_type': 'market', 'type': 'market', 'side': 'sell', 'position_intent': 'sell_to_close', 'time_in_force': 'day', 'limit_price': None, 'stop_price': None, 'status': 'pending_new', 'extended_hours': False, 'legs': None, 'trail_percent': None, 'trail_price': None, 'hwm': None, 'subtag': None, 'source': None, 'expires_at': '2026-04-10T20:00:00Z'}"", ""broker_order_id"": ""6a1c0f63-2dbd-45d3-af0f-136e01b292c7""}",,5.000000,237.780000,,,system
80fc5bfa-8964-4f88-aa30-dee376ef6f7f,organism_exit_AMZN_20260410_853eaccd_t11571,AMZN,sell,5.000000,market,day,filled,2026-04-10 16:42:06.762002+00,2026-04-10 16:42:06.761596+00,2026-04-10 16:42:10.388938+00,d48f4ab4-12f5-4e93-a431-c313462e9f15,"{""tick"": 11571, ""broker"": ""alpaca"", ""reason"": ""pyramid_cut_full_at_-1.7R"", ""source"": ""organism"", ""status"": ""pending_new"", ""message"": ""Order submitted to Alpaca"", ""success"": ""True"", ""alpaca_response"": ""{'id': 'd48f4ab4-12f5-4e93-a431-c313462e9f15', 'client_order_id': 'organism_exit_AMZN_20260410_853eaccd_t11571', 'created_at': '2026-04-10T16:42:07.753022474Z', 'updated_at': '2026-04-10T16:42:07.753592134Z', 'submitted_at': '2026-04-10T16:42:07.753022474Z', 'filled_at': None, 'expired_at': None, 'canceled_at': None, 'failed_at': None, 'replaced_at': None, 'replaced_by': None, 'replaces': None, 'asset_id': 'f801f835-bfe6-4a9d-a6b1-ccbb84bfd75f', 'symbol': 'AMZN', 'asset_class': 'us_equity', 'notional': None, 'qty': '5', 'filled_qty': '0', 'filled_avg_price': None, 'order_class': '', 'order_type': 'market', 'type': 'market', 'side': 'sell', 'position_intent': 'sell_to_close', 'time_in_force': 'day', 'limit_price': None, 'stop_price': None, 'status': 'pending_new', 'extended_hours': False, 'legs': None, 'trail_percent': None, 'trail_price': None, 'hwm': None, 'subtag': None, 'source': None, 'expires_at': '2026-04-10T20:00:00Z'}"", ""broker_order_id"": ""d48f4ab4-12f5-4e93-a431-c313462e9f15""}",,5.000000,237.634000,,,system
