specification,horizon_years,return_basis,asset,window,sample,n,median,mean,minimum,maximum,negative_pct
unconditional_same_eligible_months,1,nominal,MKT,matched_screen,monthly_pool,684,13.52140648,11.79795087,-42.5673857,67.01839753,21.92982456
unconditional_same_eligible_months,1,nominal,CASH,matched_screen,monthly_pool,684,4.802511954,4.555306588,0,15.21787816,0
unconditional_same_eligible_months,1,nominal,NoDur,matched_screen,monthly_pool,684,13.27036108,13.23842876,-45.30344304,63.43355217,20.02923977
unconditional_same_eligible_months,1,nominal,Durbl,matched_screen,monthly_pool,684,8.524229331,13.1902035,-65.12117332,260.8320136,33.1871345
unconditional_same_eligible_months,1,nominal,Manuf,matched_screen,monthly_pool,684,13.64745552,12.44779951,-54.53872077,84.18216355,25.73099415
unconditional_same_eligible_months,1,nominal,Enrgy,matched_screen,monthly_pool,684,12.96013437,12.37850338,-54.39154299,97.83660381,26.9005848
unconditional_same_eligible_months,1,nominal,Chems,matched_screen,monthly_pool,684,11.36275164,11.34957907,-40.52363707,61.95261293,23.24561404
unconditional_same_eligible_months,1,nominal,BusEq,matched_screen,monthly_pool,684,13.25623893,13.87487376,-63.43139899,104.9627011,25.14619883
unconditional_same_eligible_months,1,nominal,Telcm,matched_screen,monthly_pool,684,10.21785098,10.97802035,-46.0556282,73.731335,25.58479532
unconditional_same_eligible_months,1,nominal,Utils,matched_screen,monthly_pool,684,11.38259611,10.40868624,-36.66088963,51.01052983,22.51461988
unconditional_same_eligible_months,1,nominal,Shops,matched_screen,monthly_pool,684,12.76247279,13.34284049,-47.88343746,106.5029189,24.12280702
unconditional_same_eligible_months,1,nominal,Hlth,matched_screen,monthly_pool,684,13.06299469,13.41659988,-43.6008658,63.45861692,23.68421053
unconditional_same_eligible_months,1,nominal,Money,matched_screen,monthly_pool,684,12.78934526,13.00791231,-61.82905708,79.86940217,26.60818713
unconditional_same_eligible_months,1,nominal,Other,matched_screen,monthly_pool,684,12.47837296,10.40624668,-53.13817421,83.5060222,27.33918129
unconditional_same_eligible_months,1,nominal,BusEq minus MKT,matched_screen,monthly_pool,684,1.599467041,2.07692289,-36.39905002,76.17029613,45.1754386
unconditional_same_eligible_months,1,nominal,Chems minus MKT,matched_screen,monthly_pool,684,-1.133053836,-0.4483718038,-39.20302102,32.45953928,55.40935673
unconditional_same_eligible_months,1,nominal,Durbl minus MKT,matched_screen,monthly_pool,684,-2.532019981,1.392252634,-37.23234276,196.0402079,56.87134503
unconditional_same_eligible_months,1,nominal,Enrgy minus MKT,matched_screen,monthly_pool,684,-0.1692831516,0.5805525116,-63.2836631,86.54618203,50.58479532
unconditional_same_eligible_months,1,nominal,Hlth minus MKT,matched_screen,monthly_pool,684,1.856120572,1.618649014,-33.87191117,46.9930867,44.59064327
unconditional_same_eligible_months,1,nominal,Manuf minus MKT,matched_screen,monthly_pool,684,-0.1117966218,0.6498486406,-20.63833768,30.94586897,50.87719298
unconditional_same_eligible_months,1,nominal,Money minus MKT,matched_screen,monthly_pool,684,1.113404614,1.209961438,-36.78983231,51.81571858,44.44444444
unconditional_same_eligible_months,1,nominal,NoDur minus MKT,matched_screen,monthly_pool,684,1.698394253,1.440477886,-41.15417823,50.21362541,41.8128655
unconditional_same_eligible_months,1,nominal,Other minus MKT,matched_screen,monthly_pool,684,-1.416739707,-1.391704191,-22.41668888,32.20122141,60.38011696
unconditional_same_eligible_months,1,nominal,Shops minus MKT,matched_screen,monthly_pool,684,0.4183304302,1.544889615,-27.41060715,46.44324249,48.97660819
unconditional_same_eligible_months,1,nominal,Telcm minus MKT,matched_screen,monthly_pool,684,-1.057458421,-0.8199305228,-35.79442888,41.0996584,52.77777778
unconditional_same_eligible_months,1,nominal,Utils minus MKT,matched_screen,monthly_pool,684,-2.001572135,-1.389264629,-42.23746645,65.20609479,57.45614035
unconditional_same_eligible_months,1,real,MKT,matched_screen,monthly_pool,684,9.919799504,7.645965978,-47.47162674,62.98576016,28.07017544
unconditional_same_eligible_months,1,real,CASH,matched_screen,monthly_pool,684,0.45494263,0.5759803147,-8.147720827,6.98738276,40.64327485
unconditional_same_eligible_months,1,real,NoDur,matched_screen,monthly_pool,684,8.745422151,9.033300383,-51.14062501,60.59512667,28.3625731
unconditional_same_eligible_months,1,real,Durbl,matched_screen,monthly_pool,684,4.639783445,9.069088601,-65.12412492,251.4558095,42.54385965
unconditional_same_eligible_months,1,real,Manuf,matched_screen,monthly_pool,684,9.489025901,8.283149709,-54.54256789,80.30323451,31.14035088
unconditional_same_eligible_months,1,real,Enrgy,matched_screen,monthly_pool,684,9.089816728,7.989651945,-55.06292091,85.28264056,32.60233918
unconditional_same_eligible_months,1,real,Chems,matched_screen,monthly_pool,684,6.85073617,7.221505917,-41.9381071,58.22023808,31.28654971
unconditional_same_eligible_months,1,real,BusEq,matched_screen,monthly_pool,684,9.051208868,9.725887998,-64.35536701,100.0139035,31.28654971
unconditional_same_eligible_months,1,real,Telcm,matched_screen,monthly_pool,684,6.255774718,6.858284609,-46.83482468,71.37202057,35.52631579
unconditional_same_eligible_months,1,real,Utils,matched_screen,monthly_pool,684,7.12934396,6.277440634,-43.42039943,47.77783259,33.1871345
unconditional_same_eligible_months,1,real,Shops,matched_screen,monthly_pool,684,8.913809906,9.188299401,-53.44528405,101.516933,30.26315789
unconditional_same_eligible_months,1,real,Hlth,matched_screen,monthly_pool,684,8.466999466,9.228942813,-49.61974573,58.72754263,32.30994152
unconditional_same_eligible_months,1,real,Money,matched_screen,monthly_pool,684,8.667466574,8.816131151,-61.83228726,76.08130112,31.87134503
unconditional_same_eligible_months,1,real,Other,matched_screen,monthly_pool,684,8.206146524,6.266012358,-53.14213986,79.07529329,34.50292398
unconditional_same_eligible_months,1,real,BusEq minus MKT,matched_screen,monthly_pool,684,1.549205341,2.079922021,-35.15817331,73.79557513,45.1754386
unconditional_same_eligible_months,1,real,Chems minus MKT,matched_screen,monthly_pool,684,-1.092363054,-0.4244600607,-37.93181709,31.59956276,55.40935673
unconditional_same_eligible_months,1,real,Durbl minus MKT,matched_screen,monthly_pool,684,-2.416162831,1.423122624,-36.07156972,190.9461116,56.87134503
unconditional_same_eligible_months,1,real,Enrgy minus MKT,matched_screen,monthly_pool,684,-0.1554131104,0.3436859677,-62.4154499,79.73801389,50.58479532
unconditional_same_eligible_months,1,real,Hlth minus MKT,matched_screen,monthly_pool,684,1.787561245,1.582976836,-32.41093553,45.43203342,44.59064327
unconditional_same_eligible_months,1,real,Manuf minus MKT,matched_screen,monthly_pool,684,-0.1072644211,0.6371837317,-20.30000428,30.25420596,50.87719298
unconditional_same_eligible_months,1,real,Money minus MKT,matched_screen,monthly_pool,684,1.083372632,1.170165174,-35.64285518,49.85757496,44.44444444
unconditional_same_eligible_months,1,real,NoDur minus MKT,matched_screen,monthly_pool,684,1.608508853,1.387334406,-39.8711362,48.50179727,41.8128655
unconditional_same_eligible_months,1,real,Other minus MKT,matched_screen,monthly_pool,684,-1.381745526,-1.37995362,-21.21073324,31.43547279,60.38011696
unconditional_same_eligible_months,1,real,Shops minus MKT,matched_screen,monthly_pool,684,0.4102707683,1.542333423,-26.55604117,44.45281781,48.97660819
unconditional_same_eligible_months,1,real,Telcm minus MKT,matched_screen,monthly_pool,684,-1.059397996,-0.7876813688,-31.78010041,37.50672451,52.77777778
unconditional_same_eligible_months,1,real,Utils minus MKT,matched_screen,monthly_pool,684,-1.959695773,-1.368525343,-41.34266631,63.31767297,57.45614035
unconditional_same_eligible_months,3,nominal,MKT,matched_screen,monthly_pool,684,39.48433469,38.5410661,-42.31665497,126.597462,13.15789474
unconditional_same_eligible_months,3,nominal,CASH,matched_screen,monthly_pool,684,15.29782265,14.50839503,0.01,42.83989872,0
unconditional_same_eligible_months,3,nominal,NoDur,matched_screen,monthly_pool,684,37.28914404,44.61384642,-43.42714181,193.0129613,5.994152047
unconditional_same_eligible_months,3,nominal,Durbl,matched_screen,monthly_pool,684,25.36542113,39.5097035,-65.55179403,391.5347988,17.98245614
unconditional_same_eligible_months,3,nominal,Manuf,matched_screen,monthly_pool,684,39.91961069,38.59996562,-43.43175826,154.8066943,11.84210526
unconditional_same_eligible_months,3,nominal,Enrgy,matched_screen,monthly_pool,684,35.6699378,41.39007788,-52.59565144,267.7794513,15.93567251
unconditional_same_eligible_months,3,nominal,Chems,matched_screen,monthly_pool,684,36.45023782,36.61806744,-22.12900228,169.6678906,9.356725146
unconditional_same_eligible_months,3,nominal,BusEq,matched_screen,monthly_pool,684,40.1570283,45.25330064,-75.6364693,337.9282079,17.54385965
unconditional_same_eligible_months,3,nominal,Telcm,matched_screen,monthly_pool,684,32.94647998,37.43600552,-69.18357248,192.3070982,19.29824561
unconditional_same_eligible_months,3,nominal,Utils,matched_screen,monthly_pool,684,31.99951572,34.02384463,-30.1306809,127.258236,13.4502924
unconditional_same_eligible_months,3,nominal,Shops,matched_screen,monthly_pool,684,41.48150503,44.22314894,-53.07399181,206.5626743,10.23391813
unconditional_same_eligible_months,3,nominal,Hlth,matched_screen,monthly_pool,684,40.00620183,45.24030681,-30.49357383,176.7715979,16.08187135
unconditional_same_eligible_months,3,nominal,Money,matched_screen,monthly_pool,684,42.17742357,43.14627194,-67.6774266,196.7068451,11.98830409
unconditional_same_eligible_months,3,nominal,Other,matched_screen,monthly_pool,684,34.61040679,31.46391323,-51.90118264,140.3372312,18.85964912
unconditional_same_eligible_months,3,nominal,BusEq minus MKT,matched_screen,monthly_pool,684,0.8130830916,6.712234533,-60.36825601,226.4664742,48.97660819
unconditional_same_eligible_months,3,nominal,Chems minus MKT,matched_screen,monthly_pool,684,-3.348080454,-1.922998659,-94.76915508,51.48529855,54.67836257
unconditional_same_eligible_months,3,nominal,Durbl minus MKT,matched_screen,monthly_pool,684,-9.004231118,0.9686373972,-67.90417762,290.8947867,61.11111111
unconditional_same_eligible_months,3,nominal,Enrgy minus MKT,matched_screen,monthly_pool,684,-1.200693664,2.849011781,-94.2610562,238.4810029,51.02339181
unconditional_same_eligible_months,3,nominal,Hlth minus MKT,matched_screen,monthly_pool,684,7.123714935,6.699240703,-64.85188623,113.5155627,40.35087719
unconditional_same_eligible_months,3,nominal,Manuf minus MKT,matched_screen,monthly_pool,684,-1.249760691,0.05889952053,-44.76657459,53.23950945,53.07017544
unconditional_same_eligible_months,3,nominal,Money minus MKT,matched_screen,monthly_pool,684,3.546550882,4.605205839,-62.28039719,87.81240531,43.42105263
unconditional_same_eligible_months,3,nominal,NoDur minus MKT,matched_screen,monthly_pool,684,5.173419889,6.072780316,-97.80740639,75.41754809,42.10526316
unconditional_same_eligible_months,3,nominal,Other minus MKT,matched_screen,monthly_pool,684,-6.667030338,-7.077152873,-72.15375037,52.51209002,72.07602339
unconditional_same_eligible_months,3,nominal,Shops minus MKT,matched_screen,monthly_pool,684,4.061693557,5.682082841,-49.48538271,116.4228705,41.37426901
unconditional_same_eligible_months,3,nominal,Telcm minus MKT,matched_screen,monthly_pool,684,-1.100616344,-1.105060586,-67.74581005,90.93367632,51.31578947
unconditional_same_eligible_months,3,nominal,Utils minus MKT,matched_screen,monthly_pool,684,-4.247591469,-4.517221471,-82.23927694,66.03994345,58.33333333
unconditional_same_eligible_months,3,real,MKT,matched_screen,monthly_pool,684,24.27560273,23.69920615,-47.26786205,111.4736903,21.19883041
unconditional_same_eligible_months,3,real,CASH,matched_screen,monthly_pool,684,1.633330473,1.655451714,-12.98238406,18.36368815,44.73684211
unconditional_same_eligible_months,3,real,NoDur,matched_screen,monthly_pool,684,21.44691675,29.04706636,-54.38394043,168.0373398,16.8128655
unconditional_same_eligible_months,3,real,Durbl,matched_screen,monthly_pool,684,12.15389267,24.71368632,-67.70657826,342.3926952,34.06432749
unconditional_same_eligible_months,3,real,Manuf,matched_screen,monthly_pool,684,25.24513627,23.91656687,-46.97018217,137.3708899,22.22222222
unconditional_same_eligible_months,3,real,Enrgy,matched_screen,monthly_pool,684,21.33952477,25.1364321,-55.20102071,211.1910921,27.33918129
unconditional_same_eligible_months,3,real,Chems,matched_screen,monthly_pool,684,22.39384043,22.13208379,-34.24390201,146.6821389,26.60818713
unconditional_same_eligible_months,3,real,BusEq,matched_screen,monthly_pool,684,22.54235801,30.22985308,-77.34549348,309.2451907,29.09356725
unconditional_same_eligible_months,3,real,Telcm,matched_screen,monthly_pool,684,19.51868092,22.70778817,-71.34524684,173.161838,33.62573099
unconditional_same_eligible_months,3,real,Utils,matched_screen,monthly_pool,684,18.03870424,19.53820494,-43.55400141,99.23747648,27.48538012
unconditional_same_eligible_months,3,real,Shops,matched_screen,monthly_pool,684,26.36193739,28.93916289,-62.83894149,151.0214611,20.1754386
unconditional_same_eligible_months,3,real,Hlth,matched_screen,monthly_pool,684,23.93203516,29.84411712,-46.40621719,151.563295,23.97660819
unconditional_same_eligible_months,3,real,Money,matched_screen,monthly_pool,684,23.61998445,27.83086961,-69.6992495,177.6824851,17.83625731
unconditional_same_eligible_months,3,real,Other,matched_screen,monthly_pool,684,20.37995722,16.94590047,-61.21676387,119.8515445,27.04678363
unconditional_same_eligible_months,3,real,BusEq minus MKT,matched_screen,monthly_pool,684,0.6917063535,6.530646933,-55.13560608,211.6335823,48.97660819
unconditional_same_eligible_months,3,real,Chems minus MKT,matched_screen,monthly_pool,684,-2.970060896,-1.567122357,-88.56205253,47.87376864,54.67836257
unconditional_same_eligible_months,3,real,Durbl minus MKT,matched_screen,monthly_pool,684,-8.156024471,1.014480174,-59.30560231,263.0039146,61.11111111
unconditional_same_eligible_months,3,real,Enrgy minus MKT,matched_screen,monthly_pool,684,-1.082513824,1.437225952,-89.13873965,201.7871402,51.02339181
unconditional_same_eligible_months,3,real,Hlth minus MKT,matched_screen,monthly_pool,684,5.964235187,6.144910977,-54.02588917,99.14130548,40.35087719
unconditional_same_eligible_months,3,real,Manuf minus MKT,matched_screen,monthly_pool,684,-1.184818591,0.2173607259,-42.05424684,49.59645887,53.07017544
unconditional_same_eligible_months,3,real,Money minus MKT,matched_screen,monthly_pool,684,3.24322174,4.131663461,-58.50693783,80.45449772,43.42105263
unconditional_same_eligible_months,3,real,NoDur minus MKT,matched_screen,monthly_pool,684,4.777604336,5.347860211,-91.40130726,68.52380512,42.10526316
unconditional_same_eligible_months,3,real,Other minus MKT,matched_screen,monthly_pool,684,-5.830244219,-6.753305682,-67.4278907,42.58506242,72.07602339
unconditional_same_eligible_months,3,real,Shops minus MKT,matched_screen,monthly_pool,684,3.825199867,5.239956741,-44.4877467,95.330063,41.37426901
unconditional_same_eligible_months,3,real,Telcm minus MKT,matched_screen,monthly_pool,684,-1.065999874,-0.9914179753,-59.47330373,85.69581016,51.31578947
unconditional_same_eligible_months,3,real,Utils minus MKT,matched_screen,monthly_pool,684,-3.762537973,-4.161001206,-77.51344171,53.48689634,58.33333333
unconditional_same_eligible_months,5,nominal,MKT,matched_screen,monthly_pool,684,74.16982251,73.0589045,-27.16814808,247.3718174,8.771929825
unconditional_same_eligible_months,5,nominal,CASH,matched_screen,monthly_pool,684,26.56900353,25.73788773,0.1100550165,69.54209212,0
unconditional_same_eligible_months,5,nominal,NoDur,matched_screen,monthly_pool,684,63.72178106,85.29722671,-29.85082203,382.3122987,4.239766082
unconditional_same_eligible_months,5,nominal,Durbl,matched_screen,monthly_pool,684,54.25277202,71.9246792,-68.54218629,418.654603,14.18128655
unconditional_same_eligible_months,5,nominal,Manuf,matched_screen,monthly_pool,684,69.63469273,71.90589116,-25.54331879,272.805233,5.116959064
unconditional_same_eligible_months,5,nominal,Enrgy,matched_screen,monthly_pool,684,64.46974668,74.90606534,-54.45604938,340.6432097,7.456140351
unconditional_same_eligible_months,5,nominal,Chems,matched_screen,monthly_pool,684,57.66595688,67.91699108,-12.09116202,308.8663135,4.093567251
unconditional_same_eligible_months,5,nominal,BusEq,matched_screen,monthly_pool,684,63.34783731,86.69871056,-64.95945657,605.2143517,14.76608187
unconditional_same_eligible_months,5,nominal,Telcm,matched_screen,monthly_pool,684,61.37274258,70.58962508,-58.36186582,297.5694761,14.32748538
unconditional_same_eligible_months,5,nominal,Utils,matched_screen,monthly_pool,684,58.54957347,63.84559522,-24.32675115,217.4857127,4.678362573
unconditional_same_eligible_months,5,nominal,Shops,matched_screen,monthly_pool,684,80.94520741,84.44026687,-33.58889013,326.3300507,6.432748538
unconditional_same_eligible_months,5,nominal,Hlth,matched_screen,monthly_pool,684,81.63440446,85.17965653,-32.72759685,329.3914556,7.602339181
unconditional_same_eligible_months,5,nominal,Money,matched_screen,monthly_pool,684,79.15089959,81.97856709,-61.40624491,264.2763284,15.35087719
unconditional_same_eligible_months,5,nominal,Other,matched_screen,monthly_pool,684,58.30786336,57.54893059,-50.45574178,243.9960313,18.56725146
unconditional_same_eligible_months,5,nominal,BusEq minus MKT,matched_screen,monthly_pool,684,1.412084479,13.63980605,-121.0865927,391.5923364,47.51461988
unconditional_same_eligible_months,5,nominal,Chems minus MKT,matched_screen,monthly_pool,684,-1.100377163,-5.141913423,-142.7367898,73.8198965,51.31578947
unconditional_same_eligible_months,5,nominal,Durbl minus MKT,matched_screen,monthly_pool,684,-10.04898591,-1.134225304,-125.0828115,273.6793388,66.52046784
unconditional_same_eligible_months,5,nominal,Enrgy minus MKT,matched_screen,monthly_pool,684,2.685138933,1.847160837,-145.3779738,222.1523819,47.95321637
unconditional_same_eligible_months,5,nominal,Hlth minus MKT,matched_screen,monthly_pool,684,8.397898144,12.12075203,-80.11259628,137.6113473,37.42690058
unconditional_same_eligible_months,5,nominal,Manuf minus MKT,matched_screen,monthly_pool,684,-4.745580307,-1.153013341,-73.10315485,80.99217691,57.60233918
unconditional_same_eligible_months,5,nominal,Money minus MKT,matched_screen,monthly_pool,684,8.528515662,8.919662587,-60.77317208,130.5241089,41.95906433
unconditional_same_eligible_months,5,nominal,NoDur minus MKT,matched_screen,monthly_pool,684,7.756522934,12.23832221,-139.9671059,163.3890302,41.37426901
unconditional_same_eligible_months,5,nominal,Other minus MKT,matched_screen,monthly_pool,684,-15.89707083,-15.50997391,-144.2507661,82.48761813,78.21637427
unconditional_same_eligible_months,5,nominal,Shops minus MKT,matched_screen,monthly_pool,684,10.37222246,11.38136237,-81.40646309,127.2231654,33.77192982
unconditional_same_eligible_months,5,nominal,Telcm minus MKT,matched_screen,monthly_pool,684,-6.923472697,-2.469279427,-106.9671545,144.2819575,55.84795322
unconditional_same_eligible_months,5,nominal,Utils minus MKT,matched_screen,monthly_pool,684,-9.282700721,-9.213309282,-167.8477189,90.45870263,58.91812865
unconditional_same_eligible_months,5,real,MKT,matched_screen,monthly_pool,684,42.88371099,43.51288277,-46.59957103,201.2730784,23.5380117
unconditional_same_eligible_months,5,real,CASH,matched_screen,monthly_pool,684,1.389359545,2.873833022,-13.00601621,30.91849884,47.22222222
unconditional_same_eligible_months,5,real,NoDur,matched_screen,monthly_pool,684,36.49702802,53.28007507,-48.5665118,313.2289027,12.71929825
unconditional_same_eligible_months,5,real,Durbl,matched_screen,monthly_pool,684,26.34097573,42.67186165,-72.38817226,360.1727259,31.87134503
unconditional_same_eligible_months,5,real,Manuf,matched_screen,monthly_pool,684,37.24201811,43.19610294,-45.45689231,236.6527151,17.83625731
unconditional_same_eligible_months,5,real,Enrgy,matched_screen,monthly_pool,684,34.50444839,42.98260395,-58.35614589,222.0521072,18.2748538
unconditional_same_eligible_months,5,real,Chems,matched_screen,monthly_pool,684,33.15276367,39.74196266,-39.90421448,250.3028609,19.29824561
unconditional_same_eligible_months,5,real,BusEq,matched_screen,monthly_pool,684,31.38488074,56.18911469,-68.96979323,525.9814451,27.48538012
unconditional_same_eligible_months,5,real,Telcm,matched_screen,monthly_pool,684,25.76502741,41.18262581,-63.12728667,253.5259381,30.40935673
unconditional_same_eligible_months,5,real,Utils,matched_screen,monthly_pool,684,33.1706563,35.45085506,-44.0412248,168.5203186,18.2748538
unconditional_same_eligible_months,5,real,Shops,matched_screen,monthly_pool,684,51.15502149,53.14964745,-52.48456939,265.2652016,19.15204678
unconditional_same_eligible_months,5,real,Hlth,matched_screen,monthly_pool,684,46.44486179,54.25608441,-53.92076113,283.2735626,19.44444444
unconditional_same_eligible_months,5,real,Money,matched_screen,monthly_pool,684,46.77544448,50.86756428,-66.12466056,216.5763011,20.1754386
unconditional_same_eligible_months,5,real,Other,matched_screen,monthly_pool,684,32.70979397,29.46928886,-63.67407154,194.724192,28.80116959
unconditional_same_eligible_months,5,real,BusEq minus MKT,matched_screen,monthly_pool,684,1.227927254,12.67623191,-101.245898,347.5957857,47.51461988
unconditional_same_eligible_months,5,real,Chems minus MKT,matched_screen,monthly_pool,684,-0.9424007997,-3.770920116,-126.2093721,65.37132212,51.31578947
unconditional_same_eligible_months,5,real,Durbl minus MKT,matched_screen,monthly_pool,684,-8.241446046,-0.8410211219,-111.2258887,239.2316653,66.52046784
unconditional_same_eligible_months,5,real,Enrgy minus MKT,matched_screen,monthly_pool,684,2.285609296,-0.5302788238,-129.487092,187.0483766,47.95321637
unconditional_same_eligible_months,5,real,Hlth minus MKT,matched_screen,monthly_pool,684,7.01569136,10.74320164,-55.72947161,122.8314878,37.42690058
unconditional_same_eligible_months,5,real,Manuf minus MKT,matched_screen,monthly_pool,684,-3.901504302,-0.3167798323,-64.88980039,72.63041842,57.60233918
unconditional_same_eligible_months,5,real,Money minus MKT,matched_screen,monthly_pool,684,6.194748919,7.354681509,-51.9775488,113.4326783,41.95906433
unconditional_same_eligible_months,5,real,NoDur minus MKT,matched_screen,monthly_pool,684,5.743477035,9.767192299,-123.7603884,135.1618577,41.37426901
unconditional_same_eligible_months,5,real,Other minus MKT,matched_screen,monthly_pool,684,-13.55194583,-14.04359391,-127.5480458,51.86512444,78.21637427
unconditional_same_eligible_months,5,real,Shops minus MKT,matched_screen,monthly_pool,684,8.65885036,9.636764672,-65.7058679,105.2440262,33.77192982
unconditional_same_eligible_months,5,real,Telcm minus MKT,matched_screen,monthly_pool,684,-5.254848999,-2.330256967,-87.20393543,120.7209588,55.84795322
unconditional_same_eligible_months,5,real,Utils minus MKT,matched_screen,monthly_pool,684,-7.251564397,-8.062027716,-149.2532145,77.87289776,58.91812865
full_history_original,1,nominal,MKT,matched_screen,monthly_pool,24,17.94458017,16.17366788,-15.77796299,48.39216251,20.83333333
full_history_original,1,nominal,CASH,matched_screen,monthly_pool,24,5.000989018,4.647425244,0.040003,6.019866931,0
full_history_original,1,nominal,NoDur,matched_screen,monthly_pool,24,9.652452933,10.84202314,-7.545361776,36.41246608,33.33333333
full_history_original,1,nominal,Durbl,matched_screen,monthly_pool,24,13.9667695,17.94040326,-16.46546168,54.34991878,16.66666667
full_history_original,1,nominal,Manuf,matched_screen,monthly_pool,24,6.363582024,7.860454288,-19.06049698,39.06785186,29.16666667
full_history_original,1,nominal,Enrgy,matched_screen,monthly_pool,24,11.56435901,13.68164413,-14.0840287,81.31184522,37.5
full_history_original,1,nominal,Chems,matched_screen,monthly_pool,24,1.864453693,6.50435558,-10.42793626,37.1622714,37.5
full_history_original,1,nominal,BusEq,matched_screen,monthly_pool,24,37.2998382,28.98830966,-52.17701301,104.0432282,25
full_history_original,1,nominal,Telcm,matched_screen,monthly_pool,24,45.37915724,32.09472231,-40.08912236,73.731335,20.83333333
full_history_original,1,nominal,Utils,matched_screen,monthly_pool,24,19.17997666,19.78208567,-5.709307116,50.37024435,4.166666667
full_history_original,1,nominal,Shops,matched_screen,monthly_pool,24,24.97230029,23.72166019,-21.53489747,54.36585164,12.5
full_history_original,1,nominal,Hlth,matched_screen,monthly_pool,24,27.58759487,25.32122677,-9.335940675,55.33101989,8.333333333
full_history_original,1,nominal,Money,matched_screen,monthly_pool,24,11.01904587,17.89871573,-10.65011117,61.37193132,16.66666667
full_history_original,1,nominal,Other,matched_screen,monthly_pool,24,0.4152606321,4.233871795,-25.24022414,39.72772345,45.83333333
full_history_original,1,nominal,BusEq minus MKT,matched_screen,monthly_pool,24,3.526425633,12.81464177,-36.39905002,64.74694209,33.33333333
full_history_original,1,nominal,Chems minus MKT,matched_screen,monthly_pool,24,-10.62887431,-9.669312304,-26.87136525,16.64467423,83.33333333
full_history_original,1,nominal,Durbl minus MKT,matched_screen,monthly_pool,24,3.887858838,1.76673538,-21.08228036,20.6983777,41.66666667
full_history_original,1,nominal,Enrgy minus MKT,matched_screen,monthly_pool,24,-13.65323148,-2.492023752,-29.04202579,86.54618203,75
full_history_original,1,nominal,Hlth minus MKT,matched_screen,monthly_pool,24,6.528630398,9.147558885,-11.2600811,46.9930867,20.83333333
full_history_original,1,nominal,Manuf minus MKT,matched_screen,monthly_pool,24,-12.31659572,-8.313213596,-20.63833768,24.58387081,87.5
full_history_original,1,nominal,Money minus MKT,matched_screen,monthly_pool,24,-2.357924809,1.725047842,-20.32248434,51.61725408,50
full_history_original,1,nominal,NoDur minus MKT,matched_screen,monthly_pool,24,-11.40334416,-5.331644746,-32.20180452,50.21362541,75
full_history_original,1,nominal,Other minus MKT,matched_screen,monthly_pool,24,-14.1194832,-11.93979609,-21.44367944,11.52282651,87.5
full_history_original,1,nominal,Shops minus MKT,matched_screen,monthly_pool,24,8.694597509,7.547992302,-8.566739819,21.20562868,12.5
full_history_original,1,nominal,Telcm minus MKT,matched_screen,monthly_pool,24,21.98260596,15.92105442,-28.4970099,35.08663305,20.83333333
full_history_original,1,nominal,Utils minus MKT,matched_screen,monthly_pool,24,-4.155171444,3.608417787,-31.60266371,61.96235682,62.5
full_history_original,1,real,MKT,matched_screen,monthly_pool,24,15.72443517,13.53902824,-22.42048856,46.3769603,20.83333333
full_history_original,1,real,CASH,matched_screen,monthly_pool,24,3.033062256,2.114171589,-8.147720827,3.760915784,8.333333333
full_history_original,1,real,NoDur,matched_screen,monthly_pool,24,7.886701972,8.170230038,-9.518918844,34.55995111,37.5
full_history_original,1,real,Durbl,matched_screen,monthly_pool,24,11.76032092,15.26778091,-22.69891976,52.25380877,20.83333333
full_history_original,1,real,Manuf,matched_screen,monthly_pool,24,4.295283464,5.344686055,-25.72951226,37.17927609,33.33333333
full_history_original,1,real,Enrgy,matched_screen,monthly_pool,24,9.34643156,10.62566049,-15.4511127,67.04892226,37.5
full_history_original,1,real,Chems,matched_screen,monthly_pool,24,0.155486361,3.988742009,-13.73978456,35.29957389,50
full_history_original,1,real,BusEq,matched_screen,monthly_pool,24,35.32153931,26.17760559,-53.80734211,99.52521537,25
full_history_original,1,real,Telcm,matched_screen,monthly_pool,24,42.44698752,29.29006662,-42.07928897,71.37202057,20.83333333
full_history_original,1,real,Utils,matched_screen,monthly_pool,24,15.88736367,16.84589328,-7.311333451,45.37512742,4.166666667
full_history_original,1,real,Shops,matched_screen,monthly_pool,24,22.66376448,20.97760659,-28.00003438,52.26952526,12.5
full_history_original,1,real,Hlth,matched_screen,monthly_pool,24,25.2758288,22.45556049,-16.80621137,53.22158629,8.333333333
full_history_original,1,real,Money,matched_screen,monthly_pool,24,9.39438882,15.14503868,-18.01210071,59.18046065,20.83333333
full_history_original,1,real,Other,matched_screen,monthly_pool,24,-1.667149064,1.855250995,-31.40006043,37.83018647,54.16666667
full_history_original,1,real,BusEq minus MKT,matched_screen,monthly_pool,24,3.474039096,12.63857735,-35.15817331,63.31328748,33.33333333
full_history_original,1,real,Chems minus MKT,matched_screen,monthly_pool,24,-10.44735051,-9.550286227,-26.43085107,16.07724215,83.33333333
full_history_original,1,real,Durbl minus MKT,matched_screen,monthly_pool,24,3.828837277,1.728752674,-20.639641,20.3546777,41.66666667
full_history_original,1,real,Enrgy minus MKT,matched_screen,monthly_pool,24,-13.43965296,-2.913367744,-28.56592701,79.73801389,75
full_history_original,1,real,Hlth minus MKT,matched_screen,monthly_pool,24,6.229451589,8.916532254,-11.01075555,45.43203342,20.83333333
full_history_original,1,real,Manuf minus MKT,matched_screen,monthly_pool,24,-12.08767841,-8.194342181,-20.30000428,23.74578431,87.5
full_history_original,1,real,Money minus MKT,matched_screen,monthly_pool,24,-2.325531031,1.606010446,-19.89579751,49.85757496,50
full_history_original,1,real,NoDur minus MKT,matched_screen,monthly_pool,24,-11.23210854,-5.368798198,-31.48877833,48.50179727,75
full_history_original,1,real,Other minus MKT,matched_screen,monthly_pool,24,-13.90908583,-11.68377724,-21.09214371,11.13000288,87.5
full_history_original,1,real,Shops minus MKT,matched_screen,monthly_pool,24,8.569021315,7.438578352,-8.377051385,20.48270952,12.5
full_history_original,1,real,Telcm minus MKT,matched_screen,monthly_pool,24,21.63331488,15.75103839,-27.55037383,34.48465651,20.83333333
full_history_original,1,real,Utils minus MKT,matched_screen,monthly_pool,24,-4.076151563,3.306865046,-30.90290395,59.90404256,62.5
full_history_original,3,nominal,MKT,matched_screen,monthly_pool,24,31.4074688,34.88810148,-39.75713111,111.4617337,12.5
full_history_original,3,nominal,CASH,matched_screen,monthly_pool,24,15.82881369,14.82130129,8.821169517,16.37801037,0
full_history_original,3,nominal,NoDur,matched_screen,monthly_pool,24,6.438934143,9.292537898,-0.7229168946,23.15078625,4.166666667
full_history_original,3,nominal,Durbl,matched_screen,monthly_pool,24,4.182695417,7.623090814,-26.1095593,64.91848536,41.66666667
full_history_original,3,nominal,Manuf,matched_screen,monthly_pool,24,29.55012341,29.24302861,-16.6708988,68.87830587,12.5
full_history_original,3,nominal,Enrgy,matched_screen,monthly_pool,24,38.08079666,40.02862515,0.2555728903,107.8473022,0
full_history_original,3,nominal,Chems,matched_screen,monthly_pool,24,-1.765715259,-1.731220479,-16.48970213,17.77306547,54.16666667
full_history_original,3,nominal,BusEq,matched_screen,monthly_pool,24,66.4597401,97.47984645,-74.36479385,337.9282079,12.5
full_history_original,3,nominal,Telcm,matched_screen,monthly_pool,24,16.89708368,39.50854219,-66.49096507,192.3070982,37.5
full_history_original,3,nominal,Utils,matched_screen,monthly_pool,24,33.48980434,32.95918716,-3.15222586,55.70148392,4.166666667
full_history_original,3,nominal,Shops,matched_screen,monthly_pool,24,35.58439959,36.20871382,-26.13625134,102.2345081,12.5
full_history_original,3,nominal,Hlth,matched_screen,monthly_pool,24,53.11852089,50.90582206,-14.88693594,89.703358,12.5
full_history_original,3,nominal,Money,matched_screen,monthly_pool,24,28.76943993,29.41823219,5.789446265,60.94413267,0
full_history_original,3,nominal,Other,matched_screen,monthly_pool,24,8.713815849,5.062014114,-38.22056663,39.30798334,33.33333333
full_history_original,3,nominal,BusEq minus MKT,matched_screen,monthly_pool,24,35.0522713,62.59174497,-34.60766273,226.4664742,16.66666667
full_history_original,3,nominal,Chems minus MKT,matched_screen,monthly_pool,24,-31.08155924,-36.61932196,-94.76915508,38.60123455,87.5
full_history_original,3,nominal,Durbl minus MKT,matched_screen,monthly_pool,24,-29.29008332,-27.26501067,-53.94781371,16.90494183,87.5
full_history_original,3,nominal,Enrgy minus MKT,matched_screen,monthly_pool,24,12.92822119,5.140523668,-64.95830913,83.1892354,41.66666667
full_history_original,3,nominal,Hlth minus MKT,matched_screen,monthly_pool,24,20.74820438,16.01772058,-21.75837572,44.48321659,20.83333333
full_history_original,3,nominal,Manuf minus MKT,matched_screen,monthly_pool,24,-3.681747064,-5.645072867,-44.76657459,26.78347897,54.16666667
full_history_original,3,nominal,Money minus MKT,matched_screen,monthly_pool,24,-3.193116893,-5.469869294,-62.28039719,55.35656417,54.16666667
full_history_original,3,nominal,NoDur minus MKT,matched_screen,monthly_pool,24,-22.17089809,-25.59556358,-97.80740639,62.90791736,87.5
full_history_original,3,nominal,Other minus MKT,matched_screen,monthly_pool,24,-27.89979675,-29.82608737,-72.15375037,2.304658313,95.83333333
full_history_original,3,nominal,Shops minus MKT,matched_screen,monthly_pool,24,3.44405003,1.320612337,-26.34942954,21.06360762,45.83333333
full_history_original,3,nominal,Telcm minus MKT,matched_screen,monthly_pool,24,-8.11162848,4.620440711,-50.54970868,80.84536451,62.5
full_history_original,3,nominal,Utils minus MKT,matched_screen,monthly_pool,24,4.516043895,-1.928914318,-81.55205136,43.69301876,45.83333333
full_history_original,3,real,MKT,matched_screen,monthly_pool,24,21.05786676,24.44046725,-44.21956585,97.61160846,16.66666667
full_history_original,3,real,CASH,matched_screen,monthly_pool,24,7.21598203,5.789209168,-6.743028855,8.535352425,8.333333333
full_history_original,3,real,NoDur,matched_screen,monthly_pool,24,-0.5430601126,0.6961958404,-10.58520212,14.02850578,54.16666667
full_history_original,3,real,Durbl,matched_screen,monthly_pool,24,-3.372630914,-0.6505656987,-31.49150268,54.3034863,58.33333333
full_history_original,3,real,Manuf,matched_screen,monthly_pool,24,19.71997009,19.150777,-22.62952539,57.81727064,12.5
full_history_original,3,real,Enrgy,matched_screen,monthly_pool,24,28.03589834,28.63584487,-7.046722397,78.11984517,8.333333333
full_history_original,3,real,Chems,matched_screen,monthly_pool,24,-10.47321191,-9.475461991,-23.17621661,10.63740327,87.5
full_history_original,3,real,BusEq,matched_screen,monthly_pool,24,49.64354618,82.63877445,-76.26369801,309.2451907,12.5
full_history_original,3,real,Telcm,matched_screen,monthly_pool,24,7.969814745,29.14140504,-68.97311581,173.161838,45.83333333
full_history_original,3,real,Utils,matched_screen,monthly_pool,24,23.38134448,22.49730114,-10.20630799,44.57994936,12.5
full_history_original,3,real,Shops,matched_screen,monthly_pool,24,25.3709627,25.6441979,-31.41803755,88.98873915,12.5
full_history_original,3,real,Hlth,matched_screen,monthly_pool,24,41.10391418,39.29508581,-21.08629932,77.27834273,20.83333333
full_history_original,3,real,Money,matched_screen,monthly_pool,24,20.28215587,19.30914836,-1.775255613,50.40276258,4.166666667
full_history_original,3,real,Other,matched_screen,monthly_pool,24,-2.893287548,-3.208467432,-42.63823788,30.18371776,58.33333333
full_history_original,3,real,BusEq minus MKT,matched_screen,monthly_pool,24,31.75807026,58.1983072,-32.04413216,211.6335823,16.66666667
full_history_original,3,real,Chems minus MKT,matched_screen,monthly_pool,24,-28.65341888,-33.91592924,-88.56205253,35.74188384,87.5
full_history_original,3,real,Durbl minus MKT,matched_screen,monthly_pool,24,-27.11200643,-25.09103295,-50.41438965,15.65272391,87.5
full_history_original,3,real,Enrgy minus MKT,matched_screen,monthly_pool,24,11.92121738,4.195377622,-60.70372982,71.29105632,41.66666667
full_history_original,3,real,Hlth minus MKT,matched_screen,monthly_pool,24,19.08268207,14.85461856,-20.33326573,41.22213313,20.83333333
full_history_original,3,real,Manuf minus MKT,matched_screen,monthly_pool,24,-3.216589916,-5.289690254,-42.05424684,24.79951756,54.16666667
full_history_original,3,real,Money minus MKT,matched_screen,monthly_pool,24,-2.960443223,-5.131318896,-58.50693783,51.25607793,54.16666667
full_history_original,3,real,NoDur minus MKT,matched_screen,monthly_pool,24,-19.86834014,-23.74427141,-91.40130726,58.24807163,87.5
full_history_original,3,real,Other minus MKT,matched_screen,monthly_pool,24,-25.80682806,-27.64893468,-67.4278907,2.133942883,95.83333333
full_history_original,3,real,Shops minus MKT,matched_screen,monthly_pool,24,3.179303372,1.203730653,-24.53380585,19.50334039,45.83333333
full_history_original,3,real,Telcm minus MKT,matched_screen,monthly_pool,24,-7.494281925,4.700937794,-43.70465766,75.55022952,62.5
full_history_original,3,real,Utils minus MKT,matched_screen,monthly_pool,24,4.083139855,-1.943166113,-76.21063045,40.56865548,45.83333333
full_history_original,5,nominal,MKT,matched_screen,monthly_pool,24,-0.2122673573,12.62233074,-17.80010521,83.3750578,50
full_history_original,5,nominal,CASH,matched_screen,monthly_pool,24,22.05684187,21.4918738,13.62011765,26.29118761,0
full_history_original,5,nominal,NoDur,matched_screen,monthly_pool,24,22.04264474,26.56802523,-6.993500505,75.74634476,4.166666667
full_history_original,5,nominal,Durbl,matched_screen,monthly_pool,24,6.150501595,10.94859665,-30.82702412,68.4661472,41.66666667
full_history_original,5,nominal,Manuf,matched_screen,monthly_pool,24,23.07197265,34.18576957,-5.946937088,114.498748,8.333333333
full_history_original,5,nominal,Enrgy,matched_screen,monthly_pool,24,30.94295442,50.09917355,6.916247409,154.8770937,0
full_history_original,5,nominal,Chems,matched_screen,monthly_pool,24,6.686969197,11.7334015,-9.083080794,54.77547905,25
full_history_original,5,nominal,BusEq,matched_screen,monthly_pool,24,-16.71323905,-0.05786155927,-62.52513662,155.8548721,70.83333333
full_history_original,5,nominal,Telcm,matched_screen,monthly_pool,24,-30.60557041,-24.2002962,-56.37256857,33.19265588,83.33333333
full_history_original,5,nominal,Utils,matched_screen,monthly_pool,24,20.29661345,33.8552738,-6.5775159,80.65114633,8.333333333
full_history_original,5,nominal,Shops,matched_screen,monthly_pool,24,26.39269165,36.69944546,-1.662734088,104.6431061,4.166666667
full_history_original,5,nominal,Hlth,matched_screen,monthly_pool,24,27.54247199,33.56616864,-0.1207592578,110.4724556,4.166666667
full_history_original,5,nominal,Money,matched_screen,monthly_pool,24,36.57867319,41.61443885,-1.209839229,96.65957133,4.166666667
full_history_original,5,nominal,Other,matched_screen,monthly_pool,24,-18.79205083,-10.27376343,-38.70725323,41.19238374,66.66666667
full_history_original,5,nominal,BusEq minus MKT,matched_screen,monthly_pool,24,-13.57787294,-12.6801923,-54.6761867,72.4798143,91.66666667
full_history_original,5,nominal,Chems minus MKT,matched_screen,monthly_pool,24,3.446166273,-0.8889292437,-85.4080397,62.62442897,33.33333333
full_history_original,5,nominal,Durbl minus MKT,matched_screen,monthly_pool,24,-3.5613685,-1.673734092,-22.06396613,32.71439256,70.83333333
full_history_original,5,nominal,Enrgy minus MKT,matched_screen,monthly_pool,24,30.9727846,37.47684281,10.94787886,133.6090992,0
full_history_original,5,nominal,Hlth minus MKT,matched_screen,monthly_pool,24,23.07820214,20.9438379,-45.98922877,49.64800924,8.333333333
full_history_original,5,nominal,Manuf minus MKT,matched_screen,monthly_pool,24,16.14546733,21.56343883,2.923776379,58.48620242,0
full_history_original,5,nominal,Money minus MKT,matched_screen,monthly_pool,24,26.43189909,28.99210811,-29.11193376,87.10869734,8.333333333
full_history_original,5,nominal,NoDur minus MKT,matched_screen,monthly_pool,24,12.46913946,13.94569448,-62.78522932,83.59529468,16.66666667
full_history_original,5,nominal,Other minus MKT,matched_screen,monthly_pool,24,-24.5542618,-22.89609417,-46.19405874,12.45097083,87.5
full_history_original,5,nominal,Shops minus MKT,matched_screen,monthly_pool,24,23.20129886,24.07711472,-27.08017013,51.01398962,8.333333333
full_history_original,5,nominal,Telcm minus MKT,matched_screen,monthly_pool,24,-29.53300693,-36.82262694,-93.39685968,-22.9525696,100
full_history_original,5,nominal,Utils minus MKT,matched_screen,monthly_pool,24,16.15629476,21.23294306,-10.13974646,83.70247087,8.333333333
full_history_original,5,real,MKT,matched_screen,monthly_pool,24,-11.20241286,-1.067153343,-27.5889997,47.3588104,66.66666667
full_history_original,5,real,CASH,matched_screen,monthly_pool,24,7.992553977,7.175475471,-4.770638128,13.30731832,8.333333333
full_history_original,5,real,NoDur,matched_screen,monthly_pool,24,4.53540103,11.66300507,-18.06931529,55.28523186,37.5
full_history_original,5,real,Durbl,matched_screen,monthly_pool,24,-5.421463513,-2.444549119,-39.06458894,42.28566382,58.33333333
full_history_original,5,real,Manuf,matched_screen,monthly_pool,24,9.488483102,17.94158018,-17.14738341,74.56563511,25
full_history_original,5,real,Enrgy,matched_screen,monthly_pool,24,16.37698452,31.74844233,-4.674230739,104.817306,8.333333333
full_history_original,5,real,Chems,matched_screen,monthly_pool,24,-5.085171697,-1.374716591,-21.27444475,36.75588066,62.5
full_history_original,5,real,BusEq,matched_screen,monthly_pool,24,-25.89015561,-12.72223537,-66.88811448,105.6030413,75
full_history_original,5,real,Telcm,matched_screen,monthly_pool,24,-38.39206971,-33.15089973,-61.45029154,19.23913955,87.5
full_history_original,5,real,Utils,matched_screen,monthly_pool,24,7.077466422,17.7901626,-17.70286882,60.64321467,41.66666667
full_history_original,5,real,Shops,matched_screen,monthly_pool,24,12.1449642,20.52589881,-13.37337098,83.20430453,29.16666667
full_history_original,5,real,Hlth,matched_screen,monthly_pool,24,11.12622592,17.84683743,-11.74553519,88.42296027,25
full_history_original,5,real,Money,matched_screen,monthly_pool,24,20.40010587,24.80782596,-12.97440976,76.05714005,12.5
full_history_original,5,real,Other,matched_screen,monthly_pool,24,-27.64493628,-21.17768401,-46.00638947,14.90667601,83.33333333
full_history_original,5,real,BusEq minus MKT,matched_screen,monthly_pool,24,-12.05161007,-11.65508203,-48.31055997,58.24423093,91.66666667
full_history_original,5,real,Chems minus MKT,matched_screen,monthly_pool,24,3.07011608,-0.3075632478,-68.63325514,55.33343516,33.33333333
full_history_original,5,real,Durbl minus MKT,matched_screen,monthly_pool,24,-3.181329544,-1.377395776,-17.9563298,28.90564831,70.83333333
full_history_original,5,real,Enrgy minus MKT,matched_screen,monthly_pool,24,27.57964483,32.81559568,9.800958221,118.0537779,0
full_history_original,5,real,Hlth minus MKT,matched_screen,monthly_pool,24,20.45377665,18.91399078,-36.95659663,44.44678922,8.333333333
full_history_original,5,real,Manuf minus MKT,matched_screen,monthly_pool,24,14.41850134,19.00873352,2.349524599,51.67699798,0
full_history_original,5,real,Money minus MKT,matched_screen,monthly_pool,24,23.63905059,25.8749793,-23.39412992,76.96714422,8.333333333
full_history_original,5,real,NoDur minus MKT,matched_screen,monthly_pool,24,11.08141344,12.73015841,-50.45373572,73.86278636,16.66666667
full_history_original,5,real,Other minus MKT,matched_screen,monthly_pool,24,-21.88299657,-20.11053067,-37.67877879,11.00137755,87.5
full_history_original,5,real,Shops minus MKT,matched_screen,monthly_pool,24,20.60991734,21.59305216,-22.03866989,45.49434992,8.333333333
full_history_original,5,real,Telcm minus MKT,matched_screen,monthly_pool,24,-26.3001599,-32.08374639,-76.00921814,-20.45717434,100
full_history_original,5,real,Utils minus MKT,matched_screen,monthly_pool,24,14.39092103,18.85731594,-8.148223616,73.95748466,8.333333333
full_history_original,1,nominal,MKT,matched_screen,chronological_60m,2,14.70616125,14.70616125,-5.234336806,34.6466593,50
full_history_original,1,nominal,CASH,matched_screen,chronological_60m,2,2.635664653,2.635664653,0.040003,5.231326306,0
full_history_original,1,nominal,NoDur,matched_screen,chronological_60m,2,11.92574521,11.92574521,1.765683029,22.08580738,0
full_history_original,1,nominal,Durbl,matched_screen,chronological_60m,2,20.70454996,20.70454996,0.8689779796,40.54012194,0
full_history_original,1,nominal,Manuf,matched_screen,chronological_60m,2,8.392884547,8.392884547,-10.32608295,27.11185204,50
full_history_original,1,nominal,Enrgy,matched_screen,chronological_60m,2,52.13822331,52.13822331,22.96460141,81.31184522,0
full_history_original,1,nominal,Chems,matched_screen,chronological_60m,2,13.97659548,13.97659548,-0.08868691929,28.04187787,50
full_history_original,1,nominal,BusEq,matched_screen,chronological_60m,2,16.44041477,16.44041477,-6.20162552,39.08245506,50
full_history_original,1,nominal,Telcm,matched_screen,chronological_60m,2,14.10885902,14.10885902,-17.23434069,45.45205874,50
full_history_original,1,nominal,Utils,matched_screen,chronological_60m,2,22.19975828,22.19975828,19.51659826,24.88291831,0
full_history_original,1,nominal,Shops,matched_screen,chronological_60m,2,14.9925387,14.9925387,-12.46978429,42.45486168,50
full_history_original,1,nominal,Hlth,matched_screen,chronological_60m,2,17.67956407,17.67956407,-3.386053948,38.74518209,50
full_history_original,1,nominal,Money,matched_screen,chronological_60m,2,19.23240053,19.23240053,-3.979569714,42.44437077,50
full_history_original,1,nominal,Other,matched_screen,chronological_60m,2,5.058020195,5.058020195,-17.00754819,27.12358858,50
full_history_original,1,nominal,BusEq minus MKT,matched_screen,chronological_60m,2,1.734253525,1.734253525,-0.9672887143,4.435795763,50
full_history_original,1,nominal,Chems minus MKT,matched_screen,chronological_60m,2,-0.7295657698,-0.7295657698,-6.604781426,5.145649887,50
full_history_original,1,nominal,Durbl minus MKT,matched_screen,chronological_60m,2,5.998388715,5.998388715,5.893462645,6.103314786,0
full_history_original,1,nominal,Enrgy minus MKT,matched_screen,chronological_60m,2,37.43206207,37.43206207,-11.68205789,86.54618203,50
full_history_original,1,nominal,Hlth minus MKT,matched_screen,chronological_60m,2,2.973402823,2.973402823,1.848282858,4.098522789,0
full_history_original,1,nominal,Manuf minus MKT,matched_screen,chronological_60m,2,-6.313276699,-6.313276699,-7.534807258,-5.091746141,100
full_history_original,1,nominal,Money minus MKT,matched_screen,chronological_60m,2,4.52623928,4.52623928,1.254767092,7.797711467,0
full_history_original,1,nominal,NoDur minus MKT,matched_screen,chronological_60m,2,-2.78041604,-2.78041604,-12.56085191,7.000019836,50
full_history_original,1,nominal,Other minus MKT,matched_screen,chronological_60m,2,-9.648141051,-9.648141051,-11.77321138,-7.523070718,100
full_history_original,1,nominal,Shops minus MKT,matched_screen,chronological_60m,2,0.2863774489,0.2863774489,-7.235447484,7.808202381,50
full_history_original,1,nominal,Telcm minus MKT,matched_screen,chronological_60m,2,-0.5973022219,-0.5973022219,-12.00000389,10.80539944,50
full_history_original,1,nominal,Utils minus MKT,matched_screen,chronological_60m,2,7.493597037,7.493597037,-9.763740988,24.75093506,50
full_history_original,1,real,MKT,matched_screen,chronological_60m,2,10.02295878,10.02295878,-12.68909163,32.7350092,50
full_history_original,1,real,CASH,matched_screen,chronological_60m,2,-2.046178621,-2.046178621,-7.829658545,3.737301303,50
full_history_original,1,real,NoDur,matched_screen,chronological_60m,2,7.056380488,7.056380488,-6.239729389,20.35249037,50
full_history_original,1,real,Durbl,matched_screen,chronological_60m,2,15.73945211,15.73945211,-7.065895004,38.54479922,50
full_history_original,1,real,Manuf,matched_screen,chronological_60m,2,3.963441391,3.963441391,-17.38029482,25.3071776,50
full_history_original,1,real,Enrgy,matched_screen,chronological_60m,2,44.13386497,44.13386497,21.21880769,67.04892226,0
full_history_original,1,real,Chems,matched_screen,chronological_60m,2,9.137887153,9.137887153,-7.948225053,26.22399936,50
full_history_original,1,real,BusEq,matched_screen,chronological_60m,2,11.76376959,11.76376959,-13.58028844,37.10782761,50
full_history_original,1,real,Telcm,matched_screen,chronological_60m,2,9.820942598,9.820942598,-23.74511345,43.38699865,50
full_history_original,1,real,Utils,matched_screen,chronological_60m,2,16.61234835,16.61234835,10.11480748,23.10988922,0
full_history_original,1,real,Shops,matched_screen,chronological_60m,2,10.5384964,10.5384964,-19.35536158,40.43235438,50
full_history_original,1,real,Hlth,matched_screen,chronological_60m,2,12.89456943,12.89456943,-10.98620422,36.77534308,50
full_history_original,1,real,Money,matched_screen,chronological_60m,2,14.44449072,14.44449072,-11.53303098,40.42201242,50
full_history_original,1,real,Other,matched_screen,chronological_60m,2,0.8912929467,0.8912929467,-23.53616161,25.31874751,50
full_history_original,1,real,BusEq minus MKT,matched_screen,chronological_60m,2,1.740810805,1.740810805,-0.8911968053,4.372818416,50
full_history_original,1,real,Chems minus MKT,matched_screen,chronological_60m,2,-0.8850716282,-0.8850716282,-6.511009838,4.740866582,50
full_history_original,1,real,Durbl minus MKT,matched_screen,chronological_60m,2,5.716493329,5.716493329,5.623196631,5.809790027,0
full_history_original,1,real,Enrgy minus MKT,matched_screen,chronological_60m,2,34.11090619,34.11090619,-11.51620151,79.73801389,50
full_history_original,1,real,Hlth minus MKT,matched_screen,chronological_60m,2,2.87161065,2.87161065,1.702887415,4.040333885,0
full_history_original,1,real,Manuf minus MKT,matched_screen,chronological_60m,2,-6.059517391,-6.059517391,-7.427831599,-4.691203182,100
full_history_original,1,real,Money minus MKT,matched_screen,chronological_60m,2,4.421531936,4.421531936,1.156060654,7.687003218,0
full_history_original,1,real,NoDur minus MKT,matched_screen,chronological_60m,2,-2.966578293,-2.966578293,-12.38251883,6.449362246,50
full_history_original,1,real,Other minus MKT,matched_screen,chronological_60m,2,-9.131665835,-9.131665835,-10.84706998,-7.416261689,100
full_history_original,1,real,Shops minus MKT,matched_screen,chronological_60m,2,0.5155376218,0.5155376218,-6.666269943,7.697345187,50
full_history_original,1,real,Telcm minus MKT,matched_screen,chronological_60m,2,-0.2020161829,-0.2020161829,-11.05602182,10.65198945,50
full_history_original,1,real,Utils minus MKT,matched_screen,chronological_60m,2,6.589389571,6.589389571,-9.625119974,22.80389912,50
full_history_original,3,nominal,MKT,matched_screen,chronological_60m,2,57.78495701,57.78495701,24.65806681,90.91184721,0
full_history_original,3,nominal,CASH,matched_screen,chronological_60m,2,12.17830521,12.17830521,8.821169517,15.5354409,0
full_history_original,3,nominal,NoDur,matched_screen,chronological_60m,2,2.515984667,2.515984667,0.250247205,4.781722129,0
full_history_original,3,nominal,Durbl,matched_screen,chronological_60m,2,10.36674976,10.36674976,-16.59579786,37.32929738,50
full_history_original,3,nominal,Manuf,matched_screen,chronological_60m,2,32.65663373,32.65663373,19.16799483,46.14527262,0
full_history_original,3,nominal,Enrgy,matched_screen,chronological_60m,2,72.79675408,72.79675408,37.74620594,107.8473022,0
full_history_original,3,nominal,Chems,matched_screen,chronological_60m,2,10.5488426,10.5488426,3.324619738,17.77306547,0
full_history_original,3,nominal,BusEq,matched_screen,chronological_60m,2,171.9698744,171.9698744,47.44286058,296.4968883,0
full_history_original,3,nominal,Telcm,matched_screen,chronological_60m,2,61.98112213,61.98112213,-24.87811081,148.8403551,50
full_history_original,3,nominal,Utils,matched_screen,chronological_60m,2,23.42007959,23.42007959,19.26074437,27.57941481,0
full_history_original,3,nominal,Shops,matched_screen,chronological_60m,2,48.16532977,48.16532977,20.56374207,75.76691748,0
full_history_original,3,nominal,Hlth,matched_screen,chronological_60m,2,45.07928003,45.07928003,14.59234338,75.56621668,0
full_history_original,3,nominal,Money,matched_screen,chronological_60m,2,22.81947824,22.81947824,17.00750645,28.63145003,0
full_history_original,3,nominal,Other,matched_screen,chronological_60m,2,19.82071095,19.82071095,12.10463876,27.53678315,0
full_history_original,3,nominal,BusEq minus MKT,matched_screen,chronological_60m,2,114.1849174,114.1849174,22.78479376,205.585041,0
full_history_original,3,nominal,Chems minus MKT,matched_screen,chronological_60m,2,-47.23611441,-47.23611441,-73.13878174,-21.33344708,100
full_history_original,3,nominal,Durbl minus MKT,matched_screen,chronological_60m,2,-47.41820726,-47.41820726,-53.58254984,-41.25386468,100
full_history_original,3,nominal,Enrgy minus MKT,matched_screen,chronological_60m,2,15.01179706,15.01179706,-53.16564128,83.1892354,50
full_history_original,3,nominal,Hlth minus MKT,matched_screen,chronological_60m,2,-12.70567698,-12.70567698,-15.34563053,-10.06572344,100
full_history_original,3,nominal,Manuf minus MKT,matched_screen,chronological_60m,2,-25.12832329,-25.12832329,-44.76657459,-5.490071981,100
full_history_original,3,nominal,Money minus MKT,matched_screen,chronological_60m,2,-34.96547878,-34.96547878,-62.28039719,-7.650560368,100
full_history_original,3,nominal,NoDur minus MKT,matched_screen,chronological_60m,2,-55.26897235,-55.26897235,-90.66160001,-19.87634469,100
full_history_original,3,nominal,Other minus MKT,matched_screen,chronological_60m,2,-37.96424606,-37.96424606,-63.37506406,-12.55342806,100
full_history_original,3,nominal,Shops minus MKT,matched_screen,chronological_60m,2,-9.61962724,-9.61962724,-15.14492973,-4.094324748,100
full_history_original,3,nominal,Telcm minus MKT,matched_screen,chronological_60m,2,4.196165114,4.196165114,-49.53617763,57.92850785,50
full_history_original,3,nominal,Utils minus MKT,matched_screen,chronological_60m,2,-34.36487742,-34.36487742,-71.65110284,2.921347994,50
full_history_original,3,real,MKT,matched_screen,chronological_60m,2,43.08681207,43.08681207,6.828788842,79.34483529,0
full_history_original,3,real,CASH,matched_screen,chronological_60m,2,0.896161785,0.896161785,-6.743028855,8.535352425,50
full_history_original,3,real,NoDur,matched_screen,chronological_60m,2,-8.014235381,-8.014235381,-10.2047324,-5.823738361,100
full_history_original,3,real,Durbl,matched_screen,chronological_60m,2,0.2420174698,0.2420174698,-28.52472265,29.00875759,50
full_history_original,3,real,Manuf,matched_screen,chronological_60m,2,19.70726271,19.70726271,2.123936959,37.29058846,0
full_history_original,3,real,Enrgy,matched_screen,chronological_60m,2,53.76012578,53.76012578,29.4004064,78.11984517,0
full_history_original,3,real,Chems,matched_screen,chronological_60m,2,-0.4080143882,-0.4080143882,-11.45343205,10.63740327,50
full_history_original,3,real,BusEq,matched_screen,chronological_60m,2,149.4143092,149.4143092,26.35477688,272.4738415,0
full_history_original,3,real,Telcm,matched_screen,chronological_60m,2,49.07055157,49.07055157,-35.62245394,133.7635571,50
full_history_original,3,real,Utils,matched_screen,chronological_60m,2,10.68362801,10.68362801,9.332309681,12.03494633,0
full_history_original,3,real,Shops,matched_screen,chronological_60m,2,34.21878346,34.21878346,3.320056795,65.11751013,0
full_history_original,3,real,Hlth,matched_screen,chronological_60m,2,31.56584481,31.56584481,-1.797279818,64.92896944,50
full_history_original,3,real,Money,matched_screen,chronological_60m,2,10.55517545,10.55517545,0.2724534285,20.83789747,0
full_history_original,3,real,Other,matched_screen,chronological_60m,2,7.940187597,7.940187597,-3.929179331,19.80955452,50
full_history_original,3,real,BusEq minus MKT,matched_screen,chronological_60m,2,106.3274971,106.3274971,19.52598804,193.1290062,0
full_history_original,3,real,Chems minus MKT,matched_screen,chronological_60m,2,-43.49482646,-43.49482646,-68.70743203,-18.28222089,100
full_history_original,3,real,Durbl minus MKT,matched_screen,chronological_60m,2,-42.8447946,-42.8447946,-50.3360777,-35.3535115,100
full_history_original,3,real,Enrgy minus MKT,matched_screen,chronological_60m,2,10.67331372,10.67331372,-49.94442889,71.29105632,50
full_history_original,3,real,Hlth minus MKT,matched_screen,chronological_60m,2,-11.52096726,-11.52096726,-14.41586586,-8.62606866,100
full_history_original,3,real,Manuf minus MKT,matched_screen,chronological_60m,2,-23.37954936,-23.37954936,-42.05424684,-4.704851883,100
full_history_original,3,real,Money minus MKT,matched_screen,chronological_60m,2,-32.53163662,-32.53163662,-58.50693783,-6.556335414,100
full_history_original,3,real,NoDur minus MKT,matched_screen,chronological_60m,2,-51.10104745,-51.10104745,-85.16857366,-17.03352124,100
full_history_original,3,real,Other minus MKT,matched_screen,chronological_60m,2,-35.14662447,-35.14662447,-59.53528077,-10.75796817,100
full_history_original,3,real,Shops minus MKT,matched_screen,chronological_60m,2,-8.868028607,-8.868028607,-14.22732517,-3.508732047,100
full_history_original,3,real,Telcm minus MKT,matched_screen,chronological_60m,2,5.983739501,5.983739501,-42.45124279,54.41872179,50
full_history_original,3,real,Utils minus MKT,matched_screen,chronological_60m,2,-32.40318406,-32.40318406,-67.30988896,2.503520839,50
full_history_original,5,nominal,MKT,matched_screen,chronological_60m,2,65.19648947,65.19648947,47.01792114,83.3750578,0
full_history_original,5,nominal,CASH,matched_screen,chronological_60m,2,22.39786956,22.39786956,18.50455151,26.29118761,0
full_history_original,5,nominal,NoDur,matched_screen,chronological_60m,2,32.12421857,32.12421857,20.58982848,43.65860867,0
full_history_original,5,nominal,Durbl,matched_screen,chronological_60m,2,56.11044046,56.11044046,43.75473371,68.4661472,0
full_history_original,5,nominal,Manuf,matched_screen,chronological_60m,2,74.10287692,74.10287692,61.90691966,86.29883418,0
full_history_original,5,nominal,Enrgy,matched_screen,chronological_60m,2,111.3627821,111.3627821,67.84847048,154.8770937,0
full_history_original,5,nominal,Chems,matched_screen,chronological_60m,2,13.16008347,13.16008347,-2.032981905,28.35314884,50
full_history_original,5,nominal,BusEq,matched_screen,chronological_60m,2,99.11413102,99.11413102,42.37338993,155.8548721,0
full_history_original,5,nominal,Telcm,matched_screen,chronological_60m,2,7.133512081,7.133512081,-8.056282859,22.32330702,50
full_history_original,5,nominal,Utils,matched_screen,chronological_60m,2,65.22947724,65.22947724,57.22364314,73.23531134,0
full_history_original,5,nominal,Shops,matched_screen,chronological_60m,2,78.98525833,78.98525833,60.42346887,97.54704778,0
full_history_original,5,nominal,Hlth,matched_screen,chronological_60m,2,65.53452777,65.53452777,37.38582902,93.68322651,0
full_history_original,5,nominal,Money,matched_screen,chronological_60m,2,63.60145633,63.60145633,54.26312404,72.93978862,0
full_history_original,5,nominal,Other,matched_screen,chronological_60m,2,24.39014213,24.39014213,11.5992852,37.18099906,0
full_history_original,5,nominal,BusEq minus MKT,matched_screen,chronological_60m,2,33.91764155,33.91764155,-4.644531209,72.4798143,50
full_history_original,5,nominal,Chems minus MKT,matched_screen,chronological_60m,2,-52.036406,-52.036406,-85.4080397,-18.6647723,100
full_history_original,5,nominal,Durbl minus MKT,matched_screen,chronological_60m,2,-9.086049011,-9.086049011,-14.9089106,-3.263187425,100
full_history_original,5,nominal,Enrgy minus MKT,matched_screen,chronological_60m,2,46.16629263,46.16629263,20.83054934,71.50203592,0
full_history_original,5,nominal,Hlth minus MKT,matched_screen,chronological_60m,2,0.3380383011,0.3380383011,-45.98922877,46.66530538,50
full_history_original,5,nominal,Manuf minus MKT,matched_screen,chronological_60m,2,8.906387452,8.906387452,2.923776379,14.88899852,0
full_history_original,5,nominal,Money minus MKT,matched_screen,chronological_60m,2,-1.595033137,-1.595033137,-29.11193376,25.92186748,50
full_history_original,5,nominal,NoDur minus MKT,matched_screen,chronological_60m,2,-33.0722709,-33.0722709,-62.78522932,-3.359312473,100
full_history_original,5,nominal,Other minus MKT,matched_screen,chronological_60m,2,-40.80634734,-40.80634734,-46.19405874,-35.41863594,100
full_history_original,5,nominal,Shops minus MKT,matched_screen,chronological_60m,2,13.78876886,13.78876886,-22.95158892,50.52912665,50
full_history_original,5,nominal,Telcm minus MKT,matched_screen,chronological_60m,2,-58.06297739,-58.06297739,-91.43134066,-24.69461412,100
full_history_original,5,nominal,Utils minus MKT,matched_screen,chronological_60m,2,0.03298777135,0.03298777135,-10.13974646,10.20572201,50
full_history_original,5,real,MKT,matched_screen,chronological_60m,2,39.63098387,39.63098387,31.90315734,47.3588104,0
full_history_original,5,real,CASH,matched_screen,chronological_60m,2,4.268340098,4.268340098,-4.770638128,13.30731832,50
full_history_original,5,real,NoDur,matched_screen,chronological_60m,2,12.89714353,12.89714353,-3.094925322,28.88921238,50
full_history_original,5,real,Durbl,matched_screen,chronological_60m,2,32.17678872,32.17678872,28.97545491,35.37812253,0
full_history_original,5,real,Manuf,matched_screen,chronological_60m,2,47.48488399,47.48488399,45.26143298,49.70833499,0
full_history_original,5,real,Enrgy,matched_screen,chronological_60m,2,77.70472249,77.70472249,50.59213896,104.817306,0
full_history_original,5,real,Chems,matched_screen,chronological_60m,2,-3.058576672,-3.058576672,-21.27444475,15.1572914,50
full_history_original,5,real,BusEq,matched_screen,chronological_60m,2,66.66958351,66.66958351,27.73612568,105.6030413,0
full_history_original,5,real,Telcm,matched_screen,chronological_60m,2,-8.183676172,-8.183676172,-26.11472387,9.747371525,50
full_history_original,5,real,Utils,matched_screen,chronological_60m,2,40.13511308,40.13511308,39.21058678,41.05963938,0
full_history_original,5,real,Shops,matched_screen,chronological_60m,2,53.07626129,53.07626129,28.91508702,77.23743557,0
full_history_original,5,real,Hlth,matched_screen,chronological_60m,2,42.08653181,42.08653181,10.40221377,73.77084986,0
full_history_original,5,real,Money,matched_screen,chronological_60m,2,39.56235215,39.56235215,23.96468047,55.16002384,0
full_history_original,5,real,Other,matched_screen,chronological_60m,2,5.181744748,5.181744748,0.1258755445,10.23761395,0
full_history_original,5,real,BusEq minus MKT,matched_screen,chronological_60m,2,27.03859964,27.03859964,-4.167031652,58.24423093,50
full_history_original,5,real,Chems minus MKT,matched_screen,chronological_60m,2,-42.68956054,-42.68956054,-68.63325514,-16.74586593,100
full_history_original,5,real,Durbl minus MKT,matched_screen,chronological_60m,2,-7.454195146,-7.454195146,-11.98068787,-2.927702426,100
full_history_original,5,real,Enrgy minus MKT,matched_screen,chronological_60m,2,38.07373862,38.07373862,18.68898162,57.45849562,0
full_history_original,5,real,Hlth minus MKT,matched_screen,chronological_60m,2,2.455547945,2.455547945,-36.95659663,41.86769252,50
full_history_original,5,real,Manuf minus MKT,matched_screen,chronological_60m,2,7.853900121,7.853900121,2.349524599,13.35827564,0
full_history_original,5,real,Money minus MKT,matched_screen,chronological_60m,2,-0.06863171128,-0.06863171128,-23.39412992,23.2568665,50
full_history_original,5,real,NoDur minus MKT,matched_screen,chronological_60m,2,-26.73384034,-26.73384034,-50.45373572,-3.013944955,100
full_history_original,5,real,Other minus MKT,matched_screen,chronological_60m,2,-34.44923912,-34.44923912,-37.12119644,-31.77728179,100
full_history_original,5,real,Shops minus MKT,matched_screen,chronological_60m,2,13.44527743,13.44527743,-18.44372338,45.33427823,50
full_history_original,5,real,Telcm minus MKT,matched_screen,chronological_60m,2,-47.81466004,-47.81466004,-73.47353426,-22.15578581,100
full_history_original,5,real,Utils minus MKT,matched_screen,chronological_60m,2,0.5041292155,0.5041292155,-8.148223616,9.156482047,50
full_history_original,1,nominal,MKT,matched_screen,chronological_12m,4,4.86336464,8.195319029,-11.59211246,34.6466593,50
full_history_original,1,nominal,CASH,matched_screen,chronological_12m,4,4.98036672,3.970879451,0.040003,5.882781366,0
full_history_original,1,nominal,NoDur,matched_screen,chronological_12m,4,11.92574521,11.58347209,-0.08066657956,22.56306453,25
full_history_original,1,nominal,Durbl,matched_screen,chronological_12m,4,7.177982335,9.607656234,-16.46546168,40.54012194,25
full_history_original,1,nominal,Manuf,matched_screen,chronological_12m,4,-0.4502663417,3.971309103,-10.32608295,27.11185204,50
full_history_original,1,nominal,Enrgy,matched_screen,chronological_12m,4,22.66640424,29.13490114,-10.10504915,81.31184522,25
full_history_original,1,nominal,Chems,matched_screen,chronological_12m,4,-3.027066406,2.889952199,-10.42793626,28.04187787,75
full_history_original,1,nominal,BusEq,matched_screen,chronological_12m,4,16.44041477,9.495236458,-37.79352292,42.89363921,50
full_history_original,1,nominal,Telcm,matched_screen,chronological_12m,4,13.85518259,8.268325393,-40.08912236,45.45205874,50
full_history_original,1,nominal,Utils,matched_screen,chronological_12m,4,22.19975828,24.26385374,2.285654034,50.37024435,0
full_history_original,1,nominal,Shops,matched_screen,chronological_12m,4,9.040122065,12.01633038,-12.46978429,42.45486168,50
full_history_original,1,nominal,Hlth,matched_screen,chronological_12m,4,29.92771059,23.80363733,-3.386053948,38.74518209,25
full_history_original,1,nominal,Money,matched_screen,chronological_12m,4,14.7801314,17.00626596,-3.979569714,42.44437077,25
full_history_original,1,nominal,Other,matched_screen,chronological_12m,4,-6.401000211,-0.6714900082,-17.00754819,27.12358858,75
full_history_original,1,nominal,BusEq minus MKT,matched_screen,chronological_12m,4,1.734253525,1.299917429,-26.20141045,27.93257312,50
full_history_original,1,nominal,Chems minus MKT,matched_screen,chronological_12m,4,-2.720302614,-5.30536683,-20.92651198,5.145649887,50
full_history_original,1,nominal,Durbl minus MKT,matched_screen,chronological_12m,4,2.209691625,1.412337205,-4.873349215,6.103314786,50
full_history_original,1,nominal,Enrgy minus MKT,matched_screen,chronological_12m,4,11.13913082,20.93958211,-25.06611524,86.54618203,50
full_history_original,1,nominal,Hlth minus MKT,matched_screen,chronological_12m,4,6.79595182,15.6083183,1.848282858,46.9930867,0
full_history_original,1,nominal,Manuf minus MKT,matched_screen,chronological_12m,4,-6.313276699,-4.224009927,-17.04355018,12.77406388,75
full_history_original,1,nominal,Money minus MKT,matched_screen,chronological_12m,4,4.52623928,8.810946932,-10.61915206,36.81046123,25
full_history_original,1,nominal,NoDur minus MKT,matched_screen,chronological_12m,4,-2.78041604,3.388153062,-15.04173267,34.15517699,50
full_history_original,1,nominal,Other minus MKT,matched_screen,chronological_12m,4,-9.648141051,-8.866809037,-16.43111613,0.2601620873,75
full_history_original,1,nominal,Shops minus MKT,matched_screen,chronological_12m,4,4.427011311,3.821011351,-7.235447484,13.66547026,25
full_history_original,1,nominal,Telcm minus MKT,matched_screen,chronological_12m,4,-0.5973022219,0.07300636382,-28.4970099,29.98363979,50
full_history_original,1,nominal,Utils minus MKT,matched_screen,chronological_12m,4,7.493597037,16.06853471,-12.67541205,61.96235682,50
full_history_original,1,real,MKT,matched_screen,chronological_12m,4,0.1936834051,4.648365217,-14.52891514,32.7350092,50
full_history_original,1,real,CASH,matched_screen,chronological_12m,4,2.689007769,0.3214145743,-7.829658545,3.737301303,25
full_history_original,1,real,NoDur,matched_screen,chronological_12m,4,8.386489952,7.72143522,-6.239729389,20.35249037,50
full_history_original,1,real,Durbl,matched_screen,chronological_12m,4,2.280324641,5.966267724,-19.24037761,38.54479922,50
full_history_original,1,real,Manuf,matched_screen,chronological_12m,4,-2.933439716,0.5150008371,-17.38029482,25.3071776,75
full_history_original,1,real,Enrgy,matched_screen,chronological_12m,4,19.76104575,23.74806922,-11.57873687,67.04892226,25
full_history_original,1,real,Chems,matched_screen,chronological_12m,4,-7.727610507,-0.6586582789,-13.40341146,26.22399936,75
full_history_original,1,real,BusEq,matched_screen,chronological_12m,4,11.76376959,6.054678288,-39.85994655,40.55112053,50
full_history_original,1,real,Telcm,matched_screen,chronological_12m,4,9.411724855,5.032789847,-42.07928897,43.38699865,50
full_history_original,1,real,Utils,matched_screen,chronological_12m,4,16.61234835,19.80216604,0.6088400332,45.37512742,0
full_history_original,1,real,Shops,matched_screen,chronological_12m,4,6.500034414,8.519265409,-19.35536158,40.43235438,50
full_history_original,1,real,Hlth,matched_screen,chronological_12m,4,26.65866419,19.77661681,-10.98620422,36.77534308,25
full_history_original,1,real,Money,matched_screen,chronological_12m,4,11.84506905,13.14477989,-11.53303098,40.42201242,25
full_history_original,1,real,Other,matched_screen,chronological_12m,4,-8.681345226,-3.895026139,-23.53616161,25.31874751,75
full_history_original,1,real,BusEq minus MKT,matched_screen,chronological_12m,4,1.740810805,1.406313071,-25.33103141,27.47466209,50
full_history_original,1,real,Chems minus MKT,matched_screen,chronological_12m,4,-2.69275308,-5.307023496,-20.58345441,4.740866582,50
full_history_original,1,real,Durbl minus MKT,matched_screen,chronological_12m,4,2.086641236,1.317902507,-4.711462471,5.809790027,50
full_history_original,1,real,Enrgy minus MKT,matched_screen,chronological_12m,4,10.65799872,19.099704,-24.65519531,79.73801389,50
full_history_original,1,real,Hlth minus MKT,matched_screen,chronological_12m,4,6.689042771,15.1282516,1.702887415,45.43203342,0
full_history_original,1,real,Manuf minus MKT,matched_screen,chronological_12m,4,-6.059517391,-4.13336438,-16.76414772,12.34972498,75
full_history_original,1,real,Money minus MKT,matched_screen,chronological_12m,4,4.421531936,8.496414669,-10.4450676,35.5876624,25
full_history_original,1,real,NoDur minus MKT,matched_screen,chronological_12m,4,-2.966578293,3.073070003,-14.79514688,33.02058348,50
full_history_original,1,real,Other minus MKT,matched_screen,chronological_12m,4,-9.131665835,-8.543391356,-16.16175358,0.2515198187,75
full_history_original,1,real,Shops minus MKT,matched_screen,chronological_12m,4,4.354212275,3.870900192,-6.666269943,13.44144616,25
full_history_original,1,real,Telcm minus MKT,matched_screen,chronological_12m,4,-0.2020161829,0.3844246305,-27.55037383,29.49210472,50
full_history_original,1,real,Utils minus MKT,matched_screen,chronological_12m,4,6.589389571,15.15380082,-12.46761841,59.90404256,50
full_history_original,3,nominal,MKT,matched_screen,chronological_36m,3,24.65806681,25.27092764,-39.75713111,90.91184721,33.33333333
full_history_original,3,nominal,CASH,matched_screen,chronological_36m,3,11.00475385,11.78712142,8.821169517,15.5354409,0
full_history_original,3,nominal,NoDur,matched_screen,chronological_36m,3,4.781722129,9.39425186,0.250247205,23.15078625,0
full_history_original,3,nominal,Durbl,matched_screen,chronological_36m,3,-16.59579786,-0.7062299239,-22.85218929,37.32929738,66.66666667
full_history_original,3,nominal,Manuf,matched_screen,chronological_36m,3,19.16799483,17.44653844,-12.97365215,46.14527262,33.33333333
full_history_original,3,nominal,Enrgy,matched_screen,chronological_36m,3,37.74620594,51.28913427,8.273894663,107.8473022,0
full_history_original,3,nominal,Chems,matched_screen,chronological_36m,3,3.324619738,6.647262882,-1.155896563,17.77306547,33.33333333
full_history_original,3,nominal,BusEq,matched_screen,chronological_36m,3,47.44286058,89.85831833,-74.36479385,296.4968883,33.33333333
full_history_original,3,nominal,Telcm,matched_screen,chronological_36m,3,-24.87811081,19.15709306,-66.49096507,148.8403551,66.66666667
full_history_original,3,nominal,Utils,matched_screen,chronological_36m,3,19.26074437,15.63606753,0.06804339712,27.57941481,0
full_history_original,3,nominal,Shops,matched_screen,chronological_36m,3,20.56374207,25.87904535,-18.69352349,75.76691748,33.33333333
full_history_original,3,nominal,Hlth,matched_screen,chronological_36m,3,14.59234338,25.25059945,-14.40676172,75.56621668,33.33333333
full_history_original,3,nominal,Money,matched_screen,chronological_36m,3,17.00750645,20.41279651,15.59943305,28.63145003,0
full_history_original,3,nominal,Other,matched_screen,chronological_36m,3,12.10463876,0.729649702,-37.4524728,27.53678315,33.33333333
full_history_original,3,nominal,BusEq minus MKT,matched_screen,chronological_36m,3,22.78479376,64.58739069,-34.60766273,205.585041,33.33333333
full_history_original,3,nominal,Chems minus MKT,matched_screen,chronological_36m,3,-21.33344708,-18.62366476,-73.13878174,38.60123455,66.66666667
full_history_original,3,nominal,Durbl minus MKT,matched_screen,chronological_36m,3,-41.25386468,-25.97715756,-53.58254984,16.90494183,66.66666667
full_history_original,3,nominal,Enrgy minus MKT,matched_screen,chronological_36m,3,48.03102578,26.01820663,-53.16564128,83.1892354,33.33333333
full_history_original,3,nominal,Hlth minus MKT,matched_screen,chronological_36m,3,-10.06572344,-0.02032819049,-15.34563053,25.3503694,66.66666667
full_history_original,3,nominal,Manuf minus MKT,matched_screen,chronological_36m,3,-5.490071981,-7.824389201,-44.76657459,26.78347897,66.66666667
full_history_original,3,nominal,Money minus MKT,matched_screen,chronological_36m,3,-7.650560368,-4.858131129,-62.28039719,55.35656417,66.66666667
full_history_original,3,nominal,NoDur minus MKT,matched_screen,chronological_36m,3,-19.87634469,-15.87667578,-90.66160001,62.90791736,66.66666667
full_history_original,3,nominal,Other minus MKT,matched_screen,chronological_36m,3,-12.55342806,-24.54127794,-63.37506406,2.304658313,66.66666667
full_history_original,3,nominal,Shops minus MKT,matched_screen,chronological_36m,3,-4.094324748,0.6081177146,-15.14492973,21.06360762,66.66666667
full_history_original,3,nominal,Telcm minus MKT,matched_screen,chronological_36m,3,-26.73383396,-6.113834577,-49.53617763,57.92850785,66.66666667
full_history_original,3,nominal,Utils minus MKT,matched_screen,chronological_36m,3,2.921347994,-9.634860111,-71.65110284,39.82517451,33.33333333
full_history_original,3,real,MKT,matched_screen,chronological_36m,3,6.828788842,13.9846861,-44.21956585,79.34483529,33.33333333
full_history_original,3,real,CASH,matched_screen,chronological_36m,3,2.782179491,1.524834354,-6.743028855,8.535352425,33.33333333
full_history_original,3,real,NoDur,matched_screen,chronological_36m,3,-5.823738361,-0.6666549932,-10.2047324,14.02850578,66.66666667
full_history_original,3,real,Durbl,matched_screen,chronological_36m,3,-28.52472265,-9.360935664,-28.56684193,29.00875759,66.66666667
full_history_original,3,real,Manuf,matched_screen,chronological_36m,3,2.123936959,6.664825711,-19.42004828,37.29058846,33.33333333
full_history_original,3,real,Enrgy,matched_screen,chronological_36m,3,29.4004064,35.92461925,0.2536061692,78.11984517,0
full_history_original,3,real,Chems,matched_screen,chronological_36m,3,-8.477682003,-3.097903593,-11.45343205,10.63740327,66.66666667
full_history_original,3,real,BusEq,matched_screen,chronological_36m,3,26.35477688,74.18830679,-76.26369801,272.4738415,33.33333333
full_history_original,3,real,Telcm,matched_screen,chronological_36m,3,-35.62245394,9.722662444,-68.97311581,133.7635571,66.66666667
full_history_original,3,real,Utils,matched_screen,chronological_36m,3,9.332309681,4.674283917,-7.344404262,12.03494633,33.33333333
full_history_original,3,real,Shops,matched_screen,chronological_36m,3,3.320056795,14.57378049,-24.71622545,65.11751013,33.33333333
full_history_original,3,real,Hlth,matched_screen,chronological_36m,3,-1.797279818,14.12822934,-20.74700159,64.92896944,66.66666667
full_history_original,3,real,Money,matched_screen,chronological_36m,3,7.036512087,9.382287661,0.2724534285,20.83789747,0
full_history_original,3,real,Other,matched_screen,chronological_36m,3,-3.929179331,-8.73508259,-42.08562296,19.80955452,66.66666667
full_history_original,3,real,BusEq minus MKT,matched_screen,chronological_36m,3,19.52598804,60.2036207,-32.04413216,193.1290062,33.33333333
full_history_original,3,real,Chems minus MKT,matched_screen,chronological_36m,3,-18.28222089,-17.08258969,-68.70743203,35.74188384,66.66666667
full_history_original,3,real,Durbl minus MKT,matched_screen,chronological_36m,3,-35.3535115,-23.34562176,-50.3360777,15.65272391,66.66666667
full_history_original,3,real,Enrgy minus MKT,matched_screen,chronological_36m,3,44.47317202,21.93993315,-49.94442889,71.29105632,33.33333333
full_history_original,3,real,Hlth minus MKT,matched_screen,chronological_36m,3,-8.62606866,0.1435432454,-14.41586586,23.47256426,66.66666667
full_history_original,3,real,Manuf minus MKT,matched_screen,chronological_36m,3,-4.704851883,-7.319860385,-42.05424684,24.79951756,66.66666667
full_history_original,3,real,Money minus MKT,matched_screen,chronological_36m,3,-6.556335414,-4.602398436,-58.50693783,51.25607793,66.66666667
full_history_original,3,real,NoDur minus MKT,matched_screen,chronological_36m,3,-17.03352124,-14.65134109,-85.16857366,58.24807163,66.66666667
full_history_original,3,real,Other minus MKT,matched_screen,chronological_36m,3,-10.75796817,-22.71976869,-59.53528077,2.133942883,66.66666667
full_history_original,3,real,Shops minus MKT,matched_screen,chronological_36m,3,-3.508732047,0.5890943932,-14.22732517,19.50334039,66.66666667
full_history_original,3,real,Telcm minus MKT,matched_screen,chronological_36m,3,-24.75354996,-4.262023653,-42.45124279,54.41872179,66.66666667
full_history_original,3,real,Utils minus MKT,matched_screen,chronological_36m,3,2.503520839,-9.310402179,-67.30988896,36.87516158,33.33333333
expanding_prior,1,nominal,MKT,matched_screen,monthly_pool,74,12.9813441,12.33852472,-15.77796299,48.39216251,17.56756757
expanding_prior,1,nominal,CASH,matched_screen,monthly_pool,74,4.640756864,4.021989151,0,6.019866931,0
expanding_prior,1,nominal,NoDur,matched_screen,monthly_pool,74,10.12484509,10.80560766,-12.14333662,36.41246608,22.97297297
expanding_prior,1,nominal,Durbl,matched_screen,monthly_pool,74,7.531889012,8.433149784,-27.30077221,54.34991878,31.08108108
expanding_prior,1,nominal,Manuf,matched_screen,monthly_pool,74,13.16852892,12.69769768,-19.06049698,39.06785186,18.91891892
expanding_prior,1,nominal,Enrgy,matched_screen,monthly_pool,74,6.601385623,10.07552661,-32.96356697,81.31184522,29.72972973
expanding_prior,1,nominal,Chems,matched_screen,monthly_pool,74,3.624248389,5.640680643,-21.2392282,37.1622714,33.78378378
expanding_prior,1,nominal,BusEq,matched_screen,monthly_pool,74,23.4860314,23.45045506,-52.17701301,104.0432282,10.81081081
expanding_prior,1,nominal,Telcm,matched_screen,monthly_pool,74,5.00494039,11.51067567,-40.08912236,73.731335,36.48648649
expanding_prior,1,nominal,Utils,matched_screen,monthly_pool,74,6.387808799,8.524662503,-17.28908883,50.37024435,24.32432432
expanding_prior,1,nominal,Shops,matched_screen,monthly_pool,74,14.8254477,12.60453063,-23.13319388,54.36585164,28.37837838
expanding_prior,1,nominal,Hlth,matched_screen,monthly_pool,74,21.45269587,20.79891614,-9.397652889,55.33101989,13.51351351
expanding_prior,1,nominal,Money,matched_screen,monthly_pool,74,10.25897018,13.58474943,-16.31723132,61.37193132,22.97297297
expanding_prior,1,nominal,Other,matched_screen,monthly_pool,74,9.362238883,10.72473332,-25.24022414,39.72772345,24.32432432
expanding_prior,1,nominal,BusEq minus MKT,matched_screen,monthly_pool,74,9.883961845,11.11193034,-36.39905002,64.74694209,21.62162162
expanding_prior,1,nominal,Chems minus MKT,matched_screen,monthly_pool,74,-8.280577619,-6.697844077,-26.87136525,17.58204466,81.08108108
expanding_prior,1,nominal,Durbl minus MKT,matched_screen,monthly_pool,74,-5.304622757,-3.905374936,-29.36891616,20.6983777,63.51351351
expanding_prior,1,nominal,Enrgy minus MKT,matched_screen,monthly_pool,74,-3.557043569,-2.262998109,-40.20260394,86.54618203,60.81081081
expanding_prior,1,nominal,Hlth minus MKT,matched_screen,monthly_pool,74,7.962331875,8.460391424,-11.2600811,46.9930867,17.56756757
expanding_prior,1,nominal,Manuf minus MKT,matched_screen,monthly_pool,74,2.668393975,0.3591729609,-20.63833768,24.58387081,45.94594595
expanding_prior,1,nominal,Money minus MKT,matched_screen,monthly_pool,74,1.534695481,1.246224711,-20.32248434,51.61725408,43.24324324
expanding_prior,1,nominal,NoDur minus MKT,matched_screen,monthly_pool,74,-0.7519331749,-1.53291706,-32.20180452,50.21362541,55.40540541
expanding_prior,1,nominal,Other minus MKT,matched_screen,monthly_pool,74,-3.228620295,-1.613791403,-21.44367944,32.20122141,64.86486486
expanding_prior,1,nominal,Shops minus MKT,matched_screen,monthly_pool,74,-1.65112915,0.2660059121,-15.5540869,21.20562868,54.05405405
expanding_prior,1,nominal,Telcm minus MKT,matched_screen,monthly_pool,74,-2.942193118,-0.8278490506,-28.4970099,35.08663305,66.21621622
expanding_prior,1,nominal,Utils minus MKT,matched_screen,monthly_pool,74,-7.688519247,-3.813862217,-31.60266371,61.96235682,77.02702703
expanding_prior,1,real,MKT,matched_screen,monthly_pool,74,11.25862432,9.652002345,-22.42048856,46.3769603,20.27027027
expanding_prior,1,real,CASH,matched_screen,monthly_pool,74,2.106086177,1.456693833,-8.147720827,3.760915784,14.86486486
expanding_prior,1,real,NoDur,matched_screen,monthly_pool,74,8.320000793,8.107296663,-15.17472683,34.55995111,31.08108108
expanding_prior,1,real,Durbl,matched_screen,monthly_pool,74,5.809971346,5.841979646,-29.66371795,52.25380877,37.83783784
expanding_prior,1,real,Manuf,matched_screen,monthly_pool,74,10.70280602,9.956712008,-25.72951226,37.17927609,22.97297297
expanding_prior,1,real,Enrgy,matched_screen,monthly_pool,74,4.325383608,7.153285529,-33.12493903,67.04892226,33.78378378
expanding_prior,1,real,Chems,matched_screen,monthly_pool,74,2.153123674,3.07472693,-24.11633402,35.29957389,43.24324324
expanding_prior,1,real,BusEq,matched_screen,monthly_pool,74,21.06715452,20.53760381,-53.80734211,99.52521537,12.16216216
expanding_prior,1,real,Telcm,matched_screen,monthly_pool,74,1.776692053,8.93083045,-42.07928897,71.37202057,44.59459459
expanding_prior,1,real,Utils,matched_screen,monthly_pool,74,4.436891984,5.835695075,-20.07567389,45.37512742,27.02702703
expanding_prior,1,real,Shops,matched_screen,monthly_pool,74,12.64895112,9.969623851,-28.00003438,52.26952526,28.37837838
expanding_prior,1,real,Hlth,matched_screen,monthly_pool,74,19.36643763,17.93296767,-16.80621137,53.22158629,14.86486486
expanding_prior,1,real,Money,matched_screen,monthly_pool,74,7.914442911,10.83820587,-19.1365589,59.18046065,28.37837838
expanding_prior,1,real,Other,matched_screen,monthly_pool,74,6.837624848,8.06603447,-31.40006043,37.83018647,29.72972973
expanding_prior,1,real,BusEq minus MKT,matched_screen,monthly_pool,74,9.688450692,10.88560147,-35.15817331,63.31328748,21.62162162
expanding_prior,1,real,Chems minus MKT,matched_screen,monthly_pool,74,-8.125374279,-6.577275415,-26.43085107,17.13484406,81.08108108
expanding_prior,1,real,Durbl minus MKT,matched_screen,monthly_pool,74,-5.167203289,-3.810022699,-28.69962509,20.3546777,63.51351351
expanding_prior,1,real,Enrgy minus MKT,matched_screen,monthly_pool,74,-3.467530515,-2.498716817,-40.11207656,79.73801389,60.81081081
expanding_prior,1,real,Hlth minus MKT,matched_screen,monthly_pool,74,7.868080025,8.280965323,-11.01075555,45.43203342,17.56756757
expanding_prior,1,real,Manuf minus MKT,matched_screen,monthly_pool,74,2.594304599,0.3047096624,-20.30000428,23.74578431,45.94594595
expanding_prior,1,real,Money minus MKT,matched_screen,monthly_pool,74,1.498412306,1.18620352,-19.89579751,49.85757496,43.24324324
expanding_prior,1,real,NoDur minus MKT,matched_screen,monthly_pool,74,-0.7306410148,-1.544705682,-31.48877833,48.50179727,55.40540541
expanding_prior,1,real,Other minus MKT,matched_screen,monthly_pool,74,-3.144285474,-1.585967875,-21.09214371,31.43547279,64.86486486
expanding_prior,1,real,Shops minus MKT,matched_screen,monthly_pool,74,-1.562696125,0.3176215061,-15.12042277,20.48270952,54.05405405
expanding_prior,1,real,Telcm minus MKT,matched_screen,monthly_pool,74,-2.901700814,-0.721171895,-27.55037383,34.48465651,66.21621622
expanding_prior,1,real,Utils minus MKT,matched_screen,monthly_pool,74,-7.571634765,-3.81630727,-30.90290395,59.90404256,77.02702703
expanding_prior,3,nominal,MKT,matched_screen,monthly_pool,74,33.9633977,42.66500692,-39.75713111,126.5789539,4.054054054
expanding_prior,3,nominal,CASH,matched_screen,monthly_pool,74,15.00665936,13.30628901,0.3004133464,16.84297263,0
expanding_prior,3,nominal,NoDur,matched_screen,monthly_pool,74,35.95551787,35.42891502,-7.877940764,119.5386945,2.702702703
expanding_prior,3,nominal,Durbl,matched_screen,monthly_pool,74,10.61315272,22.38859067,-26.1095593,112.1394886,21.62162162
expanding_prior,3,nominal,Manuf,matched_screen,monthly_pool,74,43.82234304,42.80971402,-16.6708988,113.1267249,5.405405405
expanding_prior,3,nominal,Enrgy,matched_screen,monthly_pool,74,40.19817888,37.37508728,-52.59565144,115.1918743,10.81081081
expanding_prior,3,nominal,Chems,matched_screen,monthly_pool,74,8.979044968,19.59577245,-16.48970213,111.7424727,21.62162162
expanding_prior,3,nominal,BusEq,matched_screen,monthly_pool,74,89.76952125,90.45632651,-74.36479385,337.9282079,4.054054054
expanding_prior,3,nominal,Telcm,matched_screen,monthly_pool,74,14.07547174,30.88480784,-66.49096507,192.3070982,36.48648649
expanding_prior,3,nominal,Utils,matched_screen,monthly_pool,74,24.54922467,25.01011961,-10.0649368,78.05308788,12.16216216
expanding_prior,3,nominal,Shops,matched_screen,monthly_pool,74,39.41643321,44.15610139,-26.13625134,124.3945648,4.054054054
expanding_prior,3,nominal,Hlth,matched_screen,monthly_pool,74,44.80030595,58.70923497,-14.88693594,161.1576198,4.054054054
expanding_prior,3,nominal,Money,matched_screen,monthly_pool,74,44.1845227,56.36714679,-4.284848311,196.7068451,2.702702703
expanding_prior,3,nominal,Other,matched_screen,monthly_pool,74,30.18346396,32.99364601,-38.22056663,87.6222928,12.16216216
expanding_prior,3,nominal,BusEq minus MKT,matched_screen,monthly_pool,74,33.8704646,47.79131959,-34.60766273,226.4664742,13.51351351
expanding_prior,3,nominal,Chems minus MKT,matched_screen,monthly_pool,74,-22.46621199,-23.06923447,-94.76915508,38.60123455,89.18918919
expanding_prior,3,nominal,Durbl minus MKT,matched_screen,monthly_pool,74,-20.76050008,-20.27641624,-53.94781371,43.90454327,87.83783784
expanding_prior,3,nominal,Enrgy minus MKT,matched_screen,monthly_pool,74,-3.944358344,-5.289919635,-92.74715253,89.55575078,52.7027027
expanding_prior,3,nominal,Hlth minus MKT,matched_screen,monthly_pool,74,14.25051588,16.04422805,-21.75837572,45.85074826,21.62162162
expanding_prior,3,nominal,Manuf minus MKT,matched_screen,monthly_pool,74,1.13244123,0.1447071061,-44.76657459,32.42343309,47.2972973
expanding_prior,3,nominal,Money minus MKT,matched_screen,monthly_pool,74,8.846591229,13.70213988,-62.28039719,73.17693022,32.43243243
expanding_prior,3,nominal,NoDur minus MKT,matched_screen,monthly_pool,74,3.241853629,-7.236091899,-97.80740639,62.90791736,47.2972973
expanding_prior,3,nominal,Other minus MKT,matched_screen,monthly_pool,74,-8.127433764,-9.671360906,-72.15375037,46.09976509,66.21621622
expanding_prior,3,nominal,Shops minus MKT,matched_screen,monthly_pool,74,-0.2446558224,1.491094469,-32.03257244,48.03331127,51.35135135
expanding_prior,3,nominal,Telcm minus MKT,matched_screen,monthly_pool,74,-14.0133087,-11.78019907,-50.54970868,80.84536451,77.02702703
expanding_prior,3,nominal,Utils minus MKT,matched_screen,monthly_pool,74,-24.1284323,-17.65488731,-81.55205136,43.69301876,77.02702703
expanding_prior,3,real,MKT,matched_screen,monthly_pool,74,23.83797829,31.67178556,-44.21956585,111.4736903,5.405405405
expanding_prior,3,real,CASH,matched_screen,monthly_pool,74,4.338216566,4.354099853,-6.743028855,9.340304185,14.86486486
expanding_prior,3,real,NoDur,matched_screen,monthly_pool,74,24.96531133,24.880843,-12.9410202,104.9027815,20.27027027
expanding_prior,3,real,Durbl,matched_screen,monthly_pool,74,4.026819336,13.09541787,-31.49150268,98.58758028,45.94594595
expanding_prior,3,real,Manuf,matched_screen,monthly_pool,74,31.96149392,31.66010389,-22.62952539,98.91827657,5.405405405
expanding_prior,3,real,Enrgy,matched_screen,monthly_pool,74,28.26823601,26.09534939,-55.20102071,86.59789775,13.51351351
expanding_prior,3,real,Chems,matched_screen,monthly_pool,74,-1.543482684,10.40243512,-23.17621661,97.62630788,56.75675676
expanding_prior,3,real,BusEq,matched_screen,monthly_pool,74,73.01466492,75.79891359,-76.26369801,309.2451907,4.054054054
expanding_prior,3,real,Telcm,matched_screen,monthly_pool,74,2.992050786,21.12707951,-68.97311581,173.161838,48.64864865
expanding_prior,3,real,Utils,matched_screen,monthly_pool,74,15.55589979,15.32550433,-17.90475718,66.18288203,33.78378378
expanding_prior,3,real,Shops,matched_screen,monthly_pool,74,28.95398189,33.00997269,-31.41803755,110.7701225,6.756756757
expanding_prior,3,real,Hlth,matched_screen,monthly_pool,74,32.70456543,46.55907498,-21.08629932,143.7471118,8.108108108
expanding_prior,3,real,Money,matched_screen,monthly_pool,74,36.22124952,44.14020394,-13.40937469,177.6824851,6.756756757
expanding_prior,3,real,Other,matched_screen,monthly_pool,74,24.36562386,22.50628056,-42.63823788,70.91471687,20.27027027
expanding_prior,3,real,BusEq minus MKT,matched_screen,monthly_pool,74,30.06128401,44.12712803,-32.04413216,211.6335823,13.51351351
expanding_prior,3,real,Chems minus MKT,matched_screen,monthly_pool,74,-20.37740185,-21.26935043,-88.56205253,35.74188384,89.18918919
expanding_prior,3,real,Durbl minus MKT,matched_screen,monthly_pool,74,-19.93994872,-18.57636768,-50.41438965,41.61438832,87.83783784
expanding_prior,3,real,Enrgy minus MKT,matched_screen,monthly_pool,74,-3.659965327,-5.576436162,-87.90926254,77.65588214,52.7027027
expanding_prior,3,real,Hlth minus MKT,matched_screen,monthly_pool,74,13.12576676,14.88728942,-20.33326573,42.49748459,21.62162162
expanding_prior,3,real,Manuf minus MKT,matched_screen,monthly_pool,74,1.05082132,-0.01168166361,-42.05424684,29.80094953,47.2972973
expanding_prior,3,real,Money minus MKT,matched_screen,monthly_pool,74,8.332349892,12.46841838,-58.50693783,68.48494456,32.43243243
expanding_prior,3,real,NoDur minus MKT,matched_screen,monthly_pool,74,2.971892322,-6.790942557,-91.40130726,58.24807163,47.2972973
expanding_prior,3,real,Other minus MKT,matched_screen,monthly_pool,74,-7.176484535,-9.165504998,-67.4278907,42.58506242,66.21621622
expanding_prior,3,real,Shops minus MKT,matched_screen,monthly_pool,74,-0.2266366264,1.338187137,-29.51940598,45.52779095,51.35135135
expanding_prior,3,real,Telcm minus MKT,matched_screen,monthly_pool,74,-12.75320871,-10.54470605,-44.51409223,75.55022952,77.02702703
expanding_prior,3,real,Utils minus MKT,matched_screen,monthly_pool,74,-22.33282728,-16.34628123,-76.21063045,40.56865548,77.02702703
expanding_prior,5,nominal,MKT,matched_screen,monthly_pool,74,36.26361154,49.81109688,-17.80010521,222.8794406,16.21621622
expanding_prior,5,nominal,CASH,matched_screen,monthly_pool,74,25.79579804,22.94145926,3.239291492,30.38089418,0
expanding_prior,5,nominal,NoDur,matched_screen,monthly_pool,74,44.11539962,45.27136596,-6.993500505,142.4499387,1.351351351
expanding_prior,5,nominal,Durbl,matched_screen,monthly_pool,74,11.73409677,28.0608916,-30.82702412,316.2711447,32.43243243
expanding_prior,5,nominal,Manuf,matched_screen,monthly_pool,74,43.39138135,53.80617878,-5.946937088,171.8990917,2.702702703
expanding_prior,5,nominal,Enrgy,matched_screen,monthly_pool,74,35.1307596,48.90381781,-32.93217646,185.6190104,8.108108108
expanding_prior,5,nominal,Chems,matched_screen,monthly_pool,74,18.1653111,26.17292337,-12.09116202,179.3838946,24.32432432
expanding_prior,5,nominal,BusEq,matched_screen,monthly_pool,74,52.99984591,100.6509231,-62.52513662,602.7867636,22.97297297
expanding_prior,5,nominal,Telcm,matched_screen,monthly_pool,74,-1.751774165,22.30031997,-56.37256857,276.0893061,51.35135135
expanding_prior,5,nominal,Utils,matched_screen,monthly_pool,74,22.41096982,32.10203097,-16.21743705,96.1111881,21.62162162
expanding_prior,5,nominal,Shops,matched_screen,monthly_pool,74,57.97086222,62.69616842,-1.662734088,162.1905744,1.351351351
expanding_prior,5,nominal,Hlth,matched_screen,monthly_pool,74,61.27109219,82.67155092,-0.1207592578,252.6373303,1.351351351
expanding_prior,5,nominal,Money,matched_screen,monthly_pool,74,70.54108605,74.51929313,-35.83781458,234.7043847,5.405405405
expanding_prior,5,nominal,Other,matched_screen,monthly_pool,74,21.50534881,24.74773599,-38.70725323,98.93183178,24.32432432
expanding_prior,5,nominal,BusEq minus MKT,matched_screen,monthly_pool,74,30.95163994,50.83982618,-54.6761867,379.907323,29.72972973
expanding_prior,5,nominal,Chems minus MKT,matched_screen,monthly_pool,74,-15.00062153,-23.63817351,-142.7367898,62.62442897,71.62162162
expanding_prior,5,nominal,Durbl minus MKT,matched_screen,monthly_pool,74,-19.15555517,-21.75020528,-110.6797273,208.143755,87.83783784
expanding_prior,5,nominal,Enrgy minus MKT,matched_screen,monthly_pool,74,7.028522943,-0.9072790742,-97.76507772,133.6090992,40.54054054
expanding_prior,5,nominal,Hlth minus MKT,matched_screen,monthly_pool,74,34.761798,32.86045404,-45.98922877,108.0311923,14.86486486
expanding_prior,5,nominal,Manuf minus MKT,matched_screen,monthly_pool,74,11.35037839,3.995081902,-64.06707123,58.48620242,37.83783784
expanding_prior,5,nominal,Money minus MKT,matched_screen,monthly_pool,74,29.6489031,24.70819625,-40.63390949,87.10869734,14.86486486
expanding_prior,5,nominal,NoDur minus MKT,matched_screen,monthly_pool,74,12.28074475,-4.539730924,-139.9671059,83.59529468,35.13513514
expanding_prior,5,nominal,Other minus MKT,matched_screen,monthly_pool,74,-17.88733276,-25.06336089,-144.2507661,31.50632801,74.32432432
expanding_prior,5,nominal,Shops minus MKT,matched_screen,monthly_pool,74,18.0506881,12.88507154,-65.61756264,58.5818499,18.91891892
expanding_prior,5,nominal,Telcm minus MKT,matched_screen,monthly_pool,74,-26.80923647,-27.51077691,-93.39685968,53.20986555,93.24324324
expanding_prior,5,nominal,Utils minus MKT,matched_screen,monthly_pool,74,-16.65118121,-17.70906591,-154.1330409,83.70247087,66.21621622
expanding_prior,5,real,MKT,matched_screen,monthly_pool,74,10.18531584,29.55574042,-27.5889997,185.4934001,37.83783784
expanding_prior,5,real,CASH,matched_screen,monthly_pool,74,5.478048739,5.747208693,-12.42547942,14.06040411,14.86486486
expanding_prior,5,real,NoDur,matched_screen,monthly_pool,74,23.15614164,25.22107902,-18.06931529,114.4634334,14.86486486
expanding_prior,5,real,Durbl,matched_screen,monthly_pool,74,-2.766724469,10.42706608,-39.06458894,252.9175457,55.40540541
expanding_prior,5,real,Manuf,matched_screen,monthly_pool,74,22.04565047,32.94441617,-17.14738341,140.5132089,21.62162162
expanding_prior,5,real,Enrgy,matched_screen,monthly_pool,74,14.9246038,28.26618631,-37.79810114,133.3462508,28.37837838
expanding_prior,5,real,Chems,matched_screen,monthly_pool,74,0.6452217382,9.242814401,-28.306471,147.1340252,50
expanding_prior,5,real,BusEq,matched_screen,monthly_pool,74,25.51514291,73.43626558,-66.88811448,521.4114541,24.32432432
expanding_prior,5,real,Telcm,matched_screen,monthly_pool,74,-18.86723739,6.117100258,-61.45029154,232.5421233,68.91891892
expanding_prior,5,real,Utils,matched_screen,monthly_pool,74,7.017721037,14.4532309,-31.74312333,72.95289688,47.2972973
expanding_prior,5,real,Shops,matched_screen,monthly_pool,74,29.18386964,40.49273176,-14.76559924,131.8316657,17.56756757
expanding_prior,5,real,Hlth,matched_screen,monthly_pool,74,38.92676438,57.63711426,-11.74553519,212.0901808,8.108108108
expanding_prior,5,real,Money,matched_screen,monthly_pool,74,41.35412152,50.57867106,-43.47515851,196.0687551,8.108108108
expanding_prior,5,real,Other,matched_screen,monthly_pool,74,-0.9274420607,7.391109455,-46.00638947,75.96871292,51.35135135
expanding_prior,5,real,BusEq minus MKT,matched_screen,monthly_pool,74,24.99995462,43.88052516,-48.31055997,335.918054,29.72972973
expanding_prior,5,real,Chems minus MKT,matched_screen,monthly_pool,74,-12.67677597,-20.31292602,-126.2093721,55.33343516,71.62162162
expanding_prior,5,real,Durbl minus MKT,matched_screen,monthly_pool,74,-15.51638462,-19.12867434,-97.86417993,176.4657101,87.83783784
expanding_prior,5,real,Enrgy minus MKT,matched_screen,monthly_pool,74,5.651867169,-1.289554116,-89.03872732,118.0537779,40.54054054
expanding_prior,5,real,Hlth minus MKT,matched_screen,monthly_pool,74,28.61333168,28.08137384,-36.95659663,95.96913729,14.86486486
expanding_prior,5,real,Manuf minus MKT,matched_screen,monthly_pool,74,9.459634806,3.388675752,-56.64877878,51.67699798,37.83783784
expanding_prior,5,real,Money minus MKT,matched_screen,monthly_pool,74,25.29767434,21.02293064,-36.09983724,76.96714422,14.86486486
expanding_prior,5,real,NoDur minus MKT,matched_screen,monthly_pool,74,10.85007595,-4.334661405,-123.7603884,73.86278636,35.13513514
expanding_prior,5,real,Other minus MKT,matched_screen,monthly_pool,74,-14.71212373,-22.16463097,-127.5480458,26.51142235,74.32432432
expanding_prior,5,real,Shops minus MKT,matched_screen,monthly_pool,74,15.5408643,10.93699133,-58.09452999,46.82219284,18.91891892
expanding_prior,5,real,Telcm minus MKT,matched_screen,monthly_pool,74,-23.32193318,-23.43864016,-76.00921814,47.04872322,93.24324324
expanding_prior,5,real,Utils minus MKT,matched_screen,monthly_pool,74,-13.77288578,-15.10250952,-136.2860573,73.95748466,66.21621622
expanding_prior,1,nominal,MKT,matched_screen,chronological_60m,6,9.449310987,7.25049609,-5.234336806,13.60536735,16.66666667
expanding_prior,1,nominal,CASH,matched_screen,chronological_60m,6,3.051847415,2.441193585,0,4.771136153,0
expanding_prior,1,nominal,NoDur,matched_screen,chronological_60m,6,1.972114129,3.533921297,-7.545361776,21.42543758,33.33333333
expanding_prior,1,nominal,Durbl,matched_screen,chronological_60m,6,6.309144113,5.629581743,-9.548366617,19.71130231,16.66666667
expanding_prior,1,nominal,Manuf,matched_screen,chronological_60m,6,8.883501431,6.171279642,-10.32608295,19.91377815,33.33333333
expanding_prior,1,nominal,Enrgy,matched_screen,chronological_60m,6,0.3330840229,19.24774961,-9.74238075,81.31184522,50
expanding_prior,1,nominal,Chems,matched_screen,chronological_60m,6,4.766589978,4.513473948,-4.309525627,11.59272161,33.33333333
expanding_prior,1,nominal,BusEq,matched_screen,chronological_60m,6,14.10011451,17.04707022,-6.20162552,53.10637314,16.66666667
expanding_prior,1,nominal,Telcm,matched_screen,chronological_60m,6,1.061805395,4.135915624,-17.23434069,30.76490315,33.33333333
expanding_prior,1,nominal,Utils,matched_screen,chronological_60m,6,9.349402574,7.234879558,-8.18856209,19.51659826,33.33333333
expanding_prior,1,nominal,Shops,matched_screen,chronological_60m,6,10.98016829,8.966379543,-12.46978429,23.70020866,33.33333333
expanding_prior,1,nominal,Hlth,matched_screen,chronological_60m,6,14.77213769,11.43317152,-3.386053948,23.16881015,33.33333333
expanding_prior,1,nominal,Money,matched_screen,chronological_60m,6,0.3605102485,3.134036411,-3.979569714,12.6354574,50
expanding_prior,1,nominal,Other,matched_screen,chronological_60m,6,5.607598801,1.845745086,-17.00754819,13.71040461,33.33333333
expanding_prior,1,nominal,BusEq minus MKT,matched_screen,chronological_60m,6,3.656438205,9.796574125,-0.9672887143,39.50100579,33.33333333
expanding_prior,1,nominal,Chems minus MKT,matched_screen,chronological_60m,6,-1.794088153,-2.737022142,-17.91489298,7.689195464,66.66666667
expanding_prior,1,nominal,Durbl minus MKT,matched_screen,chronological_60m,6,-1.643523362,-1.620914347,-22.15178517,17.0473431,50
expanding_prior,1,nominal,Enrgy minus MKT,matched_screen,chronological_60m,6,-4.422526994,11.99725352,-23.31174556,86.54618203,66.66666667
expanding_prior,1,nominal,Hlth minus MKT,matched_screen,chronological_60m,6,4.940688717,4.182675432,-4.994421056,11.74921078,33.33333333
expanding_prior,1,nominal,Manuf minus MKT,matched_screen,chronological_60m,6,-0.5246796846,-1.079216448,-16.24658193,9.65023516,50
expanding_prior,1,nominal,Money minus MKT,matched_screen,chronological_60m,6,-2.170724918,-4.116459679,-12.14076364,1.254767092,83.33333333
expanding_prior,1,nominal,NoDur minus MKT,matched_screen,chronological_60m,6,-2.789969451,-3.716574793,-21.15072913,7.856072762,50
expanding_prior,1,nominal,Other minus MKT,matched_screen,chronological_60m,6,-1.748509704,-5.404751004,-20.09172448,2.792409447,66.66666667
expanding_prior,1,nominal,Shops minus MKT,matched_screen,chronological_60m,6,1.762389259,1.715883452,-7.235447484,10.09484131,50
expanding_prior,1,nominal,Telcm minus MKT,matched_screen,chronological_60m,6,-5.439529646,-3.114580466,-12.00000389,17.1595358,83.33333333
expanding_prior,1,nominal,Utils minus MKT,matched_screen,chronological_60m,6,-0.5828815424,-0.01561653255,-19.31467447,24.75093506,66.66666667
expanding_prior,1,real,MKT,matched_screen,chronological_60m,6,6.331629156,4.221583805,-12.68909163,13.66829199,16.66666667
expanding_prior,1,real,CASH,matched_screen,chronological_60m,6,0.1783745191,-0.5666778705,-7.829658545,2.991044034,33.33333333
expanding_prior,1,real,NoDur,matched_screen,chronological_60m,6,-4.004437535,0.5689325906,-9.116193008,21.53120796,66.66666667
expanding_prior,1,real,Durbl,matched_screen,chronological_60m,6,5.450752403,2.597647004,-13.04298567,16.61882815,33.33333333
expanding_prior,1,real,Manuf,matched_screen,chronological_60m,6,7.951996824,3.15367011,-17.38029482,15.28088255,33.33333333
expanding_prior,1,real,Enrgy,matched_screen,chronological_60m,6,-1.409388268,14.94634928,-9.663759798,67.04892226,66.66666667
expanding_prior,1,real,Chems,matched_screen,chronological_60m,6,1.812983599,1.489126972,-7.948225053,11.68992698,33.33333333
expanding_prior,1,real,BusEq,matched_screen,chronological_60m,6,10.43273513,13.85483647,-13.58028844,50.50505127,16.66666667
expanding_prior,1,real,Telcm,matched_screen,chronological_60m,6,-2.196378186,1.323713838,-23.74511345,28.54316936,66.66666667
expanding_prior,1,real,Utils,matched_screen,chronological_60m,6,6.904999572,3.943188471,-10.56030556,14.49060706,33.33333333
expanding_prior,1,real,Shops,matched_screen,chronological_60m,6,7.869280903,6.019036987,-19.35536158,21.59850609,33.33333333
expanding_prior,1,real,Hlth,matched_screen,chronological_60m,6,11.57160109,8.34799698,-10.98620422,21.70838398,33.33333333
expanding_prior,1,real,Money,matched_screen,chronological_60m,6,-1.783480272,0.1684342624,-11.53303098,12.73357108,66.66666667
expanding_prior,1,real,Other,matched_screen,chronological_60m,6,3.307786884,-0.9632689632,-23.53616161,13.80945464,33.33333333
expanding_prior,1,real,BusEq minus MKT,matched_screen,chronological_60m,6,3.630097884,9.633252665,-0.8911968053,38.8298722,33.33333333
expanding_prior,1,real,Chems minus MKT,matched_screen,chronological_60m,6,-1.780660602,-2.732456833,-17.61051373,7.490562271,66.66666667
expanding_prior,1,real,Durbl minus MKT,matched_screen,chronological_60m,6,-1.617021989,-1.6239368,-21.29594601,16.60696307,50
expanding_prior,1,real,Enrgy minus MKT,matched_screen,chronological_60m,6,-4.32656054,10.72476547,-23.33205179,79.73801389,66.66666667
expanding_prior,1,real,Hlth minus MKT,matched_screen,chronological_60m,6,4.8714897,4.126413176,-4.865401342,11.54086505,33.33333333
expanding_prior,1,real,Manuf minus MKT,matched_screen,chronological_60m,6,-0.3602495066,-1.067913695,-15.97054777,9.400942885,50
expanding_prior,1,real,Money minus MKT,matched_screen,chronological_60m,6,-2.127118544,-4.053149542,-11.93448853,1.156060654,83.33333333
expanding_prior,1,real,NoDur minus MKT,matched_screen,chronological_60m,6,-2.707353703,-3.652651214,-20.79137208,7.862915973,50
expanding_prior,1,real,Other minus MKT,matched_screen,chronological_60m,6,-1.68656142,-5.184852768,-19.75036023,2.720273785,66.66666667
expanding_prior,1,real,Shops minus MKT,matched_screen,chronological_60m,6,1.742414396,1.797453183,-6.666269943,9.923327017,50
expanding_prior,1,real,Telcm minus MKT,matched_screen,chronological_60m,6,-5.336230181,-2.897869967,-11.05602182,16.86799029,83.33333333
expanding_prior,1,real,Utils minus MKT,matched_screen,chronological_60m,6,-0.5766173368,-0.2783953337,-18.98651252,22.80389912,66.66666667
expanding_prior,3,nominal,MKT,matched_screen,chronological_60m,6,28.7820077,29.22703794,5.810765587,54.12276312,0
expanding_prior,3,nominal,CASH,matched_screen,chronological_60m,6,13.08644556,10.85883946,0.3004133464,16.37801037,0
expanding_prior,3,nominal,NoDur,matched_screen,chronological_60m,6,33.56630243,26.9587436,-0.7229168946,45.89316613,16.66666667
expanding_prior,3,nominal,Durbl,matched_screen,chronological_60m,6,2.548876192,6.199954852,-16.59579786,33.94467382,50
expanding_prior,3,nominal,Manuf,matched_screen,chronological_60m,6,39.00315539,39.45392922,12.01140619,64.63063393,0
expanding_prior,3,nominal,Enrgy,matched_screen,chronological_60m,6,35.69750731,46.11406006,-14.41678386,107.8473022,16.66666667
expanding_prior,3,nominal,Chems,matched_screen,chronological_60m,6,17.35793346,21.70147543,-16.48970213,74.4581401,16.66666667
expanding_prior,3,nominal,BusEq,matched_screen,chronological_60m,6,46.56962658,54.80491038,15.89061761,100.7130017,0
expanding_prior,3,nominal,Telcm,matched_screen,chronological_60m,6,9.331849896,9.608561816,-24.87811081,41.26795697,50
expanding_prior,3,nominal,Utils,matched_screen,chronological_60m,6,28.46603858,27.27564853,3.082830636,53.95415624,0
expanding_prior,3,nominal,Shops,matched_screen,chronological_60m,6,21.32696637,21.71047656,13.66328467,33.08429657,0
expanding_prior,3,nominal,Hlth,matched_screen,chronological_60m,6,30.65251211,42.67676718,14.59234338,92.45946055,0
expanding_prior,3,nominal,Money,matched_screen,chronological_60m,6,18.90025718,27.99339628,7.827710196,63.86639182,0
expanding_prior,3,nominal,Other,matched_screen,chronological_60m,6,27.47632931,27.91726885,-15.89310119,75.49084826,16.66666667
expanding_prior,3,nominal,BusEq minus MKT,matched_screen,chronological_60m,6,17.84481099,25.57787244,-3.682386057,64.78990813,16.66666667
expanding_prior,3,nominal,Chems minus MKT,matched_screen,chronological_60m,6,-15.2931962,-7.525562514,-22.30046772,20.33537699,66.66666667
expanding_prior,3,nominal,Durbl minus MKT,matched_screen,chronological_60m,6,-21.27394398,-23.02708309,-41.25386468,-10.65826146,100
expanding_prior,3,nominal,Enrgy minus MKT,matched_screen,chronological_60m,6,8.397809159,16.88702211,-47.20834822,83.1892354,50
expanding_prior,3,nominal,Hlth minus MKT,matched_screen,chronological_60m,6,11.35134713,13.44972923,-10.06572344,38.33669743,50
expanding_prior,3,nominal,Manuf minus MKT,matched_screen,chronological_60m,6,8.354255708,10.22689128,-6.267869598,29.70061284,33.33333333
expanding_prior,3,nominal,Money minus MKT,matched_screen,chronological_60m,6,-0.7318297323,-1.23364166,-16.94474084,13.67653048,50
expanding_prior,3,nominal,NoDur minus MKT,matched_screen,chronological_60m,6,-1.382247979,-2.268294349,-19.87634469,11.87632097,50
expanding_prior,3,nominal,Other minus MKT,matched_screen,chronological_60m,6,-7.060613659,-1.30976909,-21.70386677,42.28423151,83.33333333
expanding_prior,3,nominal,Shops minus MKT,matched_screen,chronological_60m,6,-7.376950157,-7.516561388,-32.03257244,12.5035386,66.66666667
expanding_prior,3,nominal,Telcm minus MKT,matched_screen,chronological_60m,6,-10.37628567,-19.61847613,-49.53617763,0.5917965171,83.33333333
expanding_prior,3,nominal,Utils minus MKT,matched_screen,chronological_60m,6,-0.2587770135,-1.951389419,-36.60681297,29.1817052,50
expanding_prior,3,real,MKT,matched_screen,chronological_60m,6,18.19410813,18.46242848,-2.661305934,42.03081643,16.66666667
expanding_prior,3,real,CASH,matched_screen,chronological_60m,6,3.323364046,1.477953588,-6.743028855,7.059839186,33.33333333
expanding_prior,3,real,NoDur,matched_screen,chronological_60m,6,22.39629458,16.66925857,-10.2047324,39.65265767,33.33333333
expanding_prior,3,real,Durbl,matched_screen,chronological_60m,6,-3.955380248,-2.393616914,-28.52472265,23.43583124,50
expanding_prior,3,real,Manuf,matched_screen,chronological_60m,6,29.46559393,27.85185522,2.123936959,51.71427551,0
expanding_prior,3,real,Enrgy,matched_screen,chronological_60m,6,24.94482638,32.57151806,-17.38371264,78.11984517,16.66666667
expanding_prior,3,real,Chems,matched_screen,chronological_60m,6,11.25546013,11.63981765,-23.17621661,60.77074905,33.33333333
expanding_prior,3,real,BusEq,matched_screen,chronological_60m,6,33.50014318,41.96892426,6.611471054,84.96574367,0
expanding_prior,3,real,Telcm,matched_screen,chronological_60m,6,-0.4424579135,0.8822977285,-35.62245394,30.18455456,50
expanding_prior,3,real,Utils,matched_screen,chronological_60m,6,15.45933505,16.47434846,-4.262592625,39.02559379,16.66666667
expanding_prior,3,real,Shops,matched_screen,chronological_60m,6,10.676254,11.59991365,2.641630652,28.47063926,0
expanding_prior,3,real,Hlth,matched_screen,chronological_60m,6,23.14651753,31.01016135,-1.797279818,77.35974725,16.66666667
expanding_prior,3,real,Money,matched_screen,chronological_60m,6,7.607911628,17.54344111,-2.628082265,51.00999323,16.66666667
expanding_prior,3,real,Other,matched_screen,chronological_60m,6,19.20290446,17.4388545,-22.6273844,62.98581177,33.33333333
expanding_prior,3,real,BusEq minus MKT,matched_screen,chronological_60m,6,15.99172113,23.50649579,-3.32531398,60.17314222,16.66666667
expanding_prior,3,real,Chems minus MKT,matched_screen,chronological_60m,6,-13.60719635,-6.822610822,-20.51491068,18.73993262,66.66666667
expanding_prior,3,real,Durbl minus MKT,matched_screen,chronological_60m,6,-20.09464301,-20.85604539,-35.3535115,-9.898780558,100
expanding_prior,3,real,Enrgy minus MKT,matched_screen,chronological_60m,6,7.684278332,14.10908959,-45.5717679,71.29105632,50
expanding_prior,3,real,Hlth minus MKT,matched_screen,chronological_60m,6,10.38314287,12.54773287,-8.62606866,35.32893082,50
expanding_prior,3,real,Manuf minus MKT,matched_screen,chronological_60m,6,7.693812954,9.389426748,-6.050580233,27.58422187,33.33333333
expanding_prior,3,real,Money minus MKT,matched_screen,chronological_60m,6,-0.4324040887,-0.9189873675,-15.30165028,13.20240374,50
expanding_prior,3,real,NoDur minus MKT,matched_screen,chronological_60m,6,-1.303422521,-1.793169908,-17.03352124,11.46460241,50
expanding_prior,3,real,Other minus MKT,matched_screen,chronological_60m,6,-6.135708126,-1.023573976,-19.96607846,39.27116352,83.33333333
expanding_prior,3,real,Shops minus MKT,matched_screen,chronological_60m,6,-6.704366533,-6.862514821,-29.51940598,11.50240348,66.66666667
expanding_prior,3,real,Telcm minus MKT,matched_screen,chronological_60m,6,-9.555833832,-17.58013075,-42.45124279,0.5712806005,83.33333333
expanding_prior,3,real,Utils minus MKT,matched_screen,chronological_60m,6,-0.4080820729,-1.988080013,-33.73476719,26.35202578,50
expanding_prior,5,nominal,MKT,matched_screen,chronological_60m,6,50.67095222,55.87617895,-17.80010521,163.6785729,16.66666667
expanding_prior,5,nominal,CASH,matched_screen,chronological_60m,6,20.01334218,18.16850966,3.239291492,25.65171157,0
expanding_prior,5,nominal,NoDur,matched_screen,chronological_60m,6,36.38720184,45.78644675,-6.993500505,142.4499387,16.66666667
expanding_prior,5,nominal,Durbl,matched_screen,chronological_60m,6,14.16207631,26.99128713,-30.82702412,122.5063793,33.33333333
expanding_prior,5,nominal,Manuf,matched_screen,chronological_60m,6,59.1408704,65.02630098,-5.946937088,171.8990917,16.66666667
expanding_prior,5,nominal,Enrgy,matched_screen,chronological_60m,6,43.94151791,59.9964589,-13.85441368,154.8770937,16.66666667
expanding_prior,5,nominal,Chems,matched_screen,chronological_60m,6,17.06451798,40.99142778,-7.123362751,179.3838946,33.33333333
expanding_prior,5,nominal,BusEq,matched_screen,chronological_60m,6,111.49707,103.6994987,-28.54225879,255.2864815,16.66666667
expanding_prior,5,nominal,Telcm,matched_screen,chronological_60m,6,-3.438297759,20.1924564,-48.15062863,143.7509156,50
expanding_prior,5,nominal,Utils,matched_screen,chronological_60m,6,40.14976805,36.47630926,-6.5775159,73.23531134,16.66666667
expanding_prior,5,nominal,Shops,matched_screen,chronological_60m,6,56.32136151,51.12233242,-1.662734088,102.8192619,16.66666667
expanding_prior,5,nominal,Hlth,matched_screen,chronological_60m,6,51.7816001,76.38561562,8.465336523,240.4958212,0
expanding_prior,5,nominal,Money,matched_screen,chronological_60m,6,55.32185039,63.96516678,-35.83781458,234.7043847,33.33333333
expanding_prior,5,nominal,Other,matched_screen,chronological_60m,6,46.2190443,33.47438441,-38.70725323,98.93183178,33.33333333
expanding_prior,5,nominal,BusEq minus MKT,matched_screen,chronological_60m,6,58.20625979,47.8233198,-10.74215358,91.60790857,16.66666667
expanding_prior,5,nominal,Chems minus MKT,matched_screen,chronological_60m,6,-5.992198112,-14.88475117,-85.4080397,20.88795231,50
expanding_prior,5,nominal,Durbl minus MKT,matched_screen,chronological_60m,6,-26.28122096,-28.88489182,-51.63888589,-13.02691891,100
expanding_prior,5,nominal,Enrgy minus MKT,matched_screen,chronological_60m,6,17.80208133,4.12027995,-78.10753318,71.50203592,33.33333333
expanding_prior,5,nominal,Hlth minus MKT,matched_screen,chronological_60m,6,21.50731146,20.50943668,-45.98922877,76.81724825,16.66666667
expanding_prior,5,nominal,Manuf minus MKT,matched_screen,chronological_60m,6,10.03684346,9.15012203,-4.487584472,21.42742084,16.66666667
expanding_prior,5,nominal,Money minus MKT,matched_screen,chronological_60m,6,13.91385776,8.088987832,-40.49945834,71.02581177,33.33333333
expanding_prior,5,nominal,NoDur minus MKT,matched_screen,chronological_60m,6,-5.15902708,-10.08973219,-62.78522932,22.9869198,50
expanding_prior,5,nominal,Other minus MKT,matched_screen,chronological_60m,6,-17.92211776,-22.40179454,-64.74674113,21.37029813,83.33333333
expanding_prior,5,nominal,Shops minus MKT,matched_screen,chronological_60m,6,11.81134617,-4.753846526,-60.85931102,16.13737112,33.33333333
expanding_prior,5,nominal,Telcm minus MKT,matched_screen,chronological_60m,6,-27.05815654,-35.68372255,-91.43134066,-4.224687712,100
expanding_prior,5,nominal,Utils minus MKT,matched_screen,chronological_60m,6,-12.23678864,-19.39986969,-94.25083067,25.71860368,66.66666667
expanding_prior,5,real,MKT,matched_screen,chronological_60m,6,31.45785776,35.58359513,-27.5889997,133.2416018,33.33333333
expanding_prior,5,real,CASH,matched_screen,chronological_60m,6,3.372565446,2.694804915,-4.770638128,11.14747079,33.33333333
expanding_prior,5,real,NoDur,matched_screen,chronological_60m,6,17.71841288,27.28005385,-18.06931529,114.4634334,33.33333333
expanding_prior,5,real,Durbl,matched_screen,chronological_60m,6,1.124758597,10.01948147,-39.06458894,96.82200096,50
expanding_prior,5,real,Manuf,matched_screen,chronological_60m,6,41.0878758,43.43929894,-17.14738341,140.5132089,16.66666667
expanding_prior,5,real,Enrgy,matched_screen,chronological_60m,6,24.19457127,37.6226094,-19.8980952,104.817306,16.66666667
expanding_prior,5,real,Chems,matched_screen,chronological_60m,6,1.065290685,23.57746965,-21.27444475,147.1340252,50
expanding_prior,5,real,BusEq,matched_screen,chronological_60m,6,87.32480775,76.69999366,-37.05190824,214.2750173,16.66666667
expanding_prior,5,real,Telcm,matched_screen,chronological_60m,6,-16.69480492,5.402655282,-54.32518672,115.6142358,66.66666667
expanding_prior,5,real,Utils,matched_screen,chronological_60m,6,27.03571578,18.66970635,-17.70286882,49.87034236,33.33333333
expanding_prior,5,real,Shops,matched_screen,chronological_60m,6,28.61299546,31.6855071,-13.37337098,79.40740882,33.33333333
expanding_prior,5,real,Hlth,matched_screen,chronological_60m,6,32.46057271,54.0065887,-4.45141644,201.1916739,16.66666667
expanding_prior,5,real,Money,matched_screen,chronological_60m,6,27.89165396,43.09687366,-43.47515851,196.0687551,33.33333333
expanding_prior,5,real,Other,matched_screen,chronological_60m,6,21.90414334,16.19664432,-46.00638947,75.96871292,33.33333333
expanding_prior,5,real,BusEq minus MKT,matched_screen,chronological_60m,6,49.54738347,41.11639852,-9.46290854,81.03341542,16.66666667
expanding_prior,5,real,Chems minus MKT,matched_screen,chronological_60m,6,-5.833011612,-12.00612548,-68.63325514,18.40162061,50
expanding_prior,5,real,Durbl minus MKT,matched_screen,chronological_60m,6,-22.74636341,-25.56411366,-48.01607718,-11.47558925,100
expanding_prior,5,real,Enrgy minus MKT,matched_screen,chronological_60m,6,15.67575653,2.039014269,-72.62777414,57.45849562,33.33333333
expanding_prior,5,real,Hlth minus MKT,matched_screen,chronological_60m,6,18.94653917,18.42299356,-36.95659663,67.95007207,16.66666667
expanding_prior,5,real,Manuf minus MKT,matched_screen,chronological_60m,6,8.856611679,7.855703811,-4.172750799,18.06191833,16.66666667
expanding_prior,5,real,Money minus MKT,matched_screen,chronological_60m,6,12.53182911,7.513278527,-35.6787327,62.82715325,33.33333333
expanding_prior,5,real,NoDur minus MKT,matched_screen,chronological_60m,6,-5.179886063,-8.303541288,-50.45373572,20.2507441,50
expanding_prior,5,real,Other minus MKT,matched_screen,chronological_60m,6,-15.78824403,-19.38695081,-57.27288891,18.01376761,83.33333333
expanding_prior,5,real,Shops minus MKT,matched_screen,chronological_60m,6,10.11768842,-3.898088032,-53.83419302,14.43838265,33.33333333
expanding_prior,5,real,Telcm minus MKT,matched_screen,chronological_60m,6,-24.41732483,-30.18093985,-73.47353426,-3.721815298,100
expanding_prior,5,real,Utils minus MKT,matched_screen,chronological_60m,6,-10.7382208,-16.91388879,-83.37125948,22.65727058,66.66666667
expanding_prior,1,nominal,MKT,matched_screen,chronological_12m,12,13.08639168,11.67727232,-11.59211246,34.6466593,16.66666667
expanding_prior,1,nominal,CASH,matched_screen,chronological_12m,12,4.017430039,3.428739573,0,5.882781366,0
expanding_prior,1,nominal,NoDur,matched_screen,chronological_12m,12,5.538489774,11.11474438,-5.519210596,32.10642741,16.66666667
expanding_prior,1,nominal,Durbl,matched_screen,chronological_12m,12,8.129670648,8.477303505,-16.46546168,40.54012194,33.33333333
expanding_prior,1,nominal,Manuf,matched_screen,chronological_12m,12,15.42203329,13.51098318,-10.32608295,29.04488797,16.66666667
expanding_prior,1,nominal,Enrgy,matched_screen,chronological_12m,12,11.94474235,16.63831994,-10.10504915,81.31184522,25
expanding_prior,1,nominal,Chems,matched_screen,chronological_12m,12,5.547748632,7.356114644,-10.42793626,32.22021273,33.33333333
expanding_prior,1,nominal,BusEq,matched_screen,chronological_12m,12,21.08654625,18.7430687,-37.79352292,45.31753142,16.66666667
expanding_prior,1,nominal,Telcm,matched_screen,chronological_12m,12,1.061805395,4.976405182,-40.08912236,45.45205874,41.66666667
expanding_prior,1,nominal,Utils,matched_screen,chronological_12m,12,10.01522779,12.35146112,-8.655079717,50.37024435,25
expanding_prior,1,nominal,Shops,matched_screen,chronological_12m,12,15.38976262,11.74126942,-12.46978429,42.45486168,33.33333333
expanding_prior,1,nominal,Hlth,matched_screen,chronological_12m,12,19.82343679,20.43228017,-3.386053948,47.61489425,16.66666667
expanding_prior,1,nominal,Money,matched_screen,chronological_12m,12,12.20974809,14.95089289,-4.025521442,44.83648135,33.33333333
expanding_prior,1,nominal,Other,matched_screen,chronological_12m,12,11.67658912,10.90151867,-17.00754819,30.16519553,25
expanding_prior,1,nominal,BusEq minus MKT,matched_screen,chronological_12m,12,4.287277493,7.065796379,-26.20141045,27.93257312,25
expanding_prior,1,nominal,Chems minus MKT,matched_screen,chronological_12m,12,-4.290712317,-4.321157676,-20.92651198,7.689195464,75
expanding_prior,1,nominal,Durbl minus MKT,matched_screen,chronological_12m,12,-5.456680356,-3.199968815,-22.15178517,17.0473431,66.66666667
expanding_prior,1,nominal,Enrgy minus MKT,matched_screen,chronological_12m,12,-4.422526994,4.961047623,-25.06611524,86.54618203,75
expanding_prior,1,nominal,Hlth minus MKT,matched_screen,chronological_12m,12,7.512597095,8.755007853,-4.994421056,46.9930867,25
expanding_prior,1,nominal,Manuf minus MKT,matched_screen,chronological_12m,12,3.746892932,1.833710865,-17.04355018,15.05702535,41.66666667
expanding_prior,1,nominal,Money minus MKT,matched_screen,chronological_12m,12,0.2176936615,3.27362057,-10.61915206,36.81046123,50
expanding_prior,1,nominal,NoDur minus MKT,matched_screen,chronological_12m,12,-1.668111522,-0.562527936,-15.04173267,34.15517699,58.33333333
expanding_prior,1,nominal,Other minus MKT,matched_screen,chronological_12m,12,-0.6462373869,-0.775753645,-16.43111613,26.69234866,58.33333333
expanding_prior,1,nominal,Shops minus MKT,matched_screen,chronological_12m,12,-0.8693242033,0.06399710265,-11.96608111,13.66547026,50
expanding_prior,1,nominal,Telcm minus MKT,matched_screen,chronological_12m,12,-10.3221125,-6.700867138,-28.4970099,29.98363979,83.33333333
expanding_prior,1,nominal,Utils minus MKT,matched_screen,chronological_12m,12,-9.351435824,0.6741888009,-15.37409655,61.96235682,75
expanding_prior,1,real,MKT,matched_screen,chronological_12m,12,10.41049635,8.720483909,-14.52891514,32.7350092,16.66666667
expanding_prior,1,real,CASH,matched_screen,chronological_12m,12,1.552366047,0.5966254451,-7.829658545,3.737301303,25
expanding_prior,1,real,NoDur,matched_screen,chronological_12m,12,2.74148033,8.122421717,-7.959910798,28.45332363,50
expanding_prior,1,real,Durbl,matched_screen,chronological_12m,12,7.199465606,5.592613004,-19.24037761,38.54479922,41.66666667
expanding_prior,1,real,Manuf,matched_screen,chronological_12m,12,12.34684526,10.48274134,-17.38029482,25.47644412,25
expanding_prior,1,real,Enrgy,matched_screen,chronological_12m,12,9.053832902,13.02982214,-11.57873687,67.04892226,41.66666667
expanding_prior,1,real,Chems,matched_screen,chronological_12m,12,3.326600395,4.468001118,-13.40341146,28.56396248,33.33333333
expanding_prior,1,real,BusEq,matched_screen,chronological_12m,12,19.46932979,15.65735454,-39.85994655,41.18424834,16.66666667
expanding_prior,1,real,Telcm,matched_screen,chronological_12m,12,-2.196378186,2.299467022,-42.07928897,43.38699865,58.33333333
expanding_prior,1,real,Utils,matched_screen,chronological_12m,12,6.98655475,9.203844974,-11.10408066,45.37512742,25
expanding_prior,1,real,Shops,matched_screen,chronological_12m,12,12.71073622,8.860496941,-19.35536158,40.43235438,33.33333333
expanding_prior,1,real,Hlth,matched_screen,chronological_12m,12,18.8297735,17.24533492,-10.98620422,43.53293897,16.66666667
expanding_prior,1,real,Money,matched_screen,chronological_12m,12,10.09940428,11.87187175,-11.53303098,40.83135679,33.33333333
expanding_prior,1,real,Other,matched_screen,chronological_12m,12,8.617927747,7.996429217,-23.53616161,26.67540447,25
expanding_prior,1,real,BusEq minus MKT,matched_screen,chronological_12m,12,4.2575914,6.936870631,-25.33103141,27.47466209,25
expanding_prior,1,real,Chems minus MKT,matched_screen,chronological_12m,12,-4.244687423,-4.252482791,-20.58345441,7.490562271,75
expanding_prior,1,real,Durbl minus MKT,matched_screen,chronological_12m,12,-5.289838617,-3.127870905,-21.29594601,16.60696307,66.66666667
expanding_prior,1,real,Enrgy minus MKT,matched_screen,chronological_12m,12,-4.32656054,4.309338235,-24.65519531,79.73801389,75
expanding_prior,1,real,Hlth minus MKT,matched_screen,chronological_12m,12,7.416657257,8.524851016,-4.865401342,45.43203342,25
expanding_prior,1,real,Manuf minus MKT,matched_screen,chronological_12m,12,3.661967362,1.762257436,-16.76414772,14.6533393,41.66666667
expanding_prior,1,real,Money minus MKT,matched_screen,chronological_12m,12,0.1841689028,3.151387839,-10.4450676,35.5876624,50
expanding_prior,1,real,NoDur minus MKT,matched_screen,chronological_12m,12,-1.623249162,-0.5980621914,-14.79514688,33.02058348,58.33333333
expanding_prior,1,real,Other minus MKT,matched_screen,chronological_12m,12,-0.6328702608,-0.7240546914,-16.16175358,25.97671404,58.33333333
expanding_prior,1,real,Shops minus MKT,matched_screen,chronological_12m,12,-0.8507293779,0.1400130324,-11.63518627,13.44144616,50
expanding_prior,1,real,Telcm minus MKT,matched_screen,chronological_12m,12,-10.01935976,-6.421016887,-27.55037383,29.49210472,83.33333333
expanding_prior,1,real,Utils minus MKT,matched_screen,chronological_12m,12,-9.15852962,0.4833610655,-15.02389706,59.90404256,75
expanding_prior,3,nominal,MKT,matched_screen,chronological_36m,8,28.7820077,29.38053896,-39.75713111,90.91184721,12.5
expanding_prior,3,nominal,CASH,matched_screen,chronological_36m,8,12.01722133,10.04953836,0.3004133464,15.5354409,0
expanding_prior,3,nominal,NoDur,matched_screen,chronological_36m,8,25.8462119,22.24980889,-7.877940764,45.89316613,12.5
expanding_prior,3,nominal,Durbl,matched_screen,chronological_36m,8,2.548876192,5.867587702,-22.85218929,37.32929738,50
expanding_prior,3,nominal,Manuf,matched_screen,chronological_36m,8,36.3344837,31.90619213,-12.97365215,64.63063393,25
expanding_prior,3,nominal,Enrgy,matched_screen,chronological_36m,8,30.80776551,29.77064174,-52.59565144,107.8473022,25
expanding_prior,3,nominal,Chems,matched_screen,chronological_36m,8,14.47515667,20.8965558,-1.155896563,74.4581401,12.5
expanding_prior,3,nominal,BusEq,matched_screen,chronological_36m,8,49.92902313,73.4357656,-74.36479385,296.4968883,12.5
expanding_prior,3,nominal,Telcm,matched_screen,chronological_36m,8,9.958510802,17.65676034,-66.49096507,148.8403551,50
expanding_prior,3,nominal,Utils,matched_screen,chronological_36m,8,18.38834726,19.85157434,0.06804339712,53.95415624,0
expanding_prior,3,nominal,Shops,matched_screen,chronological_36m,8,22.31861593,25.44193368,-18.69352349,75.76691748,12.5
expanding_prior,3,nominal,Hlth,matched_screen,chronological_36m,8,27.09988189,38.7643497,-14.40676172,92.45946055,12.5
expanding_prior,3,nominal,Money,matched_screen,chronological_36m,8,18.90025718,25.14459336,0.9631525554,63.86639182,0
expanding_prior,3,nominal,Other,matched_screen,chronological_36m,8,25.63283833,21.6177164,-37.4524728,75.49084826,25
expanding_prior,3,nominal,BusEq minus MKT,matched_screen,chronological_36m,8,30.43092299,44.05522664,-34.60766273,205.585041,25
expanding_prior,3,nominal,Chems minus MKT,matched_screen,chronological_36m,8,-9.867177998,-8.483983153,-73.13878174,38.60123455,62.5
expanding_prior,3,nominal,Durbl minus MKT,matched_screen,chronological_36m,8,-24.61966112,-23.51295125,-53.58254984,16.90494183,87.5
expanding_prior,3,nominal,Enrgy minus MKT,matched_screen,chronological_36m,8,-12.00435787,0.3901027838,-66.93378491,83.1892354,62.5
expanding_prior,3,nominal,Hlth minus MKT,matched_screen,chronological_36m,8,3.535032975,9.383810744,-15.34563053,38.33669743,50
expanding_prior,3,nominal,Manuf minus MKT,matched_screen,chronological_36m,8,2.508899417,2.525653175,-44.76657459,29.70061284,50
expanding_prior,3,nominal,Money minus MKT,matched_screen,chronological_36m,8,-10.0320846,-4.2359456,-62.28039719,55.35656417,62.5
expanding_prior,3,nominal,NoDur minus MKT,matched_screen,chronological_36m,8,-2.230205233,-7.130730062,-90.66160001,62.90791736,50
expanding_prior,3,nominal,Other minus MKT,matched_screen,chronological_36m,8,-7.060613659,-7.762822557,-63.37506406,42.28423151,75
expanding_prior,3,nominal,Shops minus MKT,matched_screen,chronological_36m,8,-7.376950157,-3.938605277,-32.03257244,21.06360762,62.5
expanding_prior,3,nominal,Telcm minus MKT,matched_screen,chronological_36m,8,-14.0133087,-11.72377862,-49.53617763,57.92850785,75
expanding_prior,3,nominal,Utils minus MKT,matched_screen,chronological_36m,8,-4.889121353,-9.528964614,-71.65110284,39.82517451,62.5
expanding_prior,3,real,MKT,matched_screen,chronological_36m,8,18.19410813,19.57689906,-44.21956585,79.34483529,12.5
expanding_prior,3,real,CASH,matched_screen,chronological_36m,8,2.425826269,1.553898163,-6.743028855,8.535352425,37.5
expanding_prior,3,real,NoDur,matched_screen,chronological_36m,8,15.0528857,12.9938934,-12.9410202,39.65265767,37.5
expanding_prior,3,real,Durbl,matched_screen,chronological_36m,8,-3.955380248,-2.010072742,-28.56684193,29.00875759,50
expanding_prior,3,real,Manuf,matched_screen,chronological_36m,8,29.46559393,21.74416033,-19.42004828,51.71427551,25
expanding_prior,3,real,Enrgy,matched_screen,chronological_36m,8,21.77658539,18.56286372,-55.20102071,78.11984517,25
expanding_prior,3,real,Chems,matched_screen,chronological_36m,8,6.946220035,11.66544295,-11.45343205,60.77074905,37.5
expanding_prior,3,real,BusEq,matched_screen,chronological_36m,8,42.34193604,60.68132258,-76.26369801,272.4738415,12.5
expanding_prior,3,real,Telcm,matched_screen,chronological_36m,8,1.37894104,9.215878194,-68.97311581,133.7635571,50
expanding_prior,3,real,Utils,matched_screen,chronological_36m,8,8.81417946,10.50167396,-7.344404262,39.02559379,25
expanding_prior,3,real,Shops,matched_screen,chronological_36m,8,13.16302884,16.03503146,-24.71622545,65.11751013,12.5
expanding_prior,3,real,Hlth,matched_screen,chronological_36m,8,21.43528012,28.35255764,-20.74700159,77.35974725,25
expanding_prior,3,real,Money,matched_screen,chronological_36m,8,9.61105702,15.68987458,-4.585838268,51.00999323,25
expanding_prior,3,real,Other,matched_screen,chronological_36m,8,15.77037813,12.37234174,-42.08562296,62.98581177,37.5
expanding_prior,3,real,BusEq minus MKT,matched_screen,chronological_36m,8,27.75515218,41.10442351,-32.04413216,193.1290062,25
expanding_prior,3,real,Chems minus MKT,matched_screen,chronological_36m,8,-9.418759166,-7.91145612,-68.70743203,35.74188384,62.5
expanding_prior,3,real,Durbl minus MKT,matched_screen,chronological_36m,8,-23.49353025,-21.58697181,-50.3360777,15.65272391,87.5
expanding_prior,3,real,Enrgy minus MKT,matched_screen,chronological_36m,8,-11.09614695,-1.014035347,-63.255067,71.29105632,62.5
expanding_prior,3,real,Hlth minus MKT,matched_screen,chronological_36m,8,3.31422935,8.775658574,-14.41586586,35.32893082,50
expanding_prior,3,real,Manuf minus MKT,matched_screen,chronological_36m,8,2.489303601,2.167261263,-42.05424684,27.58422187,50
expanding_prior,3,real,Money minus MKT,matched_screen,chronological_36m,8,-9.042690854,-3.887024486,-58.50693783,51.25607793,62.5
expanding_prior,3,real,NoDur minus MKT,matched_screen,chronological_36m,8,-2.090116622,-6.583005662,-85.16857366,58.24807163,50
expanding_prior,3,real,Other minus MKT,matched_screen,chronological_36m,8,-6.135708126,-7.204557324,-59.53528077,39.27116352,75
expanding_prior,3,real,Shops minus MKT,matched_screen,chronological_36m,8,-6.704366533,-3.5418676,-29.51940598,19.50334039,62.5
expanding_prior,3,real,Telcm minus MKT,matched_screen,chronological_36m,8,-13.09211099,-10.36102087,-42.45124279,54.41872179,75
expanding_prior,3,real,Utils minus MKT,matched_screen,chronological_36m,8,-4.655305996,-9.075225102,-67.30988896,36.87516158,62.5
full_history_strict_tie_sensitivity,1,nominal,MKT,matched_screen,monthly_pool,27,18.24492149,16.56719516,-15.77796299,48.39216251,18.51851852
full_history_strict_tie_sensitivity,1,nominal,CASH,matched_screen,monthly_pool,27,4.959135111,4.418313377,0.040003,6.019866931,0
full_history_strict_tie_sensitivity,1,nominal,NoDur,matched_screen,monthly_pool,27,9.233759356,10.54278861,-7.545361776,36.41246608,29.62962963
full_history_strict_tie_sensitivity,1,nominal,Durbl,matched_screen,monthly_pool,27,13.48698669,16.50715834,-16.46546168,54.34991878,22.22222222
full_history_strict_tie_sensitivity,1,nominal,Manuf,matched_screen,monthly_pool,27,7.637529347,9.113627773,-19.06049698,39.06785186,25.92592593
full_history_strict_tie_sensitivity,1,nominal,Enrgy,matched_screen,monthly_pool,27,11.42863595,13.31482293,-14.0840287,81.31184522,33.33333333
full_history_strict_tie_sensitivity,1,nominal,Chems,matched_screen,monthly_pool,27,3.526553298,6.891061109,-10.42793626,37.1622714,33.33333333
full_history_strict_tie_sensitivity,1,nominal,BusEq,matched_screen,monthly_pool,27,31.98009177,28.52183419,-52.17701301,104.0432282,22.22222222
full_history_strict_tie_sensitivity,1,nominal,Telcm,matched_screen,monthly_pool,27,45.30625573,30.19271082,-40.08912236,73.731335,22.22222222
full_history_strict_tie_sensitivity,1,nominal,Utils,matched_screen,monthly_pool,27,18.84335506,18.48434288,-5.709307116,50.37024435,7.407407407
full_history_strict_tie_sensitivity,1,nominal,Shops,matched_screen,monthly_pool,27,24.98709887,24.49091036,-21.53489747,54.36585164,11.11111111
full_history_strict_tie_sensitivity,1,nominal,Hlth,matched_screen,monthly_pool,27,27.13898473,24.82474024,-9.335940675,55.33101989,7.407407407
full_history_strict_tie_sensitivity,1,nominal,Money,matched_screen,monthly_pool,27,12.92733635,18.51042375,-10.65011117,61.37193132,14.81481481
full_history_strict_tie_sensitivity,1,nominal,Other,matched_screen,monthly_pool,27,2.79133652,5.45169554,-25.24022414,39.72772345,40.74074074
full_history_strict_tie_sensitivity,1,nominal,BusEq minus MKT,matched_screen,monthly_pool,27,4.435795763,11.95463903,-36.39905002,64.74694209,33.33333333
full_history_strict_tie_sensitivity,1,nominal,Chems minus MKT,matched_screen,monthly_pool,27,-10.0278575,-9.676134054,-26.87136525,16.64467423,85.18518519
full_history_strict_tie_sensitivity,1,nominal,Durbl minus MKT,matched_screen,monthly_pool,27,0.6133757712,-0.06003682801,-29.36891616,20.6983777,44.44444444
full_history_strict_tie_sensitivity,1,nominal,Enrgy minus MKT,matched_screen,monthly_pool,27,-12.58554155,-3.252372236,-29.04202579,86.54618203,74.07407407
full_history_strict_tie_sensitivity,1,nominal,Hlth minus MKT,matched_screen,monthly_pool,27,6.118403414,8.257545076,-11.2600811,46.9930867,25.92592593
full_history_strict_tie_sensitivity,1,nominal,Manuf minus MKT,matched_screen,monthly_pool,27,-10.18270924,-7.453567391,-20.63833768,24.58387081,85.18518519
full_history_strict_tie_sensitivity,1,nominal,Money minus MKT,matched_screen,monthly_pool,27,0.8411682608,1.943228585,-20.32248434,51.61725408,48.14814815
full_history_strict_tie_sensitivity,1,nominal,NoDur minus MKT,matched_screen,monthly_pool,27,-11.97969643,-6.024406556,-32.20180452,50.21362541,77.77777778
full_history_strict_tie_sensitivity,1,nominal,Other minus MKT,matched_screen,monthly_pool,27,-11.77321138,-11.11549962,-21.44367944,11.52282651,88.88888889
full_history_strict_tie_sensitivity,1,nominal,Shops minus MKT,matched_screen,monthly_pool,27,7.903656463,7.9237152,-8.566739819,21.20562868,11.11111111
full_history_strict_tie_sensitivity,1,nominal,Telcm minus MKT,matched_screen,monthly_pool,27,20.71725722,13.62551565,-28.4970099,35.08663305,25.92592593
full_history_strict_tie_sensitivity,1,nominal,Utils minus MKT,matched_screen,monthly_pool,27,-6.232025149,1.917147718,-31.60266371,61.96235682,66.66666667
full_history_strict_tie_sensitivity,1,real,MKT,matched_screen,monthly_pool,27,15.82303755,13.95346486,-22.42048856,46.3769603,18.51851852
full_history_strict_tie_sensitivity,1,real,CASH,matched_screen,monthly_pool,27,3.012531607,1.933080806,-8.147720827,3.760915784,14.81481481
full_history_strict_tie_sensitivity,1,real,NoDur,matched_screen,monthly_pool,27,7.44304199,7.924294354,-9.518918844,34.55995111,37.03703704
full_history_strict_tie_sensitivity,1,real,Durbl,matched_screen,monthly_pool,27,11.62654429,13.89696967,-22.69891976,52.25380877,25.92592593
full_history_strict_tie_sensitivity,1,real,Manuf,matched_screen,monthly_pool,27,5.37582501,6.605625403,-25.72951226,37.17927609,29.62962963
full_history_strict_tie_sensitivity,1,real,Enrgy,matched_screen,monthly_pool,27,9.28061405,10.34603008,-15.4511127,67.04892226,33.33333333
full_history_strict_tie_sensitivity,1,real,Chems,matched_screen,monthly_pool,27,1.358214074,4.406457853,-13.73978456,35.29957389,44.44444444
full_history_strict_tie_sensitivity,1,real,BusEq,matched_screen,monthly_pool,27,29.87230161,25.73664287,-53.80734211,99.52521537,22.22222222
full_history_strict_tie_sensitivity,1,real,Telcm,matched_screen,monthly_pool,27,42.32541188,27.44494954,-42.07928897,71.37202057,22.22222222
full_history_strict_tie_sensitivity,1,real,Utils,matched_screen,monthly_pool,27,14.9703514,15.6309029,-7.311333451,45.37512742,7.407407407
full_history_strict_tie_sensitivity,1,real,Shops,matched_screen,monthly_pool,27,23.1569034,21.75422299,-28.00003438,52.26952526,11.11111111
full_history_strict_tie_sensitivity,1,real,Hlth,matched_screen,monthly_pool,27,25.20117234,22.00463486,-16.80621137,53.22158629,7.407407407
full_history_strict_tie_sensitivity,1,real,Money,matched_screen,monthly_pool,27,11.07606854,15.78421465,-18.01210071,59.18046065,18.51851852
full_history_strict_tie_sensitivity,1,real,Other,matched_screen,monthly_pool,27,1.287989734,3.075149579,-31.40006043,37.83018647,48.14814815
full_history_strict_tie_sensitivity,1,real,BusEq minus MKT,matched_screen,monthly_pool,27,4.372818416,11.78317801,-35.15817331,63.31328748,33.33333333
full_history_strict_tie_sensitivity,1,real,Chems minus MKT,matched_screen,monthly_pool,27,-9.817314605,-9.547007005,-26.43085107,16.07724215,85.18518519
full_history_strict_tie_sensitivity,1,real,Durbl minus MKT,matched_screen,monthly_pool,27,0.6035314687,-0.0564951921,-28.69962509,20.3546777,44.44444444
full_history_strict_tie_sensitivity,1,real,Enrgy minus MKT,matched_screen,monthly_pool,27,-12.40849724,-3.607434774,-28.56592701,79.73801389,74.07407407
full_history_strict_tie_sensitivity,1,real,Hlth minus MKT,matched_screen,monthly_pool,27,5.614277191,8.051170007,-11.01075555,45.43203342,25.92592593
full_history_strict_tie_sensitivity,1,real,Manuf minus MKT,matched_screen,monthly_pool,27,-10.03831818,-7.347839454,-20.30000428,23.74578431,85.18518519
full_history_strict_tie_sensitivity,1,real,Money minus MKT,matched_screen,monthly_pool,27,0.8277836985,1.830749789,-19.89579751,49.85757496,48.14814815
full_history_strict_tie_sensitivity,1,real,NoDur minus MKT,matched_screen,monthly_pool,27,-11.8170092,-6.029170504,-31.48877833,48.50179727,77.77777778
full_history_strict_tie_sensitivity,1,real,Other minus MKT,matched_screen,monthly_pool,27,-10.84706998,-10.87831528,-21.09214371,11.13000288,88.88888889
full_history_strict_tie_sensitivity,1,real,Shops minus MKT,matched_screen,monthly_pool,27,7.776807656,7.80075813,-8.377051385,20.48270952,11.11111111
full_history_strict_tie_sensitivity,1,real,Telcm minus MKT,matched_screen,monthly_pool,27,20.37324372,13.49148468,-27.55037383,34.48465651,25.92592593
full_history_strict_tie_sensitivity,1,real,Utils minus MKT,matched_screen,monthly_pool,27,-6.104381261,1.677438039,-30.90290395,59.90404256,66.66666667
full_history_strict_tie_sensitivity,3,nominal,MKT,matched_screen,monthly_pool,27,37.5866032,36.28343713,-39.75713111,111.4617337,11.11111111
full_history_strict_tie_sensitivity,3,nominal,CASH,matched_screen,monthly_pool,27,15.7196322,14.11018163,4.693162667,16.37801037,0
full_history_strict_tie_sensitivity,3,nominal,NoDur,matched_screen,monthly_pool,27,6.976938326,8.770918668,-7.877940764,23.15078625,7.407407407
full_history_strict_tie_sensitivity,3,nominal,Durbl,matched_screen,monthly_pool,27,5.998259546,11.4211207,-26.1095593,86.52230374,40.74074074
full_history_strict_tie_sensitivity,3,nominal,Manuf,matched_screen,monthly_pool,27,28.87183292,28.21800785,-16.6708988,68.87830587,14.81481481
full_history_strict_tie_sensitivity,3,nominal,Enrgy,matched_screen,monthly_pool,27,37.54192131,33.16681042,-52.59565144,107.8473022,7.407407407
full_history_strict_tie_sensitivity,3,nominal,Chems,matched_screen,monthly_pool,27,0.747883877,0.9700608743,-16.48970213,33.40445329,48.14814815
full_history_strict_tie_sensitivity,3,nominal,BusEq,matched_screen,monthly_pool,27,84.35837321,100.0779227,-74.36479385,337.9282079,11.11111111
full_history_strict_tie_sensitivity,3,nominal,Telcm,matched_screen,monthly_pool,27,19.12137784,42.07197925,-66.49096507,192.3070982,37.03703704
full_history_strict_tie_sensitivity,3,nominal,Utils,matched_screen,monthly_pool,27,32.52984352,31.07684669,-3.15222586,55.70148392,3.703703704
full_history_strict_tie_sensitivity,3,nominal,Shops,matched_screen,monthly_pool,27,35.89314483,40.10931859,-26.13625134,102.2345081,11.11111111
full_history_strict_tie_sensitivity,3,nominal,Hlth,matched_screen,monthly_pool,27,48.58449766,50.4938949,-14.88693594,89.703358,11.11111111
full_history_strict_tie_sensitivity,3,nominal,Money,matched_screen,monthly_pool,27,28.63145003,28.20168999,0.9631525554,60.94413267,0
full_history_strict_tie_sensitivity,3,nominal,Other,matched_screen,monthly_pool,27,12.10463876,6.492385883,-38.22056663,39.30798334,33.33333333
full_history_strict_tie_sensitivity,3,nominal,BusEq minus MKT,matched_screen,monthly_pool,27,46.77177001,63.79448559,-34.60766273,226.4664742,14.81481481
full_history_strict_tie_sensitivity,3,nominal,Chems minus MKT,matched_screen,monthly_pool,27,-31.00902057,-35.31337626,-94.76915508,38.60123455,88.88888889
full_history_strict_tie_sensitivity,3,nominal,Durbl minus MKT,matched_screen,monthly_pool,27,-26.86952357,-24.86231644,-53.94781371,43.90454327,85.18518519
full_history_strict_tie_sensitivity,3,nominal,Enrgy minus MKT,matched_screen,monthly_pool,27,5.880484637,-3.116626711,-92.74715253,83.1892354,48.14814815
full_history_strict_tie_sensitivity,3,nominal,Hlth minus MKT,matched_screen,monthly_pool,27,17.57456177,14.21045776,-21.75837572,44.48321659,25.92592593
full_history_strict_tie_sensitivity,3,nominal,Manuf minus MKT,matched_screen,monthly_pool,27,-7.534096639,-8.065429278,-44.76657459,26.78347897,59.25925926
full_history_strict_tie_sensitivity,3,nominal,Money minus MKT,matched_screen,monthly_pool,27,-5.85051014,-8.081747145,-62.28039719,55.35656417,59.25925926
full_history_strict_tie_sensitivity,3,nominal,NoDur minus MKT,matched_screen,monthly_pool,27,-22.53246165,-27.51251846,-97.80740639,62.90791736,88.88888889
full_history_strict_tie_sensitivity,3,nominal,Other minus MKT,matched_screen,monthly_pool,27,-23.36007591,-29.79105125,-72.15375037,2.304658313,96.2962963
full_history_strict_tie_sensitivity,3,nominal,Shops minus MKT,matched_screen,monthly_pool,27,4.194372426,3.825881458,-26.34942954,48.03331127,40.74074074
full_history_strict_tie_sensitivity,3,nominal,Telcm minus MKT,matched_screen,monthly_pool,27,-8.151284006,5.788542115,-50.54970868,80.84536451,62.96296296
full_history_strict_tie_sensitivity,3,nominal,Utils minus MKT,matched_screen,monthly_pool,27,-0.9952268529,-5.206590439,-81.55205136,43.69301876,51.85185185
full_history_strict_tie_sensitivity,3,real,MKT,matched_screen,monthly_pool,27,27.500071,26.08688171,-44.21956585,97.61160846,14.81481481
full_history_strict_tie_sensitivity,3,real,CASH,matched_screen,monthly_pool,27,7.088666847,5.415370011,-6.743028855,8.736055999,14.81481481
full_history_strict_tie_sensitivity,3,real,NoDur,matched_screen,monthly_pool,27,-0.08403949564,0.4878998556,-12.9410202,14.02850578,51.85185185
full_history_strict_tie_sensitivity,3,real,Durbl,matched_screen,monthly_pool,27,-1.607815335,3.200408401,-31.49150268,76.79290116,55.55555556
full_history_strict_tie_sensitivity,3,real,Manuf,matched_screen,monthly_pool,27,18.5562747,18.50662665,-22.62952539,57.81727064,14.81481481
full_history_strict_tie_sensitivity,3,real,Enrgy,matched_screen,monthly_pool,27,27.40507248,22.54916725,-55.20102071,78.11984517,14.81481481
full_history_strict_tie_sensitivity,3,real,Chems,matched_screen,monthly_pool,27,-9.10240799,-6.666120313,-23.17621661,25.60348408,81.48148148
full_history_strict_tie_sensitivity,3,real,BusEq,matched_screen,monthly_pool,27,70.84298273,85.51718892,-76.26369801,309.2451907,11.11111111
full_history_strict_tie_sensitivity,3,real,Telcm,matched_screen,monthly_pool,27,10.38853914,31.84221755,-68.97311581,173.161838,44.44444444
full_history_strict_tie_sensitivity,3,real,Utils,matched_screen,monthly_pool,27,22.08677762,21.06394208,-10.20630799,44.57994936,11.11111111
full_history_strict_tie_sensitivity,3,real,Shops,matched_screen,monthly_pool,27,27.12058266,29.66764906,-31.41803755,88.98873915,11.11111111
full_history_strict_tie_sensitivity,3,real,Hlth,matched_screen,monthly_pool,27,36.76527626,39.26474952,-21.08629932,77.27834273,18.51851852
full_history_strict_tie_sensitivity,3,real,Money,matched_screen,monthly_pool,27,19.72641428,18.48447035,-4.585838268,50.40276258,7.407407407
full_history_strict_tie_sensitivity,3,real,Other,matched_screen,monthly_pool,27,-2.234627102,-1.582857742,-42.63823788,30.18371776,55.55555556
full_history_strict_tie_sensitivity,3,real,BusEq minus MKT,matched_screen,monthly_pool,27,43.34291173,59.4303072,-32.04413216,211.6335823,14.81481481
full_history_strict_tie_sensitivity,3,real,Chems minus MKT,matched_screen,monthly_pool,27,-28.57110164,-32.75300203,-88.56205253,35.74188384,88.88888889
full_history_strict_tie_sensitivity,3,real,Durbl minus MKT,matched_screen,monthly_pool,27,-25.39275966,-22.88647331,-50.41438965,41.61438832,85.18518519
full_history_strict_tie_sensitivity,3,real,Enrgy minus MKT,matched_screen,monthly_pool,27,5.425048469,-3.537714465,-87.90926254,71.29105632,48.14814815
full_history_strict_tie_sensitivity,3,real,Hlth minus MKT,matched_screen,monthly_pool,27,16.10094911,13.17786781,-20.33326573,41.22213313,25.92592593
full_history_strict_tie_sensitivity,3,real,Manuf minus MKT,matched_screen,monthly_pool,27,-6.84164462,-7.580255062,-42.05424684,24.79951756,59.25925926
full_history_strict_tie_sensitivity,3,real,Money minus MKT,matched_screen,monthly_pool,27,-5.058279256,-7.602411359,-58.50693783,51.25607793,59.25925926
full_history_strict_tie_sensitivity,3,real,NoDur minus MKT,matched_screen,monthly_pool,27,-20.99506648,-25.59898186,-91.40130726,58.24807163,88.88888889
full_history_strict_tie_sensitivity,3,real,Other minus MKT,matched_screen,monthly_pool,27,-21.50188806,-27.66973946,-67.4278907,2.133942883,96.2962963
full_history_strict_tie_sensitivity,3,real,Shops minus MKT,matched_screen,monthly_pool,27,3.842677721,3.580767341,-24.53380585,45.52779095,40.74074074
full_history_strict_tie_sensitivity,3,real,Telcm minus MKT,matched_screen,monthly_pool,27,-7.566375567,5.755335836,-43.70465766,75.55022952,62.96296296
full_history_strict_tie_sensitivity,3,real,Utils minus MKT,matched_screen,monthly_pool,27,-0.9241392206,-5.022939638,-76.21063045,40.56865548,51.85185185
full_history_strict_tie_sensitivity,5,nominal,MKT,matched_screen,monthly_pool,27,2.199560311,19.04461888,-17.80010521,108.1273898,44.44444444
full_history_strict_tie_sensitivity,5,nominal,CASH,matched_screen,monthly_pool,27,21.87419496,20.47822315,5.175696578,26.61911839,0
full_history_strict_tie_sensitivity,5,nominal,NoDur,matched_screen,monthly_pool,27,23.87447858,27.54521965,-6.993500505,75.74634476,3.703703704
full_history_strict_tie_sensitivity,5,nominal,Durbl,matched_screen,monthly_pool,27,10.24961691,29.76570048,-30.82702412,316.2711447,37.03703704
full_history_strict_tie_sensitivity,5,nominal,Manuf,matched_screen,monthly_pool,27,25.75955868,36.38350294,-5.946937088,114.498748,7.407407407
full_history_strict_tie_sensitivity,5,nominal,Enrgy,matched_screen,monthly_pool,27,44.2268103,49.77184714,6.916247409,154.8770937,0
full_history_strict_tie_sensitivity,5,nominal,Chems,matched_screen,monthly_pool,27,9.989098785,14.93674312,-9.083080794,66.761178,22.22222222
full_history_strict_tie_sensitivity,5,nominal,BusEq,matched_screen,monthly_pool,27,-14.83970559,13.03264699,-62.52513662,202.8519782,62.96296296
full_history_strict_tie_sensitivity,5,nominal,Telcm,matched_screen,monthly_pool,27,-21.67441271,-19.6627396,-56.37256857,33.19265588,77.77777778
full_history_strict_tie_sensitivity,5,nominal,Utils,matched_screen,monthly_pool,27,31.99415552,35.84793457,-6.5775159,80.65114633,7.407407407
full_history_strict_tie_sensitivity,5,nominal,Shops,matched_screen,monthly_pool,27,31.74921593,44.47287638,-1.662734088,132.0844071,3.703703704
full_history_strict_tie_sensitivity,5,nominal,Hlth,matched_screen,monthly_pool,27,32.45623821,37.94158945,-0.1207592578,110.4724556,3.703703704
full_history_strict_tie_sensitivity,5,nominal,Money,matched_screen,monthly_pool,27,42.04515419,44.76290473,-1.209839229,96.65957133,3.703703704
full_history_strict_tie_sensitivity,5,nominal,Other,matched_screen,monthly_pool,27,-10.26344613,-4.897287747,-38.70725323,81.15446346,59.25925926
full_history_strict_tie_sensitivity,5,nominal,BusEq minus MKT,matched_screen,monthly_pool,27,-13.19880966,-6.011971887,-54.6761867,94.72458844,81.48148148
full_history_strict_tie_sensitivity,5,nominal,Chems minus MKT,matched_screen,monthly_pool,27,1.465525758,-4.107875758,-85.4080397,62.62442897,40.74074074
full_history_strict_tie_sensitivity,5,nominal,Durbl minus MKT,matched_screen,monthly_pool,27,-3.263187425,10.7210816,-22.06396613,208.143755,66.66666667
full_history_strict_tie_sensitivity,5,nominal,Enrgy minus MKT,matched_screen,monthly_pool,27,26.58132427,30.72722826,-60.77509912,133.6090992,11.11111111
full_history_strict_tie_sensitivity,5,nominal,Hlth minus MKT,matched_screen,monthly_pool,27,23.00042449,18.89697057,-45.98922877,49.64800924,14.81481481
full_history_strict_tie_sensitivity,5,nominal,Manuf minus MKT,matched_screen,monthly_pool,27,15.1401415,17.33888406,-28.89776555,58.48620242,7.407407407
full_history_strict_tie_sensitivity,5,nominal,Money minus MKT,matched_screen,monthly_pool,27,25.92186748,25.71828585,-29.11193376,87.10869734,14.81481481
full_history_strict_tie_sensitivity,5,nominal,NoDur minus MKT,matched_screen,monthly_pool,27,12.10406927,8.500600771,-70.12676731,83.59529468,25.92592593
full_history_strict_tie_sensitivity,5,nominal,Other minus MKT,matched_screen,monthly_pool,27,-25.67310081,-23.94190663,-46.19405874,12.45097083,88.88888889
full_history_strict_tie_sensitivity,5,nominal,Shops minus MKT,matched_screen,monthly_pool,27,23.95701733,25.4282575,-27.08017013,53.9519542,7.407407407
full_history_strict_tie_sensitivity,5,nominal,Telcm minus MKT,matched_screen,monthly_pool,27,-29.99836577,-38.70735848,-93.39685968,-21.12879733,100
full_history_strict_tie_sensitivity,5,nominal,Utils minus MKT,matched_screen,monthly_pool,27,13.98629378,16.80331569,-47.01983798,83.70247087,14.81481481
full_history_strict_tie_sensitivity,5,real,MKT,matched_screen,monthly_pool,27,-8.928836256,4.175925546,-27.5889997,76.45183557,59.25925926
full_history_strict_tie_sensitivity,5,real,CASH,matched_screen,monthly_pool,27,7.536054379,6.019784091,-12.42547942,13.57955808,14.81481481
full_history_strict_tie_sensitivity,5,real,NoDur,matched_screen,monthly_pool,27,6.536549481,12.19398847,-18.06931529,55.28523186,33.33333333
full_history_strict_tie_sensitivity,5,real,Durbl,matched_screen,monthly_pool,27,-2.358875863,13.20459013,-39.06458894,252.9175457,51.85185185
full_history_strict_tie_sensitivity,5,real,Manuf,matched_screen,monthly_pool,27,11.72542176,19.54886424,-17.14738341,74.56563511,22.22222222
full_history_strict_tie_sensitivity,5,real,Enrgy,matched_screen,monthly_pool,27,19.93471885,31.15811634,-4.674230739,104.817306,7.407407407
full_history_strict_tie_sensitivity,5,real,Chems,matched_screen,monthly_pool,27,-1.968877187,1.059545523,-21.27444475,41.38127611,55.55555556
full_history_strict_tie_sensitivity,5,real,BusEq,matched_screen,monthly_pool,27,-24.20827483,-1.749557871,-66.88811448,156.7599945,66.66666667
full_history_strict_tie_sensitivity,5,real,Telcm,matched_screen,monthly_pool,27,-31.88601151,-29.41428562,-61.45029154,19.23913955,81.48148148
full_history_strict_tie_sensitivity,5,real,Utils,matched_screen,monthly_pool,27,14.23099515,19.20437419,-17.70286882,60.64321467,37.03703704
full_history_strict_tie_sensitivity,5,real,Shops,matched_screen,monthly_pool,27,17.4254877,26.86315024,-13.37337098,96.76275998,25.92592593
full_history_strict_tie_sensitivity,5,real,Hlth,matched_screen,monthly_pool,27,14.80957743,21.31679836,-11.74553519,88.42296027,22.22222222
full_history_strict_tie_sensitivity,5,real,Money,matched_screen,monthly_pool,27,23.96468047,27.19634508,-12.97440976,76.05714005,11.11111111
full_history_strict_tie_sensitivity,5,real,Other,matched_screen,monthly_pool,27,-19.95659281,-16.804384,-46.00638947,53.58400273,77.77777778
full_history_strict_tie_sensitivity,5,real,BusEq minus MKT,matched_screen,monthly_pool,27,-11.73547904,-5.925483417,-48.31055997,80.30815897,81.48148148
full_history_strict_tie_sensitivity,5,real,Chems minus MKT,matched_screen,monthly_pool,27,1.302867623,-3.116380023,-68.63325514,55.33343516,40.74074074
full_history_strict_tie_sensitivity,5,real,Durbl minus MKT,matched_screen,monthly_pool,27,-2.927702426,9.028664582,-17.9563298,176.4657101,66.66666667
full_history_strict_tie_sensitivity,5,real,Enrgy minus MKT,matched_screen,monthly_pool,27,23.65708618,26.9821908,-51.52554792,118.0537779,11.11111111
full_history_strict_tie_sensitivity,5,real,Hlth minus MKT,matched_screen,monthly_pool,27,20.36391295,17.14087281,-36.95659663,44.44678922,14.81481481
full_history_strict_tie_sensitivity,5,real,Manuf minus MKT,matched_screen,monthly_pool,27,13.43210801,15.37293869,-24.03052095,51.67699798,7.407407407
full_history_strict_tie_sensitivity,5,real,Money minus MKT,matched_screen,monthly_pool,27,23.2568665,23.02041954,-23.39412992,76.96714422,14.81481481
full_history_strict_tie_sensitivity,5,real,NoDur minus MKT,matched_screen,monthly_pool,27,10.76211075,8.018062928,-59.45395668,73.86278636,25.92592593
full_history_strict_tie_sensitivity,5,real,Other minus MKT,matched_screen,monthly_pool,27,-22.84877729,-20.98030954,-38.06894718,11.00137755,88.88888889
full_history_strict_tie_sensitivity,5,real,Shops minus MKT,matched_screen,monthly_pool,27,20.9509603,22.6872247,-22.03866989,48.39584411,7.407407407
full_history_strict_tie_sensitivity,5,real,Telcm minus MKT,matched_screen,monthly_pool,27,-26.67249562,-33.59021117,-76.00921814,-18.9528998,100
full_history_strict_tie_sensitivity,5,real,Utils minus MKT,matched_screen,monthly_pool,27,12.42549344,15.02844864,-39.86374272,73.95748466,14.81481481
full_history_strict_tie_sensitivity,1,nominal,MKT,matched_screen,chronological_60m,2,20.21255616,20.21255616,15.19193664,25.23317567,0
full_history_strict_tie_sensitivity,1,nominal,CASH,matched_screen,chronological_60m,2,3.128040808,3.128040808,1.02475531,5.231326306,0
full_history_strict_tie_sensitivity,1,nominal,NoDur,matched_screen,chronological_60m,2,10.97779344,10.97779344,0.8119432162,21.14364366,0
full_history_strict_tie_sensitivity,1,nominal,Durbl,matched_screen,chronological_60m,2,12.88569249,12.88569249,-0.07516645173,25.84655144,50
full_history_strict_tie_sensitivity,1,nominal,Manuf,matched_screen,chronological_60m,2,21.87215133,21.87215133,19.63047297,24.11382969,0
full_history_strict_tie_sensitivity,1,nominal,Enrgy,matched_screen,chronological_60m,2,6.019446517,6.019446517,3.502107483,8.53678555,0
full_history_strict_tie_sensitivity,1,nominal,Chems,matched_screen,chronological_60m,2,13.11608628,13.11608628,6.245987628,19.98618493,0
full_history_strict_tie_sensitivity,1,nominal,BusEq,matched_screen,chronological_60m,2,21.58642757,21.58642757,16.76369301,26.40916214,0
full_history_strict_tie_sensitivity,1,nominal,Telcm,matched_screen,chronological_60m,2,19.49094495,19.49094495,-6.697415495,45.67930539,50
full_history_strict_tie_sensitivity,1,nominal,Utils,matched_screen,chronological_60m,2,10.39756272,10.39756272,-0.1821599117,20.97728534,50
full_history_strict_tie_sensitivity,1,nominal,Shops,matched_screen,chronological_60m,2,26.33017098,26.33017098,19.52350982,33.13683213,0
full_history_strict_tie_sensitivity,1,nominal,Hlth,matched_screen,chronological_60m,2,22.48603112,22.48603112,12.27471334,32.69734889,0
full_history_strict_tie_sensitivity,1,nominal,Money,matched_screen,chronological_60m,2,28.14461111,28.14461111,20.35823835,35.93098387,0
full_history_strict_tie_sensitivity,1,nominal,Other,matched_screen,chronological_60m,2,16.15747196,16.15747196,14.43583634,17.87910757,0
full_history_strict_tie_sensitivity,1,nominal,BusEq minus MKT,matched_screen,chronological_60m,2,1.37387142,1.37387142,-8.469482663,11.2172255,50
full_history_strict_tie_sensitivity,1,nominal,Chems minus MKT,matched_screen,chronological_60m,2,-7.096469876,-7.096469876,-8.945949011,-5.246990741,100
full_history_strict_tie_sensitivity,1,nominal,Durbl minus MKT,matched_screen,chronological_60m,2,-7.32686366,-7.32686366,-15.26710309,0.6133757712,50
full_history_strict_tie_sensitivity,1,nominal,Enrgy minus MKT,matched_screen,chronological_60m,2,-14.19310964,-14.19310964,-16.69639012,-11.68982916,100
full_history_strict_tie_sensitivity,1,nominal,Hlth minus MKT,matched_screen,chronological_60m,2,2.273474961,2.273474961,-2.917223296,7.464173217,50
full_history_strict_tie_sensitivity,1,nominal,Manuf minus MKT,matched_screen,chronological_60m,2,1.659595176,1.659595176,-5.602702699,8.921893052,50
full_history_strict_tie_sensitivity,1,nominal,Money minus MKT,matched_screen,chronological_60m,2,7.932054955,7.932054955,5.166301706,10.6978082,0
full_history_strict_tie_sensitivity,1,nominal,NoDur minus MKT,matched_screen,chronological_60m,2,-9.234762715,-9.234762715,-14.37999342,-4.089532006,100
full_history_strict_tie_sensitivity,1,nominal,Other minus MKT,matched_screen,chronological_60m,2,-4.0550842,-4.0550842,-7.354068098,-0.756100302,100
full_history_strict_tie_sensitivity,1,nominal,Shops minus MKT,matched_screen,chronological_60m,2,6.117614823,6.117614823,4.331573183,7.903656463,0
full_history_strict_tie_sensitivity,1,nominal,Telcm minus MKT,matched_screen,chronological_60m,2,-0.721611208,-0.721611208,-21.88935214,20.44612972,50
full_history_strict_tie_sensitivity,1,nominal,Utils minus MKT,matched_screen,chronological_60m,2,-9.814993439,-9.814993439,-15.37409655,-4.255890327,100
full_history_strict_tie_sensitivity,1,real,MKT,matched_screen,chronological_60m,2,17.89564643,17.89564643,12.56803235,23.22326051,0
full_history_strict_tie_sensitivity,1,real,CASH,matched_screen,chronological_60m,2,1.132993613,1.132993613,-1.27644125,3.542428477,50
full_history_strict_tie_sensitivity,1,real,NoDur,matched_screen,chronological_60m,2,8.857478584,8.857478584,-1.484405795,19.19936296,50
full_history_strict_tie_sensitivity,1,real,Durbl,matched_screen,chronological_60m,2,10.73774179,10.73774179,-2.351308399,23.82679197,50
full_history_strict_tie_sensitivity,1,real,Manuf,matched_screen,chronological_60m,2,19.49858771,19.49858771,17.71047773,21.2866977,0
full_history_strict_tie_sensitivity,1,real,Enrgy,matched_screen,chronological_60m,2,3.969658797,3.969658797,1.144480454,6.79483714,0
full_history_strict_tie_sensitivity,1,real,Chems,matched_screen,chronological_60m,2,10.94316987,10.94316987,3.825859012,18.06048073,0
full_history_strict_tie_sensitivity,1,real,BusEq,matched_screen,chronological_60m,2,19.20972682,19.20972682,14.88970781,23.52974582,0
full_history_strict_tie_sensitivity,1,real,Telcm,matched_screen,chronological_60m,2,17.2592651,17.2592651,-8.822712269,43.34124246,50
full_history_strict_tie_sensitivity,1,real,Utils,matched_screen,chronological_60m,2,8.289904944,8.289904944,-2.455864704,19.03567459,50
full_history_strict_tie_sensitivity,1,real,Shops,matched_screen,chronological_60m,2,23.90050339,23.90050339,16.80093862,31.00006816,0
full_history_strict_tie_sensitivity,1,real,Hlth,matched_screen,chronological_60m,2,20.14244875,20.14244875,9.71725915,30.56763835,0
full_history_strict_tie_sensitivity,1,real,Money,matched_screen,chronological_60m,2,25.68301437,25.68301437,17.61665324,33.74937549,0
full_history_strict_tie_sensitivity,1,real,Other,matched_screen,chronological_60m,2,13.90818779,13.90818779,11.82915491,15.98722066,0
full_history_strict_tie_sensitivity,1,real,BusEq minus MKT,matched_screen,chronological_60m,2,1.314080387,1.314080387,-8.333552694,10.96171347,50
full_history_strict_tie_sensitivity,1,real,Chems minus MKT,matched_screen,chronological_60m,2,-6.952476561,-6.952476561,-8.742173342,-5.162779779,100
full_history_strict_tie_sensitivity,1,real,Durbl minus MKT,matched_screen,chronological_60m,2,-7.157904642,-7.157904642,-14.91934075,0.6035314687,50
full_history_strict_tie_sensitivity,1,real,Enrgy minus MKT,matched_screen,chronological_60m,2,-13.92598763,-13.92598763,-16.42842336,-11.4235519,100
full_history_strict_tie_sensitivity,1,real,Hlth minus MKT,matched_screen,chronological_60m,2,2.24680232,2.24680232,-2.850773205,7.344377844,50
full_history_strict_tie_sensitivity,1,real,Manuf minus MKT,matched_screen,chronological_60m,2,1.602941282,1.602941282,-5.512782779,8.718665343,50
full_history_strict_tie_sensitivity,1,real,Money minus MKT,matched_screen,chronological_60m,2,7.787367937,7.787367937,5.048620889,10.52611499,0
full_history_strict_tie_sensitivity,1,real,NoDur minus MKT,matched_screen,chronological_60m,2,-9.038167846,-9.038167846,-14.05243815,-4.023897542,100
full_history_strict_tie_sensitivity,1,real,Other minus MKT,matched_screen,chronological_60m,2,-3.987458642,-3.987458642,-7.236039845,-0.73887744,100
full_history_strict_tie_sensitivity,1,real,Shops minus MKT,matched_screen,chronological_60m,2,6.00485696,6.00485696,4.232906264,7.776807656,0
full_history_strict_tie_sensitivity,1,real,Telcm minus MKT,matched_screen,chronological_60m,2,-0.6363813328,-0.6363813328,-21.39074462,20.11798196,50
full_history_strict_tie_sensitivity,1,real,Utils minus MKT,matched_screen,chronological_60m,2,-9.605741486,-9.605741486,-15.02389706,-4.187585915,100
full_history_strict_tie_sensitivity,3,nominal,MKT,matched_screen,chronological_60m,2,49.86030328,49.86030328,14.33813347,85.38247308,0
full_history_strict_tie_sensitivity,3,nominal,CASH,matched_screen,chronological_60m,2,10.28525518,10.28525518,5.081085763,15.4894246,0
full_history_strict_tie_sensitivity,3,nominal,NoDur,matched_screen,chronological_60m,2,1.75858241,1.75858241,-7.877940764,11.39510558,50
full_history_strict_tie_sensitivity,3,nominal,Durbl,matched_screen,chronological_60m,2,19.44688775,19.44688775,-12.5313901,51.4251656,50
full_history_strict_tie_sensitivity,3,nominal,Manuf,matched_screen,chronological_60m,2,23.09139004,23.09139004,-2.63425256,48.81703263,50
full_history_strict_tie_sensitivity,3,nominal,Enrgy,matched_screen,chronological_60m,2,-7.526865066,-7.526865066,-52.59565144,37.54192131,50
full_history_strict_tie_sensitivity,3,nominal,Chems,matched_screen,chronological_60m,2,18.63058805,18.63058805,3.856722804,33.40445329,0
full_history_strict_tie_sensitivity,3,nominal,BusEq,matched_screen,chronological_60m,2,131.8613653,131.8613653,52.41518568,211.307545,0
full_history_strict_tie_sensitivity,3,nominal,Telcm,matched_screen,chronological_60m,2,82.0904564,82.0904564,-0.8336777861,165.0145906,50
full_history_strict_tie_sensitivity,3,nominal,Utils,matched_screen,chronological_60m,2,17.80062212,17.80062212,7.998792787,27.60245145,0
full_history_strict_tie_sensitivity,3,nominal,Shops,matched_screen,chronological_60m,2,61.64569928,61.64569928,34.51352029,88.77787827,0
full_history_strict_tie_sensitivity,3,nominal,Hlth,matched_screen,chronological_60m,2,52.89133975,52.89133975,24.02149117,81.76118832,0
full_history_strict_tie_sensitivity,3,nominal,Money,matched_screen,chronological_60m,2,23.77470457,23.77470457,0.9631525554,46.58625659,0
full_history_strict_tie_sensitivity,3,nominal,Other,matched_screen,chronological_60m,2,13.58956452,13.58956452,-0.5392934684,27.71842252,50
full_history_strict_tie_sensitivity,3,nominal,BusEq minus MKT,matched_screen,chronological_60m,2,82.00106205,82.00106205,38.07705221,125.9250719,0
full_history_strict_tie_sensitivity,3,nominal,Chems minus MKT,matched_screen,chronological_60m,2,-31.22971523,-31.22971523,-51.97801979,-10.48141067,100
full_history_strict_tie_sensitivity,3,nominal,Durbl minus MKT,matched_screen,chronological_60m,2,-30.41341552,-30.41341552,-33.95730748,-26.86952357,100
full_history_strict_tie_sensitivity,3,nominal,Enrgy minus MKT,matched_screen,chronological_60m,2,-57.38716834,-57.38716834,-66.93378491,-47.84055177,100
full_history_strict_tie_sensitivity,3,nominal,Hlth minus MKT,matched_screen,chronological_60m,2,3.031036474,3.031036474,-3.621284755,9.683357703,50
full_history_strict_tie_sensitivity,3,nominal,Manuf minus MKT,matched_screen,chronological_60m,2,-26.76891324,-26.76891324,-36.56544045,-16.97238603,100
full_history_strict_tie_sensitivity,3,nominal,Money minus MKT,matched_screen,chronological_60m,2,-26.0855987,-26.0855987,-38.79621649,-13.37498092,100
full_history_strict_tie_sensitivity,3,nominal,NoDur minus MKT,matched_screen,chronological_60m,2,-48.10172087,-48.10172087,-73.9873675,-22.21607424,100
full_history_strict_tie_sensitivity,3,nominal,Other minus MKT,matched_screen,chronological_60m,2,-36.27073875,-36.27073875,-57.66405056,-14.87742694,100
full_history_strict_tie_sensitivity,3,nominal,Shops minus MKT,matched_screen,chronological_60m,2,11.785396,11.785396,3.395405186,20.17538682,0
full_history_strict_tie_sensitivity,3,nominal,Telcm minus MKT,matched_screen,chronological_60m,2,32.23015312,32.23015312,-15.17181126,79.63211751,50
full_history_strict_tie_sensitivity,3,nominal,Utils minus MKT,matched_screen,chronological_60m,2,-32.05968116,-32.05968116,-57.78002163,-6.339340684,100
full_history_strict_tie_sensitivity,3,real,MKT,matched_screen,chronological_60m,2,41.29803971,41.29803971,8.054046283,74.54203313,0
full_history_strict_tie_sensitivity,3,real,CASH,matched_screen,chronological_60m,2,4.020913523,4.020913523,-0.6942289527,8.736055999,50
full_history_strict_tie_sensitivity,3,real,NoDur,matched_screen,chronological_60m,2,-4.029931747,-4.029931747,-12.9410202,4.881156705,50
full_history_strict_tie_sensitivity,3,real,Durbl,matched_screen,chronological_60m,2,12.61585122,12.61585122,-17.33871338,42.57041581,50
full_history_strict_tie_sensitivity,3,real,Manuf,matched_screen,chronological_60m,2,16.06463411,16.06463411,-7.985528005,40.11479623,50
full_history_strict_tie_sensitivity,3,real,Enrgy,matched_screen,chronological_60m,2,-12.85100576,-12.85100576,-55.20102071,29.4990092,50
full_history_strict_tie_sensitivity,3,real,Chems,matched_screen,chronological_60m,2,11.87609192,11.87609192,-1.851300244,25.60348408,50
full_history_strict_tie_sensitivity,3,real,BusEq,matched_screen,chronological_60m,2,118.5709316,118.5709316,44.0383626,193.1035007,0
full_history_strict_tie_sensitivity,3,real,Telcm,matched_screen,chronological_60m,2,71.61683145,71.61683145,-6.283913818,149.5175767,50
full_history_strict_tie_sensitivity,3,real,Utils,matched_screen,chronological_60m,2,11.10193991,11.10193991,2.063119276,20.14076055,0
full_history_strict_tie_sensitivity,3,real,Shops,matched_screen,chronological_60m,2,52.4297355,52.4297355,27.12058266,77.73888834,0
full_history_strict_tie_sensitivity,3,real,Hlth,matched_screen,chronological_60m,2,44.16885409,44.16885409,17.20520128,71.1325069,0
full_history_strict_tie_sensitivity,3,real,Money,matched_screen,chronological_60m,2,16.71431448,16.71431448,-4.585838268,38.01446722,50
full_history_strict_tie_sensitivity,3,real,Other,matched_screen,chronological_60m,2,7.122120529,7.122120529,-6.005709026,20.24995008,50
full_history_strict_tie_sensitivity,3,real,BusEq minus MKT,matched_screen,chronological_60m,2,77.27289194,77.27289194,35.98431632,118.5614676,0
full_history_strict_tie_sensitivity,3,real,Chems minus MKT,matched_screen,chronological_60m,2,-29.42194779,-29.42194779,-48.93854905,-9.905346527,100
full_history_strict_tie_sensitivity,3,real,Durbl minus MKT,matched_screen,chronological_60m,2,-28.68218849,-28.68218849,-31.97161732,-25.39275966,100
full_history_strict_tie_sensitivity,3,real,Enrgy minus MKT,matched_screen,chronological_60m,2,-54.14904547,-54.14904547,-63.255067,-45.04302393,100
full_history_strict_tie_sensitivity,3,real,Hlth minus MKT,matched_screen,chronological_60m,2,2.870814385,2.870814385,-3.409526225,9.151154996,50
full_history_strict_tie_sensitivity,3,real,Manuf minus MKT,matched_screen,chronological_60m,2,-25.23340559,-25.23340559,-34.4272369,-16.03957429,100
full_history_strict_tie_sensitivity,3,real,Money minus MKT,matched_screen,chronological_60m,2,-24.58372523,-24.58372523,-36.52756591,-12.63988455,100
full_history_strict_tie_sensitivity,3,real,NoDur minus MKT,matched_screen,chronological_60m,2,-45.32797145,-45.32797145,-69.66087642,-20.99506648,100
full_history_strict_tie_sensitivity,3,real,Other minus MKT,matched_screen,chronological_60m,2,-34.17591918,-34.17591918,-54.29208305,-14.05975531,100
full_history_strict_tie_sensitivity,3,real,Shops minus MKT,matched_screen,chronological_60m,2,11.13169579,11.13169579,3.196855208,19.06653638,0
full_history_strict_tie_sensitivity,3,real,Telcm minus MKT,matched_screen,chronological_60m,2,30.31879175,30.31879175,-14.3379601,74.97554359,50
full_history_strict_tie_sensitivity,3,real,Utils minus MKT,matched_screen,chronological_60m,2,-30.19609979,-30.19609979,-54.40127258,-5.990927007,100
full_history_strict_tie_sensitivity,5,nominal,MKT,matched_screen,chronological_60m,2,79.13555679,79.13555679,50.14372382,108.1273898,0
full_history_strict_tie_sensitivity,5,nominal,CASH,matched_screen,chronological_60m,2,15.89740748,15.89740748,5.175696578,26.61911839,0
full_history_strict_tie_sensitivity,5,nominal,NoDur,matched_screen,chronological_60m,2,40.7675987,40.7675987,38.00062246,43.53457495,0
full_history_strict_tie_sensitivity,5,nominal,Durbl,matched_screen,chronological_60m,2,178.1197811,178.1197811,39.9684175,316.2711447,0
full_history_strict_tie_sensitivity,5,nominal,Manuf,matched_screen,chronological_60m,2,68.89810845,68.89810845,55.20401344,82.59220347,0
full_history_strict_tie_sensitivity,5,nominal,Enrgy,matched_screen,chronological_60m,2,48.6164486,48.6164486,47.35229065,49.88060655,0
full_history_strict_tie_sensitivity,5,nominal,Chems,matched_screen,chronological_60m,2,46.24100606,46.24100606,25.72083412,66.761178,0
full_history_strict_tie_sensitivity,5,nominal,BusEq,matched_screen,chronological_60m,2,127.3519043,127.3519043,51.85183031,202.8519782,0
full_history_strict_tie_sensitivity,5,nominal,Telcm,matched_screen,chronological_60m,2,26.55427147,26.55427147,24.09361645,29.01492649,0
full_history_strict_tie_sensitivity,5,nominal,Utils,matched_screen,chronological_60m,2,58.99991619,58.99991619,56.89228059,61.10755179,0
full_history_strict_tie_sensitivity,5,nominal,Shops,matched_screen,chronological_60m,2,118.0900426,118.0900426,104.095678,132.0844071,0
full_history_strict_tie_sensitivity,5,nominal,Hlth,matched_screen,chronological_60m,2,88.41449963,88.41449963,80.46086213,96.36813714,0
full_history_strict_tie_sensitivity,5,nominal,Money,matched_screen,chronological_60m,2,84.50943105,84.50943105,81.75378938,87.26507272,0
full_history_strict_tie_sensitivity,5,nominal,Other,matched_screen,chronological_60m,2,44.42935739,44.42935739,7.704251327,81.15446346,0
full_history_strict_tie_sensitivity,5,nominal,BusEq minus MKT,matched_screen,chronological_60m,2,48.21634747,48.21634747,1.708106493,94.72458844,0
full_history_strict_tie_sensitivity,5,nominal,Chems minus MKT,matched_screen,chronological_60m,2,-32.89455073,-32.89455073,-41.36621177,-24.4228897,100
full_history_strict_tie_sensitivity,5,nominal,Durbl minus MKT,matched_screen,chronological_60m,2,98.98422432,98.98422432,-10.17530632,208.143755,50
full_history_strict_tie_sensitivity,5,nominal,Enrgy minus MKT,matched_screen,chronological_60m,2,-30.51910819,-30.51910819,-60.77509912,-0.2631172697,100
full_history_strict_tie_sensitivity,5,nominal,Hlth minus MKT,matched_screen,chronological_60m,2,9.27894284,9.27894284,-27.66652764,46.22441332,50
full_history_strict_tie_sensitivity,5,nominal,Manuf minus MKT,matched_screen,chronological_60m,2,-10.23744834,-10.23744834,-25.5351863,5.060289621,50
full_history_strict_tie_sensitivity,5,nominal,Money minus MKT,matched_screen,chronological_60m,2,5.373874254,5.373874254,-20.86231705,31.61006556,50
full_history_strict_tie_sensitivity,5,nominal,NoDur minus MKT,matched_screen,chronological_60m,2,-38.36795809,-38.36795809,-70.12676731,-6.609148869,100
full_history_strict_tie_sensitivity,5,nominal,Other minus MKT,matched_screen,chronological_60m,2,-34.7061994,-34.7061994,-42.43947249,-26.97292631,100
full_history_strict_tie_sensitivity,5,nominal,Shops minus MKT,matched_screen,chronological_60m,2,38.95448576,38.95448576,23.95701733,53.9519542,0
full_history_strict_tie_sensitivity,5,nominal,Telcm minus MKT,matched_screen,chronological_60m,2,-52.58128532,-52.58128532,-84.03377332,-21.12879733,100
full_history_strict_tie_sensitivity,5,nominal,Utils minus MKT,matched_screen,chronological_60m,2,-20.1356406,-20.1356406,-47.01983798,6.748556772,50
full_history_strict_tie_sensitivity,5,real,MKT,matched_screen,chronological_60m,2,55.56668755,55.56668755,34.68153954,76.45183557,0
full_history_strict_tie_sensitivity,5,real,CASH,matched_screen,chronological_60m,2,1.374119284,1.374119284,-10.83131952,13.57955808,50
full_history_strict_tie_sensitivity,5,real,NoDur,matched_screen,chronological_60m,2,22.8754483,22.8754483,16.99787889,28.75301771,0
full_history_strict_tie_sensitivity,5,real,Durbl,matched_screen,chronological_60m,2,139.235829,139.235829,25.55411226,252.9175457,0
full_history_strict_tie_sensitivity,5,real,Manuf,matched_screen,chronological_60m,2,47.01181812,47.01181812,39.22070761,54.80292862,0
full_history_strict_tie_sensitivity,5,real,Enrgy,matched_screen,chronological_60m,2,29.6859032,29.6859032,24.92628765,34.44551876,0
full_history_strict_tie_sensitivity,5,real,Chems,matched_screen,chronological_60m,2,27.07752877,27.07752877,12.77378142,41.38127611,0
full_history_strict_tie_sensitivity,5,real,BusEq,matched_screen,chronological_60m,2,96.4868677,96.4868677,36.21374086,156.7599945,0
full_history_strict_tie_sensitivity,5,real,Telcm,matched_screen,chronological_60m,2,10.46803154,10.46803154,5.207423344,15.72863974,0
full_history_strict_tie_sensitivity,5,real,Utils,matched_screen,chronological_60m,2,38.66160277,38.66160277,36.58809285,40.73511269,0
full_history_strict_tie_sensitivity,5,real,Shops,matched_screen,chronological_60m,2,89.92007182,89.92007182,83.07738365,96.76275998,0
full_history_strict_tie_sensitivity,5,real,Hlth,matched_screen,chronological_60m,2,64.57080371,64.57080371,52.99596274,76.14564468,0
full_history_strict_tie_sensitivity,5,real,Money,matched_screen,chronological_60m,2,60.90046958,60.90046958,58.76461938,63.03631979,0
full_history_strict_tie_sensitivity,5,real,Other,matched_screen,chronological_60m,2,25.09829754,25.09829754,-3.387407645,53.58400273,50
full_history_strict_tie_sensitivity,5,real,BusEq minus MKT,matched_screen,chronological_60m,2,40.92018015,40.92018015,1.532201322,80.30815897,0
full_history_strict_tie_sensitivity,5,real,Chems minus MKT,matched_screen,chronological_60m,2,-28.48915879,-28.48915879,-35.07055946,-21.90775812,100
full_history_strict_tie_sensitivity,5,real,Durbl minus MKT,matched_screen,chronological_60m,2,83.66914141,83.66914141,-9.127427278,176.4657101,50
full_history_strict_tie_sensitivity,5,real,Enrgy minus MKT,matched_screen,chronological_60m,2,-25.88078435,-25.88078435,-51.52554792,-0.236020781,100
full_history_strict_tie_sensitivity,5,real,Hlth minus MKT,matched_screen,chronological_60m,2,9.004116157,9.004116157,-23.45587283,41.46410514,50
full_history_strict_tie_sensitivity,5,real,Manuf minus MKT,matched_screen,chronological_60m,2,-8.554869439,-8.554869439,-21.64890695,4.539168067,50
full_history_strict_tie_sensitivity,5,real,Money minus MKT,matched_screen,chronological_60m,2,5.33378203,5.33378203,-17.68721619,28.35478025,50
full_history_strict_tie_sensitivity,5,real,NoDur minus MKT,matched_screen,chronological_60m,2,-32.69123925,-32.69123925,-59.45395668,-5.928521833,100
full_history_strict_tie_sensitivity,5,real,Other minus MKT,matched_screen,chronological_60m,2,-30.46839001,-30.46839001,-38.06894718,-22.86783284,100
full_history_strict_tie_sensitivity,5,real,Shops minus MKT,matched_screen,chronological_60m,2,34.35338426,34.35338426,20.31092441,48.39584411,0
full_history_strict_tie_sensitivity,5,real,Telcm minus MKT,matched_screen,chronological_60m,2,-45.09865601,-45.09865601,-71.24441223,-18.9528998,100
full_history_strict_tie_sensitivity,5,real,Utils minus MKT,matched_screen,chronological_60m,2,-16.90508478,-16.90508478,-39.86374272,6.053573154,50
full_history_strict_tie_sensitivity,1,nominal,MKT,matched_screen,chronological_12m,5,15.19193664,10.37490601,-11.59211246,28.27586703,40
full_history_strict_tie_sensitivity,1,nominal,CASH,matched_screen,chronological_12m,5,4.771152787,3.390003754,0.040003,5.882781366,0
full_history_strict_tie_sensitivity,1,nominal,NoDur,matched_screen,chronological_12m,5,9.233759356,11.10361876,0.8119432162,22.56306453,0
full_history_strict_tie_sensitivity,1,nominal,Durbl,matched_screen,chronological_12m,5,0.8689779796,8.722841485,-16.46546168,33.43930613,40
full_history_strict_tie_sensitivity,1,nominal,Manuf,matched_screen,chronological_12m,5,7.637529347,8.447540095,-10.32608295,24.11382969,20
full_history_strict_tie_sensitivity,1,nominal,Enrgy,matched_screen,chronological_12m,5,8.53678555,22.99055731,-0.7661587624,81.31184522,20
full_history_strict_tie_sensitivity,1,nominal,Chems,matched_screen,chronological_12m,5,1.404501777,3.42401023,-10.42793626,19.98618493,40
full_history_strict_tie_sensitivity,1,nominal,BusEq,matched_screen,chronological_12m,5,16.76369301,15.48219611,-37.79352292,78.23327383,40
full_history_strict_tie_sensitivity,1,nominal,Telcm,matched_screen,chronological_12m,5,-6.697415495,6.902764206,-40.08912236,52.85539418,60
full_history_strict_tie_sensitivity,1,nominal,Utils,matched_screen,chronological_12m,5,19.51659826,19.92450097,-0.1821599117,50.37024435,20
full_history_strict_tie_sensitivity,1,nominal,Shops,matched_screen,chronological_12m,5,19.52350982,14.71011618,-12.46978429,43.90631545,40
full_history_strict_tie_sensitivity,1,nominal,Hlth,matched_screen,chronological_12m,5,31.11388425,21.62017336,-3.386053948,35.40097424,20
full_history_strict_tie_sensitivity,1,nominal,Money,matched_screen,chronological_12m,5,20.35823835,18.09106752,-3.979569714,35.93098387,20
full_history_strict_tie_sensitivity,1,nominal,Other,matched_screen,chronological_12m,5,6.832187589,2.161526587,-17.00754819,17.87910757,40
full_history_strict_tie_sensitivity,1,nominal,BusEq minus MKT,matched_screen,chronological_12m,5,-0.9672887143,5.107290094,-26.20141045,49.9574068,60
full_history_strict_tie_sensitivity,1,nominal,Chems minus MKT,matched_screen,chronological_12m,5,-5.246990741,-6.950895784,-26.87136525,5.145649887,60
full_history_strict_tie_sensitivity,1,nominal,Durbl minus MKT,matched_screen,chronological_12m,5,0.6133757712,-1.65206453,-15.26710309,6.103314786,40
full_history_strict_tie_sensitivity,1,nominal,Enrgy minus MKT,matched_screen,chronological_12m,5,-11.68982916,12.6156513,-29.04202579,86.54618203,60
full_history_strict_tie_sensitivity,1,nominal,Hlth minus MKT,matched_screen,chronological_12m,5,2.838017221,11.24526734,-2.917223296,46.9930867,20
full_history_strict_tie_sensitivity,1,nominal,Manuf minus MKT,matched_screen,chronological_12m,5,-5.091746141,-1.927365919,-20.63833768,12.77406388,60
full_history_strict_tie_sensitivity,1,nominal,Money minus MKT,matched_screen,chronological_12m,5,5.166301706,7.71616151,-15.34853068,36.81046123,20
full_history_strict_tie_sensitivity,1,nominal,NoDur minus MKT,matched_screen,chronological_12m,5,-4.089532006,0.7287127449,-19.04210767,34.15517699,60
full_history_strict_tie_sensitivity,1,nominal,Other minus MKT,matched_screen,chronological_12m,5,-7.354068098,-8.213379428,-21.44367944,0.2601620873,80
full_history_strict_tie_sensitivity,1,nominal,Shops minus MKT,matched_screen,chronological_12m,5,4.331573183,4.335210165,-7.235447484,15.63044842,20
full_history_strict_tie_sensitivity,1,nominal,Telcm minus MKT,matched_screen,chronological_12m,5,-12.00000389,-3.472141808,-28.4970099,24.57952715,60
full_history_strict_tie_sensitivity,1,nominal,Utils minus MKT,matched_screen,chronological_12m,5,-4.255890327,9.549594951,-19.33533024,61.96235682,60
full_history_strict_tie_sensitivity,1,real,MKT,matched_screen,chronological_12m,5,12.56803235,6.94925401,-14.52891514,26.17298396,40
full_history_strict_tie_sensitivity,1,real,CASH,matched_screen,chronological_12m,5,2.365483932,-0.02891889625,-7.829658545,3.542428477,40
full_history_strict_tie_sensitivity,1,real,NoDur,matched_screen,chronological_12m,5,7.44304199,7.481987623,-6.239729389,19.19936296,40
full_history_strict_tie_sensitivity,1,real,Durbl,matched_screen,chronological_12m,5,-2.351308399,5.284197497,-19.24037761,31.25177652,60
full_history_strict_tie_sensitivity,1,real,Manuf,matched_screen,chronological_12m,5,5.872979685,5.062134027,-17.38029482,21.2866977,40
full_history_strict_tie_sensitivity,1,real,Enrgy,matched_screen,chronological_12m,5,6.79483714,18.17971612,-2.392943045,67.04892226,20
full_history_strict_tie_sensitivity,1,real,Chems,matched_screen,chronological_12m,5,-0.2578671048,0.05536722393,-13.40341146,18.06048073,60
full_history_strict_tie_sensitivity,1,real,BusEq,matched_screen,chronological_12m,5,14.88970781,12.0581271,-39.85994655,75.31141688,40
full_history_strict_tie_sensitivity,1,real,Telcm,matched_screen,chronological_12m,5,-8.822712269,3.808739165,-42.07928897,50.34956805,60
full_history_strict_tie_sensitivity,1,real,Utils,matched_screen,chronological_12m,5,10.11480748,15.84487423,-2.455864704,45.37512742,20
full_history_strict_tie_sensitivity,1,real,Shops,matched_screen,chronological_12m,5,16.80093862,11.29500099,-19.35536158,41.54719552,40
full_history_strict_tie_sensitivity,1,real,Hlth,matched_screen,chronological_12m,5,28.96447631,17.83325757,-10.98620422,30.90311828,20
full_history_strict_tie_sensitivity,1,real,Money,matched_screen,chronological_12m,5,17.61665324,14.39356271,-11.53303098,33.74937549,20
full_history_strict_tie_sensitivity,1,real,Other,matched_screen,chronological_12m,5,5.080840251,-0.9832682219,-23.53616161,15.98722066,40
full_history_strict_tie_sensitivity,1,real,BusEq minus MKT,matched_screen,chronological_12m,5,-0.8911968053,5.108873094,-25.33103141,49.13843292,60
full_history_strict_tie_sensitivity,1,real,Chems minus MKT,matched_screen,chronological_12m,5,-5.162779779,-6.893886786,-26.43085107,4.740866582,60
full_history_strict_tie_sensitivity,1,real,Durbl minus MKT,matched_screen,chronological_12m,5,0.6035314687,-1.665056513,-14.91934075,5.623196631,40
full_history_strict_tie_sensitivity,1,real,Enrgy minus MKT,matched_screen,chronological_12m,5,-11.4235519,11.23046211,-28.56592701,79.73801389,60
full_history_strict_tie_sensitivity,1,real,Hlth minus MKT,matched_screen,chronological_12m,5,2.791492348,10.88400357,-2.850773205,45.43203342,20
full_history_strict_tie_sensitivity,1,real,Manuf minus MKT,matched_screen,chronological_12m,5,-4.691203182,-1.887119983,-20.30000428,12.34972498,60
full_history_strict_tie_sensitivity,1,real,Money minus MKT,matched_screen,chronological_12m,5,5.048620889,7.444308701,-15.09691543,35.5876624,20
full_history_strict_tie_sensitivity,1,real,NoDur minus MKT,matched_screen,chronological_12m,5,-4.023897542,0.5327336129,-18.72994197,33.02058348,60
full_history_strict_tie_sensitivity,1,real,Other minus MKT,matched_screen,chronological_12m,5,-7.236039845,-7.932522232,-21.09214371,0.2515198187,80
full_history_strict_tie_sensitivity,1,real,Shops minus MKT,matched_screen,chronological_12m,5,4.232906264,4.34574698,-6.666269943,15.37421156,20
full_history_strict_tie_sensitivity,1,real,Telcm minus MKT,matched_screen,chronological_12m,5,-11.05602182,-3.140514844,-27.55037383,24.17658409,60
full_history_strict_tie_sensitivity,1,real,Utils minus MKT,matched_screen,chronological_12m,5,-4.187585915,8.895620216,-19.01835762,59.90404256,60
full_history_strict_tie_sensitivity,3,nominal,MKT,matched_screen,chronological_36m,4,19.49810014,21.87307375,-36.88637838,85.38247308,25
full_history_strict_tie_sensitivity,3,nominal,CASH,matched_screen,chronological_36m,4,10.10150008,10.19337763,5.081085763,15.4894246,0
full_history_strict_tie_sensitivity,3,nominal,NoDur,matched_screen,chronological_36m,4,8.088413856,6.787765381,-7.877940764,18.85217458,25
full_history_strict_tie_sensitivity,3,nominal,Durbl,matched_screen,chronological_36m,4,-14.56359398,-0.9528954149,-26.1095593,51.4251656,75
full_history_strict_tie_sensitivity,3,nominal,Manuf,matched_screen,chronological_36m,4,8.266871137,13.1563284,-12.7254613,48.81703263,50
full_history_strict_tie_sensitivity,3,nominal,Enrgy,matched_screen,chronological_36m,4,18.8987471,23.26228624,-52.59565144,107.8473022,25
full_history_strict_tie_sensitivity,3,nominal,Chems,matched_screen,chronological_36m,4,3.590671271,8.058871346,-8.350310452,33.40445329,25
full_history_strict_tie_sensitivity,3,nominal,BusEq,matched_screen,chronological_36m,4,49.92902313,60.26104949,-70.12139328,211.307545,25
full_history_strict_tie_sensitivity,3,nominal,Telcm,matched_screen,chronological_36m,4,-12.8558943,18.45011299,-65.50235004,165.0145906,75
full_history_strict_tie_sensitivity,3,nominal,Utils,matched_screen,chronological_36m,4,17.7891038,15.0071083,-3.15222586,27.60245145,25
full_history_strict_tie_sensitivity,3,nominal,Shops,matched_screen,chronological_36m,4,27.53863118,30.72663329,-20.94860746,88.77787827,25
full_history_strict_tie_sensitivity,3,nominal,Hlth,matched_screen,chronological_36m,4,19.30691728,26.37202173,-14.88693594,81.76118832,25
full_history_strict_tie_sensitivity,3,nominal,Money,matched_screen,chronological_36m,4,12.99345911,18.38408184,0.9631525554,46.58625659,0
full_history_strict_tie_sensitivity,3,nominal,Other,matched_screen,chronological_36m,4,5.782672644,0.3488284135,-37.88845415,27.71842252,50
full_history_strict_tie_sensitivity,3,nominal,BusEq minus MKT,matched_screen,chronological_36m,4,30.43092299,38.38797574,-33.23501491,125.9250719,25
full_history_strict_tie_sensitivity,3,nominal,Chems minus MKT,matched_screen,chronological_36m,4,-15.90742887,-13.8142024,-51.97801979,28.53606792,75
full_history_strict_tie_sensitivity,3,nominal,Durbl minus MKT,matched_screen,chronological_36m,4,-30.41341552,-22.82596916,-41.25386468,10.77681907,75
full_history_strict_tie_sensitivity,3,nominal,Enrgy minus MKT,matched_screen,chronological_36m,4,-5.349300251,1.389212496,-66.93378491,83.1892354,50
full_history_strict_tie_sensitivity,3,nominal,Hlth minus MKT,matched_screen,chronological_36m,4,3.031036474,4.498947986,-10.06572344,21.99944243,50
full_history_strict_tie_sensitivity,3,nominal,Manuf minus MKT,matched_screen,chronological_36m,4,-11.23122901,-8.716745345,-36.56544045,24.16091708,75
full_history_strict_tie_sensitivity,3,nominal,Money minus MKT,matched_screen,chronological_36m,4,-10.51277064,-3.488991906,-38.79621649,45.86579014,75
full_history_strict_tie_sensitivity,3,nominal,NoDur minus MKT,matched_screen,chronological_36m,4,-21.04620946,-15.08530837,-73.9873675,55.73855295,75
full_history_strict_tie_sensitivity,3,nominal,Other minus MKT,matched_screen,chronological_36m,4,-13.7154275,-21.52424533,-57.66405056,-1.002075774,100
full_history_strict_tie_sensitivity,3,nominal,Shops minus MKT,matched_screen,chronological_36m,4,9.66658805,8.853559543,-4.094324748,20.17538682,25
full_history_strict_tie_sensitivity,3,nominal,Telcm minus MKT,matched_screen,chronological_36m,4,-21.89389146,-3.42296076,-49.53617763,79.63211751,75
full_history_strict_tie_sensitivity,3,nominal,Utils minus MKT,matched_screen,chronological_36m,4,-1.708996345,-6.865965451,-57.78002163,33.73415252,50
full_history_strict_tie_sensitivity,3,real,MKT,matched_screen,chronological_36m,4,7.441417563,11.98537388,-41.48337272,74.54203313,25
full_history_strict_tie_sensitivity,3,real,CASH,matched_screen,chronological_36m,4,1.287452687,1.14198313,-6.743028855,8.736055999,50
full_history_strict_tie_sensitivity,3,real,NoDur,matched_screen,chronological_36m,4,-2.661787849,-2.017308399,-12.9410202,10.1953623,50
full_history_strict_tie_sensitivity,3,real,Durbl,matched_screen,chronological_36m,4,-22.93171802,-8.696130726,-31.49150268,42.57041581,75
full_history_strict_tie_sensitivity,3,real,Manuf,matched_screen,chronological_36m,4,-2.930795523,3.792736403,-19.08225957,40.11479623,50
full_history_strict_tie_sensitivity,3,real,Enrgy,matched_screen,chronological_36m,4,11.2261434,11.34277781,-55.20102071,78.11984517,50
full_history_strict_tie_sensitivity,3,real,Chems,matched_screen,chronological_36m,4,-6.652366145,-0.6817572319,-15.02578072,25.60348408,75
full_history_strict_tie_sensitivity,3,real,BusEq,matched_screen,chronological_36m,4,35.19656974,47.79974618,-72.29765544,193.1035007,25
full_history_strict_tie_sensitivity,3,real,Telcm,matched_screen,chronological_36m,4,-20.95318388,9.899040108,-68.01504853,149.5175767,75
full_history_strict_tie_sensitivity,3,real,Utils,matched_screen,chronological_36m,4,5.697714479,5.33247038,-10.20630799,20.14076055,25
full_history_strict_tie_sensitivity,3,real,Shops,matched_screen,chronological_36m,4,15.22031973,20.36826743,-26.70645807,77.73888834,25
full_history_strict_tie_sensitivity,3,real,Hlth,matched_screen,chronological_36m,4,7.703960731,16.36353226,-21.08629932,71.1325069,50
full_history_strict_tie_sensitivity,3,real,Money,matched_screen,chronological_36m,4,0.6570766935,8.685695586,-4.585838268,38.01446722,25
full_history_strict_tie_sensitivity,3,real,Other,matched_screen,chronological_36m,4,-4.967444178,-8.024349694,-42.4124605,20.24995008,75
full_history_strict_tie_sensitivity,3,real,BusEq minus MKT,matched_screen,chronological_36m,4,27.75515218,35.8143723,-30.81428271,118.5614676,25
full_history_strict_tie_sensitivity,3,real,Chems minus MKT,matched_screen,chronological_36m,4,-14.09378371,-12.66713112,-48.93854905,26.457592,75
full_history_strict_tie_sensitivity,3,real,Durbl minus MKT,matched_screen,chronological_36m,4,-28.68218849,-20.68150461,-35.3535115,9.99187004,75
full_history_strict_tie_sensitivity,3,real,Enrgy minus MKT,matched_screen,chronological_36m,4,-5.303186804,-0.6425960704,-63.255067,71.29105632,50
full_history_strict_tie_sensitivity,3,real,Hlth minus MKT,matched_screen,chronological_36m,4,2.870814385,4.378158379,-8.62606866,20.39707341,50
full_history_strict_tie_sensitivity,3,real,Manuf minus MKT,matched_screen,chronological_36m,4,-10.37221309,-8.19263748,-34.4272369,22.40111315,75
full_history_strict_tie_sensitivity,3,real,Money minus MKT,matched_screen,chronological_36m,4,-9.598109983,-3.299678298,-36.52756591,42.52507268,75
full_history_strict_tie_sensitivity,3,real,NoDur minus MKT,matched_screen,chronological_36m,4,-19.01429386,-14.00268228,-69.66087642,51.67873502,75
full_history_strict_tie_sensitivity,3,real,Other minus MKT,matched_screen,chronological_36m,4,-12.40886174,-20.00972358,-54.29208305,-0.9290877793,100
full_history_strict_tie_sensitivity,3,real,Shops minus MKT,matched_screen,chronological_36m,4,8.986884931,8.382893548,-3.508732047,19.06653638,25
full_history_strict_tie_sensitivity,3,real,Telcm minus MKT,matched_screen,chronological_36m,4,-20.43481795,-2.086333775,-42.45124279,74.97554359,75
full_history_strict_tie_sensitivity,3,real,Utils minus MKT,matched_screen,chronological_36m,4,-1.743703084,-6.652903503,-54.40127258,31.27706474,50
unconditional_same_eligible_months,1,nominal,MKT,extended_CPI_overlap,monthly_pool,894,13.92384518,12.73760861,-42.5673857,67.01839753,20.80536913
unconditional_same_eligible_months,1,nominal,CASH,extended_CPI_overlap,monthly_pool,894,3.52563955,3.958959969,0,15.21787816,0
unconditional_same_eligible_months,1,nominal,NoDur,extended_CPI_overlap,monthly_pool,894,13.01788233,13.1269972,-45.30344304,63.43355217,19.12751678
unconditional_same_eligible_months,1,nominal,Durbl,extended_CPI_overlap,monthly_pool,894,10.92402373,14.99895264,-65.12117332,260.8320136,29.53020134
unconditional_same_eligible_months,1,nominal,Manuf,extended_CPI_overlap,monthly_pool,894,13.9162192,13.43343719,-54.53872077,84.18216355,25.27964206
unconditional_same_eligible_months,1,nominal,Enrgy,extended_CPI_overlap,monthly_pool,894,13.93673161,13.77314191,-54.39154299,97.83660381,25.05592841
unconditional_same_eligible_months,1,nominal,Chems,extended_CPI_overlap,monthly_pool,894,11.6888508,12.41440542,-40.52363707,63.73618931,22.93064877
unconditional_same_eligible_months,1,nominal,BusEq,extended_CPI_overlap,monthly_pool,894,14.72890558,15.23370163,-63.43139899,104.9627011,21.58836689
unconditional_same_eligible_months,1,nominal,Telcm,extended_CPI_overlap,monthly_pool,894,10.27954288,11.34173957,-46.0556282,73.731335,22.14765101
unconditional_same_eligible_months,1,nominal,Utils,extended_CPI_overlap,monthly_pool,894,11.9770001,11.47363681,-36.66088963,51.01052983,18.45637584
unconditional_same_eligible_months,1,nominal,Shops,extended_CPI_overlap,monthly_pool,894,13.07371595,13.68328408,-47.88343746,106.5029189,22.25950783
unconditional_same_eligible_months,1,nominal,Hlth,extended_CPI_overlap,monthly_pool,894,14.81792012,14.62254966,-43.6008658,75.21867821,22.81879195
unconditional_same_eligible_months,1,nominal,Money,extended_CPI_overlap,monthly_pool,894,12.78934526,13.61759676,-61.82905708,79.86940217,23.82550336
unconditional_same_eligible_months,1,nominal,Other,extended_CPI_overlap,monthly_pool,894,12.59772065,11.46357101,-53.13817421,83.5060222,27.29306488
unconditional_same_eligible_months,1,nominal,BusEq minus MKT,extended_CPI_overlap,monthly_pool,894,2.106151456,2.496093021,-36.39905002,76.17029613,43.51230425
unconditional_same_eligible_months,1,nominal,Chems minus MKT,extended_CPI_overlap,monthly_pool,894,-0.8676047308,-0.3232031944,-39.20302102,32.45953928,53.80313199
unconditional_same_eligible_months,1,nominal,Durbl minus MKT,extended_CPI_overlap,monthly_pool,894,-0.9414353177,2.261344023,-37.23234276,196.0402079,52.12527964
unconditional_same_eligible_months,1,nominal,Enrgy minus MKT,extended_CPI_overlap,monthly_pool,894,0.5163122225,1.035533292,-63.2836631,86.54618203,48.32214765
unconditional_same_eligible_months,1,nominal,Hlth minus MKT,extended_CPI_overlap,monthly_pool,894,1.528541041,1.884941047,-33.87191117,46.9930867,45.52572707
unconditional_same_eligible_months,1,nominal,Manuf minus MKT,extended_CPI_overlap,monthly_pool,894,-0.1733267442,0.695828577,-20.63833768,30.94586897,51.11856823
unconditional_same_eligible_months,1,nominal,Money minus MKT,extended_CPI_overlap,monthly_pool,894,1.053052414,0.8799881421,-36.78983231,51.81571858,44.85458613
unconditional_same_eligible_months,1,nominal,NoDur minus MKT,extended_CPI_overlap,monthly_pool,894,0.68757851,0.3893885837,-41.15417823,50.21362541,46.75615213
unconditional_same_eligible_months,1,nominal,Other minus MKT,extended_CPI_overlap,monthly_pool,894,-1.584800521,-1.274037606,-22.41668888,32.20122141,60.40268456
unconditional_same_eligible_months,1,nominal,Shops minus MKT,extended_CPI_overlap,monthly_pool,894,-0.02970264832,0.9456754638,-27.41060715,46.44324249,50.11185682
unconditional_same_eligible_months,1,nominal,Telcm minus MKT,extended_CPI_overlap,monthly_pool,894,-1.509171847,-1.395869047,-35.79442888,41.0996584,54.58612975
unconditional_same_eligible_months,1,nominal,Utils minus MKT,extended_CPI_overlap,monthly_pool,894,-1.457872339,-1.263971809,-42.23746645,65.20609479,54.92170022
unconditional_same_eligible_months,1,real,MKT,extended_CPI_overlap,monthly_pool,894,10.39267678,9.058343982,-47.47162674,62.98576016,26.73378076
unconditional_same_eligible_months,1,real,CASH,extended_CPI_overlap,monthly_pool,894,0.6389268428,0.4653946793,-8.799513985,6.98738276,38.59060403
unconditional_same_eligible_months,1,real,NoDur,extended_CPI_overlap,monthly_pool,894,9.024543512,9.43356391,-51.14062501,60.59512667,27.85234899
unconditional_same_eligible_months,1,real,Durbl,extended_CPI_overlap,monthly_pool,894,7.153731849,11.3382084,-65.12412492,251.4558095,37.80760626
unconditional_same_eligible_months,1,real,Manuf,extended_CPI_overlap,monthly_pool,894,10.23962351,9.738626837,-54.54256789,80.30323451,30.20134228
unconditional_same_eligible_months,1,real,Enrgy,extended_CPI_overlap,monthly_pool,894,10.39963869,9.864607935,-55.06292091,85.28264056,29.75391499
unconditional_same_eligible_months,1,real,Chems,extended_CPI_overlap,monthly_pool,894,7.68750442,8.758353993,-41.9381071,64.70055895,30.31319911
unconditional_same_eligible_months,1,real,BusEq,extended_CPI_overlap,monthly_pool,894,11.20257466,11.54882325,-64.35536701,100.0139035,26.84563758
unconditional_same_eligible_months,1,real,Telcm,extended_CPI_overlap,monthly_pool,894,6.841655713,7.710584258,-46.83482468,71.37202057,31.99105145
unconditional_same_eligible_months,1,real,Utils,extended_CPI_overlap,monthly_pool,894,8.53951985,7.829729138,-43.42039943,47.77783259,28.74720358
unconditional_same_eligible_months,1,real,Shops,extended_CPI_overlap,monthly_pool,894,9.576269329,10.01735137,-53.44528405,101.516933,27.85234899
unconditional_same_eligible_months,1,real,Hlth,extended_CPI_overlap,monthly_pool,894,10.89100179,10.90870689,-49.61974573,74.28285893,29.86577181
unconditional_same_eligible_months,1,real,Money,extended_CPI_overlap,monthly_pool,894,8.712731109,9.915920002,-61.83228726,76.08130112,29.64205817
unconditional_same_eligible_months,1,real,Other,extended_CPI_overlap,monthly_pool,894,8.828176961,7.794814334,-53.14213986,79.07529329,33.6689038
unconditional_same_eligible_months,1,real,BusEq minus MKT,extended_CPI_overlap,monthly_pool,894,2.063795108,2.490479269,-35.15817331,73.79557513,43.51230425
unconditional_same_eligible_months,1,real,Chems minus MKT,extended_CPI_overlap,monthly_pool,894,-0.8464308257,-0.2999899892,-37.93181709,31.59956276,53.80313199
unconditional_same_eligible_months,1,real,Durbl minus MKT,extended_CPI_overlap,monthly_pool,894,-0.9249136579,2.279864422,-36.07156972,190.9461116,52.12527964
unconditional_same_eligible_months,1,real,Enrgy minus MKT,extended_CPI_overlap,monthly_pool,894,0.4955373571,0.8062639537,-62.4154499,79.73801389,48.32214765
unconditional_same_eligible_months,1,real,Hlth minus MKT,extended_CPI_overlap,monthly_pool,894,1.489471703,1.850362909,-32.41093553,45.43203342,45.52572707
unconditional_same_eligible_months,1,real,Manuf minus MKT,extended_CPI_overlap,monthly_pool,894,-0.1673992501,0.6802828557,-20.30000428,30.25420596,51.11856823
unconditional_same_eligible_months,1,real,Money minus MKT,extended_CPI_overlap,monthly_pool,894,1.010375872,0.8575760199,-35.64285518,49.85757496,44.85458613
unconditional_same_eligible_months,1,real,NoDur minus MKT,extended_CPI_overlap,monthly_pool,894,0.6789687583,0.3752199279,-39.8711362,48.50179727,46.75615213
unconditional_same_eligible_months,1,real,Other minus MKT,extended_CPI_overlap,monthly_pool,894,-1.545754541,-1.263529647,-21.21073324,31.43547279,60.40268456
unconditional_same_eligible_months,1,real,Shops minus MKT,extended_CPI_overlap,monthly_pool,894,-0.02884603955,0.959007391,-26.55604117,44.45281781,50.11185682
unconditional_same_eligible_months,1,real,Telcm minus MKT,extended_CPI_overlap,monthly_pool,894,-1.482574181,-1.347759724,-31.78010041,37.50672451,54.58612975
unconditional_same_eligible_months,1,real,Utils minus MKT,extended_CPI_overlap,monthly_pool,894,-1.427550026,-1.228614844,-41.34266631,63.31767297,54.92170022
unconditional_same_eligible_months,3,nominal,MKT,extended_CPI_overlap,monthly_pool,894,41.7840242,42.06576615,-42.31665497,126.597462,10.06711409
unconditional_same_eligible_months,3,nominal,CASH,extended_CPI_overlap,monthly_pool,894,11.41320406,12.69663098,0.01,42.83989872,0
unconditional_same_eligible_months,3,nominal,NoDur,extended_CPI_overlap,monthly_pool,894,36.33919999,44.30038955,-43.42714181,193.0129613,4.697986577
unconditional_same_eligible_months,3,nominal,Durbl,extended_CPI_overlap,monthly_pool,894,35.02154736,47.09760676,-65.55179403,391.5347988,13.75838926
unconditional_same_eligible_months,3,nominal,Manuf,extended_CPI_overlap,monthly_pool,894,42.51809233,43.55136922,-43.43175826,204.9410401,10.17897092
unconditional_same_eligible_months,3,nominal,Enrgy,extended_CPI_overlap,monthly_pool,894,39.85038348,46.2613979,-52.59565144,267.7794513,13.19910515
unconditional_same_eligible_months,3,nominal,Chems,extended_CPI_overlap,monthly_pool,894,38.61200322,40.13289311,-22.12900228,169.6678906,8.165548098
unconditional_same_eligible_months,3,nominal,BusEq,extended_CPI_overlap,monthly_pool,894,49.73127079,51.86919472,-75.6364693,337.9282079,13.75838926
unconditional_same_eligible_months,3,nominal,Telcm,extended_CPI_overlap,monthly_pool,894,33.79381725,38.34031667,-69.18357248,192.3070982,15.77181208
unconditional_same_eligible_months,3,nominal,Utils,extended_CPI_overlap,monthly_pool,894,36.23543375,37.62250034,-30.1306809,127.258236,10.40268456
unconditional_same_eligible_months,3,nominal,Shops,extended_CPI_overlap,monthly_pool,894,42.29804826,44.91448678,-53.07399181,206.5626743,7.829977629
unconditional_same_eligible_months,3,nominal,Hlth,extended_CPI_overlap,monthly_pool,894,44.78964084,51.26183507,-30.49357383,213.6817204,13.08724832
unconditional_same_eligible_months,3,nominal,Money,extended_CPI_overlap,monthly_pool,894,43.67107662,44.83469613,-67.6774266,196.7068451,10.06711409
unconditional_same_eligible_months,3,nominal,Other,extended_CPI_overlap,monthly_pool,894,36.95170411,36.24874937,-51.90118264,140.3372312,15.8836689
unconditional_same_eligible_months,3,nominal,BusEq minus MKT,extended_CPI_overlap,monthly_pool,894,5.640252325,9.803428572,-60.36825601,226.4664742,43.51230425
unconditional_same_eligible_months,3,nominal,Chems minus MKT,extended_CPI_overlap,monthly_pool,894,-4.331486606,-1.932873039,-94.76915508,51.59873825,56.7114094
unconditional_same_eligible_months,3,nominal,Durbl minus MKT,extended_CPI_overlap,monthly_pool,894,-3.584086569,5.031840613,-67.90417762,290.8947867,54.36241611
unconditional_same_eligible_months,3,nominal,Enrgy minus MKT,extended_CPI_overlap,monthly_pool,894,3.067811011,4.195631753,-94.2610562,238.4810029,46.86800895
unconditional_same_eligible_months,3,nominal,Hlth minus MKT,extended_CPI_overlap,monthly_pool,894,6.134385908,9.196068916,-64.85188623,165.6962941,43.17673378
unconditional_same_eligible_months,3,nominal,Manuf minus MKT,extended_CPI_overlap,monthly_pool,894,-0.3037054647,1.485603068,-44.76657459,82.82323889,51.11856823
unconditional_same_eligible_months,3,nominal,Money minus MKT,extended_CPI_overlap,monthly_pool,894,2.711935875,2.76892998,-62.28039719,87.81240531,45.97315436
unconditional_same_eligible_months,3,nominal,NoDur minus MKT,extended_CPI_overlap,monthly_pool,894,1.441865207,2.234623403,-97.80740639,75.41754809,48.098434
unconditional_same_eligible_months,3,nominal,Other minus MKT,extended_CPI_overlap,monthly_pool,894,-7.148930609,-5.81701678,-72.15375037,72.00855745,70.6935123
unconditional_same_eligible_months,3,nominal,Shops minus MKT,extended_CPI_overlap,monthly_pool,894,2.778497441,2.848720629,-58.59322332,116.4228705,45.63758389
unconditional_same_eligible_months,3,nominal,Telcm minus MKT,extended_CPI_overlap,monthly_pool,894,-4.573298274,-3.725449478,-72.82354422,90.93367632,55.70469799
unconditional_same_eligible_months,3,nominal,Utils minus MKT,extended_CPI_overlap,monthly_pool,894,-3.981267567,-4.443265807,-82.23927694,66.03994345,56.82326622
unconditional_same_eligible_months,3,real,MKT,extended_CPI_overlap,monthly_pool,894,29.04408778,28.84858653,-47.26786205,118.3765273,16.3310962
unconditional_same_eligible_months,3,real,CASH,extended_CPI_overlap,monthly_pool,894,1.987409932,1.55771858,-12.98238406,18.36368815,41.38702461
unconditional_same_eligible_months,3,real,NoDur,extended_CPI_overlap,monthly_pool,894,23.95127373,30.67242841,-54.38394043,168.0373398,13.19910515
unconditional_same_eligible_months,3,real,Durbl,extended_CPI_overlap,monthly_pool,894,21.95942076,33.69105997,-67.70657826,342.3926952,26.39821029
unconditional_same_eligible_months,3,real,Manuf,extended_CPI_overlap,monthly_pool,894,28.66876116,30.40819354,-46.97018217,199.8047208,18.45637584
unconditional_same_eligible_months,3,real,Enrgy,extended_CPI_overlap,monthly_pool,894,26.27826558,31.81034278,-55.20102071,211.1910921,22.81879195
unconditional_same_eligible_months,3,real,Chems,extended_CPI_overlap,monthly_pool,894,25.69393729,27.19239441,-34.24390201,146.6821389,22.37136465
unconditional_same_eligible_months,3,real,BusEq,extended_CPI_overlap,monthly_pool,894,34.94848928,38.30060781,-77.34549348,309.2451907,23.37807606
unconditional_same_eligible_months,3,real,Telcm,extended_CPI_overlap,monthly_pool,894,21.77547332,25.39766044,-71.34524684,173.161838,27.62863535
unconditional_same_eligible_months,3,real,Utils,extended_CPI_overlap,monthly_pool,894,24.65735943,24.72765032,-43.55400141,99.23747648,21.36465324
unconditional_same_eligible_months,3,real,Shops,extended_CPI_overlap,monthly_pool,894,29.85558736,31.4576404,-62.83894149,151.0214611,15.43624161
unconditional_same_eligible_months,3,real,Hlth,extended_CPI_overlap,monthly_pool,894,28.99453345,37.34801333,-46.40621719,194.016495,19.57494407
unconditional_same_eligible_months,3,real,Money,extended_CPI_overlap,monthly_pool,894,28.53732399,31.26762827,-69.6992495,177.6824851,15.32438479
unconditional_same_eligible_months,3,real,Other,extended_CPI_overlap,monthly_pool,894,24.98439379,23.30164385,-61.21676387,119.9047749,22.70693512
unconditional_same_eligible_months,3,real,BusEq minus MKT,extended_CPI_overlap,monthly_pool,894,5.189566434,9.452021282,-55.13560608,211.6335823,43.51230425
unconditional_same_eligible_months,3,real,Chems minus MKT,extended_CPI_overlap,monthly_pool,894,-3.989905994,-1.656192118,-88.56205253,48.59163308,56.7114094
unconditional_same_eligible_months,3,real,Durbl minus MKT,extended_CPI_overlap,monthly_pool,894,-3.209561754,4.842473441,-59.30560231,263.0039146,54.36241611
unconditional_same_eligible_months,3,real,Enrgy minus MKT,extended_CPI_overlap,monthly_pool,894,2.666212543,2.961756252,-89.13873965,201.7871402,46.86800895
unconditional_same_eligible_months,3,real,Hlth minus MKT,extended_CPI_overlap,monthly_pool,894,5.260559371,8.4994268,-56.67450481,155.3085196,43.17673378
unconditional_same_eligible_months,3,real,Manuf minus MKT,extended_CPI_overlap,monthly_pool,894,-0.268779747,1.559607011,-42.05424684,81.42819349,51.11856823
unconditional_same_eligible_months,3,real,Money minus MKT,extended_CPI_overlap,monthly_pool,894,2.300054108,2.41904174,-58.50693783,80.45449772,45.97315436
unconditional_same_eligible_months,3,real,NoDur minus MKT,extended_CPI_overlap,monthly_pool,894,1.220591649,1.823841879,-91.40130726,68.52380512,48.098434
unconditional_same_eligible_months,3,real,Other minus MKT,extended_CPI_overlap,monthly_pool,894,-6.577526719,-5.54694268,-67.4278907,68.4171082,70.6935123
unconditional_same_eligible_months,3,real,Shops minus MKT,extended_CPI_overlap,monthly_pool,894,2.624099243,2.609053872,-57.60629975,95.330063,45.63758389
unconditional_same_eligible_months,3,real,Telcm minus MKT,extended_CPI_overlap,monthly_pool,894,-4.167506997,-3.450926092,-71.59693015,85.69581016,55.70469799
unconditional_same_eligible_months,3,real,Utils minus MKT,extended_CPI_overlap,monthly_pool,894,-3.670978891,-4.120936212,-77.51344171,53.48689634,56.82326622
unconditional_same_eligible_months,5,nominal,MKT,extended_CPI_overlap,monthly_pool,894,80.52166122,79.28095942,-27.16814808,247.3718174,6.711409396
unconditional_same_eligible_months,5,nominal,CASH,extended_CPI_overlap,monthly_pool,894,18.66285176,22.67980282,0.1100550165,69.54209212,0
unconditional_same_eligible_months,5,nominal,NoDur,extended_CPI_overlap,monthly_pool,894,67.25561361,84.66708735,-29.85082203,382.3122987,3.243847875
unconditional_same_eligible_months,5,nominal,Durbl,extended_CPI_overlap,monthly_pool,894,71.32270704,85.67027758,-68.54218629,418.654603,10.85011186
unconditional_same_eligible_months,5,nominal,Manuf,extended_CPI_overlap,monthly_pool,894,74.29256848,81.47259592,-25.54331879,273.2287771,3.914988814
unconditional_same_eligible_months,5,nominal,Enrgy,extended_CPI_overlap,monthly_pool,894,74.53370085,84.35254288,-54.45604938,340.6432097,5.704697987
unconditional_same_eligible_months,5,nominal,Chems,extended_CPI_overlap,monthly_pool,894,61.2584675,72.50366406,-12.09116202,308.8663135,3.131991051
unconditional_same_eligible_months,5,nominal,BusEq,extended_CPI_overlap,monthly_pool,894,88.78849694,101.861143,-64.95945657,605.2143517,11.29753915
unconditional_same_eligible_months,5,nominal,Telcm,extended_CPI_overlap,monthly_pool,894,66.39091321,71.5171645,-58.36186582,297.5694761,11.74496644
unconditional_same_eligible_months,5,nominal,Utils,extended_CPI_overlap,monthly_pool,894,67.003497,70.01230518,-24.32675115,217.4857127,3.579418345
unconditional_same_eligible_months,5,nominal,Shops,extended_CPI_overlap,monthly_pool,894,83.8310558,85.473941,-33.58889013,326.3300507,4.921700224
unconditional_same_eligible_months,5,nominal,Hlth,extended_CPI_overlap,monthly_pool,894,86.04230091,97.45391451,-32.72759685,408.6690986,5.81655481
unconditional_same_eligible_months,5,nominal,Money,extended_CPI_overlap,monthly_pool,894,82.7341307,85.45940394,-61.40624491,264.2763284,12.30425056
unconditional_same_eligible_months,5,nominal,Other,extended_CPI_overlap,monthly_pool,894,68.04439718,67.566723,-50.45574178,243.9960313,14.20581655
unconditional_same_eligible_months,5,nominal,BusEq minus MKT,extended_CPI_overlap,monthly_pool,894,10.5732895,22.58018362,-121.0865927,391.5923364,39.03803132
unconditional_same_eligible_months,5,nominal,Chems minus MKT,extended_CPI_overlap,monthly_pool,894,-9.104492072,-6.777295365,-142.7367898,73.8198965,57.60626398
unconditional_same_eligible_months,5,nominal,Durbl minus MKT,extended_CPI_overlap,monthly_pool,894,-5.543281045,6.389318157,-125.0828115,273.6793388,56.82326622
unconditional_same_eligible_months,5,nominal,Enrgy minus MKT,extended_CPI_overlap,monthly_pool,894,7.612102182,5.071583452,-145.3779738,222.1523819,43.7360179
unconditional_same_eligible_months,5,nominal,Hlth minus MKT,extended_CPI_overlap,monthly_pool,894,8.440079792,18.17295508,-98.58849391,269.4540089,38.59060403
unconditional_same_eligible_months,5,nominal,Manuf minus MKT,extended_CPI_overlap,monthly_pool,894,-2.197816417,2.191636491,-73.10315485,82.71977598,53.13199105
unconditional_same_eligible_months,5,nominal,Money minus MKT,extended_CPI_overlap,monthly_pool,894,5.112367489,6.178444516,-60.77317208,130.5241089,44.85458613
unconditional_same_eligible_months,5,nominal,NoDur minus MKT,extended_CPI_overlap,monthly_pool,894,4.119314187,5.386127929,-139.9671059,163.3890302,45.74944072
unconditional_same_eligible_months,5,nominal,Other minus MKT,extended_CPI_overlap,monthly_pool,894,-15.94357506,-11.71423642,-144.2507661,130.0766035,75.16778523
unconditional_same_eligible_months,5,nominal,Shops minus MKT,extended_CPI_overlap,monthly_pool,894,8.969834594,6.192981579,-83.70255435,127.2231654,38.4787472
unconditional_same_eligible_months,5,nominal,Telcm minus MKT,extended_CPI_overlap,monthly_pool,894,-13.98816433,-7.763794926,-114.4791107,144.2819575,59.28411633
unconditional_same_eligible_months,5,nominal,Utils minus MKT,extended_CPI_overlap,monthly_pool,894,-10.54194787,-9.26865424,-167.8477189,90.45870263,60.17897092
unconditional_same_eligible_months,5,real,MKT,extended_CPI_overlap,monthly_pool,894,53.58299817,52.57649578,-46.59957103,201.2730784,18.00894855
unconditional_same_eligible_months,5,real,CASH,extended_CPI_overlap,monthly_pool,894,2.436590738,2.874589837,-14.43207708,30.91849884,41.38702461
unconditional_same_eligible_months,5,real,NoDur,extended_CPI_overlap,monthly_pool,894,44.47719673,56.47574629,-48.5665118,313.2289027,10.29082774
unconditional_same_eligible_months,5,real,Durbl,extended_CPI_overlap,monthly_pool,894,45.62388515,58.58295305,-72.38817226,360.1727259,24.38478747
unconditional_same_eligible_months,5,real,Manuf,extended_CPI_overlap,monthly_pool,894,44.5288187,55.11252469,-45.45689231,236.6527151,13.64653244
unconditional_same_eligible_months,5,real,Enrgy,extended_CPI_overlap,monthly_pool,894,46.69731688,55.42426456,-58.35614589,223.5677899,14.09395973
unconditional_same_eligible_months,5,real,Chems,extended_CPI_overlap,monthly_pool,894,38.43725615,47.0485052,-39.90421448,250.3028609,14.87695749
unconditional_same_eligible_months,5,real,BusEq,extended_CPI_overlap,monthly_pool,894,56.94508349,73.32310147,-68.96979323,525.9814451,21.02908277
unconditional_same_eligible_months,5,real,Telcm,extended_CPI_overlap,monthly_pool,894,34.67098796,45.57843135,-63.12728667,253.5259381,26.28635347
unconditional_same_eligible_months,5,real,Utils,extended_CPI_overlap,monthly_pool,894,40.09939192,44.46002675,-44.0412248,168.5203186,14.09395973
unconditional_same_eligible_months,5,real,Shops,extended_CPI_overlap,monthly_pool,894,59.907177,57.69339447,-52.48456939,265.2652016,14.87695749
unconditional_same_eligible_months,5,real,Hlth,extended_CPI_overlap,monthly_pool,894,58.83662381,68.95947808,-53.92076113,370.7504471,14.87695749
unconditional_same_eligible_months,5,real,Money,extended_CPI_overlap,monthly_pool,894,54.30032525,57.52600788,-66.12466056,216.5763011,16.10738255
unconditional_same_eligible_months,5,real,Other,extended_CPI_overlap,monthly_pool,894,43.52684553,41.92450724,-63.67407154,201.4075097,22.03579418
unconditional_same_eligible_months,5,real,BusEq minus MKT,extended_CPI_overlap,monthly_pool,894,8.979604952,20.7466057,-101.245898,347.5957857,39.03803132
unconditional_same_eligible_months,5,real,Chems minus MKT,extended_CPI_overlap,monthly_pool,894,-7.991057094,-5.52799058,-126.2093721,65.37132212,57.60626398
unconditional_same_eligible_months,5,real,Durbl minus MKT,extended_CPI_overlap,monthly_pool,894,-4.040490431,6.006457271,-111.2258887,239.2316653,56.82326622
unconditional_same_eligible_months,5,real,Enrgy minus MKT,extended_CPI_overlap,monthly_pool,894,6.299125384,2.847768785,-129.487092,187.0483766,43.7360179
unconditional_same_eligible_months,5,real,Hlth minus MKT,extended_CPI_overlap,monthly_pool,894,7.483589919,16.3829823,-91.41415346,249.3676056,38.59060403
unconditional_same_eligible_months,5,real,Manuf minus MKT,extended_CPI_overlap,monthly_pool,894,-1.804057759,2.536028917,-64.88980039,76.31979278,53.13199105
unconditional_same_eligible_months,5,real,Money minus MKT,extended_CPI_overlap,monthly_pool,894,3.982805009,4.949512101,-51.9775488,113.4326783,44.85458613
unconditional_same_eligible_months,5,real,NoDur minus MKT,extended_CPI_overlap,monthly_pool,894,3.104480221,3.899250517,-123.7603884,135.1618577,45.74944072
unconditional_same_eligible_months,5,real,Other minus MKT,extended_CPI_overlap,monthly_pool,894,-13.68627211,-10.65198853,-127.5480458,117.6920646,75.16778523
unconditional_same_eligible_months,5,real,Shops minus MKT,extended_CPI_overlap,monthly_pool,894,7.69938824,5.116898696,-80.5586503,105.2440262,38.4787472
unconditional_same_eligible_months,5,real,Telcm minus MKT,extended_CPI_overlap,monthly_pool,894,-10.90625505,-6.99806443,-102.3497253,120.7209588,59.28411633
unconditional_same_eligible_months,5,real,Utils minus MKT,extended_CPI_overlap,monthly_pool,894,-8.554610499,-8.116469022,-149.2532145,77.87289776,60.17897092
full_history_original,1,nominal,MKT,extended_CPI_overlap,monthly_pool,24,17.94458017,16.17366788,-15.77796299,48.39216251,20.83333333
full_history_original,1,nominal,CASH,extended_CPI_overlap,monthly_pool,24,5.000989018,4.647425244,0.040003,6.019866931,0
full_history_original,1,nominal,NoDur,extended_CPI_overlap,monthly_pool,24,9.652452933,10.84202314,-7.545361776,36.41246608,33.33333333
full_history_original,1,nominal,Durbl,extended_CPI_overlap,monthly_pool,24,13.9667695,17.94040326,-16.46546168,54.34991878,16.66666667
full_history_original,1,nominal,Manuf,extended_CPI_overlap,monthly_pool,24,6.363582024,7.860454288,-19.06049698,39.06785186,29.16666667
full_history_original,1,nominal,Enrgy,extended_CPI_overlap,monthly_pool,24,11.56435901,13.68164413,-14.0840287,81.31184522,37.5
full_history_original,1,nominal,Chems,extended_CPI_overlap,monthly_pool,24,1.864453693,6.50435558,-10.42793626,37.1622714,37.5
full_history_original,1,nominal,BusEq,extended_CPI_overlap,monthly_pool,24,37.2998382,28.98830966,-52.17701301,104.0432282,25
full_history_original,1,nominal,Telcm,extended_CPI_overlap,monthly_pool,24,45.37915724,32.09472231,-40.08912236,73.731335,20.83333333
full_history_original,1,nominal,Utils,extended_CPI_overlap,monthly_pool,24,19.17997666,19.78208567,-5.709307116,50.37024435,4.166666667
full_history_original,1,nominal,Shops,extended_CPI_overlap,monthly_pool,24,24.97230029,23.72166019,-21.53489747,54.36585164,12.5
full_history_original,1,nominal,Hlth,extended_CPI_overlap,monthly_pool,24,27.58759487,25.32122677,-9.335940675,55.33101989,8.333333333
full_history_original,1,nominal,Money,extended_CPI_overlap,monthly_pool,24,11.01904587,17.89871573,-10.65011117,61.37193132,16.66666667
full_history_original,1,nominal,Other,extended_CPI_overlap,monthly_pool,24,0.4152606321,4.233871795,-25.24022414,39.72772345,45.83333333
full_history_original,1,nominal,BusEq minus MKT,extended_CPI_overlap,monthly_pool,24,3.526425633,12.81464177,-36.39905002,64.74694209,33.33333333
full_history_original,1,nominal,Chems minus MKT,extended_CPI_overlap,monthly_pool,24,-10.62887431,-9.669312304,-26.87136525,16.64467423,83.33333333
full_history_original,1,nominal,Durbl minus MKT,extended_CPI_overlap,monthly_pool,24,3.887858838,1.76673538,-21.08228036,20.6983777,41.66666667
full_history_original,1,nominal,Enrgy minus MKT,extended_CPI_overlap,monthly_pool,24,-13.65323148,-2.492023752,-29.04202579,86.54618203,75
full_history_original,1,nominal,Hlth minus MKT,extended_CPI_overlap,monthly_pool,24,6.528630398,9.147558885,-11.2600811,46.9930867,20.83333333
full_history_original,1,nominal,Manuf minus MKT,extended_CPI_overlap,monthly_pool,24,-12.31659572,-8.313213596,-20.63833768,24.58387081,87.5
full_history_original,1,nominal,Money minus MKT,extended_CPI_overlap,monthly_pool,24,-2.357924809,1.725047842,-20.32248434,51.61725408,50
full_history_original,1,nominal,NoDur minus MKT,extended_CPI_overlap,monthly_pool,24,-11.40334416,-5.331644746,-32.20180452,50.21362541,75
full_history_original,1,nominal,Other minus MKT,extended_CPI_overlap,monthly_pool,24,-14.1194832,-11.93979609,-21.44367944,11.52282651,87.5
full_history_original,1,nominal,Shops minus MKT,extended_CPI_overlap,monthly_pool,24,8.694597509,7.547992302,-8.566739819,21.20562868,12.5
full_history_original,1,nominal,Telcm minus MKT,extended_CPI_overlap,monthly_pool,24,21.98260596,15.92105442,-28.4970099,35.08663305,20.83333333
full_history_original,1,nominal,Utils minus MKT,extended_CPI_overlap,monthly_pool,24,-4.155171444,3.608417787,-31.60266371,61.96235682,62.5
full_history_original,1,real,MKT,extended_CPI_overlap,monthly_pool,24,15.72443517,13.53902824,-22.42048856,46.3769603,20.83333333
full_history_original,1,real,CASH,extended_CPI_overlap,monthly_pool,24,3.033062256,2.114171589,-8.147720827,3.760915784,8.333333333
full_history_original,1,real,NoDur,extended_CPI_overlap,monthly_pool,24,7.886701972,8.170230038,-9.518918844,34.55995111,37.5
full_history_original,1,real,Durbl,extended_CPI_overlap,monthly_pool,24,11.76032092,15.26778091,-22.69891976,52.25380877,20.83333333
full_history_original,1,real,Manuf,extended_CPI_overlap,monthly_pool,24,4.295283464,5.344686055,-25.72951226,37.17927609,33.33333333
full_history_original,1,real,Enrgy,extended_CPI_overlap,monthly_pool,24,9.34643156,10.62566049,-15.4511127,67.04892226,37.5
full_history_original,1,real,Chems,extended_CPI_overlap,monthly_pool,24,0.155486361,3.988742009,-13.73978456,35.29957389,50
full_history_original,1,real,BusEq,extended_CPI_overlap,monthly_pool,24,35.32153931,26.17760559,-53.80734211,99.52521537,25
full_history_original,1,real,Telcm,extended_CPI_overlap,monthly_pool,24,42.44698752,29.29006662,-42.07928897,71.37202057,20.83333333
full_history_original,1,real,Utils,extended_CPI_overlap,monthly_pool,24,15.88736367,16.84589328,-7.311333451,45.37512742,4.166666667
full_history_original,1,real,Shops,extended_CPI_overlap,monthly_pool,24,22.66376448,20.97760659,-28.00003438,52.26952526,12.5
full_history_original,1,real,Hlth,extended_CPI_overlap,monthly_pool,24,25.2758288,22.45556049,-16.80621137,53.22158629,8.333333333
full_history_original,1,real,Money,extended_CPI_overlap,monthly_pool,24,9.39438882,15.14503868,-18.01210071,59.18046065,20.83333333
full_history_original,1,real,Other,extended_CPI_overlap,monthly_pool,24,-1.667149064,1.855250995,-31.40006043,37.83018647,54.16666667
full_history_original,1,real,BusEq minus MKT,extended_CPI_overlap,monthly_pool,24,3.474039096,12.63857735,-35.15817331,63.31328748,33.33333333
full_history_original,1,real,Chems minus MKT,extended_CPI_overlap,monthly_pool,24,-10.44735051,-9.550286227,-26.43085107,16.07724215,83.33333333
full_history_original,1,real,Durbl minus MKT,extended_CPI_overlap,monthly_pool,24,3.828837277,1.728752674,-20.639641,20.3546777,41.66666667
full_history_original,1,real,Enrgy minus MKT,extended_CPI_overlap,monthly_pool,24,-13.43965296,-2.913367744,-28.56592701,79.73801389,75
full_history_original,1,real,Hlth minus MKT,extended_CPI_overlap,monthly_pool,24,6.229451589,8.916532254,-11.01075555,45.43203342,20.83333333
full_history_original,1,real,Manuf minus MKT,extended_CPI_overlap,monthly_pool,24,-12.08767841,-8.194342181,-20.30000428,23.74578431,87.5
full_history_original,1,real,Money minus MKT,extended_CPI_overlap,monthly_pool,24,-2.325531031,1.606010446,-19.89579751,49.85757496,50
full_history_original,1,real,NoDur minus MKT,extended_CPI_overlap,monthly_pool,24,-11.23210854,-5.368798198,-31.48877833,48.50179727,75
full_history_original,1,real,Other minus MKT,extended_CPI_overlap,monthly_pool,24,-13.90908583,-11.68377724,-21.09214371,11.13000288,87.5
full_history_original,1,real,Shops minus MKT,extended_CPI_overlap,monthly_pool,24,8.569021315,7.438578352,-8.377051385,20.48270952,12.5
full_history_original,1,real,Telcm minus MKT,extended_CPI_overlap,monthly_pool,24,21.63331488,15.75103839,-27.55037383,34.48465651,20.83333333
full_history_original,1,real,Utils minus MKT,extended_CPI_overlap,monthly_pool,24,-4.076151563,3.306865046,-30.90290395,59.90404256,62.5
full_history_original,3,nominal,MKT,extended_CPI_overlap,monthly_pool,24,31.4074688,34.88810148,-39.75713111,111.4617337,12.5
full_history_original,3,nominal,CASH,extended_CPI_overlap,monthly_pool,24,15.82881369,14.82130129,8.821169517,16.37801037,0
full_history_original,3,nominal,NoDur,extended_CPI_overlap,monthly_pool,24,6.438934143,9.292537898,-0.7229168946,23.15078625,4.166666667
full_history_original,3,nominal,Durbl,extended_CPI_overlap,monthly_pool,24,4.182695417,7.623090814,-26.1095593,64.91848536,41.66666667
full_history_original,3,nominal,Manuf,extended_CPI_overlap,monthly_pool,24,29.55012341,29.24302861,-16.6708988,68.87830587,12.5
full_history_original,3,nominal,Enrgy,extended_CPI_overlap,monthly_pool,24,38.08079666,40.02862515,0.2555728903,107.8473022,0
full_history_original,3,nominal,Chems,extended_CPI_overlap,monthly_pool,24,-1.765715259,-1.731220479,-16.48970213,17.77306547,54.16666667
full_history_original,3,nominal,BusEq,extended_CPI_overlap,monthly_pool,24,66.4597401,97.47984645,-74.36479385,337.9282079,12.5
full_history_original,3,nominal,Telcm,extended_CPI_overlap,monthly_pool,24,16.89708368,39.50854219,-66.49096507,192.3070982,37.5
full_history_original,3,nominal,Utils,extended_CPI_overlap,monthly_pool,24,33.48980434,32.95918716,-3.15222586,55.70148392,4.166666667
full_history_original,3,nominal,Shops,extended_CPI_overlap,monthly_pool,24,35.58439959,36.20871382,-26.13625134,102.2345081,12.5
full_history_original,3,nominal,Hlth,extended_CPI_overlap,monthly_pool,24,53.11852089,50.90582206,-14.88693594,89.703358,12.5
full_history_original,3,nominal,Money,extended_CPI_overlap,monthly_pool,24,28.76943993,29.41823219,5.789446265,60.94413267,0
full_history_original,3,nominal,Other,extended_CPI_overlap,monthly_pool,24,8.713815849,5.062014114,-38.22056663,39.30798334,33.33333333
full_history_original,3,nominal,BusEq minus MKT,extended_CPI_overlap,monthly_pool,24,35.0522713,62.59174497,-34.60766273,226.4664742,16.66666667
full_history_original,3,nominal,Chems minus MKT,extended_CPI_overlap,monthly_pool,24,-31.08155924,-36.61932196,-94.76915508,38.60123455,87.5
full_history_original,3,nominal,Durbl minus MKT,extended_CPI_overlap,monthly_pool,24,-29.29008332,-27.26501067,-53.94781371,16.90494183,87.5
full_history_original,3,nominal,Enrgy minus MKT,extended_CPI_overlap,monthly_pool,24,12.92822119,5.140523668,-64.95830913,83.1892354,41.66666667
full_history_original,3,nominal,Hlth minus MKT,extended_CPI_overlap,monthly_pool,24,20.74820438,16.01772058,-21.75837572,44.48321659,20.83333333
full_history_original,3,nominal,Manuf minus MKT,extended_CPI_overlap,monthly_pool,24,-3.681747064,-5.645072867,-44.76657459,26.78347897,54.16666667
full_history_original,3,nominal,Money minus MKT,extended_CPI_overlap,monthly_pool,24,-3.193116893,-5.469869294,-62.28039719,55.35656417,54.16666667
full_history_original,3,nominal,NoDur minus MKT,extended_CPI_overlap,monthly_pool,24,-22.17089809,-25.59556358,-97.80740639,62.90791736,87.5
full_history_original,3,nominal,Other minus MKT,extended_CPI_overlap,monthly_pool,24,-27.89979675,-29.82608737,-72.15375037,2.304658313,95.83333333
full_history_original,3,nominal,Shops minus MKT,extended_CPI_overlap,monthly_pool,24,3.44405003,1.320612337,-26.34942954,21.06360762,45.83333333
full_history_original,3,nominal,Telcm minus MKT,extended_CPI_overlap,monthly_pool,24,-8.11162848,4.620440711,-50.54970868,80.84536451,62.5
full_history_original,3,nominal,Utils minus MKT,extended_CPI_overlap,monthly_pool,24,4.516043895,-1.928914318,-81.55205136,43.69301876,45.83333333
full_history_original,3,real,MKT,extended_CPI_overlap,monthly_pool,24,21.05786676,24.44046725,-44.21956585,97.61160846,16.66666667
full_history_original,3,real,CASH,extended_CPI_overlap,monthly_pool,24,7.21598203,5.789209168,-6.743028855,8.535352425,8.333333333
full_history_original,3,real,NoDur,extended_CPI_overlap,monthly_pool,24,-0.5430601126,0.6961958404,-10.58520212,14.02850578,54.16666667
full_history_original,3,real,Durbl,extended_CPI_overlap,monthly_pool,24,-3.372630914,-0.6505656987,-31.49150268,54.3034863,58.33333333
full_history_original,3,real,Manuf,extended_CPI_overlap,monthly_pool,24,19.71997009,19.150777,-22.62952539,57.81727064,12.5
full_history_original,3,real,Enrgy,extended_CPI_overlap,monthly_pool,24,28.03589834,28.63584487,-7.046722397,78.11984517,8.333333333
full_history_original,3,real,Chems,extended_CPI_overlap,monthly_pool,24,-10.47321191,-9.475461991,-23.17621661,10.63740327,87.5
full_history_original,3,real,BusEq,extended_CPI_overlap,monthly_pool,24,49.64354618,82.63877445,-76.26369801,309.2451907,12.5
full_history_original,3,real,Telcm,extended_CPI_overlap,monthly_pool,24,7.969814745,29.14140504,-68.97311581,173.161838,45.83333333
full_history_original,3,real,Utils,extended_CPI_overlap,monthly_pool,24,23.38134448,22.49730114,-10.20630799,44.57994936,12.5
full_history_original,3,real,Shops,extended_CPI_overlap,monthly_pool,24,25.3709627,25.6441979,-31.41803755,88.98873915,12.5
full_history_original,3,real,Hlth,extended_CPI_overlap,monthly_pool,24,41.10391418,39.29508581,-21.08629932,77.27834273,20.83333333
full_history_original,3,real,Money,extended_CPI_overlap,monthly_pool,24,20.28215587,19.30914836,-1.775255613,50.40276258,4.166666667
full_history_original,3,real,Other,extended_CPI_overlap,monthly_pool,24,-2.893287548,-3.208467432,-42.63823788,30.18371776,58.33333333
full_history_original,3,real,BusEq minus MKT,extended_CPI_overlap,monthly_pool,24,31.75807026,58.1983072,-32.04413216,211.6335823,16.66666667
full_history_original,3,real,Chems minus MKT,extended_CPI_overlap,monthly_pool,24,-28.65341888,-33.91592924,-88.56205253,35.74188384,87.5
full_history_original,3,real,Durbl minus MKT,extended_CPI_overlap,monthly_pool,24,-27.11200643,-25.09103295,-50.41438965,15.65272391,87.5
full_history_original,3,real,Enrgy minus MKT,extended_CPI_overlap,monthly_pool,24,11.92121738,4.195377622,-60.70372982,71.29105632,41.66666667
full_history_original,3,real,Hlth minus MKT,extended_CPI_overlap,monthly_pool,24,19.08268207,14.85461856,-20.33326573,41.22213313,20.83333333
full_history_original,3,real,Manuf minus MKT,extended_CPI_overlap,monthly_pool,24,-3.216589916,-5.289690254,-42.05424684,24.79951756,54.16666667
full_history_original,3,real,Money minus MKT,extended_CPI_overlap,monthly_pool,24,-2.960443223,-5.131318896,-58.50693783,51.25607793,54.16666667
full_history_original,3,real,NoDur minus MKT,extended_CPI_overlap,monthly_pool,24,-19.86834014,-23.74427141,-91.40130726,58.24807163,87.5
full_history_original,3,real,Other minus MKT,extended_CPI_overlap,monthly_pool,24,-25.80682806,-27.64893468,-67.4278907,2.133942883,95.83333333
full_history_original,3,real,Shops minus MKT,extended_CPI_overlap,monthly_pool,24,3.179303372,1.203730653,-24.53380585,19.50334039,45.83333333
full_history_original,3,real,Telcm minus MKT,extended_CPI_overlap,monthly_pool,24,-7.494281925,4.700937794,-43.70465766,75.55022952,62.5
full_history_original,3,real,Utils minus MKT,extended_CPI_overlap,monthly_pool,24,4.083139855,-1.943166113,-76.21063045,40.56865548,45.83333333
full_history_original,5,nominal,MKT,extended_CPI_overlap,monthly_pool,24,-0.2122673573,12.62233074,-17.80010521,83.3750578,50
full_history_original,5,nominal,CASH,extended_CPI_overlap,monthly_pool,24,22.05684187,21.4918738,13.62011765,26.29118761,0
full_history_original,5,nominal,NoDur,extended_CPI_overlap,monthly_pool,24,22.04264474,26.56802523,-6.993500505,75.74634476,4.166666667
full_history_original,5,nominal,Durbl,extended_CPI_overlap,monthly_pool,24,6.150501595,10.94859665,-30.82702412,68.4661472,41.66666667
full_history_original,5,nominal,Manuf,extended_CPI_overlap,monthly_pool,24,23.07197265,34.18576957,-5.946937088,114.498748,8.333333333
full_history_original,5,nominal,Enrgy,extended_CPI_overlap,monthly_pool,24,30.94295442,50.09917355,6.916247409,154.8770937,0
full_history_original,5,nominal,Chems,extended_CPI_overlap,monthly_pool,24,6.686969197,11.7334015,-9.083080794,54.77547905,25
full_history_original,5,nominal,BusEq,extended_CPI_overlap,monthly_pool,24,-16.71323905,-0.05786155927,-62.52513662,155.8548721,70.83333333
full_history_original,5,nominal,Telcm,extended_CPI_overlap,monthly_pool,24,-30.60557041,-24.2002962,-56.37256857,33.19265588,83.33333333
full_history_original,5,nominal,Utils,extended_CPI_overlap,monthly_pool,24,20.29661345,33.8552738,-6.5775159,80.65114633,8.333333333
full_history_original,5,nominal,Shops,extended_CPI_overlap,monthly_pool,24,26.39269165,36.69944546,-1.662734088,104.6431061,4.166666667
full_history_original,5,nominal,Hlth,extended_CPI_overlap,monthly_pool,24,27.54247199,33.56616864,-0.1207592578,110.4724556,4.166666667
full_history_original,5,nominal,Money,extended_CPI_overlap,monthly_pool,24,36.57867319,41.61443885,-1.209839229,96.65957133,4.166666667
full_history_original,5,nominal,Other,extended_CPI_overlap,monthly_pool,24,-18.79205083,-10.27376343,-38.70725323,41.19238374,66.66666667
full_history_original,5,nominal,BusEq minus MKT,extended_CPI_overlap,monthly_pool,24,-13.57787294,-12.6801923,-54.6761867,72.4798143,91.66666667
full_history_original,5,nominal,Chems minus MKT,extended_CPI_overlap,monthly_pool,24,3.446166273,-0.8889292437,-85.4080397,62.62442897,33.33333333
full_history_original,5,nominal,Durbl minus MKT,extended_CPI_overlap,monthly_pool,24,-3.5613685,-1.673734092,-22.06396613,32.71439256,70.83333333
full_history_original,5,nominal,Enrgy minus MKT,extended_CPI_overlap,monthly_pool,24,30.9727846,37.47684281,10.94787886,133.6090992,0
full_history_original,5,nominal,Hlth minus MKT,extended_CPI_overlap,monthly_pool,24,23.07820214,20.9438379,-45.98922877,49.64800924,8.333333333
full_history_original,5,nominal,Manuf minus MKT,extended_CPI_overlap,monthly_pool,24,16.14546733,21.56343883,2.923776379,58.48620242,0
full_history_original,5,nominal,Money minus MKT,extended_CPI_overlap,monthly_pool,24,26.43189909,28.99210811,-29.11193376,87.10869734,8.333333333
full_history_original,5,nominal,NoDur minus MKT,extended_CPI_overlap,monthly_pool,24,12.46913946,13.94569448,-62.78522932,83.59529468,16.66666667
full_history_original,5,nominal,Other minus MKT,extended_CPI_overlap,monthly_pool,24,-24.5542618,-22.89609417,-46.19405874,12.45097083,87.5
full_history_original,5,nominal,Shops minus MKT,extended_CPI_overlap,monthly_pool,24,23.20129886,24.07711472,-27.08017013,51.01398962,8.333333333
full_history_original,5,nominal,Telcm minus MKT,extended_CPI_overlap,monthly_pool,24,-29.53300693,-36.82262694,-93.39685968,-22.9525696,100
full_history_original,5,nominal,Utils minus MKT,extended_CPI_overlap,monthly_pool,24,16.15629476,21.23294306,-10.13974646,83.70247087,8.333333333
full_history_original,5,real,MKT,extended_CPI_overlap,monthly_pool,24,-11.20241286,-1.067153343,-27.5889997,47.3588104,66.66666667
full_history_original,5,real,CASH,extended_CPI_overlap,monthly_pool,24,7.992553977,7.175475471,-4.770638128,13.30731832,8.333333333
full_history_original,5,real,NoDur,extended_CPI_overlap,monthly_pool,24,4.53540103,11.66300507,-18.06931529,55.28523186,37.5
full_history_original,5,real,Durbl,extended_CPI_overlap,monthly_pool,24,-5.421463513,-2.444549119,-39.06458894,42.28566382,58.33333333
full_history_original,5,real,Manuf,extended_CPI_overlap,monthly_pool,24,9.488483102,17.94158018,-17.14738341,74.56563511,25
full_history_original,5,real,Enrgy,extended_CPI_overlap,monthly_pool,24,16.37698452,31.74844233,-4.674230739,104.817306,8.333333333
full_history_original,5,real,Chems,extended_CPI_overlap,monthly_pool,24,-5.085171697,-1.374716591,-21.27444475,36.75588066,62.5
full_history_original,5,real,BusEq,extended_CPI_overlap,monthly_pool,24,-25.89015561,-12.72223537,-66.88811448,105.6030413,75
full_history_original,5,real,Telcm,extended_CPI_overlap,monthly_pool,24,-38.39206971,-33.15089973,-61.45029154,19.23913955,87.5
full_history_original,5,real,Utils,extended_CPI_overlap,monthly_pool,24,7.077466422,17.7901626,-17.70286882,60.64321467,41.66666667
full_history_original,5,real,Shops,extended_CPI_overlap,monthly_pool,24,12.1449642,20.52589881,-13.37337098,83.20430453,29.16666667
full_history_original,5,real,Hlth,extended_CPI_overlap,monthly_pool,24,11.12622592,17.84683743,-11.74553519,88.42296027,25
full_history_original,5,real,Money,extended_CPI_overlap,monthly_pool,24,20.40010587,24.80782596,-12.97440976,76.05714005,12.5
full_history_original,5,real,Other,extended_CPI_overlap,monthly_pool,24,-27.64493628,-21.17768401,-46.00638947,14.90667601,83.33333333
full_history_original,5,real,BusEq minus MKT,extended_CPI_overlap,monthly_pool,24,-12.05161007,-11.65508203,-48.31055997,58.24423093,91.66666667
full_history_original,5,real,Chems minus MKT,extended_CPI_overlap,monthly_pool,24,3.07011608,-0.3075632478,-68.63325514,55.33343516,33.33333333
full_history_original,5,real,Durbl minus MKT,extended_CPI_overlap,monthly_pool,24,-3.181329544,-1.377395776,-17.9563298,28.90564831,70.83333333
full_history_original,5,real,Enrgy minus MKT,extended_CPI_overlap,monthly_pool,24,27.57964483,32.81559568,9.800958221,118.0537779,0
full_history_original,5,real,Hlth minus MKT,extended_CPI_overlap,monthly_pool,24,20.45377665,18.91399078,-36.95659663,44.44678922,8.333333333
full_history_original,5,real,Manuf minus MKT,extended_CPI_overlap,monthly_pool,24,14.41850134,19.00873352,2.349524599,51.67699798,0
full_history_original,5,real,Money minus MKT,extended_CPI_overlap,monthly_pool,24,23.63905059,25.8749793,-23.39412992,76.96714422,8.333333333
full_history_original,5,real,NoDur minus MKT,extended_CPI_overlap,monthly_pool,24,11.08141344,12.73015841,-50.45373572,73.86278636,16.66666667
full_history_original,5,real,Other minus MKT,extended_CPI_overlap,monthly_pool,24,-21.88299657,-20.11053067,-37.67877879,11.00137755,87.5
full_history_original,5,real,Shops minus MKT,extended_CPI_overlap,monthly_pool,24,20.60991734,21.59305216,-22.03866989,45.49434992,8.333333333
full_history_original,5,real,Telcm minus MKT,extended_CPI_overlap,monthly_pool,24,-26.3001599,-32.08374639,-76.00921814,-20.45717434,100
full_history_original,5,real,Utils minus MKT,extended_CPI_overlap,monthly_pool,24,14.39092103,18.85731594,-8.148223616,73.95748466,8.333333333
full_history_original,1,nominal,MKT,extended_CPI_overlap,chronological_60m,2,14.70616125,14.70616125,-5.234336806,34.6466593,50
full_history_original,1,nominal,CASH,extended_CPI_overlap,chronological_60m,2,2.635664653,2.635664653,0.040003,5.231326306,0
full_history_original,1,nominal,NoDur,extended_CPI_overlap,chronological_60m,2,11.92574521,11.92574521,1.765683029,22.08580738,0
full_history_original,1,nominal,Durbl,extended_CPI_overlap,chronological_60m,2,20.70454996,20.70454996,0.8689779796,40.54012194,0
full_history_original,1,nominal,Manuf,extended_CPI_overlap,chronological_60m,2,8.392884547,8.392884547,-10.32608295,27.11185204,50
full_history_original,1,nominal,Enrgy,extended_CPI_overlap,chronological_60m,2,52.13822331,52.13822331,22.96460141,81.31184522,0
full_history_original,1,nominal,Chems,extended_CPI_overlap,chronological_60m,2,13.97659548,13.97659548,-0.08868691929,28.04187787,50
full_history_original,1,nominal,BusEq,extended_CPI_overlap,chronological_60m,2,16.44041477,16.44041477,-6.20162552,39.08245506,50
full_history_original,1,nominal,Telcm,extended_CPI_overlap,chronological_60m,2,14.10885902,14.10885902,-17.23434069,45.45205874,50
full_history_original,1,nominal,Utils,extended_CPI_overlap,chronological_60m,2,22.19975828,22.19975828,19.51659826,24.88291831,0
full_history_original,1,nominal,Shops,extended_CPI_overlap,chronological_60m,2,14.9925387,14.9925387,-12.46978429,42.45486168,50
full_history_original,1,nominal,Hlth,extended_CPI_overlap,chronological_60m,2,17.67956407,17.67956407,-3.386053948,38.74518209,50
full_history_original,1,nominal,Money,extended_CPI_overlap,chronological_60m,2,19.23240053,19.23240053,-3.979569714,42.44437077,50
full_history_original,1,nominal,Other,extended_CPI_overlap,chronological_60m,2,5.058020195,5.058020195,-17.00754819,27.12358858,50
full_history_original,1,nominal,BusEq minus MKT,extended_CPI_overlap,chronological_60m,2,1.734253525,1.734253525,-0.9672887143,4.435795763,50
full_history_original,1,nominal,Chems minus MKT,extended_CPI_overlap,chronological_60m,2,-0.7295657698,-0.7295657698,-6.604781426,5.145649887,50
full_history_original,1,nominal,Durbl minus MKT,extended_CPI_overlap,chronological_60m,2,5.998388715,5.998388715,5.893462645,6.103314786,0
full_history_original,1,nominal,Enrgy minus MKT,extended_CPI_overlap,chronological_60m,2,37.43206207,37.43206207,-11.68205789,86.54618203,50
full_history_original,1,nominal,Hlth minus MKT,extended_CPI_overlap,chronological_60m,2,2.973402823,2.973402823,1.848282858,4.098522789,0
full_history_original,1,nominal,Manuf minus MKT,extended_CPI_overlap,chronological_60m,2,-6.313276699,-6.313276699,-7.534807258,-5.091746141,100
full_history_original,1,nominal,Money minus MKT,extended_CPI_overlap,chronological_60m,2,4.52623928,4.52623928,1.254767092,7.797711467,0
full_history_original,1,nominal,NoDur minus MKT,extended_CPI_overlap,chronological_60m,2,-2.78041604,-2.78041604,-12.56085191,7.000019836,50
full_history_original,1,nominal,Other minus MKT,extended_CPI_overlap,chronological_60m,2,-9.648141051,-9.648141051,-11.77321138,-7.523070718,100
full_history_original,1,nominal,Shops minus MKT,extended_CPI_overlap,chronological_60m,2,0.2863774489,0.2863774489,-7.235447484,7.808202381,50
full_history_original,1,nominal,Telcm minus MKT,extended_CPI_overlap,chronological_60m,2,-0.5973022219,-0.5973022219,-12.00000389,10.80539944,50
full_history_original,1,nominal,Utils minus MKT,extended_CPI_overlap,chronological_60m,2,7.493597037,7.493597037,-9.763740988,24.75093506,50
full_history_original,1,real,MKT,extended_CPI_overlap,chronological_60m,2,10.02295878,10.02295878,-12.68909163,32.7350092,50
full_history_original,1,real,CASH,extended_CPI_overlap,chronological_60m,2,-2.046178621,-2.046178621,-7.829658545,3.737301303,50
full_history_original,1,real,NoDur,extended_CPI_overlap,chronological_60m,2,7.056380488,7.056380488,-6.239729389,20.35249037,50
full_history_original,1,real,Durbl,extended_CPI_overlap,chronological_60m,2,15.73945211,15.73945211,-7.065895004,38.54479922,50
full_history_original,1,real,Manuf,extended_CPI_overlap,chronological_60m,2,3.963441391,3.963441391,-17.38029482,25.3071776,50
full_history_original,1,real,Enrgy,extended_CPI_overlap,chronological_60m,2,44.13386497,44.13386497,21.21880769,67.04892226,0
full_history_original,1,real,Chems,extended_CPI_overlap,chronological_60m,2,9.137887153,9.137887153,-7.948225053,26.22399936,50
full_history_original,1,real,BusEq,extended_CPI_overlap,chronological_60m,2,11.76376959,11.76376959,-13.58028844,37.10782761,50
full_history_original,1,real,Telcm,extended_CPI_overlap,chronological_60m,2,9.820942598,9.820942598,-23.74511345,43.38699865,50
full_history_original,1,real,Utils,extended_CPI_overlap,chronological_60m,2,16.61234835,16.61234835,10.11480748,23.10988922,0
full_history_original,1,real,Shops,extended_CPI_overlap,chronological_60m,2,10.5384964,10.5384964,-19.35536158,40.43235438,50
full_history_original,1,real,Hlth,extended_CPI_overlap,chronological_60m,2,12.89456943,12.89456943,-10.98620422,36.77534308,50
full_history_original,1,real,Money,extended_CPI_overlap,chronological_60m,2,14.44449072,14.44449072,-11.53303098,40.42201242,50
full_history_original,1,real,Other,extended_CPI_overlap,chronological_60m,2,0.8912929467,0.8912929467,-23.53616161,25.31874751,50
full_history_original,1,real,BusEq minus MKT,extended_CPI_overlap,chronological_60m,2,1.740810805,1.740810805,-0.8911968053,4.372818416,50
full_history_original,1,real,Chems minus MKT,extended_CPI_overlap,chronological_60m,2,-0.8850716282,-0.8850716282,-6.511009838,4.740866582,50
full_history_original,1,real,Durbl minus MKT,extended_CPI_overlap,chronological_60m,2,5.716493329,5.716493329,5.623196631,5.809790027,0
full_history_original,1,real,Enrgy minus MKT,extended_CPI_overlap,chronological_60m,2,34.11090619,34.11090619,-11.51620151,79.73801389,50
full_history_original,1,real,Hlth minus MKT,extended_CPI_overlap,chronological_60m,2,2.87161065,2.87161065,1.702887415,4.040333885,0
full_history_original,1,real,Manuf minus MKT,extended_CPI_overlap,chronological_60m,2,-6.059517391,-6.059517391,-7.427831599,-4.691203182,100
full_history_original,1,real,Money minus MKT,extended_CPI_overlap,chronological_60m,2,4.421531936,4.421531936,1.156060654,7.687003218,0
full_history_original,1,real,NoDur minus MKT,extended_CPI_overlap,chronological_60m,2,-2.966578293,-2.966578293,-12.38251883,6.449362246,50
full_history_original,1,real,Other minus MKT,extended_CPI_overlap,chronological_60m,2,-9.131665835,-9.131665835,-10.84706998,-7.416261689,100
full_history_original,1,real,Shops minus MKT,extended_CPI_overlap,chronological_60m,2,0.5155376218,0.5155376218,-6.666269943,7.697345187,50
full_history_original,1,real,Telcm minus MKT,extended_CPI_overlap,chronological_60m,2,-0.2020161829,-0.2020161829,-11.05602182,10.65198945,50
full_history_original,1,real,Utils minus MKT,extended_CPI_overlap,chronological_60m,2,6.589389571,6.589389571,-9.625119974,22.80389912,50
full_history_original,3,nominal,MKT,extended_CPI_overlap,chronological_60m,2,57.78495701,57.78495701,24.65806681,90.91184721,0
full_history_original,3,nominal,CASH,extended_CPI_overlap,chronological_60m,2,12.17830521,12.17830521,8.821169517,15.5354409,0
full_history_original,3,nominal,NoDur,extended_CPI_overlap,chronological_60m,2,2.515984667,2.515984667,0.250247205,4.781722129,0
full_history_original,3,nominal,Durbl,extended_CPI_overlap,chronological_60m,2,10.36674976,10.36674976,-16.59579786,37.32929738,50
full_history_original,3,nominal,Manuf,extended_CPI_overlap,chronological_60m,2,32.65663373,32.65663373,19.16799483,46.14527262,0
full_history_original,3,nominal,Enrgy,extended_CPI_overlap,chronological_60m,2,72.79675408,72.79675408,37.74620594,107.8473022,0
full_history_original,3,nominal,Chems,extended_CPI_overlap,chronological_60m,2,10.5488426,10.5488426,3.324619738,17.77306547,0
full_history_original,3,nominal,BusEq,extended_CPI_overlap,chronological_60m,2,171.9698744,171.9698744,47.44286058,296.4968883,0
full_history_original,3,nominal,Telcm,extended_CPI_overlap,chronological_60m,2,61.98112213,61.98112213,-24.87811081,148.8403551,50
full_history_original,3,nominal,Utils,extended_CPI_overlap,chronological_60m,2,23.42007959,23.42007959,19.26074437,27.57941481,0
full_history_original,3,nominal,Shops,extended_CPI_overlap,chronological_60m,2,48.16532977,48.16532977,20.56374207,75.76691748,0
full_history_original,3,nominal,Hlth,extended_CPI_overlap,chronological_60m,2,45.07928003,45.07928003,14.59234338,75.56621668,0
full_history_original,3,nominal,Money,extended_CPI_overlap,chronological_60m,2,22.81947824,22.81947824,17.00750645,28.63145003,0
full_history_original,3,nominal,Other,extended_CPI_overlap,chronological_60m,2,19.82071095,19.82071095,12.10463876,27.53678315,0
full_history_original,3,nominal,BusEq minus MKT,extended_CPI_overlap,chronological_60m,2,114.1849174,114.1849174,22.78479376,205.585041,0
full_history_original,3,nominal,Chems minus MKT,extended_CPI_overlap,chronological_60m,2,-47.23611441,-47.23611441,-73.13878174,-21.33344708,100
full_history_original,3,nominal,Durbl minus MKT,extended_CPI_overlap,chronological_60m,2,-47.41820726,-47.41820726,-53.58254984,-41.25386468,100
full_history_original,3,nominal,Enrgy minus MKT,extended_CPI_overlap,chronological_60m,2,15.01179706,15.01179706,-53.16564128,83.1892354,50
full_history_original,3,nominal,Hlth minus MKT,extended_CPI_overlap,chronological_60m,2,-12.70567698,-12.70567698,-15.34563053,-10.06572344,100
full_history_original,3,nominal,Manuf minus MKT,extended_CPI_overlap,chronological_60m,2,-25.12832329,-25.12832329,-44.76657459,-5.490071981,100
full_history_original,3,nominal,Money minus MKT,extended_CPI_overlap,chronological_60m,2,-34.96547878,-34.96547878,-62.28039719,-7.650560368,100
full_history_original,3,nominal,NoDur minus MKT,extended_CPI_overlap,chronological_60m,2,-55.26897235,-55.26897235,-90.66160001,-19.87634469,100
full_history_original,3,nominal,Other minus MKT,extended_CPI_overlap,chronological_60m,2,-37.96424606,-37.96424606,-63.37506406,-12.55342806,100
full_history_original,3,nominal,Shops minus MKT,extended_CPI_overlap,chronological_60m,2,-9.61962724,-9.61962724,-15.14492973,-4.094324748,100
full_history_original,3,nominal,Telcm minus MKT,extended_CPI_overlap,chronological_60m,2,4.196165114,4.196165114,-49.53617763,57.92850785,50
full_history_original,3,nominal,Utils minus MKT,extended_CPI_overlap,chronological_60m,2,-34.36487742,-34.36487742,-71.65110284,2.921347994,50
full_history_original,3,real,MKT,extended_CPI_overlap,chronological_60m,2,43.08681207,43.08681207,6.828788842,79.34483529,0
full_history_original,3,real,CASH,extended_CPI_overlap,chronological_60m,2,0.896161785,0.896161785,-6.743028855,8.535352425,50
full_history_original,3,real,NoDur,extended_CPI_overlap,chronological_60m,2,-8.014235381,-8.014235381,-10.2047324,-5.823738361,100
full_history_original,3,real,Durbl,extended_CPI_overlap,chronological_60m,2,0.2420174698,0.2420174698,-28.52472265,29.00875759,50
full_history_original,3,real,Manuf,extended_CPI_overlap,chronological_60m,2,19.70726271,19.70726271,2.123936959,37.29058846,0
full_history_original,3,real,Enrgy,extended_CPI_overlap,chronological_60m,2,53.76012578,53.76012578,29.4004064,78.11984517,0
full_history_original,3,real,Chems,extended_CPI_overlap,chronological_60m,2,-0.4080143882,-0.4080143882,-11.45343205,10.63740327,50
full_history_original,3,real,BusEq,extended_CPI_overlap,chronological_60m,2,149.4143092,149.4143092,26.35477688,272.4738415,0
full_history_original,3,real,Telcm,extended_CPI_overlap,chronological_60m,2,49.07055157,49.07055157,-35.62245394,133.7635571,50
full_history_original,3,real,Utils,extended_CPI_overlap,chronological_60m,2,10.68362801,10.68362801,9.332309681,12.03494633,0
full_history_original,3,real,Shops,extended_CPI_overlap,chronological_60m,2,34.21878346,34.21878346,3.320056795,65.11751013,0
full_history_original,3,real,Hlth,extended_CPI_overlap,chronological_60m,2,31.56584481,31.56584481,-1.797279818,64.92896944,50
full_history_original,3,real,Money,extended_CPI_overlap,chronological_60m,2,10.55517545,10.55517545,0.2724534285,20.83789747,0
full_history_original,3,real,Other,extended_CPI_overlap,chronological_60m,2,7.940187597,7.940187597,-3.929179331,19.80955452,50
full_history_original,3,real,BusEq minus MKT,extended_CPI_overlap,chronological_60m,2,106.3274971,106.3274971,19.52598804,193.1290062,0
full_history_original,3,real,Chems minus MKT,extended_CPI_overlap,chronological_60m,2,-43.49482646,-43.49482646,-68.70743203,-18.28222089,100
full_history_original,3,real,Durbl minus MKT,extended_CPI_overlap,chronological_60m,2,-42.8447946,-42.8447946,-50.3360777,-35.3535115,100
full_history_original,3,real,Enrgy minus MKT,extended_CPI_overlap,chronological_60m,2,10.67331372,10.67331372,-49.94442889,71.29105632,50
full_history_original,3,real,Hlth minus MKT,extended_CPI_overlap,chronological_60m,2,-11.52096726,-11.52096726,-14.41586586,-8.62606866,100
full_history_original,3,real,Manuf minus MKT,extended_CPI_overlap,chronological_60m,2,-23.37954936,-23.37954936,-42.05424684,-4.704851883,100
full_history_original,3,real,Money minus MKT,extended_CPI_overlap,chronological_60m,2,-32.53163662,-32.53163662,-58.50693783,-6.556335414,100
full_history_original,3,real,NoDur minus MKT,extended_CPI_overlap,chronological_60m,2,-51.10104745,-51.10104745,-85.16857366,-17.03352124,100
full_history_original,3,real,Other minus MKT,extended_CPI_overlap,chronological_60m,2,-35.14662447,-35.14662447,-59.53528077,-10.75796817,100
full_history_original,3,real,Shops minus MKT,extended_CPI_overlap,chronological_60m,2,-8.868028607,-8.868028607,-14.22732517,-3.508732047,100
full_history_original,3,real,Telcm minus MKT,extended_CPI_overlap,chronological_60m,2,5.983739501,5.983739501,-42.45124279,54.41872179,50
full_history_original,3,real,Utils minus MKT,extended_CPI_overlap,chronological_60m,2,-32.40318406,-32.40318406,-67.30988896,2.503520839,50
full_history_original,5,nominal,MKT,extended_CPI_overlap,chronological_60m,2,65.19648947,65.19648947,47.01792114,83.3750578,0
full_history_original,5,nominal,CASH,extended_CPI_overlap,chronological_60m,2,22.39786956,22.39786956,18.50455151,26.29118761,0
full_history_original,5,nominal,NoDur,extended_CPI_overlap,chronological_60m,2,32.12421857,32.12421857,20.58982848,43.65860867,0
full_history_original,5,nominal,Durbl,extended_CPI_overlap,chronological_60m,2,56.11044046,56.11044046,43.75473371,68.4661472,0
full_history_original,5,nominal,Manuf,extended_CPI_overlap,chronological_60m,2,74.10287692,74.10287692,61.90691966,86.29883418,0
full_history_original,5,nominal,Enrgy,extended_CPI_overlap,chronological_60m,2,111.3627821,111.3627821,67.84847048,154.8770937,0
full_history_original,5,nominal,Chems,extended_CPI_overlap,chronological_60m,2,13.16008347,13.16008347,-2.032981905,28.35314884,50
full_history_original,5,nominal,BusEq,extended_CPI_overlap,chronological_60m,2,99.11413102,99.11413102,42.37338993,155.8548721,0
full_history_original,5,nominal,Telcm,extended_CPI_overlap,chronological_60m,2,7.133512081,7.133512081,-8.056282859,22.32330702,50
full_history_original,5,nominal,Utils,extended_CPI_overlap,chronological_60m,2,65.22947724,65.22947724,57.22364314,73.23531134,0
full_history_original,5,nominal,Shops,extended_CPI_overlap,chronological_60m,2,78.98525833,78.98525833,60.42346887,97.54704778,0
full_history_original,5,nominal,Hlth,extended_CPI_overlap,chronological_60m,2,65.53452777,65.53452777,37.38582902,93.68322651,0
full_history_original,5,nominal,Money,extended_CPI_overlap,chronological_60m,2,63.60145633,63.60145633,54.26312404,72.93978862,0
full_history_original,5,nominal,Other,extended_CPI_overlap,chronological_60m,2,24.39014213,24.39014213,11.5992852,37.18099906,0
full_history_original,5,nominal,BusEq minus MKT,extended_CPI_overlap,chronological_60m,2,33.91764155,33.91764155,-4.644531209,72.4798143,50
full_history_original,5,nominal,Chems minus MKT,extended_CPI_overlap,chronological_60m,2,-52.036406,-52.036406,-85.4080397,-18.6647723,100
full_history_original,5,nominal,Durbl minus MKT,extended_CPI_overlap,chronological_60m,2,-9.086049011,-9.086049011,-14.9089106,-3.263187425,100
full_history_original,5,nominal,Enrgy minus MKT,extended_CPI_overlap,chronological_60m,2,46.16629263,46.16629263,20.83054934,71.50203592,0
full_history_original,5,nominal,Hlth minus MKT,extended_CPI_overlap,chronological_60m,2,0.3380383011,0.3380383011,-45.98922877,46.66530538,50
full_history_original,5,nominal,Manuf minus MKT,extended_CPI_overlap,chronological_60m,2,8.906387452,8.906387452,2.923776379,14.88899852,0
full_history_original,5,nominal,Money minus MKT,extended_CPI_overlap,chronological_60m,2,-1.595033137,-1.595033137,-29.11193376,25.92186748,50
full_history_original,5,nominal,NoDur minus MKT,extended_CPI_overlap,chronological_60m,2,-33.0722709,-33.0722709,-62.78522932,-3.359312473,100
full_history_original,5,nominal,Other minus MKT,extended_CPI_overlap,chronological_60m,2,-40.80634734,-40.80634734,-46.19405874,-35.41863594,100
full_history_original,5,nominal,Shops minus MKT,extended_CPI_overlap,chronological_60m,2,13.78876886,13.78876886,-22.95158892,50.52912665,50
full_history_original,5,nominal,Telcm minus MKT,extended_CPI_overlap,chronological_60m,2,-58.06297739,-58.06297739,-91.43134066,-24.69461412,100
full_history_original,5,nominal,Utils minus MKT,extended_CPI_overlap,chronological_60m,2,0.03298777135,0.03298777135,-10.13974646,10.20572201,50
full_history_original,5,real,MKT,extended_CPI_overlap,chronological_60m,2,39.63098387,39.63098387,31.90315734,47.3588104,0
full_history_original,5,real,CASH,extended_CPI_overlap,chronological_60m,2,4.268340098,4.268340098,-4.770638128,13.30731832,50
full_history_original,5,real,NoDur,extended_CPI_overlap,chronological_60m,2,12.89714353,12.89714353,-3.094925322,28.88921238,50
full_history_original,5,real,Durbl,extended_CPI_overlap,chronological_60m,2,32.17678872,32.17678872,28.97545491,35.37812253,0
full_history_original,5,real,Manuf,extended_CPI_overlap,chronological_60m,2,47.48488399,47.48488399,45.26143298,49.70833499,0
full_history_original,5,real,Enrgy,extended_CPI_overlap,chronological_60m,2,77.70472249,77.70472249,50.59213896,104.817306,0
full_history_original,5,real,Chems,extended_CPI_overlap,chronological_60m,2,-3.058576672,-3.058576672,-21.27444475,15.1572914,50
full_history_original,5,real,BusEq,extended_CPI_overlap,chronological_60m,2,66.66958351,66.66958351,27.73612568,105.6030413,0
full_history_original,5,real,Telcm,extended_CPI_overlap,chronological_60m,2,-8.183676172,-8.183676172,-26.11472387,9.747371525,50
full_history_original,5,real,Utils,extended_CPI_overlap,chronological_60m,2,40.13511308,40.13511308,39.21058678,41.05963938,0
full_history_original,5,real,Shops,extended_CPI_overlap,chronological_60m,2,53.07626129,53.07626129,28.91508702,77.23743557,0
full_history_original,5,real,Hlth,extended_CPI_overlap,chronological_60m,2,42.08653181,42.08653181,10.40221377,73.77084986,0
full_history_original,5,real,Money,extended_CPI_overlap,chronological_60m,2,39.56235215,39.56235215,23.96468047,55.16002384,0
full_history_original,5,real,Other,extended_CPI_overlap,chronological_60m,2,5.181744748,5.181744748,0.1258755445,10.23761395,0
full_history_original,5,real,BusEq minus MKT,extended_CPI_overlap,chronological_60m,2,27.03859964,27.03859964,-4.167031652,58.24423093,50
full_history_original,5,real,Chems minus MKT,extended_CPI_overlap,chronological_60m,2,-42.68956054,-42.68956054,-68.63325514,-16.74586593,100
full_history_original,5,real,Durbl minus MKT,extended_CPI_overlap,chronological_60m,2,-7.454195146,-7.454195146,-11.98068787,-2.927702426,100
full_history_original,5,real,Enrgy minus MKT,extended_CPI_overlap,chronological_60m,2,38.07373862,38.07373862,18.68898162,57.45849562,0
full_history_original,5,real,Hlth minus MKT,extended_CPI_overlap,chronological_60m,2,2.455547945,2.455547945,-36.95659663,41.86769252,50
full_history_original,5,real,Manuf minus MKT,extended_CPI_overlap,chronological_60m,2,7.853900121,7.853900121,2.349524599,13.35827564,0
full_history_original,5,real,Money minus MKT,extended_CPI_overlap,chronological_60m,2,-0.06863171128,-0.06863171128,-23.39412992,23.2568665,50
full_history_original,5,real,NoDur minus MKT,extended_CPI_overlap,chronological_60m,2,-26.73384034,-26.73384034,-50.45373572,-3.013944955,100
full_history_original,5,real,Other minus MKT,extended_CPI_overlap,chronological_60m,2,-34.44923912,-34.44923912,-37.12119644,-31.77728179,100
full_history_original,5,real,Shops minus MKT,extended_CPI_overlap,chronological_60m,2,13.44527743,13.44527743,-18.44372338,45.33427823,50
full_history_original,5,real,Telcm minus MKT,extended_CPI_overlap,chronological_60m,2,-47.81466004,-47.81466004,-73.47353426,-22.15578581,100
full_history_original,5,real,Utils minus MKT,extended_CPI_overlap,chronological_60m,2,0.5041292155,0.5041292155,-8.148223616,9.156482047,50
full_history_original,1,nominal,MKT,extended_CPI_overlap,chronological_12m,4,4.86336464,8.195319029,-11.59211246,34.6466593,50
full_history_original,1,nominal,CASH,extended_CPI_overlap,chronological_12m,4,4.98036672,3.970879451,0.040003,5.882781366,0
full_history_original,1,nominal,NoDur,extended_CPI_overlap,chronological_12m,4,11.92574521,11.58347209,-0.08066657956,22.56306453,25
full_history_original,1,nominal,Durbl,extended_CPI_overlap,chronological_12m,4,7.177982335,9.607656234,-16.46546168,40.54012194,25
full_history_original,1,nominal,Manuf,extended_CPI_overlap,chronological_12m,4,-0.4502663417,3.971309103,-10.32608295,27.11185204,50
full_history_original,1,nominal,Enrgy,extended_CPI_overlap,chronological_12m,4,22.66640424,29.13490114,-10.10504915,81.31184522,25
full_history_original,1,nominal,Chems,extended_CPI_overlap,chronological_12m,4,-3.027066406,2.889952199,-10.42793626,28.04187787,75
full_history_original,1,nominal,BusEq,extended_CPI_overlap,chronological_12m,4,16.44041477,9.495236458,-37.79352292,42.89363921,50
full_history_original,1,nominal,Telcm,extended_CPI_overlap,chronological_12m,4,13.85518259,8.268325393,-40.08912236,45.45205874,50
full_history_original,1,nominal,Utils,extended_CPI_overlap,chronological_12m,4,22.19975828,24.26385374,2.285654034,50.37024435,0
full_history_original,1,nominal,Shops,extended_CPI_overlap,chronological_12m,4,9.040122065,12.01633038,-12.46978429,42.45486168,50
full_history_original,1,nominal,Hlth,extended_CPI_overlap,chronological_12m,4,29.92771059,23.80363733,-3.386053948,38.74518209,25
full_history_original,1,nominal,Money,extended_CPI_overlap,chronological_12m,4,14.7801314,17.00626596,-3.979569714,42.44437077,25
full_history_original,1,nominal,Other,extended_CPI_overlap,chronological_12m,4,-6.401000211,-0.6714900082,-17.00754819,27.12358858,75
full_history_original,1,nominal,BusEq minus MKT,extended_CPI_overlap,chronological_12m,4,1.734253525,1.299917429,-26.20141045,27.93257312,50
full_history_original,1,nominal,Chems minus MKT,extended_CPI_overlap,chronological_12m,4,-2.720302614,-5.30536683,-20.92651198,5.145649887,50
full_history_original,1,nominal,Durbl minus MKT,extended_CPI_overlap,chronological_12m,4,2.209691625,1.412337205,-4.873349215,6.103314786,50
full_history_original,1,nominal,Enrgy minus MKT,extended_CPI_overlap,chronological_12m,4,11.13913082,20.93958211,-25.06611524,86.54618203,50
full_history_original,1,nominal,Hlth minus MKT,extended_CPI_overlap,chronological_12m,4,6.79595182,15.6083183,1.848282858,46.9930867,0
full_history_original,1,nominal,Manuf minus MKT,extended_CPI_overlap,chronological_12m,4,-6.313276699,-4.224009927,-17.04355018,12.77406388,75
full_history_original,1,nominal,Money minus MKT,extended_CPI_overlap,chronological_12m,4,4.52623928,8.810946932,-10.61915206,36.81046123,25
full_history_original,1,nominal,NoDur minus MKT,extended_CPI_overlap,chronological_12m,4,-2.78041604,3.388153062,-15.04173267,34.15517699,50
full_history_original,1,nominal,Other minus MKT,extended_CPI_overlap,chronological_12m,4,-9.648141051,-8.866809037,-16.43111613,0.2601620873,75
full_history_original,1,nominal,Shops minus MKT,extended_CPI_overlap,chronological_12m,4,4.427011311,3.821011351,-7.235447484,13.66547026,25
full_history_original,1,nominal,Telcm minus MKT,extended_CPI_overlap,chronological_12m,4,-0.5973022219,0.07300636382,-28.4970099,29.98363979,50
full_history_original,1,nominal,Utils minus MKT,extended_CPI_overlap,chronological_12m,4,7.493597037,16.06853471,-12.67541205,61.96235682,50
full_history_original,1,real,MKT,extended_CPI_overlap,chronological_12m,4,0.1936834051,4.648365217,-14.52891514,32.7350092,50
full_history_original,1,real,CASH,extended_CPI_overlap,chronological_12m,4,2.689007769,0.3214145743,-7.829658545,3.737301303,25
full_history_original,1,real,NoDur,extended_CPI_overlap,chronological_12m,4,8.386489952,7.72143522,-6.239729389,20.35249037,50
full_history_original,1,real,Durbl,extended_CPI_overlap,chronological_12m,4,2.280324641,5.966267724,-19.24037761,38.54479922,50
full_history_original,1,real,Manuf,extended_CPI_overlap,chronological_12m,4,-2.933439716,0.5150008371,-17.38029482,25.3071776,75
full_history_original,1,real,Enrgy,extended_CPI_overlap,chronological_12m,4,19.76104575,23.74806922,-11.57873687,67.04892226,25
full_history_original,1,real,Chems,extended_CPI_overlap,chronological_12m,4,-7.727610507,-0.6586582789,-13.40341146,26.22399936,75
full_history_original,1,real,BusEq,extended_CPI_overlap,chronological_12m,4,11.76376959,6.054678288,-39.85994655,40.55112053,50
full_history_original,1,real,Telcm,extended_CPI_overlap,chronological_12m,4,9.411724855,5.032789847,-42.07928897,43.38699865,50
full_history_original,1,real,Utils,extended_CPI_overlap,chronological_12m,4,16.61234835,19.80216604,0.6088400332,45.37512742,0
full_history_original,1,real,Shops,extended_CPI_overlap,chronological_12m,4,6.500034414,8.519265409,-19.35536158,40.43235438,50
full_history_original,1,real,Hlth,extended_CPI_overlap,chronological_12m,4,26.65866419,19.77661681,-10.98620422,36.77534308,25
full_history_original,1,real,Money,extended_CPI_overlap,chronological_12m,4,11.84506905,13.14477989,-11.53303098,40.42201242,25
full_history_original,1,real,Other,extended_CPI_overlap,chronological_12m,4,-8.681345226,-3.895026139,-23.53616161,25.31874751,75
full_history_original,1,real,BusEq minus MKT,extended_CPI_overlap,chronological_12m,4,1.740810805,1.406313071,-25.33103141,27.47466209,50
full_history_original,1,real,Chems minus MKT,extended_CPI_overlap,chronological_12m,4,-2.69275308,-5.307023496,-20.58345441,4.740866582,50
full_history_original,1,real,Durbl minus MKT,extended_CPI_overlap,chronological_12m,4,2.086641236,1.317902507,-4.711462471,5.809790027,50
full_history_original,1,real,Enrgy minus MKT,extended_CPI_overlap,chronological_12m,4,10.65799872,19.099704,-24.65519531,79.73801389,50
full_history_original,1,real,Hlth minus MKT,extended_CPI_overlap,chronological_12m,4,6.689042771,15.1282516,1.702887415,45.43203342,0
full_history_original,1,real,Manuf minus MKT,extended_CPI_overlap,chronological_12m,4,-6.059517391,-4.13336438,-16.76414772,12.34972498,75
full_history_original,1,real,Money minus MKT,extended_CPI_overlap,chronological_12m,4,4.421531936,8.496414669,-10.4450676,35.5876624,25
full_history_original,1,real,NoDur minus MKT,extended_CPI_overlap,chronological_12m,4,-2.966578293,3.073070003,-14.79514688,33.02058348,50
full_history_original,1,real,Other minus MKT,extended_CPI_overlap,chronological_12m,4,-9.131665835,-8.543391356,-16.16175358,0.2515198187,75
full_history_original,1,real,Shops minus MKT,extended_CPI_overlap,chronological_12m,4,4.354212275,3.870900192,-6.666269943,13.44144616,25
full_history_original,1,real,Telcm minus MKT,extended_CPI_overlap,chronological_12m,4,-0.2020161829,0.3844246305,-27.55037383,29.49210472,50
full_history_original,1,real,Utils minus MKT,extended_CPI_overlap,chronological_12m,4,6.589389571,15.15380082,-12.46761841,59.90404256,50
full_history_original,3,nominal,MKT,extended_CPI_overlap,chronological_36m,3,24.65806681,25.27092764,-39.75713111,90.91184721,33.33333333
full_history_original,3,nominal,CASH,extended_CPI_overlap,chronological_36m,3,11.00475385,11.78712142,8.821169517,15.5354409,0
full_history_original,3,nominal,NoDur,extended_CPI_overlap,chronological_36m,3,4.781722129,9.39425186,0.250247205,23.15078625,0
full_history_original,3,nominal,Durbl,extended_CPI_overlap,chronological_36m,3,-16.59579786,-0.7062299239,-22.85218929,37.32929738,66.66666667
full_history_original,3,nominal,Manuf,extended_CPI_overlap,chronological_36m,3,19.16799483,17.44653844,-12.97365215,46.14527262,33.33333333
full_history_original,3,nominal,Enrgy,extended_CPI_overlap,chronological_36m,3,37.74620594,51.28913427,8.273894663,107.8473022,0
full_history_original,3,nominal,Chems,extended_CPI_overlap,chronological_36m,3,3.324619738,6.647262882,-1.155896563,17.77306547,33.33333333
full_history_original,3,nominal,BusEq,extended_CPI_overlap,chronological_36m,3,47.44286058,89.85831833,-74.36479385,296.4968883,33.33333333
full_history_original,3,nominal,Telcm,extended_CPI_overlap,chronological_36m,3,-24.87811081,19.15709306,-66.49096507,148.8403551,66.66666667
full_history_original,3,nominal,Utils,extended_CPI_overlap,chronological_36m,3,19.26074437,15.63606753,0.06804339712,27.57941481,0
full_history_original,3,nominal,Shops,extended_CPI_overlap,chronological_36m,3,20.56374207,25.87904535,-18.69352349,75.76691748,33.33333333
full_history_original,3,nominal,Hlth,extended_CPI_overlap,chronological_36m,3,14.59234338,25.25059945,-14.40676172,75.56621668,33.33333333
full_history_original,3,nominal,Money,extended_CPI_overlap,chronological_36m,3,17.00750645,20.41279651,15.59943305,28.63145003,0
full_history_original,3,nominal,Other,extended_CPI_overlap,chronological_36m,3,12.10463876,0.729649702,-37.4524728,27.53678315,33.33333333
full_history_original,3,nominal,BusEq minus MKT,extended_CPI_overlap,chronological_36m,3,22.78479376,64.58739069,-34.60766273,205.585041,33.33333333
full_history_original,3,nominal,Chems minus MKT,extended_CPI_overlap,chronological_36m,3,-21.33344708,-18.62366476,-73.13878174,38.60123455,66.66666667
full_history_original,3,nominal,Durbl minus MKT,extended_CPI_overlap,chronological_36m,3,-41.25386468,-25.97715756,-53.58254984,16.90494183,66.66666667
full_history_original,3,nominal,Enrgy minus MKT,extended_CPI_overlap,chronological_36m,3,48.03102578,26.01820663,-53.16564128,83.1892354,33.33333333
full_history_original,3,nominal,Hlth minus MKT,extended_CPI_overlap,chronological_36m,3,-10.06572344,-0.02032819049,-15.34563053,25.3503694,66.66666667
full_history_original,3,nominal,Manuf minus MKT,extended_CPI_overlap,chronological_36m,3,-5.490071981,-7.824389201,-44.76657459,26.78347897,66.66666667
full_history_original,3,nominal,Money minus MKT,extended_CPI_overlap,chronological_36m,3,-7.650560368,-4.858131129,-62.28039719,55.35656417,66.66666667
full_history_original,3,nominal,NoDur minus MKT,extended_CPI_overlap,chronological_36m,3,-19.87634469,-15.87667578,-90.66160001,62.90791736,66.66666667
full_history_original,3,nominal,Other minus MKT,extended_CPI_overlap,chronological_36m,3,-12.55342806,-24.54127794,-63.37506406,2.304658313,66.66666667
full_history_original,3,nominal,Shops minus MKT,extended_CPI_overlap,chronological_36m,3,-4.094324748,0.6081177146,-15.14492973,21.06360762,66.66666667
full_history_original,3,nominal,Telcm minus MKT,extended_CPI_overlap,chronological_36m,3,-26.73383396,-6.113834577,-49.53617763,57.92850785,66.66666667
full_history_original,3,nominal,Utils minus MKT,extended_CPI_overlap,chronological_36m,3,2.921347994,-9.634860111,-71.65110284,39.82517451,33.33333333
full_history_original,3,real,MKT,extended_CPI_overlap,chronological_36m,3,6.828788842,13.9846861,-44.21956585,79.34483529,33.33333333
full_history_original,3,real,CASH,extended_CPI_overlap,chronological_36m,3,2.782179491,1.524834354,-6.743028855,8.535352425,33.33333333
full_history_original,3,real,NoDur,extended_CPI_overlap,chronological_36m,3,-5.823738361,-0.6666549932,-10.2047324,14.02850578,66.66666667
full_history_original,3,real,Durbl,extended_CPI_overlap,chronological_36m,3,-28.52472265,-9.360935664,-28.56684193,29.00875759,66.66666667
full_history_original,3,real,Manuf,extended_CPI_overlap,chronological_36m,3,2.123936959,6.664825711,-19.42004828,37.29058846,33.33333333
full_history_original,3,real,Enrgy,extended_CPI_overlap,chronological_36m,3,29.4004064,35.92461925,0.2536061692,78.11984517,0
full_history_original,3,real,Chems,extended_CPI_overlap,chronological_36m,3,-8.477682003,-3.097903593,-11.45343205,10.63740327,66.66666667
full_history_original,3,real,BusEq,extended_CPI_overlap,chronological_36m,3,26.35477688,74.18830679,-76.26369801,272.4738415,33.33333333
full_history_original,3,real,Telcm,extended_CPI_overlap,chronological_36m,3,-35.62245394,9.722662444,-68.97311581,133.7635571,66.66666667
full_history_original,3,real,Utils,extended_CPI_overlap,chronological_36m,3,9.332309681,4.674283917,-7.344404262,12.03494633,33.33333333
full_history_original,3,real,Shops,extended_CPI_overlap,chronological_36m,3,3.320056795,14.57378049,-24.71622545,65.11751013,33.33333333
full_history_original,3,real,Hlth,extended_CPI_overlap,chronological_36m,3,-1.797279818,14.12822934,-20.74700159,64.92896944,66.66666667
full_history_original,3,real,Money,extended_CPI_overlap,chronological_36m,3,7.036512087,9.382287661,0.2724534285,20.83789747,0
full_history_original,3,real,Other,extended_CPI_overlap,chronological_36m,3,-3.929179331,-8.73508259,-42.08562296,19.80955452,66.66666667
full_history_original,3,real,BusEq minus MKT,extended_CPI_overlap,chronological_36m,3,19.52598804,60.2036207,-32.04413216,193.1290062,33.33333333
full_history_original,3,real,Chems minus MKT,extended_CPI_overlap,chronological_36m,3,-18.28222089,-17.08258969,-68.70743203,35.74188384,66.66666667
full_history_original,3,real,Durbl minus MKT,extended_CPI_overlap,chronological_36m,3,-35.3535115,-23.34562176,-50.3360777,15.65272391,66.66666667
full_history_original,3,real,Enrgy minus MKT,extended_CPI_overlap,chronological_36m,3,44.47317202,21.93993315,-49.94442889,71.29105632,33.33333333
full_history_original,3,real,Hlth minus MKT,extended_CPI_overlap,chronological_36m,3,-8.62606866,0.1435432454,-14.41586586,23.47256426,66.66666667
full_history_original,3,real,Manuf minus MKT,extended_CPI_overlap,chronological_36m,3,-4.704851883,-7.319860385,-42.05424684,24.79951756,66.66666667
full_history_original,3,real,Money minus MKT,extended_CPI_overlap,chronological_36m,3,-6.556335414,-4.602398436,-58.50693783,51.25607793,66.66666667
full_history_original,3,real,NoDur minus MKT,extended_CPI_overlap,chronological_36m,3,-17.03352124,-14.65134109,-85.16857366,58.24807163,66.66666667
full_history_original,3,real,Other minus MKT,extended_CPI_overlap,chronological_36m,3,-10.75796817,-22.71976869,-59.53528077,2.133942883,66.66666667
full_history_original,3,real,Shops minus MKT,extended_CPI_overlap,chronological_36m,3,-3.508732047,0.5890943932,-14.22732517,19.50334039,66.66666667
full_history_original,3,real,Telcm minus MKT,extended_CPI_overlap,chronological_36m,3,-24.75354996,-4.262023653,-42.45124279,54.41872179,66.66666667
full_history_original,3,real,Utils minus MKT,extended_CPI_overlap,chronological_36m,3,2.503520839,-9.310402179,-67.30988896,36.87516158,33.33333333
expanding_prior,1,nominal,MKT,extended_CPI_overlap,monthly_pool,88,14.06952764,12.94453656,-15.77796299,48.39216251,14.77272727
expanding_prior,1,nominal,CASH,extended_CPI_overlap,monthly_pool,88,4.432528524,3.942689073,0,6.019866931,0
expanding_prior,1,nominal,NoDur,extended_CPI_overlap,monthly_pool,88,12.63471952,11.57850594,-12.14333662,36.41246608,19.31818182
expanding_prior,1,nominal,Durbl,extended_CPI_overlap,monthly_pool,88,12.85680398,10.64943802,-27.30077221,54.34991878,26.13636364
expanding_prior,1,nominal,Manuf,extended_CPI_overlap,monthly_pool,88,14.42482437,13.311647,-19.06049698,39.06785186,15.90909091
expanding_prior,1,nominal,Enrgy,extended_CPI_overlap,monthly_pool,88,9.21865812,11.41292422,-32.96356697,81.31184522,25
expanding_prior,1,nominal,Chems,extended_CPI_overlap,monthly_pool,88,5.40835195,7.555943747,-21.2392282,37.1622714,28.40909091
expanding_prior,1,nominal,BusEq,extended_CPI_overlap,monthly_pool,88,19.79290566,21.51258015,-52.17701301,104.0432282,9.090909091
expanding_prior,1,nominal,Telcm,extended_CPI_overlap,monthly_pool,88,4.669670805,10.71685349,-40.08912236,73.731335,35.22727273
expanding_prior,1,nominal,Utils,extended_CPI_overlap,monthly_pool,88,8.87287644,9.455405699,-17.28908883,50.37024435,20.45454545
expanding_prior,1,nominal,Shops,extended_CPI_overlap,monthly_pool,88,18.52228722,14.86251525,-23.13319388,54.36585164,23.86363636
expanding_prior,1,nominal,Hlth,extended_CPI_overlap,monthly_pool,88,20.94220368,20.116919,-9.397652889,55.33101989,11.36363636
expanding_prior,1,nominal,Money,extended_CPI_overlap,monthly_pool,88,5.561604989,11.71227901,-16.31723132,61.37193132,21.59090909
expanding_prior,1,nominal,Other,extended_CPI_overlap,monthly_pool,88,13.30567696,12.90449317,-25.24022414,39.72772345,20.45454545
expanding_prior,1,nominal,BusEq minus MKT,extended_CPI_overlap,monthly_pool,88,4.690339701,8.568043593,-36.39905002,64.74694209,29.54545455
expanding_prior,1,nominal,Chems minus MKT,extended_CPI_overlap,monthly_pool,88,-6.74020021,-5.388592815,-26.87136525,17.58204466,71.59090909
expanding_prior,1,nominal,Durbl minus MKT,extended_CPI_overlap,monthly_pool,88,-2.304007764,-2.295098545,-29.36891616,20.6983777,54.54545455
expanding_prior,1,nominal,Enrgy minus MKT,extended_CPI_overlap,monthly_pool,88,-1.811793355,-1.531612338,-40.20260394,86.54618203,56.81818182
expanding_prior,1,nominal,Hlth minus MKT,extended_CPI_overlap,monthly_pool,88,7.185273843,7.172382439,-12.0007464,46.9930867,22.72727273
expanding_prior,1,nominal,Manuf minus MKT,extended_CPI_overlap,monthly_pool,88,1.022527949,0.367110435,-20.63833768,24.58387081,45.45454545
expanding_prior,1,nominal,Money minus MKT,extended_CPI_overlap,monthly_pool,88,-1.362834956,-1.232257547,-20.32248434,51.61725408,52.27272727
expanding_prior,1,nominal,NoDur minus MKT,extended_CPI_overlap,monthly_pool,88,-0.937684473,-1.366030625,-32.20180452,50.21362541,55.68181818
expanding_prior,1,nominal,Other minus MKT,extended_CPI_overlap,monthly_pool,88,-1.24862704,-0.04004338864,-21.44367944,32.20122141,56.81818182
expanding_prior,1,nominal,Shops minus MKT,extended_CPI_overlap,monthly_pool,88,1.075338013,1.917978685,-15.5540869,21.20562868,45.45454545
expanding_prior,1,nominal,Telcm minus MKT,extended_CPI_overlap,monthly_pool,88,-5.349121232,-2.227683067,-28.4970099,35.08663305,70.45454545
expanding_prior,1,nominal,Utils minus MKT,extended_CPI_overlap,monthly_pool,88,-6.354414377,-3.489130863,-31.60266371,61.96235682,71.59090909
expanding_prior,1,real,MKT,extended_CPI_overlap,monthly_pool,88,12.08996427,10.44798464,-22.42048856,46.3769603,17.04545455
expanding_prior,1,real,CASH,extended_CPI_overlap,monthly_pool,88,2.121294863,1.573098295,-8.147720827,3.760915784,12.5
expanding_prior,1,real,NoDur,extended_CPI_overlap,monthly_pool,88,10.78396949,9.072680259,-15.17472683,34.55995111,26.13636364
expanding_prior,1,real,Durbl,extended_CPI_overlap,monthly_pool,88,10.55285663,8.220379187,-29.66371795,52.25380877,31.81818182
expanding_prior,1,real,Manuf,extended_CPI_overlap,monthly_pool,88,12.7488898,10.76821404,-25.72951226,37.17927609,19.31818182
expanding_prior,1,real,Enrgy,extended_CPI_overlap,monthly_pool,88,6.767864805,8.714079935,-33.12493903,67.04892226,28.40909091
expanding_prior,1,real,Chems,extended_CPI_overlap,monthly_pool,88,4.026506436,5.157913968,-24.11633402,35.29957389,36.36363636
expanding_prior,1,real,BusEq,extended_CPI_overlap,monthly_pool,88,17.83310116,18.83537781,-53.80734211,99.52521537,10.22727273
expanding_prior,1,real,Telcm,extended_CPI_overlap,monthly_pool,88,1.776692053,8.329949316,-42.07928897,71.37202057,44.31818182
expanding_prior,1,real,Utils,extended_CPI_overlap,monthly_pool,88,6.459123865,6.960005801,-20.07567389,45.37512742,22.72727273
expanding_prior,1,real,Shops,extended_CPI_overlap,monthly_pool,88,15.46297625,12.38751598,-28.00003438,52.26952526,23.86363636
expanding_prior,1,real,Hlth,extended_CPI_overlap,monthly_pool,88,18.11040166,17.46700693,-16.80621137,53.22158629,12.5
expanding_prior,1,real,Money,extended_CPI_overlap,monthly_pool,88,3.486404621,9.193940801,-19.1365589,59.18046065,30.68181818
expanding_prior,1,real,Other,extended_CPI_overlap,monthly_pool,88,10.00648033,10.41579511,-31.40006043,37.83018647,25
expanding_prior,1,real,BusEq minus MKT,extended_CPI_overlap,monthly_pool,88,4.623858909,8.387393166,-35.15817331,63.31328748,29.54545455
expanding_prior,1,real,Chems minus MKT,extended_CPI_overlap,monthly_pool,88,-6.627485682,-5.290070672,-26.43085107,17.13484406,71.59090909
expanding_prior,1,real,Durbl minus MKT,extended_CPI_overlap,monthly_pool,88,-2.256977697,-2.227605452,-28.69962509,20.3546777,54.54545455
expanding_prior,1,real,Enrgy minus MKT,extended_CPI_overlap,monthly_pool,88,-1.768820058,-1.733904705,-40.11207656,79.73801389,56.81818182
expanding_prior,1,real,Hlth minus MKT,extended_CPI_overlap,monthly_pool,88,6.984313688,7.019022288,-11.88479716,45.43203342,22.72727273
expanding_prior,1,real,Manuf minus MKT,extended_CPI_overlap,monthly_pool,88,1.002731552,0.3202294,-20.30000428,23.74578431,45.45454545
expanding_prior,1,real,Money minus MKT,extended_CPI_overlap,monthly_pool,88,-1.340454901,-1.254043839,-19.89579751,49.85757496,52.27272727
expanding_prior,1,real,NoDur minus MKT,extended_CPI_overlap,monthly_pool,88,-0.9053989526,-1.375304381,-31.48877833,48.50179727,55.68181818
expanding_prior,1,real,Other minus MKT,extended_CPI_overlap,monthly_pool,88,-1.21574498,-0.03218952912,-21.09214371,31.43547279,56.81818182
expanding_prior,1,real,Shops minus MKT,extended_CPI_overlap,monthly_pool,88,1.042856633,1.939531342,-15.12042277,20.48270952,45.45454545
expanding_prior,1,real,Telcm minus MKT,extended_CPI_overlap,monthly_pool,88,-5.179925022,-2.118035323,-27.55037383,34.48465651,70.45454545
expanding_prior,1,real,Utils minus MKT,extended_CPI_overlap,monthly_pool,88,-6.289458313,-3.487978839,-30.90290395,59.90404256,71.59090909
expanding_prior,3,nominal,MKT,extended_CPI_overlap,monthly_pool,88,33.11135464,40.25077935,-39.75713111,126.5789539,3.409090909
expanding_prior,3,nominal,CASH,extended_CPI_overlap,monthly_pool,88,14.17954968,13.1851803,0.3004133464,16.84297263,0
expanding_prior,3,nominal,NoDur,extended_CPI_overlap,monthly_pool,88,31.66175095,34.02353186,-7.877940764,119.5386945,2.272727273
expanding_prior,3,nominal,Durbl,extended_CPI_overlap,monthly_pool,88,13.22670498,21.96229657,-26.1095593,112.1394886,18.18181818
expanding_prior,3,nominal,Manuf,extended_CPI_overlap,monthly_pool,88,45.37398875,44.02540546,-16.6708988,113.1267249,4.545454545
expanding_prior,3,nominal,Enrgy,extended_CPI_overlap,monthly_pool,88,36.91232735,35.44350689,-52.59565144,115.1918743,9.090909091
expanding_prior,3,nominal,Chems,extended_CPI_overlap,monthly_pool,88,8.573377234,18.09942059,-16.48970213,111.7424727,19.31818182
expanding_prior,3,nominal,BusEq,extended_CPI_overlap,monthly_pool,88,76.52896041,86.1293225,-74.36479385,337.9282079,3.409090909
expanding_prior,3,nominal,Telcm,extended_CPI_overlap,monthly_pool,88,5.318578889,25.4577463,-66.49096507,192.3070982,40.90909091
expanding_prior,3,nominal,Utils,extended_CPI_overlap,monthly_pool,88,15.70171353,22.62447424,-10.0649368,78.05308788,11.36363636
expanding_prior,3,nominal,Shops,extended_CPI_overlap,monthly_pool,88,34.11006962,40.38506128,-26.13625134,124.3945648,3.409090909
expanding_prior,3,nominal,Hlth,extended_CPI_overlap,monthly_pool,88,48.84142658,57.90139185,-14.88693594,161.1576198,3.409090909
expanding_prior,3,nominal,Money,extended_CPI_overlap,monthly_pool,88,35.13590778,47.87933633,-14.93269552,196.7068451,9.090909091
expanding_prior,3,nominal,Other,extended_CPI_overlap,monthly_pool,88,36.20885337,38.44830981,-38.22056663,87.6222928,10.22727273
expanding_prior,3,nominal,BusEq minus MKT,extended_CPI_overlap,monthly_pool,88,34.08954613,45.87854315,-34.60766273,226.4664742,11.36363636
expanding_prior,3,nominal,Chems minus MKT,extended_CPI_overlap,monthly_pool,88,-21.62476968,-22.15135876,-94.76915508,38.60123455,90.90909091
expanding_prior,3,nominal,Durbl minus MKT,extended_CPI_overlap,monthly_pool,88,-19.45991442,-18.28848278,-53.94781371,43.90454327,85.22727273
expanding_prior,3,nominal,Enrgy minus MKT,extended_CPI_overlap,monthly_pool,88,-3.965682735,-4.807272461,-92.74715253,89.55575078,55.68181818
expanding_prior,3,nominal,Hlth minus MKT,extended_CPI_overlap,monthly_pool,88,17.32743712,17.65061249,-21.75837572,45.85074826,18.18181818
expanding_prior,3,nominal,Manuf minus MKT,extended_CPI_overlap,monthly_pool,88,7.36113591,3.774626103,-44.76657459,32.42343309,39.77272727
expanding_prior,3,nominal,Money minus MKT,extended_CPI_overlap,monthly_pool,88,6.129471177,7.628556973,-62.28039719,73.17693022,43.18181818
expanding_prior,3,nominal,NoDur minus MKT,extended_CPI_overlap,monthly_pool,88,0.2354494155,-6.227247496,-97.80740639,62.90791736,50
expanding_prior,3,nominal,Other minus MKT,extended_CPI_overlap,monthly_pool,88,-1.828692387,-1.802469545,-72.15375037,53.05423944,55.68181818
expanding_prior,3,nominal,Shops minus MKT,extended_CPI_overlap,monthly_pool,88,-1.750315787,0.1342819265,-32.03257244,48.03331127,57.95454545
expanding_prior,3,nominal,Telcm minus MKT,extended_CPI_overlap,monthly_pool,88,-20.15664939,-14.79303306,-50.54970868,80.84536451,80.68181818
expanding_prior,3,nominal,Utils minus MKT,extended_CPI_overlap,monthly_pool,88,-21.70824422,-17.62630512,-81.55205136,43.69301876,80.68181818
expanding_prior,3,real,MKT,extended_CPI_overlap,monthly_pool,88,22.8281622,29.76332368,-44.21956585,111.4736903,4.545454545
expanding_prior,3,real,CASH,extended_CPI_overlap,monthly_pool,88,5.262090042,4.558575412,-6.743028855,9.340304185,12.5
expanding_prior,3,real,NoDur,extended_CPI_overlap,monthly_pool,88,23.16742767,23.91791359,-12.9410202,104.9027815,17.04545455
expanding_prior,3,real,Durbl,extended_CPI_overlap,monthly_pool,88,6.095857859,12.98419579,-31.49150268,98.58758028,40.90909091
expanding_prior,3,real,Manuf,extended_CPI_overlap,monthly_pool,88,33.51180584,33.18249935,-22.62952539,98.91827657,4.545454545
expanding_prior,3,real,Enrgy,extended_CPI_overlap,monthly_pool,88,25.75429449,24.73673124,-55.20102071,86.59789775,11.36363636
expanding_prior,3,real,Chems,extended_CPI_overlap,monthly_pool,88,-1.046069944,9.296954787,-23.17621661,97.62630788,53.40909091
expanding_prior,3,real,BusEq,extended_CPI_overlap,monthly_pool,88,63.25933837,72.20871352,-76.26369801,309.2451907,3.409090909
expanding_prior,3,real,Telcm,extended_CPI_overlap,monthly_pool,88,-3.536173998,16.30938821,-68.97311581,173.161838,56.81818182
expanding_prior,3,real,Utils,extended_CPI_overlap,monthly_pool,88,7.447181768,13.40645108,-17.90475718,66.18288203,31.81818182
expanding_prior,3,real,Shops,extended_CPI_overlap,monthly_pool,88,26.36019763,29.8400087,-31.41803755,110.7701225,5.681818182
expanding_prior,3,real,Hlth,extended_CPI_overlap,monthly_pool,88,36.72642036,46.18279541,-21.08629932,143.7471118,6.818181818
expanding_prior,3,real,Money,extended_CPI_overlap,monthly_pool,88,25.25974803,36.58933763,-19.88301339,177.6824851,14.77272727
expanding_prior,3,real,Other,extended_CPI_overlap,monthly_pool,88,27.66172945,28.00128254,-42.63823788,76.98905295,17.04545455
expanding_prior,3,real,BusEq minus MKT,extended_CPI_overlap,monthly_pool,88,31.25829362,42.44538984,-32.04413216,211.6335823,11.36363636
expanding_prior,3,real,Chems minus MKT,extended_CPI_overlap,monthly_pool,88,-19.70592469,-20.46636889,-88.56205253,35.74188384,90.90909091
expanding_prior,3,real,Durbl minus MKT,extended_CPI_overlap,monthly_pool,88,-18.0436396,-16.77912789,-50.41438965,41.61438832,85.22727273
expanding_prior,3,real,Enrgy minus MKT,extended_CPI_overlap,monthly_pool,88,-3.724996662,-5.026592439,-87.90926254,77.65588214,55.68181818
expanding_prior,3,real,Hlth minus MKT,extended_CPI_overlap,monthly_pool,88,16.00330686,16.41947173,-20.33326573,42.49748459,18.18181818
expanding_prior,3,real,Manuf minus MKT,extended_CPI_overlap,monthly_pool,88,6.687629671,3.419175677,-42.05424684,29.80094953,39.77272727
expanding_prior,3,real,Money minus MKT,extended_CPI_overlap,monthly_pool,88,5.627216483,6.826013955,-58.50693783,68.48494456,43.18181818
expanding_prior,3,real,NoDur minus MKT,extended_CPI_overlap,monthly_pool,88,0.2214760136,-5.845410084,-91.40130726,58.24807163,50
expanding_prior,3,real,Other minus MKT,extended_CPI_overlap,monthly_pool,88,-1.771854222,-1.762041133,-67.4278907,50.17672137,55.68181818
expanding_prior,3,real,Shops minus MKT,extended_CPI_overlap,monthly_pool,88,-1.612145758,0.07668501787,-29.51940598,45.52779095,57.95454545
expanding_prior,3,real,Telcm minus MKT,extended_CPI_overlap,monthly_pool,88,-18.47719075,-13.45393547,-44.51409223,75.55022952,80.68181818
expanding_prior,3,real,Utils minus MKT,extended_CPI_overlap,monthly_pool,88,-19.48214558,-16.35687259,-76.21063045,40.56865548,80.68181818
expanding_prior,5,nominal,MKT,extended_CPI_overlap,monthly_pool,88,40.60580377,53.21124729,-17.80010521,222.8794406,13.63636364
expanding_prior,5,nominal,CASH,extended_CPI_overlap,monthly_pool,88,24.84029744,23.0408493,3.239291492,30.38089418,0
expanding_prior,5,nominal,NoDur,extended_CPI_overlap,monthly_pool,88,48.46920945,51.71176663,-6.993500505,142.4499387,1.136363636
expanding_prior,5,nominal,Durbl,extended_CPI_overlap,monthly_pool,88,17.03631537,31.33755656,-30.82702412,316.2711447,27.27272727
expanding_prior,5,nominal,Manuf,extended_CPI_overlap,monthly_pool,88,55.29122813,61.19730829,-5.946937088,171.8990917,2.272727273
expanding_prior,5,nominal,Enrgy,extended_CPI_overlap,monthly_pool,88,45.08320191,53.7934693,-32.93217646,185.6190104,6.818181818
expanding_prior,5,nominal,Chems,extended_CPI_overlap,monthly_pool,88,23.3490355,27.27303966,-12.09116202,179.3838946,20.45454545
expanding_prior,5,nominal,BusEq,extended_CPI_overlap,monthly_pool,88,106.1784128,108.446327,-62.52513662,602.7867636,19.31818182
expanding_prior,5,nominal,Telcm,extended_CPI_overlap,monthly_pool,88,0.3953578798,19.16934004,-56.37256857,276.0893061,47.72727273
expanding_prior,5,nominal,Utils,extended_CPI_overlap,monthly_pool,88,21.40863336,30.53086657,-16.21743705,96.1111881,18.18181818
expanding_prior,5,nominal,Shops,extended_CPI_overlap,monthly_pool,88,70.26604679,67.54871942,-1.662734088,162.1905744,1.136363636
expanding_prior,5,nominal,Hlth,extended_CPI_overlap,monthly_pool,88,74.40284617,85.7403037,-0.1207592578,252.6373303,1.136363636
expanding_prior,5,nominal,Money,extended_CPI_overlap,monthly_pool,88,73.39066574,76.70600433,-35.83781458,234.7043847,4.545454545
expanding_prior,5,nominal,Other,extended_CPI_overlap,monthly_pool,88,38.43081551,42.75535723,-38.70725323,177.2531865,20.45454545
expanding_prior,5,nominal,BusEq minus MKT,extended_CPI_overlap,monthly_pool,88,46.49312684,55.23507972,-54.6761867,379.907323,25
expanding_prior,5,nominal,Chems minus MKT,extended_CPI_overlap,monthly_pool,88,-20.09375581,-25.93820763,-142.7367898,62.62442897,76.13636364
expanding_prior,5,nominal,Durbl minus MKT,extended_CPI_overlap,monthly_pool,88,-20.43101422,-21.87369073,-110.6797273,208.143755,89.77272727
expanding_prior,5,nominal,Enrgy minus MKT,extended_CPI_overlap,monthly_pool,88,7.406714538,0.5822220137,-97.76507772,133.6090992,36.36363636
expanding_prior,5,nominal,Hlth minus MKT,extended_CPI_overlap,monthly_pool,88,33.80377006,32.52905642,-45.98922877,108.0311923,12.5
expanding_prior,5,nominal,Manuf minus MKT,extended_CPI_overlap,monthly_pool,88,14.2227066,7.986061004,-64.06707123,58.48620242,31.81818182
expanding_prior,5,nominal,Money minus MKT,extended_CPI_overlap,monthly_pool,88,27.25271276,23.49475704,-40.63390949,87.10869734,15.90909091
expanding_prior,5,nominal,NoDur minus MKT,extended_CPI_overlap,monthly_pool,88,12.67535135,-1.499480657,-139.9671059,83.59529468,29.54545455
expanding_prior,5,nominal,Other minus MKT,extended_CPI_overlap,monthly_pool,88,-13.58779794,-10.45589006,-144.2507661,88.96408528,62.5
expanding_prior,5,nominal,Shops minus MKT,extended_CPI_overlap,monthly_pool,88,19.24742787,14.33747213,-65.61756264,58.5818499,15.90909091
expanding_prior,5,nominal,Telcm minus MKT,extended_CPI_overlap,monthly_pool,88,-28.79559445,-34.04190725,-93.39685968,53.20986555,94.31818182
expanding_prior,5,nominal,Utils minus MKT,extended_CPI_overlap,monthly_pool,88,-21.02128489,-22.68038071,-154.1330409,83.70247087,71.59090909
expanding_prior,5,real,MKT,extended_CPI_overlap,monthly_pool,88,18.13017825,32.58468336,-27.5889997,185.4934001,31.81818182
expanding_prior,5,real,CASH,extended_CPI_overlap,monthly_pool,88,6.113109321,5.976766829,-12.42547942,14.06040411,12.5
expanding_prior,5,real,NoDur,extended_CPI_overlap,monthly_pool,88,29.59243422,30.95300581,-18.06931529,114.4634334,12.5
expanding_prior,5,real,Durbl,extended_CPI_overlap,monthly_pool,88,2.620038934,13.39011869,-39.06458894,252.9175457,46.59090909
expanding_prior,5,real,Manuf,extended_CPI_overlap,monthly_pool,88,35.44980946,39.45384393,-17.14738341,140.5132089,18.18181818
expanding_prior,5,real,Enrgy,extended_CPI_overlap,monthly_pool,88,19.38812434,32.66017961,-37.79810114,133.3462508,23.86363636
expanding_prior,5,real,Chems,extended_CPI_overlap,monthly_pool,88,6.14891025,10.24740452,-28.306471,147.1340252,43.18181818
expanding_prior,5,real,BusEq,extended_CPI_overlap,monthly_pool,88,70.90686902,80.34471276,-66.88811448,521.4114541,20.45454545
expanding_prior,5,real,Telcm,extended_CPI_overlap,monthly_pool,88,-14.2037847,3.404086955,-61.45029154,232.5421233,73.86363636
expanding_prior,5,real,Utils,extended_CPI_overlap,monthly_pool,88,5.54137128,13.11645568,-31.74312333,72.95289688,40.90909091
expanding_prior,5,real,Shops,extended_CPI_overlap,monthly_pool,88,45.0823295,44.8179204,-14.76559924,131.8316657,14.77272727
expanding_prior,5,real,Hlth,extended_CPI_overlap,monthly_pool,88,49.29965053,60.43537598,-11.74553519,212.0901808,6.818181818
expanding_prior,5,real,Money,extended_CPI_overlap,monthly_pool,88,48.19656912,52.59958297,-43.47515851,196.0687551,6.818181818
expanding_prior,5,real,Other,extended_CPI_overlap,monthly_pool,88,16.10998827,23.18302707,-46.00638947,141.0692961,43.18181818
expanding_prior,5,real,BusEq minus MKT,extended_CPI_overlap,monthly_pool,88,40.96224365,47.7600294,-48.31055997,335.918054,25
expanding_prior,5,real,Chems minus MKT,extended_CPI_overlap,monthly_pool,88,-17.57189899,-22.33727884,-126.2093721,55.33343516,76.13636364
expanding_prior,5,real,Durbl minus MKT,extended_CPI_overlap,monthly_pool,88,-17.85011397,-19.19456467,-97.86417993,176.4657101,89.77272727
expanding_prior,5,real,Enrgy minus MKT,extended_CPI_overlap,monthly_pool,88,6.045209561,0.07549625275,-89.03872732,118.0537779,36.36363636
expanding_prior,5,real,Hlth minus MKT,extended_CPI_overlap,monthly_pool,88,27.90910119,27.85069262,-36.95659663,95.96913729,12.5
expanding_prior,5,real,Manuf minus MKT,extended_CPI_overlap,monthly_pool,88,12.30698703,6.86916057,-56.64877878,51.67699798,31.81818182
expanding_prior,5,real,Money minus MKT,extended_CPI_overlap,monthly_pool,88,23.94142326,20.01489961,-36.09983724,76.96714422,15.90909091
expanding_prior,5,real,NoDur minus MKT,extended_CPI_overlap,monthly_pool,88,11.0965335,-1.631677553,-123.7603884,73.86278636,29.54545455
expanding_prior,5,real,Other minus MKT,extended_CPI_overlap,monthly_pool,88,-12.33137614,-9.401656289,-127.5480458,77.35351822,62.5
expanding_prior,5,real,Shops minus MKT,extended_CPI_overlap,monthly_pool,88,16.14918939,12.23323704,-58.09452999,46.82219284,15.90909091
expanding_prior,5,real,Telcm minus MKT,extended_CPI_overlap,monthly_pool,88,-24.76083156,-29.1805964,-76.00921814,47.04872322,94.31818182
expanding_prior,5,real,Utils minus MKT,extended_CPI_overlap,monthly_pool,88,-17.43510663,-19.46822768,-136.2860573,73.95748466,71.59090909
expanding_prior,1,nominal,MKT,extended_CPI_overlap,chronological_60m,6,13.08639168,8.768856852,-5.234336806,15.40536799,16.66666667
expanding_prior,1,nominal,CASH,extended_CPI_overlap,chronological_60m,6,3.051847415,2.375811897,0,4.771136153,0
expanding_prior,1,nominal,NoDur,extended_CPI_overlap,chronological_60m,6,1.972114129,4.205463731,-7.545361776,21.42543758,33.33333333
expanding_prior,1,nominal,Durbl,extended_CPI_overlap,chronological_60m,6,6.309144113,6.710310939,-9.548366617,19.71130231,16.66666667
expanding_prior,1,nominal,Manuf,extended_CPI_overlap,chronological_60m,6,9.871803519,6.926775604,-10.32608295,19.91377815,33.33333333
expanding_prior,1,nominal,Enrgy,extended_CPI_overlap,chronological_60m,6,10.4994546,22.6365398,-9.74238075,81.31184522,50
expanding_prior,1,nominal,Chems,extended_CPI_overlap,chronological_60m,6,7.601332154,6.752564633,-4.309525627,18.11821443,33.33333333
expanding_prior,1,nominal,BusEq,extended_CPI_overlap,chronological_60m,6,16.72608172,18.61910552,-6.20162552,53.10637314,16.66666667
expanding_prior,1,nominal,Telcm,extended_CPI_overlap,chronological_60m,6,6.602413975,7.157482421,-17.23434069,30.76490315,16.66666667
expanding_prior,1,nominal,Utils,extended_CPI_overlap,chronological_60m,6,9.242288874,7.199174991,-8.18856209,19.51659826,33.33333333
expanding_prior,1,nominal,Shops,extended_CPI_overlap,chronological_60m,6,14.20139111,10.04012048,-12.46978429,23.70020866,33.33333333
expanding_prior,1,nominal,Hlth,extended_CPI_overlap,chronological_60m,6,11.04396761,10.19044816,-3.386053948,23.16881015,33.33333333
expanding_prior,1,nominal,Money,extended_CPI_overlap,chronological_60m,6,1.475195607,3.774455745,-3.979569714,12.6354574,33.33333333
expanding_prior,1,nominal,Other,extended_CPI_overlap,chronological_60m,6,7.549571137,5.222888047,-17.00754819,26.02168671,33.33333333
expanding_prior,1,nominal,BusEq minus MKT,extended_CPI_overlap,chronological_60m,6,3.817461819,9.850248663,-0.9672887143,39.50100579,33.33333333
expanding_prior,1,nominal,Chems minus MKT,extended_CPI_overlap,chronological_60m,6,0.3681016147,-2.016292219,-17.91489298,7.689195464,50
expanding_prior,1,nominal,Durbl minus MKT,extended_CPI_overlap,chronological_60m,6,-2.956418061,-2.058545913,-22.15178517,17.0473431,50
expanding_prior,1,nominal,Enrgy minus MKT,extended_CPI_overlap,chronological_60m,6,1.188761297,13.86768295,-23.31174556,86.54618203,50
expanding_prior,1,nominal,Hlth minus MKT,extended_CPI_overlap,chronological_60m,6,0.372362748,1.42159131,-4.994421056,9.563442801,50
expanding_prior,1,nominal,Manuf minus MKT,extended_CPI_overlap,chronological_60m,6,-2.813274086,-1.842081248,-16.24658193,9.65023516,66.66666667
expanding_prior,1,nominal,Money minus MKT,extended_CPI_overlap,chronological_60m,6,-2.170724918,-4.994401107,-13.91958049,1.254767092,83.33333333
expanding_prior,1,nominal,NoDur minus MKT,extended_CPI_overlap,chronological_60m,6,-5.330424435,-4.563393121,-21.15072913,7.856072762,66.66666667
expanding_prior,1,nominal,Other minus MKT,extended_CPI_overlap,chronological_60m,6,-1.409802569,-3.545968805,-20.09172448,10.61631872,50
expanding_prior,1,nominal,Shops minus MKT,extended_CPI_overlap,chronological_60m,6,0.428529792,1.27126363,-7.235447484,10.09484131,50
expanding_prior,1,nominal,Telcm minus MKT,extended_CPI_overlap,chronological_60m,6,-1.601394857,-1.611374431,-12.00000389,17.1595358,83.33333333
expanding_prior,1,nominal,Utils minus MKT,extended_CPI_overlap,chronological_60m,6,-5.245077528,-1.569681861,-19.31467447,24.75093506,66.66666667
expanding_prior,1,real,MKT,extended_CPI_overlap,chronological_60m,6,9.964069704,5.762291498,-12.68909163,13.66829199,16.66666667
expanding_prior,1,real,CASH,extended_CPI_overlap,chronological_60m,6,0.1783745191,-0.5867797498,-7.829658545,2.991044034,33.33333333
expanding_prior,1,real,NoDur,extended_CPI_overlap,chronological_60m,6,-4.004437535,1.276780537,-9.116193008,21.53120796,66.66666667
expanding_prior,1,real,Durbl,extended_CPI_overlap,chronological_60m,6,5.450752403,3.70899856,-13.04298567,16.61882815,33.33333333
expanding_prior,1,real,Manuf,extended_CPI_overlap,chronological_60m,6,8.467899738,3.944812358,-17.38029482,15.28088255,33.33333333
expanding_prior,1,real,Enrgy,extended_CPI_overlap,chronological_60m,6,8.733112801,18.32718297,-9.663759798,67.04892226,50
expanding_prior,1,real,Chems,extended_CPI_overlap,chronological_60m,6,4.15052639,3.738942304,-7.948225053,16.32623377,33.33333333
expanding_prior,1,real,BusEq,extended_CPI_overlap,chronological_60m,6,14.92585929,15.44975957,-13.58028844,50.50505127,16.66666667
expanding_prior,1,real,Telcm,extended_CPI_overlap,chronological_60m,6,5.259844158,4.340898798,-23.74511345,28.54316936,50
expanding_prior,1,real,Utils,extended_CPI_overlap,chronological_60m,6,6.934724741,3.95309686,-10.56030556,14.49060706,33.33333333
expanding_prior,1,real,Shops,extended_CPI_overlap,chronological_60m,6,11.18586169,7.124563916,-19.35536158,21.59850609,33.33333333
expanding_prior,1,real,Hlth,extended_CPI_overlap,chronological_60m,6,8.051186441,7.17452543,-10.98620422,21.70838398,33.33333333
expanding_prior,1,real,Money,extended_CPI_overlap,chronological_60m,6,-0.1565853829,0.8408259555,-11.53303098,12.73357108,66.66666667
expanding_prior,1,real,Other,extended_CPI_overlap,chronological_60m,6,4.069419726,2.407792198,-23.53616161,24.10980186,33.33333333
expanding_prior,1,real,BusEq minus MKT,extended_CPI_overlap,chronological_60m,6,3.792744107,9.687468072,-0.8911968053,38.8298722,33.33333333
expanding_prior,1,real,Chems minus MKT,extended_CPI_overlap,chronological_60m,6,0.3466623121,-2.023349195,-17.61051373,7.490562271,50
expanding_prior,1,real,Durbl minus MKT,extended_CPI_overlap,chronological_60m,6,-2.905090403,-2.053292938,-21.29594601,16.60696307,50
expanding_prior,1,real,Enrgy minus MKT,extended_CPI_overlap,chronological_60m,6,1.193817446,12.56489147,-23.33205179,79.73801389,50
expanding_prior,1,real,Hlth minus MKT,extended_CPI_overlap,chronological_60m,6,0.3209831192,1.412233931,-4.865401342,9.400957123,50
expanding_prior,1,real,Manuf minus MKT,extended_CPI_overlap,chronological_60m,6,-2.608945845,-1.817479141,-15.97054777,9.400942885,66.66666667
expanding_prior,1,real,Money minus MKT,extended_CPI_overlap,chronological_60m,6,-2.127118544,-4.921465543,-13.70840545,1.156060654,83.33333333
expanding_prior,1,real,NoDur minus MKT,extended_CPI_overlap,chronological_60m,6,-5.205932945,-4.485510961,-20.79137208,7.862915973,66.66666667
expanding_prior,1,real,Other minus MKT,extended_CPI_overlap,chronological_60m,6,-1.352548552,-3.354499301,-19.75036023,10.45525772,50
expanding_prior,1,real,Shops minus MKT,extended_CPI_overlap,chronological_60m,6,0.436872102,1.362272418,-6.666269943,9.923327017,50
expanding_prior,1,real,Telcm minus MKT,extended_CPI_overlap,chronological_60m,6,-1.580234382,-1.4213927,-11.05602182,16.86799029,83.33333333
expanding_prior,1,real,Utils minus MKT,extended_CPI_overlap,chronological_60m,6,-5.169015249,-1.809194638,-18.98651252,22.80389912,66.66666667
expanding_prior,3,nominal,MKT,extended_CPI_overlap,chronological_60m,6,28.7820077,29.4737295,5.810765587,54.12276312,0
expanding_prior,3,nominal,CASH,extended_CPI_overlap,chronological_60m,6,12.34706391,10.61237891,0.3004133464,16.37801037,0
expanding_prior,3,nominal,NoDur,extended_CPI_overlap,chronological_60m,6,30.13916688,25.81636508,-0.7229168946,45.89316613,16.66666667
expanding_prior,3,nominal,Durbl,extended_CPI_overlap,chronological_60m,6,2.548876192,8.847091357,-16.59579786,38.43117431,50
expanding_prior,3,nominal,Manuf,extended_CPI_overlap,chronological_60m,6,39.00315539,38.49780448,12.01140619,64.63063393,0
expanding_prior,3,nominal,Enrgy,extended_CPI_overlap,chronological_60m,6,36.33373828,47.67186213,-14.41678386,107.8473022,16.66666667
expanding_prior,3,nominal,Chems,extended_CPI_overlap,chronological_60m,6,24.08332294,23.94327192,-16.48970213,74.4581401,16.66666667
expanding_prior,3,nominal,BusEq,extended_CPI_overlap,chronological_60m,6,46.56962658,48.89413299,15.89061761,100.7130017,0
expanding_prior,3,nominal,Telcm,extended_CPI_overlap,chronological_60m,6,10.91874341,11.58728238,-24.87811081,41.26795697,33.33333333
expanding_prior,3,nominal,Utils,extended_CPI_overlap,chronological_60m,6,28.46603858,28.61891469,11.14242761,53.95415624,0
expanding_prior,3,nominal,Shops,extended_CPI_overlap,chronological_60m,6,21.32696637,23.87545913,13.66328467,35.53693663,0
expanding_prior,3,nominal,Hlth,extended_CPI_overlap,chronological_60m,6,30.65251211,40.2939447,14.59234338,92.45946055,0
expanding_prior,3,nominal,Money,extended_CPI_overlap,chronological_60m,6,14.50258647,24.50293157,-0.1497803702,63.86639182,16.66666667
expanding_prior,3,nominal,Other,extended_CPI_overlap,chronological_60m,6,27.47632931,28.66116985,-15.89310119,79.95425426,16.66666667
expanding_prior,3,nominal,BusEq minus MKT,extended_CPI_overlap,chronological_60m,6,17.84481099,19.42040349,-3.682386057,46.59023856,16.66666667
expanding_prior,3,nominal,Chems minus MKT,extended_CPI_overlap,chronological_60m,6,-9.655842284,-5.530457576,-22.30046772,20.33537699,66.66666667
expanding_prior,3,nominal,Durbl minus MKT,extended_CPI_overlap,chronological_60m,6,-21.27394398,-20.62663814,-41.25386468,3.744408237,83.33333333
expanding_prior,3,nominal,Enrgy minus MKT,extended_CPI_overlap,chronological_60m,6,12.33114071,18.19813263,-47.20834822,83.1892354,50
expanding_prior,3,nominal,Hlth minus MKT,extended_CPI_overlap,chronological_60m,6,9.76380636,10.8202152,-10.06572344,38.33669743,50
expanding_prior,3,nominal,Manuf minus MKT,extended_CPI_overlap,chronological_60m,6,8.354255708,9.024074985,-6.267869598,26.71016497,33.33333333
expanding_prior,3,nominal,Money minus MKT,extended_CPI_overlap,chronological_60m,6,-0.7318297323,-4.970797927,-34.83654644,13.67653048,50
expanding_prior,3,nominal,NoDur minus MKT,extended_CPI_overlap,chronological_60m,6,-4.741876174,-3.657364421,-19.87634469,11.87632097,66.66666667
expanding_prior,3,nominal,Other minus MKT,extended_CPI_overlap,chronological_60m,6,-7.060613659,-0.8125596458,-21.70386677,45.26748818,83.33333333
expanding_prior,3,nominal,Shops minus MKT,extended_CPI_overlap,chronological_60m,6,-1.900796275,-5.598270367,-32.03257244,12.5035386,50
expanding_prior,3,nominal,Telcm minus MKT,extended_CPI_overlap,chronological_60m,6,-10.37628567,-17.88644712,-49.53617763,0.5917965171,83.33333333
expanding_prior,3,nominal,Utils minus MKT,extended_CPI_overlap,chronological_60m,6,-0.2587770135,-0.8548148105,-36.60681297,29.1817052,50
expanding_prior,3,real,MKT,extended_CPI_overlap,chronological_60m,6,19.84981697,19.01433142,-2.661305934,42.03081643,16.66666667
expanding_prior,3,real,CASH,extended_CPI_overlap,chronological_60m,6,3.323364046,1.516669951,-6.743028855,7.059839186,33.33333333
expanding_prior,3,real,NoDur,extended_CPI_overlap,chronological_60m,6,20.16052773,15.92400295,-10.2047324,39.65265767,33.33333333
expanding_prior,3,real,Durbl,extended_CPI_overlap,chronological_60m,6,-3.955380248,0.3966551543,-28.52472265,30.5575001,50
expanding_prior,3,real,Manuf,extended_CPI_overlap,chronological_60m,6,29.46559393,27.34053597,2.123936959,51.71427551,0
expanding_prior,3,real,Enrgy,extended_CPI_overlap,chronological_60m,6,27.07477296,34.33758058,-17.38371264,78.11984517,16.66666667
expanding_prior,3,real,Chems,extended_CPI_overlap,chronological_60m,6,18.39766505,14.02055263,-23.17621661,60.77074905,33.33333333
expanding_prior,3,real,BusEq,extended_CPI_overlap,chronological_60m,6,33.50014318,36.8688575,6.611471054,84.96574367,0
expanding_prior,3,real,Telcm,extended_CPI_overlap,chronological_60m,6,2.189489672,2.962284015,-35.62245394,30.18455456,50
expanding_prior,3,real,Utils,extended_CPI_overlap,chronological_60m,6,15.45933505,17.98826056,4.820879953,39.02559379,0
expanding_prior,3,real,Shops,extended_CPI_overlap,chronological_60m,6,10.676254,13.93545255,2.641630652,28.47063926,0
expanding_prior,3,real,Hlth,extended_CPI_overlap,chronological_60m,6,23.14651753,29.17298566,-1.797279818,77.35974725,16.66666667
expanding_prior,3,real,Money,extended_CPI_overlap,chronological_60m,6,1.651337366,14.54099895,-5.829050977,51.00999323,33.33333333
expanding_prior,3,real,Other,extended_CPI_overlap,chronological_60m,6,19.20290446,18.56102496,-22.6273844,69.71883454,33.33333333
expanding_prior,3,real,BusEq minus MKT,extended_CPI_overlap,chronological_60m,6,15.99172113,17.85452608,-3.32531398,42.93492724,16.66666667
expanding_prior,3,real,Chems minus MKT,extended_CPI_overlap,chronological_60m,6,-9.20939555,-4.993778796,-20.51491068,18.73993262,66.66666667
expanding_prior,3,real,Durbl minus MKT,extended_CPI_overlap,chronological_60m,6,-20.09464301,-18.61767627,-35.3535115,3.531434168,83.33333333
expanding_prior,3,real,Enrgy minus MKT,extended_CPI_overlap,chronological_60m,6,11.32675706,15.32324916,-45.5717679,71.29105632,50
expanding_prior,3,real,Hlth minus MKT,extended_CPI_overlap,chronological_60m,6,9.179440035,10.15865424,-8.62606866,35.32893082,50
expanding_prior,3,real,Manuf minus MKT,extended_CPI_overlap,chronological_60m,6,7.693812954,8.326204545,-6.050580233,24.12014483,33.33333333
expanding_prior,3,real,Money minus MKT,extended_CPI_overlap,chronological_60m,6,-0.4324040887,-4.47333247,-32.85511691,13.20240374,50
expanding_prior,3,real,NoDur minus MKT,extended_CPI_overlap,chronological_60m,6,-4.396409375,-3.090328471,-17.03352124,11.46460241,66.66666667
expanding_prior,3,real,Other minus MKT,extended_CPI_overlap,chronological_60m,6,-6.135708126,-0.4533064618,-19.96607846,42.69276861,83.33333333
expanding_prior,3,real,Shops minus MKT,extended_CPI_overlap,chronological_60m,6,-1.613074025,-5.078878877,-29.51940598,11.50240348,50
expanding_prior,3,real,Telcm minus MKT,extended_CPI_overlap,chronological_60m,6,-9.555833832,-16.05204741,-42.45124279,0.5712806005,83.33333333
expanding_prior,3,real,Utils minus MKT,extended_CPI_overlap,chronological_60m,6,-0.4080820729,-1.026070864,-33.73476719,26.35202578,50
expanding_prior,5,nominal,MKT,extended_CPI_overlap,chronological_60m,6,69.55580635,62.17113032,-17.80010521,163.6785729,16.66666667
expanding_prior,5,nominal,CASH,extended_CPI_overlap,chronological_60m,6,20.01334218,17.62191504,3.239291492,25.65171157,0
expanding_prior,5,nominal,NoDur,extended_CPI_overlap,chronological_60m,6,36.38720184,53.10575465,-6.993500505,142.4499387,16.66666667
expanding_prior,5,nominal,Durbl,extended_CPI_overlap,chronological_60m,6,35.14715941,33.98631483,-30.82702412,122.5063793,33.33333333
expanding_prior,5,nominal,Manuf,extended_CPI_overlap,chronological_60m,6,73.0321846,73.2649897,-5.946937088,171.8990917,16.66666667
expanding_prior,5,nominal,Enrgy,extended_CPI_overlap,chronological_60m,6,61.61653203,65.88813027,-13.85441368,154.8770937,16.66666667
expanding_prior,5,nominal,Chems,extended_CPI_overlap,chronological_60m,6,31.33092966,45.74689834,-7.123362751,179.3838946,33.33333333
expanding_prior,5,nominal,BusEq,extended_CPI_overlap,chronological_60m,6,132.0203484,115.809008,-28.54225879,255.2864815,16.66666667
expanding_prior,5,nominal,Telcm,extended_CPI_overlap,chronological_60m,6,1.456005937,21.82389097,-48.15062863,143.7509156,33.33333333
expanding_prior,5,nominal,Utils,extended_CPI_overlap,chronological_60m,6,40.14976805,38.34834869,-6.5775159,73.23531134,16.66666667
expanding_prior,5,nominal,Shops,extended_CPI_overlap,chronological_60m,6,70.10217285,58.76121402,-1.662734088,102.8192619,16.66666667
expanding_prior,5,nominal,Hlth,extended_CPI_overlap,chronological_60m,6,51.7816001,80.54533386,8.465336523,240.4958212,0
expanding_prior,5,nominal,Money,extended_CPI_overlap,chronological_60m,6,56.30312401,64.29225799,-35.83781458,234.7043847,33.33333333
expanding_prior,5,nominal,Other,extended_CPI_overlap,chronological_60m,6,46.2190443,48.03441201,-38.70725323,145.8192487,33.33333333
expanding_prior,5,nominal,BusEq minus MKT,extended_CPI_overlap,chronological_60m,6,58.20625979,53.63787765,-10.74215358,112.6068775,16.66666667
expanding_prior,5,nominal,Chems minus MKT,extended_CPI_overlap,chronological_60m,6,-5.992198112,-16.42423198,-85.4080397,20.88795231,50
expanding_prior,5,nominal,Durbl minus MKT,extended_CPI_overlap,chronological_60m,6,-24.18099199,-28.1848155,-51.63888589,-13.02691891,100
expanding_prior,5,nominal,Enrgy minus MKT,extended_CPI_overlap,chronological_60m,6,16.59224132,3.716999945,-78.10753318,71.50203592,50
expanding_prior,5,nominal,Hlth minus MKT,extended_CPI_overlap,chronological_60m,6,21.50731146,18.37420353,-45.98922877,76.81724825,16.66666667
expanding_prior,5,nominal,Manuf minus MKT,extended_CPI_overlap,chronological_60m,6,10.03684346,11.09385938,-4.487584472,33.08984493,16.66666667
expanding_prior,5,nominal,Money minus MKT,extended_CPI_overlap,chronological_60m,6,-2.638959842,2.121127662,-40.49945834,71.02581177,50
expanding_prior,5,nominal,NoDur minus MKT,extended_CPI_overlap,chronological_60m,6,-4.160337334,-9.065375672,-62.78522932,22.9869198,50
expanding_prior,5,nominal,Other minus MKT,extended_CPI_overlap,chronological_60m,6,-17.92211776,-14.13671831,-64.74674113,70.96075549,83.33333333
expanding_prior,5,nominal,Shops minus MKT,extended_CPI_overlap,chronological_60m,6,12.00999023,-3.409916304,-60.85931102,23.19405055,33.33333333
expanding_prior,5,nominal,Telcm minus MKT,extended_CPI_overlap,chronological_60m,6,-27.05815654,-40.34723936,-91.43134066,-4.224687712,100
expanding_prior,5,nominal,Utils minus MKT,extended_CPI_overlap,chronological_60m,6,-12.23678864,-23.82278163,-94.25083067,25.71860368,66.66666667
expanding_prior,5,real,MKT,extended_CPI_overlap,chronological_60m,6,50.04424467,42.09673233,-27.5889997,133.2416018,33.33333333
expanding_prior,5,real,CASH,extended_CPI_overlap,chronological_60m,6,4.04472823,3.076975325,-4.770638128,11.14747079,33.33333333
expanding_prior,5,real,NoDur,extended_CPI_overlap,chronological_60m,6,23.69931138,34.75988131,-18.06931529,114.4634334,33.33333333
expanding_prior,5,real,Durbl,extended_CPI_overlap,chronological_60m,6,20.04586214,17.00416899,-39.06458894,96.82200096,33.33333333
expanding_prior,5,real,Manuf,extended_CPI_overlap,chronological_60m,6,49.13263157,51.81927183,-17.14738341,140.5132089,16.66666667
expanding_prior,5,real,Enrgy,extended_CPI_overlap,chronological_60m,6,42.67097455,43.7814105,-19.8980952,104.817306,16.66666667
expanding_prior,5,real,Chems,extended_CPI_overlap,chronological_60m,6,15.93006337,28.53239388,-21.27444475,147.1340252,33.33333333
expanding_prior,5,real,BusEq,extended_CPI_overlap,chronological_60m,6,99.59162813,88.89165617,-37.05190824,214.2750173,16.66666667
expanding_prior,5,real,Telcm,extended_CPI_overlap,chronological_60m,6,-10.44732413,7.48514888,-54.32518672,115.6142358,66.66666667
expanding_prior,5,real,Utils,extended_CPI_overlap,chronological_60m,6,27.03571578,21.03252531,-17.70286882,49.87034236,16.66666667
expanding_prior,5,real,Shops,extended_CPI_overlap,chronological_60m,6,48.0415743,39.4915792,-13.37337098,79.40740882,33.33333333
expanding_prior,5,real,Hlth,extended_CPI_overlap,chronological_60m,6,32.46057271,58.95783902,-4.45141644,201.1916739,16.66666667
expanding_prior,5,real,Money,extended_CPI_overlap,chronological_60m,6,31.99753897,44.46550199,-43.47515851,196.0687551,33.33333333
expanding_prior,5,real,Other,extended_CPI_overlap,chronological_60m,6,27.3011969,30.16648523,-46.00638947,117.3897182,33.33333333
expanding_prior,5,real,BusEq minus MKT,extended_CPI_overlap,chronological_60m,6,49.54738347,46.79492383,-9.46290854,99.58364729,16.66666667
expanding_prior,5,real,Chems minus MKT,extended_CPI_overlap,chronological_60m,6,-5.833011612,-13.56433846,-68.63325514,18.40162061,50
expanding_prior,5,real,Durbl minus MKT,extended_CPI_overlap,chronological_60m,6,-21.33171244,-25.09256334,-48.01607718,-11.47558925,100
expanding_prior,5,real,Enrgy minus MKT,extended_CPI_overlap,chronological_60m,6,14.61274822,1.684678163,-72.62777414,57.45849562,50
expanding_prior,5,real,Hlth minus MKT,extended_CPI_overlap,chronological_60m,6,18.94653917,16.86110669,-36.95659663,67.95007207,16.66666667
expanding_prior,5,real,Manuf minus MKT,extended_CPI_overlap,chronological_60m,6,8.856611679,9.722539495,-4.172750799,29.26293243,16.66666667
expanding_prior,5,real,Money minus MKT,extended_CPI_overlap,chronological_60m,6,-2.078131296,2.368769662,-35.6787327,62.82715325,50
expanding_prior,5,real,NoDur minus MKT,extended_CPI_overlap,chronological_60m,6,-4.13284503,-7.336851019,-50.45373572,20.2507441,50
expanding_prior,5,real,Other minus MKT,extended_CPI_overlap,chronological_60m,6,-15.78824403,-11.93024711,-57.27288891,62.75398985,83.33333333
expanding_prior,5,real,Shops minus MKT,extended_CPI_overlap,chronological_60m,6,10.84850339,-2.605153132,-53.83419302,20.51160818,33.33333333
expanding_prior,5,real,Telcm minus MKT,extended_CPI_overlap,chronological_60m,6,-24.41732483,-34.61158345,-73.47353426,-3.721815298,100
expanding_prior,5,real,Utils minus MKT,extended_CPI_overlap,chronological_60m,6,-10.7382208,-21.06420702,-83.37125948,22.65727058,66.66666667
expanding_prior,1,nominal,MKT,extended_CPI_overlap,chronological_12m,13,13.56936481,11.60455134,-11.59211246,34.6466593,15.38461538
expanding_prior,1,nominal,CASH,extended_CPI_overlap,chronological_12m,13,3.670306237,3.422783252,0,5.882781366,0
expanding_prior,1,nominal,NoDur,extended_CPI_overlap,chronological_12m,13,12.79919937,10.75009157,-5.519210596,32.10642741,23.07692308
expanding_prior,1,nominal,Durbl,extended_CPI_overlap,chronological_12m,13,6.132052738,8.715715436,-16.46546168,40.54012194,38.46153846
expanding_prior,1,nominal,Manuf,extended_CPI_overlap,chronological_12m,13,14.87056596,13.13094767,-10.32608295,29.04488797,15.38461538
expanding_prior,1,nominal,Enrgy,extended_CPI_overlap,chronological_12m,13,8.007093271,16.572406,-10.10504915,81.31184522,23.07692308
expanding_prior,1,nominal,Chems,extended_CPI_overlap,chronological_12m,13,6.245987628,7.909010425,-10.42793626,32.22021273,30.76923077
expanding_prior,1,nominal,BusEq,extended_CPI_overlap,chronological_12m,13,18.9015324,17.51945728,-37.79352292,42.89363921,15.38461538
expanding_prior,1,nominal,Telcm,extended_CPI_overlap,chronological_12m,13,4.348027115,6.34335378,-40.08912236,45.45205874,30.76923077
expanding_prior,1,nominal,Utils,extended_CPI_overlap,chronological_12m,13,13.13161776,12.34893937,-9.28124939,50.37024435,23.07692308
expanding_prior,1,nominal,Shops,extended_CPI_overlap,chronological_12m,13,19.04689622,12.06182429,-12.46978429,42.45486168,30.76923077
expanding_prior,1,nominal,Hlth,extended_CPI_overlap,chronological_12m,13,16.21651777,19.328461,-3.386053948,47.61489425,15.38461538
expanding_prior,1,nominal,Money,extended_CPI_overlap,chronological_12m,13,11.45656817,12.94673654,-3.979569714,44.83648135,23.07692308
expanding_prior,1,nominal,Other,extended_CPI_overlap,chronological_12m,13,13.84534602,11.27163086,-17.00754819,27.12358858,23.07692308
expanding_prior,1,nominal,BusEq minus MKT,extended_CPI_overlap,chronological_12m,13,4.138759223,5.914905939,-26.20141045,27.93257312,30.76923077
expanding_prior,1,nominal,Chems minus MKT,extended_CPI_overlap,chronological_12m,13,-1.976643207,-3.695540917,-20.92651198,7.689195464,69.23076923
expanding_prior,1,nominal,Durbl minus MKT,extended_CPI_overlap,chronological_12m,13,-4.873349215,-2.888835906,-22.15178517,17.0473431,61.53846154
expanding_prior,1,nominal,Enrgy minus MKT,extended_CPI_overlap,chronological_12m,13,-4.33157268,4.967854657,-25.06611524,86.54618203,61.53846154
expanding_prior,1,nominal,Hlth minus MKT,extended_CPI_overlap,chronological_12m,13,6.402155661,7.72390966,-4.994421056,46.9930867,30.76923077
expanding_prior,1,nominal,Manuf minus MKT,extended_CPI_overlap,chronological_12m,13,3.210962447,1.526396327,-17.04355018,14.34216175,46.15384615
expanding_prior,1,nominal,Money minus MKT,extended_CPI_overlap,chronological_12m,13,-0.8193797691,1.342185194,-13.91958049,36.81046123,53.84615385
expanding_prior,1,nominal,NoDur minus MKT,extended_CPI_overlap,chronological_12m,13,-2.415803125,-0.8544597765,-15.04173267,34.15517699,61.53846154
expanding_prior,1,nominal,Other minus MKT,extended_CPI_overlap,chronological_12m,13,-0.06398444518,-0.3329204838,-16.43111613,22.92240311,53.84615385
expanding_prior,1,nominal,Shops minus MKT,extended_CPI_overlap,chronological_12m,13,1.045820242,0.4572729443,-13.24552702,13.78409753,46.15384615
expanding_prior,1,nominal,Telcm minus MKT,extended_CPI_overlap,chronological_12m,13,-2.890715922,-5.261197562,-28.4970099,29.98363979,84.61538462
expanding_prior,1,nominal,Utils minus MKT,extended_CPI_overlap,chronological_12m,13,-8.939130661,0.7443880286,-15.37409655,61.96235682,69.23076923
expanding_prior,1,real,MKT,extended_CPI_overlap,chronological_12m,13,12.34928071,8.821534723,-14.52891514,32.7350092,23.07692308
expanding_prior,1,real,CASH,extended_CPI_overlap,chronological_12m,13,1.772257623,0.748522432,-7.829658545,3.737301303,23.07692308
expanding_prior,1,real,NoDur,extended_CPI_overlap,chronological_12m,13,10.24332627,7.943171083,-7.959910798,28.45332363,46.15384615
expanding_prior,1,real,Durbl,extended_CPI_overlap,chronological_12m,13,6.224501475,5.998628099,-19.24037761,38.54479922,46.15384615
expanding_prior,1,real,Manuf,extended_CPI_overlap,chronological_12m,13,13.12785563,10.28724767,-17.38029482,25.47644412,23.07692308
expanding_prior,1,real,Enrgy,extended_CPI_overlap,chronological_12m,13,5.559802638,13.17913095,-11.57873687,67.04892226,23.07692308
expanding_prior,1,real,Chems,extended_CPI_overlap,chronological_12m,13,3.825859012,5.180402324,-13.40341146,28.56396248,38.46153846
expanding_prior,1,real,BusEq,extended_CPI_overlap,chronological_12m,13,17.81065637,14.64043814,-39.85994655,40.55112053,15.38461538
expanding_prior,1,real,Telcm,extended_CPI_overlap,chronological_12m,13,2.690656926,3.789644155,-42.07928897,43.38699865,46.15384615
expanding_prior,1,real,Utils,extended_CPI_overlap,chronological_12m,13,10.11480748,9.376154401,-11.72098086,45.37512742,23.07692308
expanding_prior,1,real,Shops,extended_CPI_overlap,chronological_12m,13,16.80093862,9.346217796,-19.35536158,40.43235438,30.76923077
expanding_prior,1,real,Hlth,extended_CPI_overlap,chronological_12m,13,13.58321298,16.34317825,-10.98620422,43.53293897,15.38461538
expanding_prior,1,real,Money,extended_CPI_overlap,chronological_12m,13,7.465237488,10.08097156,-11.53303098,40.83135679,30.76923077
expanding_prior,1,real,Other,extended_CPI_overlap,chronological_12m,13,11.82915491,8.537830696,-23.53616161,25.31874751,23.07692308
expanding_prior,1,real,BusEq minus MKT,extended_CPI_overlap,chronological_12m,13,4.142364383,5.818903414,-25.33103141,27.47466209,30.76923077
expanding_prior,1,real,Chems minus MKT,extended_CPI_overlap,chronological_12m,13,-1.978365007,-3.641132399,-20.58345441,7.490562271,69.23076923
expanding_prior,1,real,Durbl minus MKT,extended_CPI_overlap,chronological_12m,13,-4.711462471,-2.822906624,-21.29594601,16.60696307,61.53846154
expanding_prior,1,real,Enrgy minus MKT,extended_CPI_overlap,chronological_12m,13,-4.219676173,4.357596232,-24.65519531,79.73801389,61.53846154
expanding_prior,1,real,Hlth minus MKT,extended_CPI_overlap,chronological_12m,13,6.257091711,7.521643532,-4.865401342,45.43203342,30.76923077
expanding_prior,1,real,Manuf minus MKT,extended_CPI_overlap,chronological_12m,13,3.159962408,1.465712942,-16.76414772,13.95645292,46.15384615
expanding_prior,1,real,Money minus MKT,extended_CPI_overlap,chronological_12m,13,-0.7877228487,1.259436841,-13.70840545,35.5876624,53.84615385
expanding_prior,1,real,NoDur minus MKT,extended_CPI_overlap,chronological_12m,13,-2.350834077,-0.8783636397,-14.79514688,33.02058348,61.53846154
expanding_prior,1,real,Other minus MKT,extended_CPI_overlap,chronological_12m,13,-0.06296817381,-0.2837040266,-16.16175358,22.30594281,53.84615385
expanding_prior,1,real,Shops minus MKT,extended_CPI_overlap,chronological_12m,13,1.011079363,0.524683073,-12.88931037,13.56516333,46.15384615
expanding_prior,1,real,Telcm minus MKT,extended_CPI_overlap,chronological_12m,13,-2.810779726,-5.031890568,-27.55037383,29.49210472,84.61538462
expanding_prior,1,real,Utils minus MKT,extended_CPI_overlap,chronological_12m,13,-8.691939266,0.5546196778,-15.02389706,59.90404256,69.23076923
expanding_prior,3,nominal,MKT,extended_CPI_overlap,chronological_36m,9,32.79156437,30.66720912,-39.75713111,90.91184721,11.11111111
expanding_prior,3,nominal,CASH,extended_CPI_overlap,chronological_36m,9,11.66443903,10.49601048,0.3004133464,15.54655069,0
expanding_prior,3,nominal,NoDur,extended_CPI_overlap,chronological_36m,9,28.54163756,24.56724875,-7.877940764,49.96103874,11.11111111
expanding_prior,3,nominal,Durbl,extended_CPI_overlap,chronological_36m,9,10.42176569,9.0518094,-22.85218929,38.43117431,44.44444444
expanding_prior,3,nominal,Manuf,extended_CPI_overlap,chronological_36m,9,36.12191548,31.73718935,-12.97365215,64.63063393,22.22222222
expanding_prior,3,nominal,Enrgy,extended_CPI_overlap,chronological_36m,9,37.74620594,34.28731242,-52.59565144,107.8473022,22.22222222
expanding_prior,3,nominal,Chems,extended_CPI_overlap,chronological_36m,9,17.77306547,21.80694891,-1.155896563,74.4581401,11.11111111
expanding_prior,3,nominal,BusEq,extended_CPI_overlap,chronological_36m,9,52.41518568,68.41597224,-74.36479385,296.4968883,11.11111111
expanding_prior,3,nominal,Telcm,extended_CPI_overlap,chronological_36m,9,18.22736853,19.03930829,-66.49096507,148.8403551,33.33333333
expanding_prior,3,nominal,Utils,extended_CPI_overlap,chronological_36m,9,17.51595015,20.08743166,0.06804339712,53.95415624,0
expanding_prior,3,nominal,Shops,extended_CPI_overlap,chronological_36m,9,33.08429657,30.99005482,-18.69352349,75.76691748,11.11111111
expanding_prior,3,nominal,Hlth,extended_CPI_overlap,chronological_36m,9,30.17827262,38.23692135,-14.40676172,92.45946055,11.11111111
expanding_prior,3,nominal,Money,extended_CPI_overlap,chronological_36m,9,17.00750645,30.46222716,-0.1497803702,93.94608583,11.11111111
expanding_prior,3,nominal,Other,extended_CPI_overlap,chronological_36m,9,27.53678315,24.4663345,-37.4524728,79.95425426,22.22222222
expanding_prior,3,nominal,BusEq minus MKT,extended_CPI_overlap,chronological_36m,9,24.24186864,37.74876312,-34.60766273,205.585041,22.22222222
expanding_prior,3,nominal,Chems minus MKT,extended_CPI_overlap,chronological_36m,9,-10.05873924,-8.860260211,-73.13878174,38.60123455,66.66666667
expanding_prior,3,nominal,Durbl minus MKT,extended_CPI_overlap,chronological_36m,9,-22.36979867,-21.61539972,-53.58254984,16.90494183,77.77777778
expanding_prior,3,nominal,Enrgy minus MKT,extended_CPI_overlap,chronological_36m,9,-1.47062856,3.620103299,-66.93378491,83.1892354,55.55555556
expanding_prior,3,nominal,Hlth minus MKT,extended_CPI_overlap,chronological_36m,9,8.8340083,7.569712228,-15.34563053,38.33669743,44.44444444
expanding_prior,3,nominal,Manuf minus MKT,extended_CPI_overlap,chronological_36m,9,-3.358505632,1.069980225,-44.76657459,26.78347897,55.55555556
expanding_prior,3,nominal,Money minus MKT,extended_CPI_overlap,chronological_36m,9,-7.650560368,-0.2049819646,-62.28039719,55.35656417,55.55555556
expanding_prior,3,nominal,NoDur minus MKT,extended_CPI_overlap,chronological_36m,9,-2.950069866,-6.099960367,-90.66160001,62.90791736,55.55555556
expanding_prior,3,nominal,Other minus MKT,extended_CPI_overlap,chronological_36m,9,-1.567799259,-6.200874621,-63.37506406,45.26748818,66.66666667
expanding_prior,3,nominal,Shops minus MKT,extended_CPI_overlap,chronological_36m,9,0.2927321984,0.3228457004,-32.03257244,22.90470739,44.44444444
expanding_prior,3,nominal,Telcm minus MKT,extended_CPI_overlap,chronological_36m,9,-15.17181126,-11.62790083,-49.53617763,57.92850785,77.77777778
expanding_prior,3,nominal,Utils minus MKT,extended_CPI_overlap,chronological_36m,9,-6.339340684,-10.57977747,-71.65110284,39.82517451,66.66666667
expanding_prior,3,real,MKT,extended_CPI_overlap,chronological_36m,9,23.96130832,20.43199095,-44.21956585,79.34483529,11.11111111
expanding_prior,3,real,CASH,extended_CPI_overlap,chronological_36m,9,2.690409751,1.705988137,-6.743028855,8.535352425,33.33333333
expanding_prior,3,real,NoDur,extended_CPI_overlap,chronological_36m,9,16.07726563,14.75060298,-12.9410202,39.65265767,33.33333333
expanding_prior,3,real,Durbl,extended_CPI_overlap,chronological_36m,9,5.442126758,0.6781308039,-28.56684193,30.5575001,44.44444444
expanding_prior,3,real,Manuf,extended_CPI_overlap,chronological_36m,9,22.13747503,21.3179833,-19.42004828,51.71427551,22.22222222
expanding_prior,3,real,Enrgy,extended_CPI_overlap,chronological_36m,9,28.51046228,22.47238558,-55.20102071,78.11984517,22.22222222
expanding_prior,3,real,Chems,extended_CPI_overlap,chronological_36m,9,10.63740327,12.264534,-11.45343205,60.77074905,33.33333333
expanding_prior,3,real,BusEq,extended_CPI_overlap,chronological_36m,9,44.0383626,55.59512402,-76.26369801,272.4738415,11.11111111
expanding_prior,3,real,Telcm,extended_CPI_overlap,chronological_36m,9,5.072949781,10.14221034,-68.97311581,133.7635571,44.44444444
expanding_prior,3,real,Utils,extended_CPI_overlap,chronological_36m,9,8.296049239,10.48188701,-7.344404262,39.02559379,11.11111111
expanding_prior,3,real,Shops,extended_CPI_overlap,chronological_36m,9,27.12058266,20.73455972,-24.71622545,65.11751013,11.11111111
expanding_prior,3,real,Hlth,extended_CPI_overlap,chronological_36m,9,25.66535897,27.5122021,-20.74700159,77.35974725,22.22222222
expanding_prior,3,real,Money,extended_CPI_overlap,chronological_36m,9,7.036512087,19.98569593,-5.829050977,72.36691969,33.33333333
expanding_prior,3,real,Other,extended_CPI_overlap,chronological_36m,9,19.80955452,14.73511919,-42.08562296,69.71883454,33.33333333
expanding_prior,3,real,BusEq minus MKT,extended_CPI_overlap,chronological_36m,9,21.54462776,35.16313307,-32.04413216,193.1290062,22.22222222
expanding_prior,3,real,Chems minus MKT,extended_CPI_overlap,chronological_36m,9,-9.486619294,-8.16745695,-68.70743203,35.74188384,66.66666667
expanding_prior,3,real,Durbl minus MKT,extended_CPI_overlap,chronological_36m,9,-21.59430083,-19.75386014,-50.3360777,15.65272391,77.77777778
expanding_prior,3,real,Enrgy minus MKT,extended_CPI_overlap,chronological_36m,9,-1.386982299,2.040394632,-63.255067,71.29105632,55.55555556
expanding_prior,3,real,Hlth minus MKT,extended_CPI_overlap,chronological_36m,9,7.851103531,7.080211148,-14.41586586,35.32893082,44.44444444
expanding_prior,3,real,Manuf minus MKT,extended_CPI_overlap,chronological_36m,9,-2.984825747,0.8859923488,-42.05424684,24.79951756,55.55555556
expanding_prior,3,real,Money minus MKT,extended_CPI_overlap,chronological_36m,9,-6.556335414,-0.4462950153,-58.50693783,51.25607793,55.55555556
expanding_prior,3,real,NoDur minus MKT,extended_CPI_overlap,chronological_36m,9,-2.782276093,-5.681387969,-85.16857366,58.24807163,55.55555556
expanding_prior,3,real,Other minus MKT,extended_CPI_overlap,chronological_36m,9,-1.513448079,-5.696871761,-59.53528077,42.69276861,66.66666667
expanding_prior,3,real,Shops minus MKT,extended_CPI_overlap,chronological_36m,9,0.2825839985,0.30256877,-29.51940598,20.35624407,44.44444444
expanding_prior,3,real,Telcm minus MKT,extended_CPI_overlap,chronological_36m,9,-14.3379601,-10.28978061,-42.45124279,54.41872179,77.77777778
expanding_prior,3,real,Utils minus MKT,extended_CPI_overlap,chronological_36m,9,-5.990927007,-9.950103938,-67.30988896,36.87516158,66.66666667
full_history_strict_tie_sensitivity,1,nominal,MKT,extended_CPI_overlap,monthly_pool,27,18.24492149,16.56719516,-15.77796299,48.39216251,18.51851852
full_history_strict_tie_sensitivity,1,nominal,CASH,extended_CPI_overlap,monthly_pool,27,4.959135111,4.418313377,0.040003,6.019866931,0
full_history_strict_tie_sensitivity,1,nominal,NoDur,extended_CPI_overlap,monthly_pool,27,9.233759356,10.54278861,-7.545361776,36.41246608,29.62962963
full_history_strict_tie_sensitivity,1,nominal,Durbl,extended_CPI_overlap,monthly_pool,27,13.48698669,16.50715834,-16.46546168,54.34991878,22.22222222
full_history_strict_tie_sensitivity,1,nominal,Manuf,extended_CPI_overlap,monthly_pool,27,7.637529347,9.113627773,-19.06049698,39.06785186,25.92592593
full_history_strict_tie_sensitivity,1,nominal,Enrgy,extended_CPI_overlap,monthly_pool,27,11.42863595,13.31482293,-14.0840287,81.31184522,33.33333333
full_history_strict_tie_sensitivity,1,nominal,Chems,extended_CPI_overlap,monthly_pool,27,3.526553298,6.891061109,-10.42793626,37.1622714,33.33333333
full_history_strict_tie_sensitivity,1,nominal,BusEq,extended_CPI_overlap,monthly_pool,27,31.98009177,28.52183419,-52.17701301,104.0432282,22.22222222
full_history_strict_tie_sensitivity,1,nominal,Telcm,extended_CPI_overlap,monthly_pool,27,45.30625573,30.19271082,-40.08912236,73.731335,22.22222222
full_history_strict_tie_sensitivity,1,nominal,Utils,extended_CPI_overlap,monthly_pool,27,18.84335506,18.48434288,-5.709307116,50.37024435,7.407407407
full_history_strict_tie_sensitivity,1,nominal,Shops,extended_CPI_overlap,monthly_pool,27,24.98709887,24.49091036,-21.53489747,54.36585164,11.11111111
full_history_strict_tie_sensitivity,1,nominal,Hlth,extended_CPI_overlap,monthly_pool,27,27.13898473,24.82474024,-9.335940675,55.33101989,7.407407407
full_history_strict_tie_sensitivity,1,nominal,Money,extended_CPI_overlap,monthly_pool,27,12.92733635,18.51042375,-10.65011117,61.37193132,14.81481481
full_history_strict_tie_sensitivity,1,nominal,Other,extended_CPI_overlap,monthly_pool,27,2.79133652,5.45169554,-25.24022414,39.72772345,40.74074074
full_history_strict_tie_sensitivity,1,nominal,BusEq minus MKT,extended_CPI_overlap,monthly_pool,27,4.435795763,11.95463903,-36.39905002,64.74694209,33.33333333
full_history_strict_tie_sensitivity,1,nominal,Chems minus MKT,extended_CPI_overlap,monthly_pool,27,-10.0278575,-9.676134054,-26.87136525,16.64467423,85.18518519
full_history_strict_tie_sensitivity,1,nominal,Durbl minus MKT,extended_CPI_overlap,monthly_pool,27,0.6133757712,-0.06003682801,-29.36891616,20.6983777,44.44444444
full_history_strict_tie_sensitivity,1,nominal,Enrgy minus MKT,extended_CPI_overlap,monthly_pool,27,-12.58554155,-3.252372236,-29.04202579,86.54618203,74.07407407
full_history_strict_tie_sensitivity,1,nominal,Hlth minus MKT,extended_CPI_overlap,monthly_pool,27,6.118403414,8.257545076,-11.2600811,46.9930867,25.92592593
full_history_strict_tie_sensitivity,1,nominal,Manuf minus MKT,extended_CPI_overlap,monthly_pool,27,-10.18270924,-7.453567391,-20.63833768,24.58387081,85.18518519
full_history_strict_tie_sensitivity,1,nominal,Money minus MKT,extended_CPI_overlap,monthly_pool,27,0.8411682608,1.943228585,-20.32248434,51.61725408,48.14814815
full_history_strict_tie_sensitivity,1,nominal,NoDur minus MKT,extended_CPI_overlap,monthly_pool,27,-11.97969643,-6.024406556,-32.20180452,50.21362541,77.77777778
full_history_strict_tie_sensitivity,1,nominal,Other minus MKT,extended_CPI_overlap,monthly_pool,27,-11.77321138,-11.11549962,-21.44367944,11.52282651,88.88888889
full_history_strict_tie_sensitivity,1,nominal,Shops minus MKT,extended_CPI_overlap,monthly_pool,27,7.903656463,7.9237152,-8.566739819,21.20562868,11.11111111
full_history_strict_tie_sensitivity,1,nominal,Telcm minus MKT,extended_CPI_overlap,monthly_pool,27,20.71725722,13.62551565,-28.4970099,35.08663305,25.92592593
full_history_strict_tie_sensitivity,1,nominal,Utils minus MKT,extended_CPI_overlap,monthly_pool,27,-6.232025149,1.917147718,-31.60266371,61.96235682,66.66666667
full_history_strict_tie_sensitivity,1,real,MKT,extended_CPI_overlap,monthly_pool,27,15.82303755,13.95346486,-22.42048856,46.3769603,18.51851852
full_history_strict_tie_sensitivity,1,real,CASH,extended_CPI_overlap,monthly_pool,27,3.012531607,1.933080806,-8.147720827,3.760915784,14.81481481
full_history_strict_tie_sensitivity,1,real,NoDur,extended_CPI_overlap,monthly_pool,27,7.44304199,7.924294354,-9.518918844,34.55995111,37.03703704
full_history_strict_tie_sensitivity,1,real,Durbl,extended_CPI_overlap,monthly_pool,27,11.62654429,13.89696967,-22.69891976,52.25380877,25.92592593
full_history_strict_tie_sensitivity,1,real,Manuf,extended_CPI_overlap,monthly_pool,27,5.37582501,6.605625403,-25.72951226,37.17927609,29.62962963
full_history_strict_tie_sensitivity,1,real,Enrgy,extended_CPI_overlap,monthly_pool,27,9.28061405,10.34603008,-15.4511127,67.04892226,33.33333333
full_history_strict_tie_sensitivity,1,real,Chems,extended_CPI_overlap,monthly_pool,27,1.358214074,4.406457853,-13.73978456,35.29957389,44.44444444
full_history_strict_tie_sensitivity,1,real,BusEq,extended_CPI_overlap,monthly_pool,27,29.87230161,25.73664287,-53.80734211,99.52521537,22.22222222
full_history_strict_tie_sensitivity,1,real,Telcm,extended_CPI_overlap,monthly_pool,27,42.32541188,27.44494954,-42.07928897,71.37202057,22.22222222
full_history_strict_tie_sensitivity,1,real,Utils,extended_CPI_overlap,monthly_pool,27,14.9703514,15.6309029,-7.311333451,45.37512742,7.407407407
full_history_strict_tie_sensitivity,1,real,Shops,extended_CPI_overlap,monthly_pool,27,23.1569034,21.75422299,-28.00003438,52.26952526,11.11111111
full_history_strict_tie_sensitivity,1,real,Hlth,extended_CPI_overlap,monthly_pool,27,25.20117234,22.00463486,-16.80621137,53.22158629,7.407407407
full_history_strict_tie_sensitivity,1,real,Money,extended_CPI_overlap,monthly_pool,27,11.07606854,15.78421465,-18.01210071,59.18046065,18.51851852
full_history_strict_tie_sensitivity,1,real,Other,extended_CPI_overlap,monthly_pool,27,1.287989734,3.075149579,-31.40006043,37.83018647,48.14814815
full_history_strict_tie_sensitivity,1,real,BusEq minus MKT,extended_CPI_overlap,monthly_pool,27,4.372818416,11.78317801,-35.15817331,63.31328748,33.33333333
full_history_strict_tie_sensitivity,1,real,Chems minus MKT,extended_CPI_overlap,monthly_pool,27,-9.817314605,-9.547007005,-26.43085107,16.07724215,85.18518519
full_history_strict_tie_sensitivity,1,real,Durbl minus MKT,extended_CPI_overlap,monthly_pool,27,0.6035314687,-0.0564951921,-28.69962509,20.3546777,44.44444444
full_history_strict_tie_sensitivity,1,real,Enrgy minus MKT,extended_CPI_overlap,monthly_pool,27,-12.40849724,-3.607434774,-28.56592701,79.73801389,74.07407407
full_history_strict_tie_sensitivity,1,real,Hlth minus MKT,extended_CPI_overlap,monthly_pool,27,5.614277191,8.051170007,-11.01075555,45.43203342,25.92592593
full_history_strict_tie_sensitivity,1,real,Manuf minus MKT,extended_CPI_overlap,monthly_pool,27,-10.03831818,-7.347839454,-20.30000428,23.74578431,85.18518519
full_history_strict_tie_sensitivity,1,real,Money minus MKT,extended_CPI_overlap,monthly_pool,27,0.8277836985,1.830749789,-19.89579751,49.85757496,48.14814815
full_history_strict_tie_sensitivity,1,real,NoDur minus MKT,extended_CPI_overlap,monthly_pool,27,-11.8170092,-6.029170504,-31.48877833,48.50179727,77.77777778
full_history_strict_tie_sensitivity,1,real,Other minus MKT,extended_CPI_overlap,monthly_pool,27,-10.84706998,-10.87831528,-21.09214371,11.13000288,88.88888889
full_history_strict_tie_sensitivity,1,real,Shops minus MKT,extended_CPI_overlap,monthly_pool,27,7.776807656,7.80075813,-8.377051385,20.48270952,11.11111111
full_history_strict_tie_sensitivity,1,real,Telcm minus MKT,extended_CPI_overlap,monthly_pool,27,20.37324372,13.49148468,-27.55037383,34.48465651,25.92592593
full_history_strict_tie_sensitivity,1,real,Utils minus MKT,extended_CPI_overlap,monthly_pool,27,-6.104381261,1.677438039,-30.90290395,59.90404256,66.66666667
full_history_strict_tie_sensitivity,3,nominal,MKT,extended_CPI_overlap,monthly_pool,27,37.5866032,36.28343713,-39.75713111,111.4617337,11.11111111
full_history_strict_tie_sensitivity,3,nominal,CASH,extended_CPI_overlap,monthly_pool,27,15.7196322,14.11018163,4.693162667,16.37801037,0
full_history_strict_tie_sensitivity,3,nominal,NoDur,extended_CPI_overlap,monthly_pool,27,6.976938326,8.770918668,-7.877940764,23.15078625,7.407407407
full_history_strict_tie_sensitivity,3,nominal,Durbl,extended_CPI_overlap,monthly_pool,27,5.998259546,11.4211207,-26.1095593,86.52230374,40.74074074
full_history_strict_tie_sensitivity,3,nominal,Manuf,extended_CPI_overlap,monthly_pool,27,28.87183292,28.21800785,-16.6708988,68.87830587,14.81481481
full_history_strict_tie_sensitivity,3,nominal,Enrgy,extended_CPI_overlap,monthly_pool,27,37.54192131,33.16681042,-52.59565144,107.8473022,7.407407407
full_history_strict_tie_sensitivity,3,nominal,Chems,extended_CPI_overlap,monthly_pool,27,0.747883877,0.9700608743,-16.48970213,33.40445329,48.14814815
full_history_strict_tie_sensitivity,3,nominal,BusEq,extended_CPI_overlap,monthly_pool,27,84.35837321,100.0779227,-74.36479385,337.9282079,11.11111111
full_history_strict_tie_sensitivity,3,nominal,Telcm,extended_CPI_overlap,monthly_pool,27,19.12137784,42.07197925,-66.49096507,192.3070982,37.03703704
full_history_strict_tie_sensitivity,3,nominal,Utils,extended_CPI_overlap,monthly_pool,27,32.52984352,31.07684669,-3.15222586,55.70148392,3.703703704
full_history_strict_tie_sensitivity,3,nominal,Shops,extended_CPI_overlap,monthly_pool,27,35.89314483,40.10931859,-26.13625134,102.2345081,11.11111111
full_history_strict_tie_sensitivity,3,nominal,Hlth,extended_CPI_overlap,monthly_pool,27,48.58449766,50.4938949,-14.88693594,89.703358,11.11111111
full_history_strict_tie_sensitivity,3,nominal,Money,extended_CPI_overlap,monthly_pool,27,28.63145003,28.20168999,0.9631525554,60.94413267,0
full_history_strict_tie_sensitivity,3,nominal,Other,extended_CPI_overlap,monthly_pool,27,12.10463876,6.492385883,-38.22056663,39.30798334,33.33333333
full_history_strict_tie_sensitivity,3,nominal,BusEq minus MKT,extended_CPI_overlap,monthly_pool,27,46.77177001,63.79448559,-34.60766273,226.4664742,14.81481481
full_history_strict_tie_sensitivity,3,nominal,Chems minus MKT,extended_CPI_overlap,monthly_pool,27,-31.00902057,-35.31337626,-94.76915508,38.60123455,88.88888889
full_history_strict_tie_sensitivity,3,nominal,Durbl minus MKT,extended_CPI_overlap,monthly_pool,27,-26.86952357,-24.86231644,-53.94781371,43.90454327,85.18518519
full_history_strict_tie_sensitivity,3,nominal,Enrgy minus MKT,extended_CPI_overlap,monthly_pool,27,5.880484637,-3.116626711,-92.74715253,83.1892354,48.14814815
full_history_strict_tie_sensitivity,3,nominal,Hlth minus MKT,extended_CPI_overlap,monthly_pool,27,17.57456177,14.21045776,-21.75837572,44.48321659,25.92592593
full_history_strict_tie_sensitivity,3,nominal,Manuf minus MKT,extended_CPI_overlap,monthly_pool,27,-7.534096639,-8.065429278,-44.76657459,26.78347897,59.25925926
full_history_strict_tie_sensitivity,3,nominal,Money minus MKT,extended_CPI_overlap,monthly_pool,27,-5.85051014,-8.081747145,-62.28039719,55.35656417,59.25925926
full_history_strict_tie_sensitivity,3,nominal,NoDur minus MKT,extended_CPI_overlap,monthly_pool,27,-22.53246165,-27.51251846,-97.80740639,62.90791736,88.88888889
full_history_strict_tie_sensitivity,3,nominal,Other minus MKT,extended_CPI_overlap,monthly_pool,27,-23.36007591,-29.79105125,-72.15375037,2.304658313,96.2962963
full_history_strict_tie_sensitivity,3,nominal,Shops minus MKT,extended_CPI_overlap,monthly_pool,27,4.194372426,3.825881458,-26.34942954,48.03331127,40.74074074
full_history_strict_tie_sensitivity,3,nominal,Telcm minus MKT,extended_CPI_overlap,monthly_pool,27,-8.151284006,5.788542115,-50.54970868,80.84536451,62.96296296
full_history_strict_tie_sensitivity,3,nominal,Utils minus MKT,extended_CPI_overlap,monthly_pool,27,-0.9952268529,-5.206590439,-81.55205136,43.69301876,51.85185185
full_history_strict_tie_sensitivity,3,real,MKT,extended_CPI_overlap,monthly_pool,27,27.500071,26.08688171,-44.21956585,97.61160846,14.81481481
full_history_strict_tie_sensitivity,3,real,CASH,extended_CPI_overlap,monthly_pool,27,7.088666847,5.415370011,-6.743028855,8.736055999,14.81481481
full_history_strict_tie_sensitivity,3,real,NoDur,extended_CPI_overlap,monthly_pool,27,-0.08403949564,0.4878998556,-12.9410202,14.02850578,51.85185185
full_history_strict_tie_sensitivity,3,real,Durbl,extended_CPI_overlap,monthly_pool,27,-1.607815335,3.200408401,-31.49150268,76.79290116,55.55555556
full_history_strict_tie_sensitivity,3,real,Manuf,extended_CPI_overlap,monthly_pool,27,18.5562747,18.50662665,-22.62952539,57.81727064,14.81481481
full_history_strict_tie_sensitivity,3,real,Enrgy,extended_CPI_overlap,monthly_pool,27,27.40507248,22.54916725,-55.20102071,78.11984517,14.81481481
full_history_strict_tie_sensitivity,3,real,Chems,extended_CPI_overlap,monthly_pool,27,-9.10240799,-6.666120313,-23.17621661,25.60348408,81.48148148
full_history_strict_tie_sensitivity,3,real,BusEq,extended_CPI_overlap,monthly_pool,27,70.84298273,85.51718892,-76.26369801,309.2451907,11.11111111
full_history_strict_tie_sensitivity,3,real,Telcm,extended_CPI_overlap,monthly_pool,27,10.38853914,31.84221755,-68.97311581,173.161838,44.44444444
full_history_strict_tie_sensitivity,3,real,Utils,extended_CPI_overlap,monthly_pool,27,22.08677762,21.06394208,-10.20630799,44.57994936,11.11111111
full_history_strict_tie_sensitivity,3,real,Shops,extended_CPI_overlap,monthly_pool,27,27.12058266,29.66764906,-31.41803755,88.98873915,11.11111111
full_history_strict_tie_sensitivity,3,real,Hlth,extended_CPI_overlap,monthly_pool,27,36.76527626,39.26474952,-21.08629932,77.27834273,18.51851852
full_history_strict_tie_sensitivity,3,real,Money,extended_CPI_overlap,monthly_pool,27,19.72641428,18.48447035,-4.585838268,50.40276258,7.407407407
full_history_strict_tie_sensitivity,3,real,Other,extended_CPI_overlap,monthly_pool,27,-2.234627102,-1.582857742,-42.63823788,30.18371776,55.55555556
full_history_strict_tie_sensitivity,3,real,BusEq minus MKT,extended_CPI_overlap,monthly_pool,27,43.34291173,59.4303072,-32.04413216,211.6335823,14.81481481
full_history_strict_tie_sensitivity,3,real,Chems minus MKT,extended_CPI_overlap,monthly_pool,27,-28.57110164,-32.75300203,-88.56205253,35.74188384,88.88888889
full_history_strict_tie_sensitivity,3,real,Durbl minus MKT,extended_CPI_overlap,monthly_pool,27,-25.39275966,-22.88647331,-50.41438965,41.61438832,85.18518519
full_history_strict_tie_sensitivity,3,real,Enrgy minus MKT,extended_CPI_overlap,monthly_pool,27,5.425048469,-3.537714465,-87.90926254,71.29105632,48.14814815
full_history_strict_tie_sensitivity,3,real,Hlth minus MKT,extended_CPI_overlap,monthly_pool,27,16.10094911,13.17786781,-20.33326573,41.22213313,25.92592593
full_history_strict_tie_sensitivity,3,real,Manuf minus MKT,extended_CPI_overlap,monthly_pool,27,-6.84164462,-7.580255062,-42.05424684,24.79951756,59.25925926
full_history_strict_tie_sensitivity,3,real,Money minus MKT,extended_CPI_overlap,monthly_pool,27,-5.058279256,-7.602411359,-58.50693783,51.25607793,59.25925926
full_history_strict_tie_sensitivity,3,real,NoDur minus MKT,extended_CPI_overlap,monthly_pool,27,-20.99506648,-25.59898186,-91.40130726,58.24807163,88.88888889
full_history_strict_tie_sensitivity,3,real,Other minus MKT,extended_CPI_overlap,monthly_pool,27,-21.50188806,-27.66973946,-67.4278907,2.133942883,96.2962963
full_history_strict_tie_sensitivity,3,real,Shops minus MKT,extended_CPI_overlap,monthly_pool,27,3.842677721,3.580767341,-24.53380585,45.52779095,40.74074074
full_history_strict_tie_sensitivity,3,real,Telcm minus MKT,extended_CPI_overlap,monthly_pool,27,-7.566375567,5.755335836,-43.70465766,75.55022952,62.96296296
full_history_strict_tie_sensitivity,3,real,Utils minus MKT,extended_CPI_overlap,monthly_pool,27,-0.9241392206,-5.022939638,-76.21063045,40.56865548,51.85185185
full_history_strict_tie_sensitivity,5,nominal,MKT,extended_CPI_overlap,monthly_pool,27,2.199560311,19.04461888,-17.80010521,108.1273898,44.44444444
full_history_strict_tie_sensitivity,5,nominal,CASH,extended_CPI_overlap,monthly_pool,27,21.87419496,20.47822315,5.175696578,26.61911839,0
full_history_strict_tie_sensitivity,5,nominal,NoDur,extended_CPI_overlap,monthly_pool,27,23.87447858,27.54521965,-6.993500505,75.74634476,3.703703704
full_history_strict_tie_sensitivity,5,nominal,Durbl,extended_CPI_overlap,monthly_pool,27,10.24961691,29.76570048,-30.82702412,316.2711447,37.03703704
full_history_strict_tie_sensitivity,5,nominal,Manuf,extended_CPI_overlap,monthly_pool,27,25.75955868,36.38350294,-5.946937088,114.498748,7.407407407
full_history_strict_tie_sensitivity,5,nominal,Enrgy,extended_CPI_overlap,monthly_pool,27,44.2268103,49.77184714,6.916247409,154.8770937,0
full_history_strict_tie_sensitivity,5,nominal,Chems,extended_CPI_overlap,monthly_pool,27,9.989098785,14.93674312,-9.083080794,66.761178,22.22222222
full_history_strict_tie_sensitivity,5,nominal,BusEq,extended_CPI_overlap,monthly_pool,27,-14.83970559,13.03264699,-62.52513662,202.8519782,62.96296296
full_history_strict_tie_sensitivity,5,nominal,Telcm,extended_CPI_overlap,monthly_pool,27,-21.67441271,-19.6627396,-56.37256857,33.19265588,77.77777778
full_history_strict_tie_sensitivity,5,nominal,Utils,extended_CPI_overlap,monthly_pool,27,31.99415552,35.84793457,-6.5775159,80.65114633,7.407407407
full_history_strict_tie_sensitivity,5,nominal,Shops,extended_CPI_overlap,monthly_pool,27,31.74921593,44.47287638,-1.662734088,132.0844071,3.703703704
full_history_strict_tie_sensitivity,5,nominal,Hlth,extended_CPI_overlap,monthly_pool,27,32.45623821,37.94158945,-0.1207592578,110.4724556,3.703703704
full_history_strict_tie_sensitivity,5,nominal,Money,extended_CPI_overlap,monthly_pool,27,42.04515419,44.76290473,-1.209839229,96.65957133,3.703703704
full_history_strict_tie_sensitivity,5,nominal,Other,extended_CPI_overlap,monthly_pool,27,-10.26344613,-4.897287747,-38.70725323,81.15446346,59.25925926
full_history_strict_tie_sensitivity,5,nominal,BusEq minus MKT,extended_CPI_overlap,monthly_pool,27,-13.19880966,-6.011971887,-54.6761867,94.72458844,81.48148148
full_history_strict_tie_sensitivity,5,nominal,Chems minus MKT,extended_CPI_overlap,monthly_pool,27,1.465525758,-4.107875758,-85.4080397,62.62442897,40.74074074
full_history_strict_tie_sensitivity,5,nominal,Durbl minus MKT,extended_CPI_overlap,monthly_pool,27,-3.263187425,10.7210816,-22.06396613,208.143755,66.66666667
full_history_strict_tie_sensitivity,5,nominal,Enrgy minus MKT,extended_CPI_overlap,monthly_pool,27,26.58132427,30.72722826,-60.77509912,133.6090992,11.11111111
full_history_strict_tie_sensitivity,5,nominal,Hlth minus MKT,extended_CPI_overlap,monthly_pool,27,23.00042449,18.89697057,-45.98922877,49.64800924,14.81481481
full_history_strict_tie_sensitivity,5,nominal,Manuf minus MKT,extended_CPI_overlap,monthly_pool,27,15.1401415,17.33888406,-28.89776555,58.48620242,7.407407407
full_history_strict_tie_sensitivity,5,nominal,Money minus MKT,extended_CPI_overlap,monthly_pool,27,25.92186748,25.71828585,-29.11193376,87.10869734,14.81481481
full_history_strict_tie_sensitivity,5,nominal,NoDur minus MKT,extended_CPI_overlap,monthly_pool,27,12.10406927,8.500600771,-70.12676731,83.59529468,25.92592593
full_history_strict_tie_sensitivity,5,nominal,Other minus MKT,extended_CPI_overlap,monthly_pool,27,-25.67310081,-23.94190663,-46.19405874,12.45097083,88.88888889
full_history_strict_tie_sensitivity,5,nominal,Shops minus MKT,extended_CPI_overlap,monthly_pool,27,23.95701733,25.4282575,-27.08017013,53.9519542,7.407407407
full_history_strict_tie_sensitivity,5,nominal,Telcm minus MKT,extended_CPI_overlap,monthly_pool,27,-29.99836577,-38.70735848,-93.39685968,-21.12879733,100
full_history_strict_tie_sensitivity,5,nominal,Utils minus MKT,extended_CPI_overlap,monthly_pool,27,13.98629378,16.80331569,-47.01983798,83.70247087,14.81481481
full_history_strict_tie_sensitivity,5,real,MKT,extended_CPI_overlap,monthly_pool,27,-8.928836256,4.175925546,-27.5889997,76.45183557,59.25925926
full_history_strict_tie_sensitivity,5,real,CASH,extended_CPI_overlap,monthly_pool,27,7.536054379,6.019784091,-12.42547942,13.57955808,14.81481481
full_history_strict_tie_sensitivity,5,real,NoDur,extended_CPI_overlap,monthly_pool,27,6.536549481,12.19398847,-18.06931529,55.28523186,33.33333333
full_history_strict_tie_sensitivity,5,real,Durbl,extended_CPI_overlap,monthly_pool,27,-2.358875863,13.20459013,-39.06458894,252.9175457,51.85185185
full_history_strict_tie_sensitivity,5,real,Manuf,extended_CPI_overlap,monthly_pool,27,11.72542176,19.54886424,-17.14738341,74.56563511,22.22222222
full_history_strict_tie_sensitivity,5,real,Enrgy,extended_CPI_overlap,monthly_pool,27,19.93471885,31.15811634,-4.674230739,104.817306,7.407407407
full_history_strict_tie_sensitivity,5,real,Chems,extended_CPI_overlap,monthly_pool,27,-1.968877187,1.059545523,-21.27444475,41.38127611,55.55555556
full_history_strict_tie_sensitivity,5,real,BusEq,extended_CPI_overlap,monthly_pool,27,-24.20827483,-1.749557871,-66.88811448,156.7599945,66.66666667
full_history_strict_tie_sensitivity,5,real,Telcm,extended_CPI_overlap,monthly_pool,27,-31.88601151,-29.41428562,-61.45029154,19.23913955,81.48148148
full_history_strict_tie_sensitivity,5,real,Utils,extended_CPI_overlap,monthly_pool,27,14.23099515,19.20437419,-17.70286882,60.64321467,37.03703704
full_history_strict_tie_sensitivity,5,real,Shops,extended_CPI_overlap,monthly_pool,27,17.4254877,26.86315024,-13.37337098,96.76275998,25.92592593
full_history_strict_tie_sensitivity,5,real,Hlth,extended_CPI_overlap,monthly_pool,27,14.80957743,21.31679836,-11.74553519,88.42296027,22.22222222
full_history_strict_tie_sensitivity,5,real,Money,extended_CPI_overlap,monthly_pool,27,23.96468047,27.19634508,-12.97440976,76.05714005,11.11111111
full_history_strict_tie_sensitivity,5,real,Other,extended_CPI_overlap,monthly_pool,27,-19.95659281,-16.804384,-46.00638947,53.58400273,77.77777778
full_history_strict_tie_sensitivity,5,real,BusEq minus MKT,extended_CPI_overlap,monthly_pool,27,-11.73547904,-5.925483417,-48.31055997,80.30815897,81.48148148
full_history_strict_tie_sensitivity,5,real,Chems minus MKT,extended_CPI_overlap,monthly_pool,27,1.302867623,-3.116380023,-68.63325514,55.33343516,40.74074074
full_history_strict_tie_sensitivity,5,real,Durbl minus MKT,extended_CPI_overlap,monthly_pool,27,-2.927702426,9.028664582,-17.9563298,176.4657101,66.66666667
full_history_strict_tie_sensitivity,5,real,Enrgy minus MKT,extended_CPI_overlap,monthly_pool,27,23.65708618,26.9821908,-51.52554792,118.0537779,11.11111111
full_history_strict_tie_sensitivity,5,real,Hlth minus MKT,extended_CPI_overlap,monthly_pool,27,20.36391295,17.14087281,-36.95659663,44.44678922,14.81481481
full_history_strict_tie_sensitivity,5,real,Manuf minus MKT,extended_CPI_overlap,monthly_pool,27,13.43210801,15.37293869,-24.03052095,51.67699798,7.407407407
full_history_strict_tie_sensitivity,5,real,Money minus MKT,extended_CPI_overlap,monthly_pool,27,23.2568665,23.02041954,-23.39412992,76.96714422,14.81481481
full_history_strict_tie_sensitivity,5,real,NoDur minus MKT,extended_CPI_overlap,monthly_pool,27,10.76211075,8.018062928,-59.45395668,73.86278636,25.92592593
full_history_strict_tie_sensitivity,5,real,Other minus MKT,extended_CPI_overlap,monthly_pool,27,-22.84877729,-20.98030954,-38.06894718,11.00137755,88.88888889
full_history_strict_tie_sensitivity,5,real,Shops minus MKT,extended_CPI_overlap,monthly_pool,27,20.9509603,22.6872247,-22.03866989,48.39584411,7.407407407
full_history_strict_tie_sensitivity,5,real,Telcm minus MKT,extended_CPI_overlap,monthly_pool,27,-26.67249562,-33.59021117,-76.00921814,-18.9528998,100
full_history_strict_tie_sensitivity,5,real,Utils minus MKT,extended_CPI_overlap,monthly_pool,27,12.42549344,15.02844864,-39.86374272,73.95748466,14.81481481
full_history_strict_tie_sensitivity,1,nominal,MKT,extended_CPI_overlap,chronological_60m,2,20.21255616,20.21255616,15.19193664,25.23317567,0
full_history_strict_tie_sensitivity,1,nominal,CASH,extended_CPI_overlap,chronological_60m,2,3.128040808,3.128040808,1.02475531,5.231326306,0
full_history_strict_tie_sensitivity,1,nominal,NoDur,extended_CPI_overlap,chronological_60m,2,10.97779344,10.97779344,0.8119432162,21.14364366,0
full_history_strict_tie_sensitivity,1,nominal,Durbl,extended_CPI_overlap,chronological_60m,2,12.88569249,12.88569249,-0.07516645173,25.84655144,50
full_history_strict_tie_sensitivity,1,nominal,Manuf,extended_CPI_overlap,chronological_60m,2,21.87215133,21.87215133,19.63047297,24.11382969,0
full_history_strict_tie_sensitivity,1,nominal,Enrgy,extended_CPI_overlap,chronological_60m,2,6.019446517,6.019446517,3.502107483,8.53678555,0
full_history_strict_tie_sensitivity,1,nominal,Chems,extended_CPI_overlap,chronological_60m,2,13.11608628,13.11608628,6.245987628,19.98618493,0
full_history_strict_tie_sensitivity,1,nominal,BusEq,extended_CPI_overlap,chronological_60m,2,21.58642757,21.58642757,16.76369301,26.40916214,0
full_history_strict_tie_sensitivity,1,nominal,Telcm,extended_CPI_overlap,chronological_60m,2,19.49094495,19.49094495,-6.697415495,45.67930539,50
full_history_strict_tie_sensitivity,1,nominal,Utils,extended_CPI_overlap,chronological_60m,2,10.39756272,10.39756272,-0.1821599117,20.97728534,50
full_history_strict_tie_sensitivity,1,nominal,Shops,extended_CPI_overlap,chronological_60m,2,26.33017098,26.33017098,19.52350982,33.13683213,0
full_history_strict_tie_sensitivity,1,nominal,Hlth,extended_CPI_overlap,chronological_60m,2,22.48603112,22.48603112,12.27471334,32.69734889,0
full_history_strict_tie_sensitivity,1,nominal,Money,extended_CPI_overlap,chronological_60m,2,28.14461111,28.14461111,20.35823835,35.93098387,0
full_history_strict_tie_sensitivity,1,nominal,Other,extended_CPI_overlap,chronological_60m,2,16.15747196,16.15747196,14.43583634,17.87910757,0
full_history_strict_tie_sensitivity,1,nominal,BusEq minus MKT,extended_CPI_overlap,chronological_60m,2,1.37387142,1.37387142,-8.469482663,11.2172255,50
full_history_strict_tie_sensitivity,1,nominal,Chems minus MKT,extended_CPI_overlap,chronological_60m,2,-7.096469876,-7.096469876,-8.945949011,-5.246990741,100
full_history_strict_tie_sensitivity,1,nominal,Durbl minus MKT,extended_CPI_overlap,chronological_60m,2,-7.32686366,-7.32686366,-15.26710309,0.6133757712,50
full_history_strict_tie_sensitivity,1,nominal,Enrgy minus MKT,extended_CPI_overlap,chronological_60m,2,-14.19310964,-14.19310964,-16.69639012,-11.68982916,100
full_history_strict_tie_sensitivity,1,nominal,Hlth minus MKT,extended_CPI_overlap,chronological_60m,2,2.273474961,2.273474961,-2.917223296,7.464173217,50
full_history_strict_tie_sensitivity,1,nominal,Manuf minus MKT,extended_CPI_overlap,chronological_60m,2,1.659595176,1.659595176,-5.602702699,8.921893052,50
full_history_strict_tie_sensitivity,1,nominal,Money minus MKT,extended_CPI_overlap,chronological_60m,2,7.932054955,7.932054955,5.166301706,10.6978082,0
full_history_strict_tie_sensitivity,1,nominal,NoDur minus MKT,extended_CPI_overlap,chronological_60m,2,-9.234762715,-9.234762715,-14.37999342,-4.089532006,100
full_history_strict_tie_sensitivity,1,nominal,Other minus MKT,extended_CPI_overlap,chronological_60m,2,-4.0550842,-4.0550842,-7.354068098,-0.756100302,100
full_history_strict_tie_sensitivity,1,nominal,Shops minus MKT,extended_CPI_overlap,chronological_60m,2,6.117614823,6.117614823,4.331573183,7.903656463,0
full_history_strict_tie_sensitivity,1,nominal,Telcm minus MKT,extended_CPI_overlap,chronological_60m,2,-0.721611208,-0.721611208,-21.88935214,20.44612972,50
full_history_strict_tie_sensitivity,1,nominal,Utils minus MKT,extended_CPI_overlap,chronological_60m,2,-9.814993439,-9.814993439,-15.37409655,-4.255890327,100
full_history_strict_tie_sensitivity,1,real,MKT,extended_CPI_overlap,chronological_60m,2,17.89564643,17.89564643,12.56803235,23.22326051,0
full_history_strict_tie_sensitivity,1,real,CASH,extended_CPI_overlap,chronological_60m,2,1.132993613,1.132993613,-1.27644125,3.542428477,50
full_history_strict_tie_sensitivity,1,real,NoDur,extended_CPI_overlap,chronological_60m,2,8.857478584,8.857478584,-1.484405795,19.19936296,50
full_history_strict_tie_sensitivity,1,real,Durbl,extended_CPI_overlap,chronological_60m,2,10.73774179,10.73774179,-2.351308399,23.82679197,50
full_history_strict_tie_sensitivity,1,real,Manuf,extended_CPI_overlap,chronological_60m,2,19.49858771,19.49858771,17.71047773,21.2866977,0
full_history_strict_tie_sensitivity,1,real,Enrgy,extended_CPI_overlap,chronological_60m,2,3.969658797,3.969658797,1.144480454,6.79483714,0
full_history_strict_tie_sensitivity,1,real,Chems,extended_CPI_overlap,chronological_60m,2,10.94316987,10.94316987,3.825859012,18.06048073,0
full_history_strict_tie_sensitivity,1,real,BusEq,extended_CPI_overlap,chronological_60m,2,19.20972682,19.20972682,14.88970781,23.52974582,0
full_history_strict_tie_sensitivity,1,real,Telcm,extended_CPI_overlap,chronological_60m,2,17.2592651,17.2592651,-8.822712269,43.34124246,50
full_history_strict_tie_sensitivity,1,real,Utils,extended_CPI_overlap,chronological_60m,2,8.289904944,8.289904944,-2.455864704,19.03567459,50
full_history_strict_tie_sensitivity,1,real,Shops,extended_CPI_overlap,chronological_60m,2,23.90050339,23.90050339,16.80093862,31.00006816,0
full_history_strict_tie_sensitivity,1,real,Hlth,extended_CPI_overlap,chronological_60m,2,20.14244875,20.14244875,9.71725915,30.56763835,0
full_history_strict_tie_sensitivity,1,real,Money,extended_CPI_overlap,chronological_60m,2,25.68301437,25.68301437,17.61665324,33.74937549,0
full_history_strict_tie_sensitivity,1,real,Other,extended_CPI_overlap,chronological_60m,2,13.90818779,13.90818779,11.82915491,15.98722066,0
full_history_strict_tie_sensitivity,1,real,BusEq minus MKT,extended_CPI_overlap,chronological_60m,2,1.314080387,1.314080387,-8.333552694,10.96171347,50
full_history_strict_tie_sensitivity,1,real,Chems minus MKT,extended_CPI_overlap,chronological_60m,2,-6.952476561,-6.952476561,-8.742173342,-5.162779779,100
full_history_strict_tie_sensitivity,1,real,Durbl minus MKT,extended_CPI_overlap,chronological_60m,2,-7.157904642,-7.157904642,-14.91934075,0.6035314687,50
full_history_strict_tie_sensitivity,1,real,Enrgy minus MKT,extended_CPI_overlap,chronological_60m,2,-13.92598763,-13.92598763,-16.42842336,-11.4235519,100
full_history_strict_tie_sensitivity,1,real,Hlth minus MKT,extended_CPI_overlap,chronological_60m,2,2.24680232,2.24680232,-2.850773205,7.344377844,50
full_history_strict_tie_sensitivity,1,real,Manuf minus MKT,extended_CPI_overlap,chronological_60m,2,1.602941282,1.602941282,-5.512782779,8.718665343,50
full_history_strict_tie_sensitivity,1,real,Money minus MKT,extended_CPI_overlap,chronological_60m,2,7.787367937,7.787367937,5.048620889,10.52611499,0
full_history_strict_tie_sensitivity,1,real,NoDur minus MKT,extended_CPI_overlap,chronological_60m,2,-9.038167846,-9.038167846,-14.05243815,-4.023897542,100
full_history_strict_tie_sensitivity,1,real,Other minus MKT,extended_CPI_overlap,chronological_60m,2,-3.987458642,-3.987458642,-7.236039845,-0.73887744,100
full_history_strict_tie_sensitivity,1,real,Shops minus MKT,extended_CPI_overlap,chronological_60m,2,6.00485696,6.00485696,4.232906264,7.776807656,0
full_history_strict_tie_sensitivity,1,real,Telcm minus MKT,extended_CPI_overlap,chronological_60m,2,-0.6363813328,-0.6363813328,-21.39074462,20.11798196,50
full_history_strict_tie_sensitivity,1,real,Utils minus MKT,extended_CPI_overlap,chronological_60m,2,-9.605741486,-9.605741486,-15.02389706,-4.187585915,100
full_history_strict_tie_sensitivity,3,nominal,MKT,extended_CPI_overlap,chronological_60m,2,49.86030328,49.86030328,14.33813347,85.38247308,0
full_history_strict_tie_sensitivity,3,nominal,CASH,extended_CPI_overlap,chronological_60m,2,10.28525518,10.28525518,5.081085763,15.4894246,0
full_history_strict_tie_sensitivity,3,nominal,NoDur,extended_CPI_overlap,chronological_60m,2,1.75858241,1.75858241,-7.877940764,11.39510558,50
full_history_strict_tie_sensitivity,3,nominal,Durbl,extended_CPI_overlap,chronological_60m,2,19.44688775,19.44688775,-12.5313901,51.4251656,50
full_history_strict_tie_sensitivity,3,nominal,Manuf,extended_CPI_overlap,chronological_60m,2,23.09139004,23.09139004,-2.63425256,48.81703263,50
full_history_strict_tie_sensitivity,3,nominal,Enrgy,extended_CPI_overlap,chronological_60m,2,-7.526865066,-7.526865066,-52.59565144,37.54192131,50
full_history_strict_tie_sensitivity,3,nominal,Chems,extended_CPI_overlap,chronological_60m,2,18.63058805,18.63058805,3.856722804,33.40445329,0
full_history_strict_tie_sensitivity,3,nominal,BusEq,extended_CPI_overlap,chronological_60m,2,131.8613653,131.8613653,52.41518568,211.307545,0
full_history_strict_tie_sensitivity,3,nominal,Telcm,extended_CPI_overlap,chronological_60m,2,82.0904564,82.0904564,-0.8336777861,165.0145906,50
full_history_strict_tie_sensitivity,3,nominal,Utils,extended_CPI_overlap,chronological_60m,2,17.80062212,17.80062212,7.998792787,27.60245145,0
full_history_strict_tie_sensitivity,3,nominal,Shops,extended_CPI_overlap,chronological_60m,2,61.64569928,61.64569928,34.51352029,88.77787827,0
full_history_strict_tie_sensitivity,3,nominal,Hlth,extended_CPI_overlap,chronological_60m,2,52.89133975,52.89133975,24.02149117,81.76118832,0
full_history_strict_tie_sensitivity,3,nominal,Money,extended_CPI_overlap,chronological_60m,2,23.77470457,23.77470457,0.9631525554,46.58625659,0
full_history_strict_tie_sensitivity,3,nominal,Other,extended_CPI_overlap,chronological_60m,2,13.58956452,13.58956452,-0.5392934684,27.71842252,50
full_history_strict_tie_sensitivity,3,nominal,BusEq minus MKT,extended_CPI_overlap,chronological_60m,2,82.00106205,82.00106205,38.07705221,125.9250719,0
full_history_strict_tie_sensitivity,3,nominal,Chems minus MKT,extended_CPI_overlap,chronological_60m,2,-31.22971523,-31.22971523,-51.97801979,-10.48141067,100
full_history_strict_tie_sensitivity,3,nominal,Durbl minus MKT,extended_CPI_overlap,chronological_60m,2,-30.41341552,-30.41341552,-33.95730748,-26.86952357,100
full_history_strict_tie_sensitivity,3,nominal,Enrgy minus MKT,extended_CPI_overlap,chronological_60m,2,-57.38716834,-57.38716834,-66.93378491,-47.84055177,100
full_history_strict_tie_sensitivity,3,nominal,Hlth minus MKT,extended_CPI_overlap,chronological_60m,2,3.031036474,3.031036474,-3.621284755,9.683357703,50
full_history_strict_tie_sensitivity,3,nominal,Manuf minus MKT,extended_CPI_overlap,chronological_60m,2,-26.76891324,-26.76891324,-36.56544045,-16.97238603,100
full_history_strict_tie_sensitivity,3,nominal,Money minus MKT,extended_CPI_overlap,chronological_60m,2,-26.0855987,-26.0855987,-38.79621649,-13.37498092,100
full_history_strict_tie_sensitivity,3,nominal,NoDur minus MKT,extended_CPI_overlap,chronological_60m,2,-48.10172087,-48.10172087,-73.9873675,-22.21607424,100
full_history_strict_tie_sensitivity,3,nominal,Other minus MKT,extended_CPI_overlap,chronological_60m,2,-36.27073875,-36.27073875,-57.66405056,-14.87742694,100
full_history_strict_tie_sensitivity,3,nominal,Shops minus MKT,extended_CPI_overlap,chronological_60m,2,11.785396,11.785396,3.395405186,20.17538682,0
full_history_strict_tie_sensitivity,3,nominal,Telcm minus MKT,extended_CPI_overlap,chronological_60m,2,32.23015312,32.23015312,-15.17181126,79.63211751,50
full_history_strict_tie_sensitivity,3,nominal,Utils minus MKT,extended_CPI_overlap,chronological_60m,2,-32.05968116,-32.05968116,-57.78002163,-6.339340684,100
full_history_strict_tie_sensitivity,3,real,MKT,extended_CPI_overlap,chronological_60m,2,41.29803971,41.29803971,8.054046283,74.54203313,0
full_history_strict_tie_sensitivity,3,real,CASH,extended_CPI_overlap,chronological_60m,2,4.020913523,4.020913523,-0.6942289527,8.736055999,50
full_history_strict_tie_sensitivity,3,real,NoDur,extended_CPI_overlap,chronological_60m,2,-4.029931747,-4.029931747,-12.9410202,4.881156705,50
full_history_strict_tie_sensitivity,3,real,Durbl,extended_CPI_overlap,chronological_60m,2,12.61585122,12.61585122,-17.33871338,42.57041581,50
full_history_strict_tie_sensitivity,3,real,Manuf,extended_CPI_overlap,chronological_60m,2,16.06463411,16.06463411,-7.985528005,40.11479623,50
full_history_strict_tie_sensitivity,3,real,Enrgy,extended_CPI_overlap,chronological_60m,2,-12.85100576,-12.85100576,-55.20102071,29.4990092,50
full_history_strict_tie_sensitivity,3,real,Chems,extended_CPI_overlap,chronological_60m,2,11.87609192,11.87609192,-1.851300244,25.60348408,50
full_history_strict_tie_sensitivity,3,real,BusEq,extended_CPI_overlap,chronological_60m,2,118.5709316,118.5709316,44.0383626,193.1035007,0
full_history_strict_tie_sensitivity,3,real,Telcm,extended_CPI_overlap,chronological_60m,2,71.61683145,71.61683145,-6.283913818,149.5175767,50
full_history_strict_tie_sensitivity,3,real,Utils,extended_CPI_overlap,chronological_60m,2,11.10193991,11.10193991,2.063119276,20.14076055,0
full_history_strict_tie_sensitivity,3,real,Shops,extended_CPI_overlap,chronological_60m,2,52.4297355,52.4297355,27.12058266,77.73888834,0
full_history_strict_tie_sensitivity,3,real,Hlth,extended_CPI_overlap,chronological_60m,2,44.16885409,44.16885409,17.20520128,71.1325069,0
full_history_strict_tie_sensitivity,3,real,Money,extended_CPI_overlap,chronological_60m,2,16.71431448,16.71431448,-4.585838268,38.01446722,50
full_history_strict_tie_sensitivity,3,real,Other,extended_CPI_overlap,chronological_60m,2,7.122120529,7.122120529,-6.005709026,20.24995008,50
full_history_strict_tie_sensitivity,3,real,BusEq minus MKT,extended_CPI_overlap,chronological_60m,2,77.27289194,77.27289194,35.98431632,118.5614676,0
full_history_strict_tie_sensitivity,3,real,Chems minus MKT,extended_CPI_overlap,chronological_60m,2,-29.42194779,-29.42194779,-48.93854905,-9.905346527,100
full_history_strict_tie_sensitivity,3,real,Durbl minus MKT,extended_CPI_overlap,chronological_60m,2,-28.68218849,-28.68218849,-31.97161732,-25.39275966,100
full_history_strict_tie_sensitivity,3,real,Enrgy minus MKT,extended_CPI_overlap,chronological_60m,2,-54.14904547,-54.14904547,-63.255067,-45.04302393,100
full_history_strict_tie_sensitivity,3,real,Hlth minus MKT,extended_CPI_overlap,chronological_60m,2,2.870814385,2.870814385,-3.409526225,9.151154996,50
full_history_strict_tie_sensitivity,3,real,Manuf minus MKT,extended_CPI_overlap,chronological_60m,2,-25.23340559,-25.23340559,-34.4272369,-16.03957429,100
full_history_strict_tie_sensitivity,3,real,Money minus MKT,extended_CPI_overlap,chronological_60m,2,-24.58372523,-24.58372523,-36.52756591,-12.63988455,100
full_history_strict_tie_sensitivity,3,real,NoDur minus MKT,extended_CPI_overlap,chronological_60m,2,-45.32797145,-45.32797145,-69.66087642,-20.99506648,100
full_history_strict_tie_sensitivity,3,real,Other minus MKT,extended_CPI_overlap,chronological_60m,2,-34.17591918,-34.17591918,-54.29208305,-14.05975531,100
full_history_strict_tie_sensitivity,3,real,Shops minus MKT,extended_CPI_overlap,chronological_60m,2,11.13169579,11.13169579,3.196855208,19.06653638,0
full_history_strict_tie_sensitivity,3,real,Telcm minus MKT,extended_CPI_overlap,chronological_60m,2,30.31879175,30.31879175,-14.3379601,74.97554359,50
full_history_strict_tie_sensitivity,3,real,Utils minus MKT,extended_CPI_overlap,chronological_60m,2,-30.19609979,-30.19609979,-54.40127258,-5.990927007,100
full_history_strict_tie_sensitivity,5,nominal,MKT,extended_CPI_overlap,chronological_60m,2,79.13555679,79.13555679,50.14372382,108.1273898,0
full_history_strict_tie_sensitivity,5,nominal,CASH,extended_CPI_overlap,chronological_60m,2,15.89740748,15.89740748,5.175696578,26.61911839,0
full_history_strict_tie_sensitivity,5,nominal,NoDur,extended_CPI_overlap,chronological_60m,2,40.7675987,40.7675987,38.00062246,43.53457495,0
full_history_strict_tie_sensitivity,5,nominal,Durbl,extended_CPI_overlap,chronological_60m,2,178.1197811,178.1197811,39.9684175,316.2711447,0
full_history_strict_tie_sensitivity,5,nominal,Manuf,extended_CPI_overlap,chronological_60m,2,68.89810845,68.89810845,55.20401344,82.59220347,0
full_history_strict_tie_sensitivity,5,nominal,Enrgy,extended_CPI_overlap,chronological_60m,2,48.6164486,48.6164486,47.35229065,49.88060655,0
full_history_strict_tie_sensitivity,5,nominal,Chems,extended_CPI_overlap,chronological_60m,2,46.24100606,46.24100606,25.72083412,66.761178,0
full_history_strict_tie_sensitivity,5,nominal,BusEq,extended_CPI_overlap,chronological_60m,2,127.3519043,127.3519043,51.85183031,202.8519782,0
full_history_strict_tie_sensitivity,5,nominal,Telcm,extended_CPI_overlap,chronological_60m,2,26.55427147,26.55427147,24.09361645,29.01492649,0
full_history_strict_tie_sensitivity,5,nominal,Utils,extended_CPI_overlap,chronological_60m,2,58.99991619,58.99991619,56.89228059,61.10755179,0
full_history_strict_tie_sensitivity,5,nominal,Shops,extended_CPI_overlap,chronological_60m,2,118.0900426,118.0900426,104.095678,132.0844071,0
full_history_strict_tie_sensitivity,5,nominal,Hlth,extended_CPI_overlap,chronological_60m,2,88.41449963,88.41449963,80.46086213,96.36813714,0
full_history_strict_tie_sensitivity,5,nominal,Money,extended_CPI_overlap,chronological_60m,2,84.50943105,84.50943105,81.75378938,87.26507272,0
full_history_strict_tie_sensitivity,5,nominal,Other,extended_CPI_overlap,chronological_60m,2,44.42935739,44.42935739,7.704251327,81.15446346,0
full_history_strict_tie_sensitivity,5,nominal,BusEq minus MKT,extended_CPI_overlap,chronological_60m,2,48.21634747,48.21634747,1.708106493,94.72458844,0
full_history_strict_tie_sensitivity,5,nominal,Chems minus MKT,extended_CPI_overlap,chronological_60m,2,-32.89455073,-32.89455073,-41.36621177,-24.4228897,100
full_history_strict_tie_sensitivity,5,nominal,Durbl minus MKT,extended_CPI_overlap,chronological_60m,2,98.98422432,98.98422432,-10.17530632,208.143755,50
full_history_strict_tie_sensitivity,5,nominal,Enrgy minus MKT,extended_CPI_overlap,chronological_60m,2,-30.51910819,-30.51910819,-60.77509912,-0.2631172697,100
full_history_strict_tie_sensitivity,5,nominal,Hlth minus MKT,extended_CPI_overlap,chronological_60m,2,9.27894284,9.27894284,-27.66652764,46.22441332,50
full_history_strict_tie_sensitivity,5,nominal,Manuf minus MKT,extended_CPI_overlap,chronological_60m,2,-10.23744834,-10.23744834,-25.5351863,5.060289621,50
full_history_strict_tie_sensitivity,5,nominal,Money minus MKT,extended_CPI_overlap,chronological_60m,2,5.373874254,5.373874254,-20.86231705,31.61006556,50
full_history_strict_tie_sensitivity,5,nominal,NoDur minus MKT,extended_CPI_overlap,chronological_60m,2,-38.36795809,-38.36795809,-70.12676731,-6.609148869,100
full_history_strict_tie_sensitivity,5,nominal,Other minus MKT,extended_CPI_overlap,chronological_60m,2,-34.7061994,-34.7061994,-42.43947249,-26.97292631,100
full_history_strict_tie_sensitivity,5,nominal,Shops minus MKT,extended_CPI_overlap,chronological_60m,2,38.95448576,38.95448576,23.95701733,53.9519542,0
full_history_strict_tie_sensitivity,5,nominal,Telcm minus MKT,extended_CPI_overlap,chronological_60m,2,-52.58128532,-52.58128532,-84.03377332,-21.12879733,100
full_history_strict_tie_sensitivity,5,nominal,Utils minus MKT,extended_CPI_overlap,chronological_60m,2,-20.1356406,-20.1356406,-47.01983798,6.748556772,50
full_history_strict_tie_sensitivity,5,real,MKT,extended_CPI_overlap,chronological_60m,2,55.56668755,55.56668755,34.68153954,76.45183557,0
full_history_strict_tie_sensitivity,5,real,CASH,extended_CPI_overlap,chronological_60m,2,1.374119284,1.374119284,-10.83131952,13.57955808,50
full_history_strict_tie_sensitivity,5,real,NoDur,extended_CPI_overlap,chronological_60m,2,22.8754483,22.8754483,16.99787889,28.75301771,0
full_history_strict_tie_sensitivity,5,real,Durbl,extended_CPI_overlap,chronological_60m,2,139.235829,139.235829,25.55411226,252.9175457,0
full_history_strict_tie_sensitivity,5,real,Manuf,extended_CPI_overlap,chronological_60m,2,47.01181812,47.01181812,39.22070761,54.80292862,0
full_history_strict_tie_sensitivity,5,real,Enrgy,extended_CPI_overlap,chronological_60m,2,29.6859032,29.6859032,24.92628765,34.44551876,0
full_history_strict_tie_sensitivity,5,real,Chems,extended_CPI_overlap,chronological_60m,2,27.07752877,27.07752877,12.77378142,41.38127611,0
full_history_strict_tie_sensitivity,5,real,BusEq,extended_CPI_overlap,chronological_60m,2,96.4868677,96.4868677,36.21374086,156.7599945,0
full_history_strict_tie_sensitivity,5,real,Telcm,extended_CPI_overlap,chronological_60m,2,10.46803154,10.46803154,5.207423344,15.72863974,0
full_history_strict_tie_sensitivity,5,real,Utils,extended_CPI_overlap,chronological_60m,2,38.66160277,38.66160277,36.58809285,40.73511269,0
full_history_strict_tie_sensitivity,5,real,Shops,extended_CPI_overlap,chronological_60m,2,89.92007182,89.92007182,83.07738365,96.76275998,0
full_history_strict_tie_sensitivity,5,real,Hlth,extended_CPI_overlap,chronological_60m,2,64.57080371,64.57080371,52.99596274,76.14564468,0
full_history_strict_tie_sensitivity,5,real,Money,extended_CPI_overlap,chronological_60m,2,60.90046958,60.90046958,58.76461938,63.03631979,0
full_history_strict_tie_sensitivity,5,real,Other,extended_CPI_overlap,chronological_60m,2,25.09829754,25.09829754,-3.387407645,53.58400273,50
full_history_strict_tie_sensitivity,5,real,BusEq minus MKT,extended_CPI_overlap,chronological_60m,2,40.92018015,40.92018015,1.532201322,80.30815897,0
full_history_strict_tie_sensitivity,5,real,Chems minus MKT,extended_CPI_overlap,chronological_60m,2,-28.48915879,-28.48915879,-35.07055946,-21.90775812,100
full_history_strict_tie_sensitivity,5,real,Durbl minus MKT,extended_CPI_overlap,chronological_60m,2,83.66914141,83.66914141,-9.127427278,176.4657101,50
full_history_strict_tie_sensitivity,5,real,Enrgy minus MKT,extended_CPI_overlap,chronological_60m,2,-25.88078435,-25.88078435,-51.52554792,-0.236020781,100
full_history_strict_tie_sensitivity,5,real,Hlth minus MKT,extended_CPI_overlap,chronological_60m,2,9.004116157,9.004116157,-23.45587283,41.46410514,50
full_history_strict_tie_sensitivity,5,real,Manuf minus MKT,extended_CPI_overlap,chronological_60m,2,-8.554869439,-8.554869439,-21.64890695,4.539168067,50
full_history_strict_tie_sensitivity,5,real,Money minus MKT,extended_CPI_overlap,chronological_60m,2,5.33378203,5.33378203,-17.68721619,28.35478025,50
full_history_strict_tie_sensitivity,5,real,NoDur minus MKT,extended_CPI_overlap,chronological_60m,2,-32.69123925,-32.69123925,-59.45395668,-5.928521833,100
full_history_strict_tie_sensitivity,5,real,Other minus MKT,extended_CPI_overlap,chronological_60m,2,-30.46839001,-30.46839001,-38.06894718,-22.86783284,100
full_history_strict_tie_sensitivity,5,real,Shops minus MKT,extended_CPI_overlap,chronological_60m,2,34.35338426,34.35338426,20.31092441,48.39584411,0
full_history_strict_tie_sensitivity,5,real,Telcm minus MKT,extended_CPI_overlap,chronological_60m,2,-45.09865601,-45.09865601,-71.24441223,-18.9528998,100
full_history_strict_tie_sensitivity,5,real,Utils minus MKT,extended_CPI_overlap,chronological_60m,2,-16.90508478,-16.90508478,-39.86374272,6.053573154,50
full_history_strict_tie_sensitivity,1,nominal,MKT,extended_CPI_overlap,chronological_12m,5,15.19193664,10.37490601,-11.59211246,28.27586703,40
full_history_strict_tie_sensitivity,1,nominal,CASH,extended_CPI_overlap,chronological_12m,5,4.771152787,3.390003754,0.040003,5.882781366,0
full_history_strict_tie_sensitivity,1,nominal,NoDur,extended_CPI_overlap,chronological_12m,5,9.233759356,11.10361876,0.8119432162,22.56306453,0
full_history_strict_tie_sensitivity,1,nominal,Durbl,extended_CPI_overlap,chronological_12m,5,0.8689779796,8.722841485,-16.46546168,33.43930613,40
full_history_strict_tie_sensitivity,1,nominal,Manuf,extended_CPI_overlap,chronological_12m,5,7.637529347,8.447540095,-10.32608295,24.11382969,20
full_history_strict_tie_sensitivity,1,nominal,Enrgy,extended_CPI_overlap,chronological_12m,5,8.53678555,22.99055731,-0.7661587624,81.31184522,20
full_history_strict_tie_sensitivity,1,nominal,Chems,extended_CPI_overlap,chronological_12m,5,1.404501777,3.42401023,-10.42793626,19.98618493,40
full_history_strict_tie_sensitivity,1,nominal,BusEq,extended_CPI_overlap,chronological_12m,5,16.76369301,15.48219611,-37.79352292,78.23327383,40
full_history_strict_tie_sensitivity,1,nominal,Telcm,extended_CPI_overlap,chronological_12m,5,-6.697415495,6.902764206,-40.08912236,52.85539418,60
full_history_strict_tie_sensitivity,1,nominal,Utils,extended_CPI_overlap,chronological_12m,5,19.51659826,19.92450097,-0.1821599117,50.37024435,20
full_history_strict_tie_sensitivity,1,nominal,Shops,extended_CPI_overlap,chronological_12m,5,19.52350982,14.71011618,-12.46978429,43.90631545,40
full_history_strict_tie_sensitivity,1,nominal,Hlth,extended_CPI_overlap,chronological_12m,5,31.11388425,21.62017336,-3.386053948,35.40097424,20
full_history_strict_tie_sensitivity,1,nominal,Money,extended_CPI_overlap,chronological_12m,5,20.35823835,18.09106752,-3.979569714,35.93098387,20
full_history_strict_tie_sensitivity,1,nominal,Other,extended_CPI_overlap,chronological_12m,5,6.832187589,2.161526587,-17.00754819,17.87910757,40
full_history_strict_tie_sensitivity,1,nominal,BusEq minus MKT,extended_CPI_overlap,chronological_12m,5,-0.9672887143,5.107290094,-26.20141045,49.9574068,60
full_history_strict_tie_sensitivity,1,nominal,Chems minus MKT,extended_CPI_overlap,chronological_12m,5,-5.246990741,-6.950895784,-26.87136525,5.145649887,60
full_history_strict_tie_sensitivity,1,nominal,Durbl minus MKT,extended_CPI_overlap,chronological_12m,5,0.6133757712,-1.65206453,-15.26710309,6.103314786,40
full_history_strict_tie_sensitivity,1,nominal,Enrgy minus MKT,extended_CPI_overlap,chronological_12m,5,-11.68982916,12.6156513,-29.04202579,86.54618203,60
full_history_strict_tie_sensitivity,1,nominal,Hlth minus MKT,extended_CPI_overlap,chronological_12m,5,2.838017221,11.24526734,-2.917223296,46.9930867,20
full_history_strict_tie_sensitivity,1,nominal,Manuf minus MKT,extended_CPI_overlap,chronological_12m,5,-5.091746141,-1.927365919,-20.63833768,12.77406388,60
full_history_strict_tie_sensitivity,1,nominal,Money minus MKT,extended_CPI_overlap,chronological_12m,5,5.166301706,7.71616151,-15.34853068,36.81046123,20
full_history_strict_tie_sensitivity,1,nominal,NoDur minus MKT,extended_CPI_overlap,chronological_12m,5,-4.089532006,0.7287127449,-19.04210767,34.15517699,60
full_history_strict_tie_sensitivity,1,nominal,Other minus MKT,extended_CPI_overlap,chronological_12m,5,-7.354068098,-8.213379428,-21.44367944,0.2601620873,80
full_history_strict_tie_sensitivity,1,nominal,Shops minus MKT,extended_CPI_overlap,chronological_12m,5,4.331573183,4.335210165,-7.235447484,15.63044842,20
full_history_strict_tie_sensitivity,1,nominal,Telcm minus MKT,extended_CPI_overlap,chronological_12m,5,-12.00000389,-3.472141808,-28.4970099,24.57952715,60
full_history_strict_tie_sensitivity,1,nominal,Utils minus MKT,extended_CPI_overlap,chronological_12m,5,-4.255890327,9.549594951,-19.33533024,61.96235682,60
full_history_strict_tie_sensitivity,1,real,MKT,extended_CPI_overlap,chronological_12m,5,12.56803235,6.94925401,-14.52891514,26.17298396,40
full_history_strict_tie_sensitivity,1,real,CASH,extended_CPI_overlap,chronological_12m,5,2.365483932,-0.02891889625,-7.829658545,3.542428477,40
full_history_strict_tie_sensitivity,1,real,NoDur,extended_CPI_overlap,chronological_12m,5,7.44304199,7.481987623,-6.239729389,19.19936296,40
full_history_strict_tie_sensitivity,1,real,Durbl,extended_CPI_overlap,chronological_12m,5,-2.351308399,5.284197497,-19.24037761,31.25177652,60
full_history_strict_tie_sensitivity,1,real,Manuf,extended_CPI_overlap,chronological_12m,5,5.872979685,5.062134027,-17.38029482,21.2866977,40
full_history_strict_tie_sensitivity,1,real,Enrgy,extended_CPI_overlap,chronological_12m,5,6.79483714,18.17971612,-2.392943045,67.04892226,20
full_history_strict_tie_sensitivity,1,real,Chems,extended_CPI_overlap,chronological_12m,5,-0.2578671048,0.05536722393,-13.40341146,18.06048073,60
full_history_strict_tie_sensitivity,1,real,BusEq,extended_CPI_overlap,chronological_12m,5,14.88970781,12.0581271,-39.85994655,75.31141688,40
full_history_strict_tie_sensitivity,1,real,Telcm,extended_CPI_overlap,chronological_12m,5,-8.822712269,3.808739165,-42.07928897,50.34956805,60
full_history_strict_tie_sensitivity,1,real,Utils,extended_CPI_overlap,chronological_12m,5,10.11480748,15.84487423,-2.455864704,45.37512742,20
full_history_strict_tie_sensitivity,1,real,Shops,extended_CPI_overlap,chronological_12m,5,16.80093862,11.29500099,-19.35536158,41.54719552,40
full_history_strict_tie_sensitivity,1,real,Hlth,extended_CPI_overlap,chronological_12m,5,28.96447631,17.83325757,-10.98620422,30.90311828,20
full_history_strict_tie_sensitivity,1,real,Money,extended_CPI_overlap,chronological_12m,5,17.61665324,14.39356271,-11.53303098,33.74937549,20
full_history_strict_tie_sensitivity,1,real,Other,extended_CPI_overlap,chronological_12m,5,5.080840251,-0.9832682219,-23.53616161,15.98722066,40
full_history_strict_tie_sensitivity,1,real,BusEq minus MKT,extended_CPI_overlap,chronological_12m,5,-0.8911968053,5.108873094,-25.33103141,49.13843292,60
full_history_strict_tie_sensitivity,1,real,Chems minus MKT,extended_CPI_overlap,chronological_12m,5,-5.162779779,-6.893886786,-26.43085107,4.740866582,60
full_history_strict_tie_sensitivity,1,real,Durbl minus MKT,extended_CPI_overlap,chronological_12m,5,0.6035314687,-1.665056513,-14.91934075,5.623196631,40
full_history_strict_tie_sensitivity,1,real,Enrgy minus MKT,extended_CPI_overlap,chronological_12m,5,-11.4235519,11.23046211,-28.56592701,79.73801389,60
full_history_strict_tie_sensitivity,1,real,Hlth minus MKT,extended_CPI_overlap,chronological_12m,5,2.791492348,10.88400357,-2.850773205,45.43203342,20
full_history_strict_tie_sensitivity,1,real,Manuf minus MKT,extended_CPI_overlap,chronological_12m,5,-4.691203182,-1.887119983,-20.30000428,12.34972498,60
full_history_strict_tie_sensitivity,1,real,Money minus MKT,extended_CPI_overlap,chronological_12m,5,5.048620889,7.444308701,-15.09691543,35.5876624,20
full_history_strict_tie_sensitivity,1,real,NoDur minus MKT,extended_CPI_overlap,chronological_12m,5,-4.023897542,0.5327336129,-18.72994197,33.02058348,60
full_history_strict_tie_sensitivity,1,real,Other minus MKT,extended_CPI_overlap,chronological_12m,5,-7.236039845,-7.932522232,-21.09214371,0.2515198187,80
full_history_strict_tie_sensitivity,1,real,Shops minus MKT,extended_CPI_overlap,chronological_12m,5,4.232906264,4.34574698,-6.666269943,15.37421156,20
full_history_strict_tie_sensitivity,1,real,Telcm minus MKT,extended_CPI_overlap,chronological_12m,5,-11.05602182,-3.140514844,-27.55037383,24.17658409,60
full_history_strict_tie_sensitivity,1,real,Utils minus MKT,extended_CPI_overlap,chronological_12m,5,-4.187585915,8.895620216,-19.01835762,59.90404256,60
full_history_strict_tie_sensitivity,3,nominal,MKT,extended_CPI_overlap,chronological_36m,4,19.49810014,21.87307375,-36.88637838,85.38247308,25
full_history_strict_tie_sensitivity,3,nominal,CASH,extended_CPI_overlap,chronological_36m,4,10.10150008,10.19337763,5.081085763,15.4894246,0
full_history_strict_tie_sensitivity,3,nominal,NoDur,extended_CPI_overlap,chronological_36m,4,8.088413856,6.787765381,-7.877940764,18.85217458,25
full_history_strict_tie_sensitivity,3,nominal,Durbl,extended_CPI_overlap,chronological_36m,4,-14.56359398,-0.9528954149,-26.1095593,51.4251656,75
full_history_strict_tie_sensitivity,3,nominal,Manuf,extended_CPI_overlap,chronological_36m,4,8.266871137,13.1563284,-12.7254613,48.81703263,50
full_history_strict_tie_sensitivity,3,nominal,Enrgy,extended_CPI_overlap,chronological_36m,4,18.8987471,23.26228624,-52.59565144,107.8473022,25
full_history_strict_tie_sensitivity,3,nominal,Chems,extended_CPI_overlap,chronological_36m,4,3.590671271,8.058871346,-8.350310452,33.40445329,25
full_history_strict_tie_sensitivity,3,nominal,BusEq,extended_CPI_overlap,chronological_36m,4,49.92902313,60.26104949,-70.12139328,211.307545,25
full_history_strict_tie_sensitivity,3,nominal,Telcm,extended_CPI_overlap,chronological_36m,4,-12.8558943,18.45011299,-65.50235004,165.0145906,75
full_history_strict_tie_sensitivity,3,nominal,Utils,extended_CPI_overlap,chronological_36m,4,17.7891038,15.0071083,-3.15222586,27.60245145,25
full_history_strict_tie_sensitivity,3,nominal,Shops,extended_CPI_overlap,chronological_36m,4,27.53863118,30.72663329,-20.94860746,88.77787827,25
full_history_strict_tie_sensitivity,3,nominal,Hlth,extended_CPI_overlap,chronological_36m,4,19.30691728,26.37202173,-14.88693594,81.76118832,25
full_history_strict_tie_sensitivity,3,nominal,Money,extended_CPI_overlap,chronological_36m,4,12.99345911,18.38408184,0.9631525554,46.58625659,0
full_history_strict_tie_sensitivity,3,nominal,Other,extended_CPI_overlap,chronological_36m,4,5.782672644,0.3488284135,-37.88845415,27.71842252,50
full_history_strict_tie_sensitivity,3,nominal,BusEq minus MKT,extended_CPI_overlap,chronological_36m,4,30.43092299,38.38797574,-33.23501491,125.9250719,25
full_history_strict_tie_sensitivity,3,nominal,Chems minus MKT,extended_CPI_overlap,chronological_36m,4,-15.90742887,-13.8142024,-51.97801979,28.53606792,75
full_history_strict_tie_sensitivity,3,nominal,Durbl minus MKT,extended_CPI_overlap,chronological_36m,4,-30.41341552,-22.82596916,-41.25386468,10.77681907,75
full_history_strict_tie_sensitivity,3,nominal,Enrgy minus MKT,extended_CPI_overlap,chronological_36m,4,-5.349300251,1.389212496,-66.93378491,83.1892354,50
full_history_strict_tie_sensitivity,3,nominal,Hlth minus MKT,extended_CPI_overlap,chronological_36m,4,3.031036474,4.498947986,-10.06572344,21.99944243,50
full_history_strict_tie_sensitivity,3,nominal,Manuf minus MKT,extended_CPI_overlap,chronological_36m,4,-11.23122901,-8.716745345,-36.56544045,24.16091708,75
full_history_strict_tie_sensitivity,3,nominal,Money minus MKT,extended_CPI_overlap,chronological_36m,4,-10.51277064,-3.488991906,-38.79621649,45.86579014,75
full_history_strict_tie_sensitivity,3,nominal,NoDur minus MKT,extended_CPI_overlap,chronological_36m,4,-21.04620946,-15.08530837,-73.9873675,55.73855295,75
full_history_strict_tie_sensitivity,3,nominal,Other minus MKT,extended_CPI_overlap,chronological_36m,4,-13.7154275,-21.52424533,-57.66405056,-1.002075774,100
full_history_strict_tie_sensitivity,3,nominal,Shops minus MKT,extended_CPI_overlap,chronological_36m,4,9.66658805,8.853559543,-4.094324748,20.17538682,25
full_history_strict_tie_sensitivity,3,nominal,Telcm minus MKT,extended_CPI_overlap,chronological_36m,4,-21.89389146,-3.42296076,-49.53617763,79.63211751,75
full_history_strict_tie_sensitivity,3,nominal,Utils minus MKT,extended_CPI_overlap,chronological_36m,4,-1.708996345,-6.865965451,-57.78002163,33.73415252,50
full_history_strict_tie_sensitivity,3,real,MKT,extended_CPI_overlap,chronological_36m,4,7.441417563,11.98537388,-41.48337272,74.54203313,25
full_history_strict_tie_sensitivity,3,real,CASH,extended_CPI_overlap,chronological_36m,4,1.287452687,1.14198313,-6.743028855,8.736055999,50
full_history_strict_tie_sensitivity,3,real,NoDur,extended_CPI_overlap,chronological_36m,4,-2.661787849,-2.017308399,-12.9410202,10.1953623,50
full_history_strict_tie_sensitivity,3,real,Durbl,extended_CPI_overlap,chronological_36m,4,-22.93171802,-8.696130726,-31.49150268,42.57041581,75
full_history_strict_tie_sensitivity,3,real,Manuf,extended_CPI_overlap,chronological_36m,4,-2.930795523,3.792736403,-19.08225957,40.11479623,50
full_history_strict_tie_sensitivity,3,real,Enrgy,extended_CPI_overlap,chronological_36m,4,11.2261434,11.34277781,-55.20102071,78.11984517,50
full_history_strict_tie_sensitivity,3,real,Chems,extended_CPI_overlap,chronological_36m,4,-6.652366145,-0.6817572319,-15.02578072,25.60348408,75
full_history_strict_tie_sensitivity,3,real,BusEq,extended_CPI_overlap,chronological_36m,4,35.19656974,47.79974618,-72.29765544,193.1035007,25
full_history_strict_tie_sensitivity,3,real,Telcm,extended_CPI_overlap,chronological_36m,4,-20.95318388,9.899040108,-68.01504853,149.5175767,75
full_history_strict_tie_sensitivity,3,real,Utils,extended_CPI_overlap,chronological_36m,4,5.697714479,5.33247038,-10.20630799,20.14076055,25
full_history_strict_tie_sensitivity,3,real,Shops,extended_CPI_overlap,chronological_36m,4,15.22031973,20.36826743,-26.70645807,77.73888834,25
full_history_strict_tie_sensitivity,3,real,Hlth,extended_CPI_overlap,chronological_36m,4,7.703960731,16.36353226,-21.08629932,71.1325069,50
full_history_strict_tie_sensitivity,3,real,Money,extended_CPI_overlap,chronological_36m,4,0.6570766935,8.685695586,-4.585838268,38.01446722,25
full_history_strict_tie_sensitivity,3,real,Other,extended_CPI_overlap,chronological_36m,4,-4.967444178,-8.024349694,-42.4124605,20.24995008,75
full_history_strict_tie_sensitivity,3,real,BusEq minus MKT,extended_CPI_overlap,chronological_36m,4,27.75515218,35.8143723,-30.81428271,118.5614676,25
full_history_strict_tie_sensitivity,3,real,Chems minus MKT,extended_CPI_overlap,chronological_36m,4,-14.09378371,-12.66713112,-48.93854905,26.457592,75
full_history_strict_tie_sensitivity,3,real,Durbl minus MKT,extended_CPI_overlap,chronological_36m,4,-28.68218849,-20.68150461,-35.3535115,9.99187004,75
full_history_strict_tie_sensitivity,3,real,Enrgy minus MKT,extended_CPI_overlap,chronological_36m,4,-5.303186804,-0.6425960704,-63.255067,71.29105632,50
full_history_strict_tie_sensitivity,3,real,Hlth minus MKT,extended_CPI_overlap,chronological_36m,4,2.870814385,4.378158379,-8.62606866,20.39707341,50
full_history_strict_tie_sensitivity,3,real,Manuf minus MKT,extended_CPI_overlap,chronological_36m,4,-10.37221309,-8.19263748,-34.4272369,22.40111315,75
full_history_strict_tie_sensitivity,3,real,Money minus MKT,extended_CPI_overlap,chronological_36m,4,-9.598109983,-3.299678298,-36.52756591,42.52507268,75
full_history_strict_tie_sensitivity,3,real,NoDur minus MKT,extended_CPI_overlap,chronological_36m,4,-19.01429386,-14.00268228,-69.66087642,51.67873502,75
full_history_strict_tie_sensitivity,3,real,Other minus MKT,extended_CPI_overlap,chronological_36m,4,-12.40886174,-20.00972358,-54.29208305,-0.9290877793,100
full_history_strict_tie_sensitivity,3,real,Shops minus MKT,extended_CPI_overlap,chronological_36m,4,8.986884931,8.382893548,-3.508732047,19.06653638,25
full_history_strict_tie_sensitivity,3,real,Telcm minus MKT,extended_CPI_overlap,chronological_36m,4,-20.43481795,-2.086333775,-42.45124279,74.97554359,75
full_history_strict_tie_sensitivity,3,real,Utils minus MKT,extended_CPI_overlap,chronological_36m,4,-1.743703084,-6.652903503,-54.40127258,31.27706474,50
