window,specification,sample,month,cape_pct,credit_pct
matched_screen,unconditional_same_eligible_months,monthly_pool,1964-07,,
matched_screen,unconditional_same_eligible_months,monthly_pool,1964-08,,
matched_screen,unconditional_same_eligible_months,monthly_pool,1964-09,,
matched_screen,unconditional_same_eligible_months,monthly_pool,1964-10,,
matched_screen,unconditional_same_eligible_months,monthly_pool,1964-11,,
matched_screen,unconditional_same_eligible_months,monthly_pool,1964-12,,
matched_screen,unconditional_same_eligible_months,monthly_pool,1965-01,,
matched_screen,unconditional_same_eligible_months,monthly_pool,1965-02,,
matched_screen,unconditional_same_eligible_months,monthly_pool,1965-03,,
matched_screen,unconditional_same_eligible_months,monthly_pool,1965-04,,
matched_screen,unconditional_same_eligible_months,monthly_pool,1965-05,,
matched_screen,unconditional_same_eligible_months,monthly_pool,1965-06,,
matched_screen,unconditional_same_eligible_months,monthly_pool,1965-07,,
matched_screen,unconditional_same_eligible_months,monthly_pool,1965-08,,
matched_screen,unconditional_same_eligible_months,monthly_pool,1965-09,,
matched_screen,unconditional_same_eligible_months,monthly_pool,1965-10,,
matched_screen,unconditional_same_eligible_months,monthly_pool,1965-11,,
matched_screen,unconditional_same_eligible_months,monthly_pool,1965-12,,
matched_screen,unconditional_same_eligible_months,monthly_pool,1966-01,,
matched_screen,unconditional_same_eligible_months,monthly_pool,1966-02,,
matched_screen,unconditional_same_eligible_months,monthly_pool,1966-03,,
matched_screen,unconditional_same_eligible_months,monthly_pool,1966-04,,
matched_screen,unconditional_same_eligible_months,monthly_pool,1966-05,,
matched_screen,unconditional_same_eligible_months,monthly_pool,1966-06,,
matched_screen,unconditional_same_eligible_months,monthly_pool,1966-07,,
matched_screen,unconditional_same_eligible_months,monthly_pool,1966-08,,
matched_screen,unconditional_same_eligible_months,monthly_pool,1966-09,,
matched_screen,unconditional_same_eligible_months,monthly_pool,1966-10,,
matched_screen,unconditional_same_eligible_months,monthly_pool,1966-11,,
matched_screen,unconditional_same_eligible_months,monthly_pool,1966-12,,
matched_screen,unconditional_same_eligible_months,monthly_pool,1967-01,,
matched_screen,unconditional_same_eligible_months,monthly_pool,1967-02,,
matched_screen,unconditional_same_eligible_months,monthly_pool,1967-03,,
matched_screen,unconditional_same_eligible_months,monthly_pool,1967-04,,
matched_screen,unconditional_same_eligible_months,monthly_pool,1967-05,,
matched_screen,unconditional_same_eligible_months,monthly_pool,1967-06,,
matched_screen,unconditional_same_eligible_months,monthly_pool,1967-07,,
matched_screen,unconditional_same_eligible_months,monthly_pool,1967-08,,
matched_screen,unconditional_same_eligible_months,monthly_pool,1967-09,,
matched_screen,unconditional_same_eligible_months,monthly_pool,1967-10,,
matched_screen,unconditional_same_eligible_months,monthly_pool,1967-11,,
matched_screen,unconditional_same_eligible_months,monthly_pool,1967-12,,
matched_screen,unconditional_same_eligible_months,monthly_pool,1968-01,,
matched_screen,unconditional_same_eligible_months,monthly_pool,1968-02,,
matched_screen,unconditional_same_eligible_months,monthly_pool,1968-03,,
matched_screen,unconditional_same_eligible_months,monthly_pool,1968-04,,
matched_screen,unconditional_same_eligible_months,monthly_pool,1968-05,,
matched_screen,unconditional_same_eligible_months,monthly_pool,1968-06,,
matched_screen,unconditional_same_eligible_months,monthly_pool,1968-07,,
matched_screen,unconditional_same_eligible_months,monthly_pool,1968-08,,
matched_screen,unconditional_same_eligible_months,monthly_pool,1968-09,,
matched_screen,unconditional_same_eligible_months,monthly_pool,1968-10,,
matched_screen,unconditional_same_eligible_months,monthly_pool,1968-11,,
matched_screen,unconditional_same_eligible_months,monthly_pool,1968-12,,
matched_screen,unconditional_same_eligible_months,monthly_pool,1969-01,,
matched_screen,unconditional_same_eligible_months,monthly_pool,1969-02,,
matched_screen,unconditional_same_eligible_months,monthly_pool,1969-03,,
matched_screen,unconditional_same_eligible_months,monthly_pool,1969-04,,
matched_screen,unconditional_same_eligible_months,monthly_pool,1969-05,,
matched_screen,unconditional_same_eligible_months,monthly_pool,1969-06,,
matched_screen,unconditional_same_eligible_months,monthly_pool,1969-07,,
matched_screen,unconditional_same_eligible_months,monthly_pool,1969-08,,
matched_screen,unconditional_same_eligible_months,monthly_pool,1969-09,,
matched_screen,unconditional_same_eligible_months,monthly_pool,1969-10,,
matched_screen,unconditional_same_eligible_months,monthly_pool,1969-11,,
matched_screen,unconditional_same_eligible_months,monthly_pool,1969-12,,
matched_screen,unconditional_same_eligible_months,monthly_pool,1970-01,,
matched_screen,unconditional_same_eligible_months,monthly_pool,1970-02,,
matched_screen,unconditional_same_eligible_months,monthly_pool,1970-03,,
matched_screen,unconditional_same_eligible_months,monthly_pool,1970-04,,
matched_screen,unconditional_same_eligible_months,monthly_pool,1970-05,,
matched_screen,unconditional_same_eligible_months,monthly_pool,1970-06,,
matched_screen,unconditional_same_eligible_months,monthly_pool,1970-07,,
matched_screen,unconditional_same_eligible_months,monthly_pool,1970-08,,
matched_screen,unconditional_same_eligible_months,monthly_pool,1970-09,,
matched_screen,unconditional_same_eligible_months,monthly_pool,1970-10,,
matched_screen,unconditional_same_eligible_months,monthly_pool,1970-11,,
matched_screen,unconditional_same_eligible_months,monthly_pool,1970-12,,
matched_screen,unconditional_same_eligible_months,monthly_pool,1971-01,,
matched_screen,unconditional_same_eligible_months,monthly_pool,1971-02,,
matched_screen,unconditional_same_eligible_months,monthly_pool,1971-03,,
matched_screen,unconditional_same_eligible_months,monthly_pool,1971-04,,
matched_screen,unconditional_same_eligible_months,monthly_pool,1971-05,,
matched_screen,unconditional_same_eligible_months,monthly_pool,1971-06,,
matched_screen,unconditional_same_eligible_months,monthly_pool,1971-07,,
matched_screen,unconditional_same_eligible_months,monthly_pool,1971-08,,
matched_screen,unconditional_same_eligible_months,monthly_pool,1971-09,,
matched_screen,unconditional_same_eligible_months,monthly_pool,1971-10,,
matched_screen,unconditional_same_eligible_months,monthly_pool,1971-11,,
matched_screen,unconditional_same_eligible_months,monthly_pool,1971-12,,
matched_screen,unconditional_same_eligible_months,monthly_pool,1972-01,,
matched_screen,unconditional_same_eligible_months,monthly_pool,1972-02,,
matched_screen,unconditional_same_eligible_months,monthly_pool,1972-03,,
matched_screen,unconditional_same_eligible_months,monthly_pool,1972-04,,
matched_screen,unconditional_same_eligible_months,monthly_pool,1972-05,,
matched_screen,unconditional_same_eligible_months,monthly_pool,1972-06,,
matched_screen,unconditional_same_eligible_months,monthly_pool,1972-07,,
matched_screen,unconditional_same_eligible_months,monthly_pool,1972-08,,
matched_screen,unconditional_same_eligible_months,monthly_pool,1972-09,,
matched_screen,unconditional_same_eligible_months,monthly_pool,1972-10,,
matched_screen,unconditional_same_eligible_months,monthly_pool,1972-11,,
matched_screen,unconditional_same_eligible_months,monthly_pool,1972-12,,
matched_screen,unconditional_same_eligible_months,monthly_pool,1973-01,,
matched_screen,unconditional_same_eligible_months,monthly_pool,1973-02,,
matched_screen,unconditional_same_eligible_months,monthly_pool,1973-03,,
matched_screen,unconditional_same_eligible_months,monthly_pool,1973-04,,
matched_screen,unconditional_same_eligible_months,monthly_pool,1973-05,,
matched_screen,unconditional_same_eligible_months,monthly_pool,1973-06,,
matched_screen,unconditional_same_eligible_months,monthly_pool,1973-07,,
matched_screen,unconditional_same_eligible_months,monthly_pool,1973-08,,
matched_screen,unconditional_same_eligible_months,monthly_pool,1973-09,,
matched_screen,unconditional_same_eligible_months,monthly_pool,1973-10,,
matched_screen,unconditional_same_eligible_months,monthly_pool,1973-11,,
matched_screen,unconditional_same_eligible_months,monthly_pool,1973-12,,
matched_screen,unconditional_same_eligible_months,monthly_pool,1974-01,,
matched_screen,unconditional_same_eligible_months,monthly_pool,1974-02,,
matched_screen,unconditional_same_eligible_months,monthly_pool,1974-03,,
matched_screen,unconditional_same_eligible_months,monthly_pool,1974-04,,
matched_screen,unconditional_same_eligible_months,monthly_pool,1974-05,,
matched_screen,unconditional_same_eligible_months,monthly_pool,1974-06,,
matched_screen,unconditional_same_eligible_months,monthly_pool,1974-07,,
matched_screen,unconditional_same_eligible_months,monthly_pool,1974-08,,
matched_screen,unconditional_same_eligible_months,monthly_pool,1974-09,,
matched_screen,unconditional_same_eligible_months,monthly_pool,1974-10,,
matched_screen,unconditional_same_eligible_months,monthly_pool,1974-11,,
matched_screen,unconditional_same_eligible_months,monthly_pool,1974-12,,
matched_screen,unconditional_same_eligible_months,monthly_pool,1975-01,,
matched_screen,unconditional_same_eligible_months,monthly_pool,1975-02,,
matched_screen,unconditional_same_eligible_months,monthly_pool,1975-03,,
matched_screen,unconditional_same_eligible_months,monthly_pool,1975-04,,
matched_screen,unconditional_same_eligible_months,monthly_pool,1975-05,,
matched_screen,unconditional_same_eligible_months,monthly_pool,1975-06,,
matched_screen,unconditional_same_eligible_months,monthly_pool,1975-07,,
matched_screen,unconditional_same_eligible_months,monthly_pool,1975-08,,
matched_screen,unconditional_same_eligible_months,monthly_pool,1975-09,,
matched_screen,unconditional_same_eligible_months,monthly_pool,1975-10,,
matched_screen,unconditional_same_eligible_months,monthly_pool,1975-11,,
matched_screen,unconditional_same_eligible_months,monthly_pool,1975-12,,
matched_screen,unconditional_same_eligible_months,monthly_pool,1976-01,,
matched_screen,unconditional_same_eligible_months,monthly_pool,1976-02,,
matched_screen,unconditional_same_eligible_months,monthly_pool,1976-03,,
matched_screen,unconditional_same_eligible_months,monthly_pool,1976-04,,
matched_screen,unconditional_same_eligible_months,monthly_pool,1976-05,,
matched_screen,unconditional_same_eligible_months,monthly_pool,1976-06,,
matched_screen,unconditional_same_eligible_months,monthly_pool,1976-07,,
matched_screen,unconditional_same_eligible_months,monthly_pool,1976-08,,
matched_screen,unconditional_same_eligible_months,monthly_pool,1976-09,,
matched_screen,unconditional_same_eligible_months,monthly_pool,1976-10,,
matched_screen,unconditional_same_eligible_months,monthly_pool,1976-11,,
matched_screen,unconditional_same_eligible_months,monthly_pool,1976-12,,
matched_screen,unconditional_same_eligible_months,monthly_pool,1977-01,,
matched_screen,unconditional_same_eligible_months,monthly_pool,1977-02,,
matched_screen,unconditional_same_eligible_months,monthly_pool,1977-03,,
matched_screen,unconditional_same_eligible_months,monthly_pool,1977-04,,
matched_screen,unconditional_same_eligible_months,monthly_pool,1977-05,,
matched_screen,unconditional_same_eligible_months,monthly_pool,1977-06,,
matched_screen,unconditional_same_eligible_months,monthly_pool,1977-07,,
matched_screen,unconditional_same_eligible_months,monthly_pool,1977-08,,
matched_screen,unconditional_same_eligible_months,monthly_pool,1977-09,,
matched_screen,unconditional_same_eligible_months,monthly_pool,1977-10,,
matched_screen,unconditional_same_eligible_months,monthly_pool,1977-11,,
matched_screen,unconditional_same_eligible_months,monthly_pool,1977-12,,
matched_screen,unconditional_same_eligible_months,monthly_pool,1978-01,,
matched_screen,unconditional_same_eligible_months,monthly_pool,1978-02,,
matched_screen,unconditional_same_eligible_months,monthly_pool,1978-03,,
matched_screen,unconditional_same_eligible_months,monthly_pool,1978-04,,
matched_screen,unconditional_same_eligible_months,monthly_pool,1978-05,,
matched_screen,unconditional_same_eligible_months,monthly_pool,1978-06,,
matched_screen,unconditional_same_eligible_months,monthly_pool,1978-07,,
matched_screen,unconditional_same_eligible_months,monthly_pool,1978-08,,
matched_screen,unconditional_same_eligible_months,monthly_pool,1978-09,,
matched_screen,unconditional_same_eligible_months,monthly_pool,1978-10,,
matched_screen,unconditional_same_eligible_months,monthly_pool,1978-11,,
matched_screen,unconditional_same_eligible_months,monthly_pool,1978-12,,
matched_screen,unconditional_same_eligible_months,monthly_pool,1979-01,,
matched_screen,unconditional_same_eligible_months,monthly_pool,1979-02,,
matched_screen,unconditional_same_eligible_months,monthly_pool,1979-03,,
matched_screen,unconditional_same_eligible_months,monthly_pool,1979-04,,
matched_screen,unconditional_same_eligible_months,monthly_pool,1979-05,,
matched_screen,unconditional_same_eligible_months,monthly_pool,1979-06,,
matched_screen,unconditional_same_eligible_months,monthly_pool,1979-07,,
matched_screen,unconditional_same_eligible_months,monthly_pool,1979-08,,
matched_screen,unconditional_same_eligible_months,monthly_pool,1979-09,,
matched_screen,unconditional_same_eligible_months,monthly_pool,1979-10,,
matched_screen,unconditional_same_eligible_months,monthly_pool,1979-11,,
matched_screen,unconditional_same_eligible_months,monthly_pool,1979-12,,
matched_screen,unconditional_same_eligible_months,monthly_pool,1980-01,,
matched_screen,unconditional_same_eligible_months,monthly_pool,1980-02,,
matched_screen,unconditional_same_eligible_months,monthly_pool,1980-03,,
matched_screen,unconditional_same_eligible_months,monthly_pool,1980-04,,
matched_screen,unconditional_same_eligible_months,monthly_pool,1980-05,,
matched_screen,unconditional_same_eligible_months,monthly_pool,1980-06,,
matched_screen,unconditional_same_eligible_months,monthly_pool,1980-07,,
matched_screen,unconditional_same_eligible_months,monthly_pool,1980-08,,
matched_screen,unconditional_same_eligible_months,monthly_pool,1980-09,,
matched_screen,unconditional_same_eligible_months,monthly_pool,1980-10,,
matched_screen,unconditional_same_eligible_months,monthly_pool,1980-11,,
matched_screen,unconditional_same_eligible_months,monthly_pool,1980-12,,
matched_screen,unconditional_same_eligible_months,monthly_pool,1981-01,,
matched_screen,unconditional_same_eligible_months,monthly_pool,1981-02,,
matched_screen,unconditional_same_eligible_months,monthly_pool,1981-03,,
matched_screen,unconditional_same_eligible_months,monthly_pool,1981-04,,
matched_screen,unconditional_same_eligible_months,monthly_pool,1981-05,,
matched_screen,unconditional_same_eligible_months,monthly_pool,1981-06,,
matched_screen,unconditional_same_eligible_months,monthly_pool,1981-07,,
matched_screen,unconditional_same_eligible_months,monthly_pool,1981-08,,
matched_screen,unconditional_same_eligible_months,monthly_pool,1981-09,,
matched_screen,unconditional_same_eligible_months,monthly_pool,1981-10,,
matched_screen,unconditional_same_eligible_months,monthly_pool,1981-11,,
matched_screen,unconditional_same_eligible_months,monthly_pool,1981-12,,
matched_screen,unconditional_same_eligible_months,monthly_pool,1982-01,,
matched_screen,unconditional_same_eligible_months,monthly_pool,1982-02,,
matched_screen,unconditional_same_eligible_months,monthly_pool,1982-03,,
matched_screen,unconditional_same_eligible_months,monthly_pool,1982-04,,
matched_screen,unconditional_same_eligible_months,monthly_pool,1982-05,,
matched_screen,unconditional_same_eligible_months,monthly_pool,1982-06,,
matched_screen,unconditional_same_eligible_months,monthly_pool,1982-07,,
matched_screen,unconditional_same_eligible_months,monthly_pool,1982-08,,
matched_screen,unconditional_same_eligible_months,monthly_pool,1982-09,,
matched_screen,unconditional_same_eligible_months,monthly_pool,1982-10,,
matched_screen,unconditional_same_eligible_months,monthly_pool,1982-11,,
matched_screen,unconditional_same_eligible_months,monthly_pool,1982-12,,
matched_screen,unconditional_same_eligible_months,monthly_pool,1983-01,,
matched_screen,unconditional_same_eligible_months,monthly_pool,1983-02,,
matched_screen,unconditional_same_eligible_months,monthly_pool,1983-03,,
matched_screen,unconditional_same_eligible_months,monthly_pool,1983-04,,
matched_screen,unconditional_same_eligible_months,monthly_pool,1983-05,,
matched_screen,unconditional_same_eligible_months,monthly_pool,1983-06,,
matched_screen,unconditional_same_eligible_months,monthly_pool,1983-07,,
matched_screen,unconditional_same_eligible_months,monthly_pool,1983-08,,
matched_screen,unconditional_same_eligible_months,monthly_pool,1983-09,,
matched_screen,unconditional_same_eligible_months,monthly_pool,1983-10,,
matched_screen,unconditional_same_eligible_months,monthly_pool,1983-11,,
matched_screen,unconditional_same_eligible_months,monthly_pool,1983-12,,
matched_screen,unconditional_same_eligible_months,monthly_pool,1984-01,,
matched_screen,unconditional_same_eligible_months,monthly_pool,1984-02,,
matched_screen,unconditional_same_eligible_months,monthly_pool,1984-03,,
matched_screen,unconditional_same_eligible_months,monthly_pool,1984-04,,
matched_screen,unconditional_same_eligible_months,monthly_pool,1984-05,,
matched_screen,unconditional_same_eligible_months,monthly_pool,1984-06,,
matched_screen,unconditional_same_eligible_months,monthly_pool,1984-07,,
matched_screen,unconditional_same_eligible_months,monthly_pool,1984-08,,
matched_screen,unconditional_same_eligible_months,monthly_pool,1984-09,,
matched_screen,unconditional_same_eligible_months,monthly_pool,1984-10,,
matched_screen,unconditional_same_eligible_months,monthly_pool,1984-11,,
matched_screen,unconditional_same_eligible_months,monthly_pool,1984-12,,
matched_screen,unconditional_same_eligible_months,monthly_pool,1985-01,,
matched_screen,unconditional_same_eligible_months,monthly_pool,1985-02,,
matched_screen,unconditional_same_eligible_months,monthly_pool,1985-03,,
matched_screen,unconditional_same_eligible_months,monthly_pool,1985-04,,
matched_screen,unconditional_same_eligible_months,monthly_pool,1985-05,,
matched_screen,unconditional_same_eligible_months,monthly_pool,1985-06,,
matched_screen,unconditional_same_eligible_months,monthly_pool,1985-07,,
matched_screen,unconditional_same_eligible_months,monthly_pool,1985-08,,
matched_screen,unconditional_same_eligible_months,monthly_pool,1985-09,,
matched_screen,unconditional_same_eligible_months,monthly_pool,1985-10,,
matched_screen,unconditional_same_eligible_months,monthly_pool,1985-11,,
matched_screen,unconditional_same_eligible_months,monthly_pool,1985-12,,
matched_screen,unconditional_same_eligible_months,monthly_pool,1986-01,,
matched_screen,unconditional_same_eligible_months,monthly_pool,1986-02,,
matched_screen,unconditional_same_eligible_months,monthly_pool,1986-03,,
matched_screen,unconditional_same_eligible_months,monthly_pool,1986-04,,
matched_screen,unconditional_same_eligible_months,monthly_pool,1986-05,,
matched_screen,unconditional_same_eligible_months,monthly_pool,1986-06,,
matched_screen,unconditional_same_eligible_months,monthly_pool,1986-07,,
matched_screen,unconditional_same_eligible_months,monthly_pool,1986-08,,
matched_screen,unconditional_same_eligible_months,monthly_pool,1986-09,,
matched_screen,unconditional_same_eligible_months,monthly_pool,1986-10,,
matched_screen,unconditional_same_eligible_months,monthly_pool,1986-11,,
matched_screen,unconditional_same_eligible_months,monthly_pool,1986-12,,
matched_screen,unconditional_same_eligible_months,monthly_pool,1987-01,,
matched_screen,unconditional_same_eligible_months,monthly_pool,1987-02,,
matched_screen,unconditional_same_eligible_months,monthly_pool,1987-03,,
matched_screen,unconditional_same_eligible_months,monthly_pool,1987-04,,
matched_screen,unconditional_same_eligible_months,monthly_pool,1987-05,,
matched_screen,unconditional_same_eligible_months,monthly_pool,1987-06,,
matched_screen,unconditional_same_eligible_months,monthly_pool,1987-07,,
matched_screen,unconditional_same_eligible_months,monthly_pool,1987-08,,
matched_screen,unconditional_same_eligible_months,monthly_pool,1987-09,,
matched_screen,unconditional_same_eligible_months,monthly_pool,1987-10,,
matched_screen,unconditional_same_eligible_months,monthly_pool,1987-11,,
matched_screen,unconditional_same_eligible_months,monthly_pool,1987-12,,
matched_screen,unconditional_same_eligible_months,monthly_pool,1988-01,,
matched_screen,unconditional_same_eligible_months,monthly_pool,1988-02,,
matched_screen,unconditional_same_eligible_months,monthly_pool,1988-03,,
matched_screen,unconditional_same_eligible_months,monthly_pool,1988-04,,
matched_screen,unconditional_same_eligible_months,monthly_pool,1988-05,,
matched_screen,unconditional_same_eligible_months,monthly_pool,1988-06,,
matched_screen,unconditional_same_eligible_months,monthly_pool,1988-07,,
matched_screen,unconditional_same_eligible_months,monthly_pool,1988-08,,
matched_screen,unconditional_same_eligible_months,monthly_pool,1988-09,,
matched_screen,unconditional_same_eligible_months,monthly_pool,1988-10,,
matched_screen,unconditional_same_eligible_months,monthly_pool,1988-11,,
matched_screen,unconditional_same_eligible_months,monthly_pool,1988-12,,
matched_screen,unconditional_same_eligible_months,monthly_pool,1989-01,,
matched_screen,unconditional_same_eligible_months,monthly_pool,1989-02,,
matched_screen,unconditional_same_eligible_months,monthly_pool,1989-03,,
matched_screen,unconditional_same_eligible_months,monthly_pool,1989-04,,
matched_screen,unconditional_same_eligible_months,monthly_pool,1989-05,,
matched_screen,unconditional_same_eligible_months,monthly_pool,1989-06,,
matched_screen,unconditional_same_eligible_months,monthly_pool,1989-07,,
matched_screen,unconditional_same_eligible_months,monthly_pool,1989-08,,
matched_screen,unconditional_same_eligible_months,monthly_pool,1989-09,,
matched_screen,unconditional_same_eligible_months,monthly_pool,1989-10,,
matched_screen,unconditional_same_eligible_months,monthly_pool,1989-11,,
matched_screen,unconditional_same_eligible_months,monthly_pool,1989-12,,
matched_screen,unconditional_same_eligible_months,monthly_pool,1990-01,,
matched_screen,unconditional_same_eligible_months,monthly_pool,1990-02,,
matched_screen,unconditional_same_eligible_months,monthly_pool,1990-03,,
matched_screen,unconditional_same_eligible_months,monthly_pool,1990-04,,
matched_screen,unconditional_same_eligible_months,monthly_pool,1990-05,,
matched_screen,unconditional_same_eligible_months,monthly_pool,1990-06,,
matched_screen,unconditional_same_eligible_months,monthly_pool,1990-07,,
matched_screen,unconditional_same_eligible_months,monthly_pool,1990-08,,
matched_screen,unconditional_same_eligible_months,monthly_pool,1990-09,,
matched_screen,unconditional_same_eligible_months,monthly_pool,1990-10,,
matched_screen,unconditional_same_eligible_months,monthly_pool,1990-11,,
matched_screen,unconditional_same_eligible_months,monthly_pool,1990-12,,
matched_screen,unconditional_same_eligible_months,monthly_pool,1991-01,,
matched_screen,unconditional_same_eligible_months,monthly_pool,1991-02,,
matched_screen,unconditional_same_eligible_months,monthly_pool,1991-03,,
matched_screen,unconditional_same_eligible_months,monthly_pool,1991-04,,
matched_screen,unconditional_same_eligible_months,monthly_pool,1991-05,,
matched_screen,unconditional_same_eligible_months,monthly_pool,1991-06,,
matched_screen,unconditional_same_eligible_months,monthly_pool,1991-07,,
matched_screen,unconditional_same_eligible_months,monthly_pool,1991-08,,
matched_screen,unconditional_same_eligible_months,monthly_pool,1991-09,,
matched_screen,unconditional_same_eligible_months,monthly_pool,1991-10,,
matched_screen,unconditional_same_eligible_months,monthly_pool,1991-11,,
matched_screen,unconditional_same_eligible_months,monthly_pool,1991-12,,
matched_screen,unconditional_same_eligible_months,monthly_pool,1992-01,,
matched_screen,unconditional_same_eligible_months,monthly_pool,1992-02,,
matched_screen,unconditional_same_eligible_months,monthly_pool,1992-03,,
matched_screen,unconditional_same_eligible_months,monthly_pool,1992-04,,
matched_screen,unconditional_same_eligible_months,monthly_pool,1992-05,,
matched_screen,unconditional_same_eligible_months,monthly_pool,1992-06,,
matched_screen,unconditional_same_eligible_months,monthly_pool,1992-07,,
matched_screen,unconditional_same_eligible_months,monthly_pool,1992-08,,
matched_screen,unconditional_same_eligible_months,monthly_pool,1992-09,,
matched_screen,unconditional_same_eligible_months,monthly_pool,1992-10,,
matched_screen,unconditional_same_eligible_months,monthly_pool,1992-11,,
matched_screen,unconditional_same_eligible_months,monthly_pool,1992-12,,
matched_screen,unconditional_same_eligible_months,monthly_pool,1993-01,,
matched_screen,unconditional_same_eligible_months,monthly_pool,1993-02,,
matched_screen,unconditional_same_eligible_months,monthly_pool,1993-03,,
matched_screen,unconditional_same_eligible_months,monthly_pool,1993-04,,
matched_screen,unconditional_same_eligible_months,monthly_pool,1993-05,,
matched_screen,unconditional_same_eligible_months,monthly_pool,1993-06,,
matched_screen,unconditional_same_eligible_months,monthly_pool,1993-07,,
matched_screen,unconditional_same_eligible_months,monthly_pool,1993-08,,
matched_screen,unconditional_same_eligible_months,monthly_pool,1993-09,,
matched_screen,unconditional_same_eligible_months,monthly_pool,1993-10,,
matched_screen,unconditional_same_eligible_months,monthly_pool,1993-11,,
matched_screen,unconditional_same_eligible_months,monthly_pool,1993-12,,
matched_screen,unconditional_same_eligible_months,monthly_pool,1994-01,,
matched_screen,unconditional_same_eligible_months,monthly_pool,1994-02,,
matched_screen,unconditional_same_eligible_months,monthly_pool,1994-03,,
matched_screen,unconditional_same_eligible_months,monthly_pool,1994-04,,
matched_screen,unconditional_same_eligible_months,monthly_pool,1994-05,,
matched_screen,unconditional_same_eligible_months,monthly_pool,1994-06,,
matched_screen,unconditional_same_eligible_months,monthly_pool,1994-07,,
matched_screen,unconditional_same_eligible_months,monthly_pool,1994-08,,
matched_screen,unconditional_same_eligible_months,monthly_pool,1994-09,,
matched_screen,unconditional_same_eligible_months,monthly_pool,1994-10,,
matched_screen,unconditional_same_eligible_months,monthly_pool,1994-11,,
matched_screen,unconditional_same_eligible_months,monthly_pool,1994-12,,
matched_screen,unconditional_same_eligible_months,monthly_pool,1995-01,,
matched_screen,unconditional_same_eligible_months,monthly_pool,1995-02,,
matched_screen,unconditional_same_eligible_months,monthly_pool,1995-03,,
matched_screen,unconditional_same_eligible_months,monthly_pool,1995-04,,
matched_screen,unconditional_same_eligible_months,monthly_pool,1995-05,,
matched_screen,unconditional_same_eligible_months,monthly_pool,1995-06,,
matched_screen,unconditional_same_eligible_months,monthly_pool,1995-07,,
matched_screen,unconditional_same_eligible_months,monthly_pool,1995-08,,
matched_screen,unconditional_same_eligible_months,monthly_pool,1995-09,,
matched_screen,unconditional_same_eligible_months,monthly_pool,1995-10,,
matched_screen,unconditional_same_eligible_months,monthly_pool,1995-11,,
matched_screen,unconditional_same_eligible_months,monthly_pool,1995-12,,
matched_screen,unconditional_same_eligible_months,monthly_pool,1996-01,,
matched_screen,unconditional_same_eligible_months,monthly_pool,1996-02,,
matched_screen,unconditional_same_eligible_months,monthly_pool,1996-03,,
matched_screen,unconditional_same_eligible_months,monthly_pool,1996-04,,
matched_screen,unconditional_same_eligible_months,monthly_pool,1996-05,,
matched_screen,unconditional_same_eligible_months,monthly_pool,1996-06,,
matched_screen,unconditional_same_eligible_months,monthly_pool,1996-07,,
matched_screen,unconditional_same_eligible_months,monthly_pool,1996-08,,
matched_screen,unconditional_same_eligible_months,monthly_pool,1996-09,,
matched_screen,unconditional_same_eligible_months,monthly_pool,1996-10,,
matched_screen,unconditional_same_eligible_months,monthly_pool,1996-11,,
matched_screen,unconditional_same_eligible_months,monthly_pool,1996-12,,
matched_screen,unconditional_same_eligible_months,monthly_pool,1997-01,,
matched_screen,unconditional_same_eligible_months,monthly_pool,1997-02,,
matched_screen,unconditional_same_eligible_months,monthly_pool,1997-03,,
matched_screen,unconditional_same_eligible_months,monthly_pool,1997-04,,
matched_screen,unconditional_same_eligible_months,monthly_pool,1997-05,,
matched_screen,unconditional_same_eligible_months,monthly_pool,1997-06,,
matched_screen,unconditional_same_eligible_months,monthly_pool,1997-07,,
matched_screen,unconditional_same_eligible_months,monthly_pool,1997-08,,
matched_screen,unconditional_same_eligible_months,monthly_pool,1997-09,,
matched_screen,unconditional_same_eligible_months,monthly_pool,1997-10,,
matched_screen,unconditional_same_eligible_months,monthly_pool,1997-11,,
matched_screen,unconditional_same_eligible_months,monthly_pool,1997-12,,
matched_screen,unconditional_same_eligible_months,monthly_pool,1998-01,,
matched_screen,unconditional_same_eligible_months,monthly_pool,1998-02,,
matched_screen,unconditional_same_eligible_months,monthly_pool,1998-03,,
matched_screen,unconditional_same_eligible_months,monthly_pool,1998-04,,
matched_screen,unconditional_same_eligible_months,monthly_pool,1998-05,,
matched_screen,unconditional_same_eligible_months,monthly_pool,1998-06,,
matched_screen,unconditional_same_eligible_months,monthly_pool,1998-07,,
matched_screen,unconditional_same_eligible_months,monthly_pool,1998-08,,
matched_screen,unconditional_same_eligible_months,monthly_pool,1998-09,,
matched_screen,unconditional_same_eligible_months,monthly_pool,1998-10,,
matched_screen,unconditional_same_eligible_months,monthly_pool,1998-11,,
matched_screen,unconditional_same_eligible_months,monthly_pool,1998-12,,
matched_screen,unconditional_same_eligible_months,monthly_pool,1999-01,,
matched_screen,unconditional_same_eligible_months,monthly_pool,1999-02,,
matched_screen,unconditional_same_eligible_months,monthly_pool,1999-03,,
matched_screen,unconditional_same_eligible_months,monthly_pool,1999-04,,
matched_screen,unconditional_same_eligible_months,monthly_pool,1999-05,,
matched_screen,unconditional_same_eligible_months,monthly_pool,1999-06,,
matched_screen,unconditional_same_eligible_months,monthly_pool,1999-07,,
matched_screen,unconditional_same_eligible_months,monthly_pool,1999-08,,
matched_screen,unconditional_same_eligible_months,monthly_pool,1999-09,,
matched_screen,unconditional_same_eligible_months,monthly_pool,1999-10,,
matched_screen,unconditional_same_eligible_months,monthly_pool,1999-11,,
matched_screen,unconditional_same_eligible_months,monthly_pool,1999-12,,
matched_screen,unconditional_same_eligible_months,monthly_pool,2000-01,,
matched_screen,unconditional_same_eligible_months,monthly_pool,2000-02,,
matched_screen,unconditional_same_eligible_months,monthly_pool,2000-03,,
matched_screen,unconditional_same_eligible_months,monthly_pool,2000-04,,
matched_screen,unconditional_same_eligible_months,monthly_pool,2000-05,,
matched_screen,unconditional_same_eligible_months,monthly_pool,2000-06,,
matched_screen,unconditional_same_eligible_months,monthly_pool,2000-07,,
matched_screen,unconditional_same_eligible_months,monthly_pool,2000-08,,
matched_screen,unconditional_same_eligible_months,monthly_pool,2000-09,,
matched_screen,unconditional_same_eligible_months,monthly_pool,2000-10,,
matched_screen,unconditional_same_eligible_months,monthly_pool,2000-11,,
matched_screen,unconditional_same_eligible_months,monthly_pool,2000-12,,
matched_screen,unconditional_same_eligible_months,monthly_pool,2001-01,,
matched_screen,unconditional_same_eligible_months,monthly_pool,2001-02,,
matched_screen,unconditional_same_eligible_months,monthly_pool,2001-03,,
matched_screen,unconditional_same_eligible_months,monthly_pool,2001-04,,
matched_screen,unconditional_same_eligible_months,monthly_pool,2001-05,,
matched_screen,unconditional_same_eligible_months,monthly_pool,2001-06,,
matched_screen,unconditional_same_eligible_months,monthly_pool,2001-07,,
matched_screen,unconditional_same_eligible_months,monthly_pool,2001-08,,
matched_screen,unconditional_same_eligible_months,monthly_pool,2001-09,,
matched_screen,unconditional_same_eligible_months,monthly_pool,2001-10,,
matched_screen,unconditional_same_eligible_months,monthly_pool,2001-11,,
matched_screen,unconditional_same_eligible_months,monthly_pool,2001-12,,
matched_screen,unconditional_same_eligible_months,monthly_pool,2002-01,,
matched_screen,unconditional_same_eligible_months,monthly_pool,2002-02,,
matched_screen,unconditional_same_eligible_months,monthly_pool,2002-03,,
matched_screen,unconditional_same_eligible_months,monthly_pool,2002-04,,
matched_screen,unconditional_same_eligible_months,monthly_pool,2002-05,,
matched_screen,unconditional_same_eligible_months,monthly_pool,2002-06,,
matched_screen,unconditional_same_eligible_months,monthly_pool,2002-07,,
matched_screen,unconditional_same_eligible_months,monthly_pool,2002-08,,
matched_screen,unconditional_same_eligible_months,monthly_pool,2002-09,,
matched_screen,unconditional_same_eligible_months,monthly_pool,2002-10,,
matched_screen,unconditional_same_eligible_months,monthly_pool,2002-11,,
matched_screen,unconditional_same_eligible_months,monthly_pool,2002-12,,
matched_screen,unconditional_same_eligible_months,monthly_pool,2003-01,,
matched_screen,unconditional_same_eligible_months,monthly_pool,2003-02,,
matched_screen,unconditional_same_eligible_months,monthly_pool,2003-03,,
matched_screen,unconditional_same_eligible_months,monthly_pool,2003-04,,
matched_screen,unconditional_same_eligible_months,monthly_pool,2003-05,,
matched_screen,unconditional_same_eligible_months,monthly_pool,2003-06,,
matched_screen,unconditional_same_eligible_months,monthly_pool,2003-07,,
matched_screen,unconditional_same_eligible_months,monthly_pool,2003-08,,
matched_screen,unconditional_same_eligible_months,monthly_pool,2003-09,,
matched_screen,unconditional_same_eligible_months,monthly_pool,2003-10,,
matched_screen,unconditional_same_eligible_months,monthly_pool,2003-11,,
matched_screen,unconditional_same_eligible_months,monthly_pool,2003-12,,
matched_screen,unconditional_same_eligible_months,monthly_pool,2004-01,,
matched_screen,unconditional_same_eligible_months,monthly_pool,2004-02,,
matched_screen,unconditional_same_eligible_months,monthly_pool,2004-03,,
matched_screen,unconditional_same_eligible_months,monthly_pool,2004-04,,
matched_screen,unconditional_same_eligible_months,monthly_pool,2004-05,,
matched_screen,unconditional_same_eligible_months,monthly_pool,2004-06,,
matched_screen,unconditional_same_eligible_months,monthly_pool,2004-07,,
matched_screen,unconditional_same_eligible_months,monthly_pool,2004-08,,
matched_screen,unconditional_same_eligible_months,monthly_pool,2004-09,,
matched_screen,unconditional_same_eligible_months,monthly_pool,2004-10,,
matched_screen,unconditional_same_eligible_months,monthly_pool,2004-11,,
matched_screen,unconditional_same_eligible_months,monthly_pool,2004-12,,
matched_screen,unconditional_same_eligible_months,monthly_pool,2005-01,,
matched_screen,unconditional_same_eligible_months,monthly_pool,2005-02,,
matched_screen,unconditional_same_eligible_months,monthly_pool,2005-03,,
matched_screen,unconditional_same_eligible_months,monthly_pool,2005-04,,
matched_screen,unconditional_same_eligible_months,monthly_pool,2005-05,,
matched_screen,unconditional_same_eligible_months,monthly_pool,2005-06,,
matched_screen,unconditional_same_eligible_months,monthly_pool,2005-07,,
matched_screen,unconditional_same_eligible_months,monthly_pool,2005-08,,
matched_screen,unconditional_same_eligible_months,monthly_pool,2005-09,,
matched_screen,unconditional_same_eligible_months,monthly_pool,2005-10,,
matched_screen,unconditional_same_eligible_months,monthly_pool,2005-11,,
matched_screen,unconditional_same_eligible_months,monthly_pool,2005-12,,
matched_screen,unconditional_same_eligible_months,monthly_pool,2006-01,,
matched_screen,unconditional_same_eligible_months,monthly_pool,2006-02,,
matched_screen,unconditional_same_eligible_months,monthly_pool,2006-03,,
matched_screen,unconditional_same_eligible_months,monthly_pool,2006-04,,
matched_screen,unconditional_same_eligible_months,monthly_pool,2006-05,,
matched_screen,unconditional_same_eligible_months,monthly_pool,2006-06,,
matched_screen,unconditional_same_eligible_months,monthly_pool,2006-07,,
matched_screen,unconditional_same_eligible_months,monthly_pool,2006-08,,
matched_screen,unconditional_same_eligible_months,monthly_pool,2006-09,,
matched_screen,unconditional_same_eligible_months,monthly_pool,2006-10,,
matched_screen,unconditional_same_eligible_months,monthly_pool,2006-11,,
matched_screen,unconditional_same_eligible_months,monthly_pool,2006-12,,
matched_screen,unconditional_same_eligible_months,monthly_pool,2007-01,,
matched_screen,unconditional_same_eligible_months,monthly_pool,2007-02,,
matched_screen,unconditional_same_eligible_months,monthly_pool,2007-03,,
matched_screen,unconditional_same_eligible_months,monthly_pool,2007-04,,
matched_screen,unconditional_same_eligible_months,monthly_pool,2007-05,,
matched_screen,unconditional_same_eligible_months,monthly_pool,2007-06,,
matched_screen,unconditional_same_eligible_months,monthly_pool,2007-07,,
matched_screen,unconditional_same_eligible_months,monthly_pool,2007-08,,
matched_screen,unconditional_same_eligible_months,monthly_pool,2007-09,,
matched_screen,unconditional_same_eligible_months,monthly_pool,2007-10,,
matched_screen,unconditional_same_eligible_months,monthly_pool,2007-11,,
matched_screen,unconditional_same_eligible_months,monthly_pool,2007-12,,
matched_screen,unconditional_same_eligible_months,monthly_pool,2008-01,,
matched_screen,unconditional_same_eligible_months,monthly_pool,2008-02,,
matched_screen,unconditional_same_eligible_months,monthly_pool,2008-03,,
matched_screen,unconditional_same_eligible_months,monthly_pool,2008-04,,
matched_screen,unconditional_same_eligible_months,monthly_pool,2008-05,,
matched_screen,unconditional_same_eligible_months,monthly_pool,2008-06,,
matched_screen,unconditional_same_eligible_months,monthly_pool,2008-07,,
matched_screen,unconditional_same_eligible_months,monthly_pool,2008-08,,
matched_screen,unconditional_same_eligible_months,monthly_pool,2008-09,,
matched_screen,unconditional_same_eligible_months,monthly_pool,2008-10,,
matched_screen,unconditional_same_eligible_months,monthly_pool,2008-11,,
matched_screen,unconditional_same_eligible_months,monthly_pool,2008-12,,
matched_screen,unconditional_same_eligible_months,monthly_pool,2009-01,,
matched_screen,unconditional_same_eligible_months,monthly_pool,2009-02,,
matched_screen,unconditional_same_eligible_months,monthly_pool,2009-03,,
matched_screen,unconditional_same_eligible_months,monthly_pool,2009-04,,
matched_screen,unconditional_same_eligible_months,monthly_pool,2009-05,,
matched_screen,unconditional_same_eligible_months,monthly_pool,2009-06,,
matched_screen,unconditional_same_eligible_months,monthly_pool,2009-07,,
matched_screen,unconditional_same_eligible_months,monthly_pool,2009-08,,
matched_screen,unconditional_same_eligible_months,monthly_pool,2009-09,,
matched_screen,unconditional_same_eligible_months,monthly_pool,2009-10,,
matched_screen,unconditional_same_eligible_months,monthly_pool,2009-11,,
matched_screen,unconditional_same_eligible_months,monthly_pool,2009-12,,
matched_screen,unconditional_same_eligible_months,monthly_pool,2010-01,,
matched_screen,unconditional_same_eligible_months,monthly_pool,2010-02,,
matched_screen,unconditional_same_eligible_months,monthly_pool,2010-03,,
matched_screen,unconditional_same_eligible_months,monthly_pool,2010-04,,
matched_screen,unconditional_same_eligible_months,monthly_pool,2010-05,,
matched_screen,unconditional_same_eligible_months,monthly_pool,2010-06,,
matched_screen,unconditional_same_eligible_months,monthly_pool,2010-07,,
matched_screen,unconditional_same_eligible_months,monthly_pool,2010-08,,
matched_screen,unconditional_same_eligible_months,monthly_pool,2010-09,,
matched_screen,unconditional_same_eligible_months,monthly_pool,2010-10,,
matched_screen,unconditional_same_eligible_months,monthly_pool,2010-11,,
matched_screen,unconditional_same_eligible_months,monthly_pool,2010-12,,
matched_screen,unconditional_same_eligible_months,monthly_pool,2011-01,,
matched_screen,unconditional_same_eligible_months,monthly_pool,2011-02,,
matched_screen,unconditional_same_eligible_months,monthly_pool,2011-03,,
matched_screen,unconditional_same_eligible_months,monthly_pool,2011-04,,
matched_screen,unconditional_same_eligible_months,monthly_pool,2011-05,,
matched_screen,unconditional_same_eligible_months,monthly_pool,2011-06,,
matched_screen,unconditional_same_eligible_months,monthly_pool,2011-07,,
matched_screen,unconditional_same_eligible_months,monthly_pool,2011-08,,
matched_screen,unconditional_same_eligible_months,monthly_pool,2011-09,,
matched_screen,unconditional_same_eligible_months,monthly_pool,2011-10,,
matched_screen,unconditional_same_eligible_months,monthly_pool,2011-11,,
matched_screen,unconditional_same_eligible_months,monthly_pool,2011-12,,
matched_screen,unconditional_same_eligible_months,monthly_pool,2012-01,,
matched_screen,unconditional_same_eligible_months,monthly_pool,2012-02,,
matched_screen,unconditional_same_eligible_months,monthly_pool,2012-03,,
matched_screen,unconditional_same_eligible_months,monthly_pool,2012-04,,
matched_screen,unconditional_same_eligible_months,monthly_pool,2012-05,,
matched_screen,unconditional_same_eligible_months,monthly_pool,2012-06,,
matched_screen,unconditional_same_eligible_months,monthly_pool,2012-07,,
matched_screen,unconditional_same_eligible_months,monthly_pool,2012-08,,
matched_screen,unconditional_same_eligible_months,monthly_pool,2012-09,,
matched_screen,unconditional_same_eligible_months,monthly_pool,2012-10,,
matched_screen,unconditional_same_eligible_months,monthly_pool,2012-11,,
matched_screen,unconditional_same_eligible_months,monthly_pool,2012-12,,
matched_screen,unconditional_same_eligible_months,monthly_pool,2013-01,,
matched_screen,unconditional_same_eligible_months,monthly_pool,2013-02,,
matched_screen,unconditional_same_eligible_months,monthly_pool,2013-03,,
matched_screen,unconditional_same_eligible_months,monthly_pool,2013-04,,
matched_screen,unconditional_same_eligible_months,monthly_pool,2013-05,,
matched_screen,unconditional_same_eligible_months,monthly_pool,2013-06,,
matched_screen,unconditional_same_eligible_months,monthly_pool,2013-07,,
matched_screen,unconditional_same_eligible_months,monthly_pool,2013-08,,
matched_screen,unconditional_same_eligible_months,monthly_pool,2013-09,,
matched_screen,unconditional_same_eligible_months,monthly_pool,2013-10,,
matched_screen,unconditional_same_eligible_months,monthly_pool,2013-11,,
matched_screen,unconditional_same_eligible_months,monthly_pool,2013-12,,
matched_screen,unconditional_same_eligible_months,monthly_pool,2014-01,,
matched_screen,unconditional_same_eligible_months,monthly_pool,2014-02,,
matched_screen,unconditional_same_eligible_months,monthly_pool,2014-03,,
matched_screen,unconditional_same_eligible_months,monthly_pool,2014-04,,
matched_screen,unconditional_same_eligible_months,monthly_pool,2014-05,,
matched_screen,unconditional_same_eligible_months,monthly_pool,2014-06,,
matched_screen,unconditional_same_eligible_months,monthly_pool,2014-07,,
matched_screen,unconditional_same_eligible_months,monthly_pool,2014-08,,
matched_screen,unconditional_same_eligible_months,monthly_pool,2014-09,,
matched_screen,unconditional_same_eligible_months,monthly_pool,2014-10,,
matched_screen,unconditional_same_eligible_months,monthly_pool,2014-11,,
matched_screen,unconditional_same_eligible_months,monthly_pool,2014-12,,
matched_screen,unconditional_same_eligible_months,monthly_pool,2015-01,,
matched_screen,unconditional_same_eligible_months,monthly_pool,2015-02,,
matched_screen,unconditional_same_eligible_months,monthly_pool,2015-03,,
matched_screen,unconditional_same_eligible_months,monthly_pool,2015-04,,
matched_screen,unconditional_same_eligible_months,monthly_pool,2015-05,,
matched_screen,unconditional_same_eligible_months,monthly_pool,2015-06,,
matched_screen,unconditional_same_eligible_months,monthly_pool,2015-07,,
matched_screen,unconditional_same_eligible_months,monthly_pool,2015-08,,
matched_screen,unconditional_same_eligible_months,monthly_pool,2015-09,,
matched_screen,unconditional_same_eligible_months,monthly_pool,2015-10,,
matched_screen,unconditional_same_eligible_months,monthly_pool,2015-11,,
matched_screen,unconditional_same_eligible_months,monthly_pool,2015-12,,
matched_screen,unconditional_same_eligible_months,monthly_pool,2016-01,,
matched_screen,unconditional_same_eligible_months,monthly_pool,2016-02,,
matched_screen,unconditional_same_eligible_months,monthly_pool,2016-03,,
matched_screen,unconditional_same_eligible_months,monthly_pool,2016-04,,
matched_screen,unconditional_same_eligible_months,monthly_pool,2016-05,,
matched_screen,unconditional_same_eligible_months,monthly_pool,2016-06,,
matched_screen,unconditional_same_eligible_months,monthly_pool,2016-07,,
matched_screen,unconditional_same_eligible_months,monthly_pool,2016-08,,
matched_screen,unconditional_same_eligible_months,monthly_pool,2016-09,,
matched_screen,unconditional_same_eligible_months,monthly_pool,2016-10,,
matched_screen,unconditional_same_eligible_months,monthly_pool,2016-11,,
matched_screen,unconditional_same_eligible_months,monthly_pool,2016-12,,
matched_screen,unconditional_same_eligible_months,monthly_pool,2017-01,,
matched_screen,unconditional_same_eligible_months,monthly_pool,2017-02,,
matched_screen,unconditional_same_eligible_months,monthly_pool,2017-03,,
matched_screen,unconditional_same_eligible_months,monthly_pool,2017-04,,
matched_screen,unconditional_same_eligible_months,monthly_pool,2017-05,,
matched_screen,unconditional_same_eligible_months,monthly_pool,2017-06,,
matched_screen,unconditional_same_eligible_months,monthly_pool,2017-07,,
matched_screen,unconditional_same_eligible_months,monthly_pool,2017-08,,
matched_screen,unconditional_same_eligible_months,monthly_pool,2017-09,,
matched_screen,unconditional_same_eligible_months,monthly_pool,2017-10,,
matched_screen,unconditional_same_eligible_months,monthly_pool,2017-11,,
matched_screen,unconditional_same_eligible_months,monthly_pool,2017-12,,
matched_screen,unconditional_same_eligible_months,monthly_pool,2018-01,,
matched_screen,unconditional_same_eligible_months,monthly_pool,2018-02,,
matched_screen,unconditional_same_eligible_months,monthly_pool,2018-03,,
matched_screen,unconditional_same_eligible_months,monthly_pool,2018-04,,
matched_screen,unconditional_same_eligible_months,monthly_pool,2018-05,,
matched_screen,unconditional_same_eligible_months,monthly_pool,2018-06,,
matched_screen,unconditional_same_eligible_months,monthly_pool,2018-07,,
matched_screen,unconditional_same_eligible_months,monthly_pool,2018-08,,
matched_screen,unconditional_same_eligible_months,monthly_pool,2018-09,,
matched_screen,unconditional_same_eligible_months,monthly_pool,2018-10,,
matched_screen,unconditional_same_eligible_months,monthly_pool,2018-11,,
matched_screen,unconditional_same_eligible_months,monthly_pool,2018-12,,
matched_screen,unconditional_same_eligible_months,monthly_pool,2019-01,,
matched_screen,unconditional_same_eligible_months,monthly_pool,2019-02,,
matched_screen,unconditional_same_eligible_months,monthly_pool,2019-03,,
matched_screen,unconditional_same_eligible_months,monthly_pool,2019-04,,
matched_screen,unconditional_same_eligible_months,monthly_pool,2019-05,,
matched_screen,unconditional_same_eligible_months,monthly_pool,2019-06,,
matched_screen,unconditional_same_eligible_months,monthly_pool,2019-07,,
matched_screen,unconditional_same_eligible_months,monthly_pool,2019-08,,
matched_screen,unconditional_same_eligible_months,monthly_pool,2019-09,,
matched_screen,unconditional_same_eligible_months,monthly_pool,2019-10,,
matched_screen,unconditional_same_eligible_months,monthly_pool,2019-11,,
matched_screen,unconditional_same_eligible_months,monthly_pool,2019-12,,
matched_screen,unconditional_same_eligible_months,monthly_pool,2020-01,,
matched_screen,unconditional_same_eligible_months,monthly_pool,2020-02,,
matched_screen,unconditional_same_eligible_months,monthly_pool,2020-03,,
matched_screen,unconditional_same_eligible_months,monthly_pool,2020-04,,
matched_screen,unconditional_same_eligible_months,monthly_pool,2020-05,,
matched_screen,unconditional_same_eligible_months,monthly_pool,2020-06,,
matched_screen,unconditional_same_eligible_months,monthly_pool,2020-07,,
matched_screen,unconditional_same_eligible_months,monthly_pool,2020-08,,
matched_screen,unconditional_same_eligible_months,monthly_pool,2020-09,,
matched_screen,unconditional_same_eligible_months,monthly_pool,2020-11,,
matched_screen,unconditional_same_eligible_months,monthly_pool,2020-12,,
matched_screen,unconditional_same_eligible_months,monthly_pool,2021-01,,
matched_screen,unconditional_same_eligible_months,monthly_pool,2021-02,,
matched_screen,unconditional_same_eligible_months,monthly_pool,2021-03,,
matched_screen,unconditional_same_eligible_months,monthly_pool,2021-04,,
matched_screen,unconditional_same_eligible_months,monthly_pool,2021-05,,
matched_screen,unconditional_same_eligible_months,monthly_pool,2021-06,,
matched_screen,unconditional_same_eligible_months,monthly_pool,2021-07,,
matched_screen,full_history_original,monthly_pool,1997-02,93.28663164,15.55727554
matched_screen,full_history_original,monthly_pool,1997-03,92.52772913,15.17027864
matched_screen,full_history_original,monthly_pool,1997-04,91.09748978,12.22910217
matched_screen,full_history_original,monthly_pool,1997-05,93.84121424,13.58359133
matched_screen,full_history_original,monthly_pool,1997-06,95.32983071,12.22910217
matched_screen,full_history_original,monthly_pool,1997-07,96.49737303,13.15789474
matched_screen,full_history_original,monthly_pool,1997-08,96.32224168,11.76470588
matched_screen,full_history_original,monthly_pool,1997-09,96.43899591,7.275541796
matched_screen,full_history_original,monthly_pool,1997-10,96.61412726,9.133126935
matched_screen,full_history_original,monthly_pool,1997-11,96.08873322,7.275541796
matched_screen,full_history_original,monthly_pool,1997-12,96.67250438,8.591331269
matched_screen,full_history_original,monthly_pool,1998-01,96.55575015,9.752321981
matched_screen,full_history_original,monthly_pool,1998-02,97.25627554,9.752321981
matched_screen,full_history_original,monthly_pool,1998-03,97.60653824,11.76470588
matched_screen,full_history_original,monthly_pool,1998-04,98.1903094,15.94427245
matched_screen,full_history_original,monthly_pool,1998-05,97.95680093,12.22910217
matched_screen,full_history_original,monthly_pool,1998-06,97.8400467,11.02941176
matched_screen,full_history_original,monthly_pool,1998-07,98.48219498,11.76470588
matched_screen,full_history_original,monthly_pool,1998-08,97.489784,14.24148607
matched_screen,full_history_original,monthly_pool,1999-12,100,15.94427245
matched_screen,full_history_original,monthly_pool,2000-01,99.88324577,7.275541796
matched_screen,full_history_original,monthly_pool,2000-02,99.35785172,12.22910217
matched_screen,full_history_original,monthly_pool,2021-05,97.66491535,19.07894737
matched_screen,full_history_original,monthly_pool,2021-06,97.72329247,17.18266254
matched_screen,full_history_original,chronological_60m,1997-02,93.28663164,15.55727554
matched_screen,full_history_original,chronological_60m,2021-05,97.66491535,19.07894737
matched_screen,full_history_original,chronological_12m,1997-02,93.28663164,15.55727554
matched_screen,full_history_original,chronological_12m,1998-02,97.25627554,9.752321981
matched_screen,full_history_original,chronological_12m,1999-12,100,15.94427245
matched_screen,full_history_original,chronological_12m,2021-05,97.66491535,19.07894737
matched_screen,full_history_original,chronological_36m,1997-02,93.28663164,15.55727554
matched_screen,full_history_original,chronological_36m,2000-02,99.35785172,12.22910217
matched_screen,full_history_original,chronological_36m,2021-05,97.66491535,19.07894737
matched_screen,expanding_prior,monthly_pool,1964-07,97.30538922,0.1831501832
matched_screen,expanding_prior,monthly_pool,1964-08,96.90927218,0
matched_screen,expanding_prior,monthly_pool,1964-09,97.11155378,0
matched_screen,expanding_prior,monthly_pool,1964-10,98.00995025,0
matched_screen,expanding_prior,monthly_pool,1964-11,98.01192843,0
matched_screen,expanding_prior,monthly_pool,1964-12,96.62363456,0
matched_screen,expanding_prior,monthly_pool,1965-01,98.01587302,0.1811594203
matched_screen,expanding_prior,monthly_pool,1965-02,98.11694747,0.1808318264
matched_screen,expanding_prior,monthly_pool,1965-03,97.82178218,0
matched_screen,expanding_prior,monthly_pool,1965-04,98.1206726,0.3603603604
matched_screen,expanding_prior,monthly_pool,1965-05,98.3201581,0.1798561151
matched_screen,expanding_prior,monthly_pool,1965-06,95.26159921,1.256732496
matched_screen,expanding_prior,monthly_pool,1965-07,94.67455621,1.612903226
matched_screen,expanding_prior,monthly_pool,1965-08,96.0591133,1.252236136
matched_screen,expanding_prior,monthly_pool,1965-09,97.83464567,1.785714286
matched_screen,expanding_prior,monthly_pool,1965-10,98.32841691,0.5347593583
matched_screen,expanding_prior,monthly_pool,1965-11,98.33005894,0
matched_screen,expanding_prior,monthly_pool,1965-12,97.93915604,0
matched_screen,expanding_prior,monthly_pool,1966-01,98.33333333,0
matched_screen,expanding_prior,monthly_pool,1966-02,97.84524976,0.1769911504
matched_screen,expanding_prior,monthly_pool,1966-03,95.30332681,3.003533569
matched_screen,expanding_prior,monthly_pool,1966-04,96.48093842,5.114638448
matched_screen,expanding_prior,monthly_pool,1966-05,92.7734375,9.330985915
matched_screen,expanding_prior,monthly_pool,1966-06,91.80487805,10.72056239
matched_screen,expanding_prior,monthly_pool,1966-07,91.22807018,11.92982456
matched_screen,expanding_prior,monthly_pool,1993-03,90.26745914,11.46067416
matched_screen,expanding_prior,monthly_pool,1993-10,91.27864006,16.61092531
matched_screen,expanding_prior,monthly_pool,1995-03,91.31386861,11.3785558
matched_screen,expanding_prior,monthly_pool,1995-04,93.14369074,11.14754098
matched_screen,expanding_prior,monthly_pool,1995-05,94.97084548,8.951965066
matched_screen,expanding_prior,monthly_pool,1995-06,96.57683904,13.95856052
matched_screen,expanding_prior,monthly_pool,1995-07,98.1077147,16.33986928
matched_screen,expanding_prior,monthly_pool,1995-08,97.81818182,15.12513602
matched_screen,expanding_prior,monthly_pool,1995-09,98.69186047,14.02173913
matched_screen,expanding_prior,monthly_pool,1995-10,98.54756718,16.82953312
matched_screen,expanding_prior,monthly_pool,1995-11,98.83889695,19.95661605
matched_screen,expanding_prior,monthly_pool,1996-01,98.91304348,19.91341991
matched_screen,expanding_prior,monthly_pool,1996-02,99.27588704,17.51351351
matched_screen,expanding_prior,monthly_pool,1997-02,99.78463747,17.18249733
matched_screen,expanding_prior,monthly_pool,1997-03,99.64131994,16.52452026
matched_screen,expanding_prior,monthly_pool,1997-04,99.13978495,13.73801917
matched_screen,expanding_prior,monthly_pool,1997-05,99.78510029,15
matched_screen,expanding_prior,monthly_pool,1997-06,99.85683608,13.7088204
matched_screen,expanding_prior,monthly_pool,1997-07,100,14.75583864
matched_screen,expanding_prior,monthly_pool,1997-08,99.92852037,13.57370095
matched_screen,expanding_prior,monthly_pool,1997-09,99.92857143,8.792372881
matched_screen,expanding_prior,monthly_pool,1997-10,100,11.00529101
matched_screen,expanding_prior,monthly_pool,1997-11,99.64336662,8.773784355
matched_screen,expanding_prior,monthly_pool,1997-12,100,10.66525871
matched_screen,expanding_prior,monthly_pool,1998-01,99.85754986,11.60337553
matched_screen,expanding_prior,monthly_pool,1998-02,100,11.59114858
matched_screen,expanding_prior,monthly_pool,1998-03,100,14.10526316
matched_screen,expanding_prior,monthly_pool,1998-04,100,18.50683491
matched_screen,expanding_prior,monthly_pool,1998-05,99.92897727,14.3907563
matched_screen,expanding_prior,monthly_pool,1998-06,99.85805536,13.43126967
matched_screen,expanding_prior,monthly_pool,1998-07,100,14.1509434
matched_screen,expanding_prior,monthly_pool,1998-08,99.64564139,16.54450262
matched_screen,expanding_prior,monthly_pool,1999-12,100,18.53759011
matched_screen,expanding_prior,monthly_pool,2000-01,99.85994398,8.53909465
matched_screen,expanding_prior,monthly_pool,2000-02,99.58012596,14.38848921
matched_screen,expanding_prior,monthly_pool,2005-01,94.42204301,19.67054264
matched_screen,expanding_prior,monthly_pool,2005-02,94.49294829,15.48886738
matched_screen,expanding_prior,monthly_pool,2005-03,94.02684564,19.72920696
matched_screen,expanding_prior,monthly_pool,2014-02,90.48215404,17.00262927
matched_screen,expanding_prior,monthly_pool,2014-04,90.80675422,18.46019248
matched_screen,expanding_prior,monthly_pool,2014-05,91.1875,11.27622378
matched_screen,expanding_prior,monthly_pool,2014-06,91.94253592,7.248908297
matched_screen,expanding_prior,monthly_pool,2014-07,92.63420724,9.42408377
matched_screen,expanding_prior,monthly_pool,2014-08,91.89020586,13.51351351
matched_screen,expanding_prior,monthly_pool,2017-03,96.26682987,19.524618
matched_screen,expanding_prior,monthly_pool,2017-09,96.58536585,19.42567568
matched_screen,expanding_prior,monthly_pool,2021-05,98.09976247,17.50814332
matched_screen,expanding_prior,monthly_pool,2021-06,98.10089021,16.273393
matched_screen,expanding_prior,monthly_pool,2021-07,98.51720047,19.59349593
matched_screen,expanding_prior,chronological_60m,1964-07,97.30538922,0.1831501832
matched_screen,expanding_prior,chronological_60m,1993-03,90.26745914,11.46067416
matched_screen,expanding_prior,chronological_60m,1998-03,100,14.10526316
matched_screen,expanding_prior,chronological_60m,2005-01,94.42204301,19.67054264
matched_screen,expanding_prior,chronological_60m,2014-02,90.48215404,17.00262927
matched_screen,expanding_prior,chronological_60m,2021-05,98.09976247,17.50814332
matched_screen,expanding_prior,chronological_12m,1964-07,97.30538922,0.1831501832
matched_screen,expanding_prior,chronological_12m,1965-07,94.67455621,1.612903226
matched_screen,expanding_prior,chronological_12m,1966-07,91.22807018,11.92982456
matched_screen,expanding_prior,chronological_12m,1993-03,90.26745914,11.46067416
matched_screen,expanding_prior,chronological_12m,1995-03,91.31386861,11.3785558
matched_screen,expanding_prior,chronological_12m,1997-02,99.78463747,17.18249733
matched_screen,expanding_prior,chronological_12m,1998-02,100,11.59114858
matched_screen,expanding_prior,chronological_12m,1999-12,100,18.53759011
matched_screen,expanding_prior,chronological_12m,2005-01,94.42204301,19.67054264
matched_screen,expanding_prior,chronological_12m,2014-02,90.48215404,17.00262927
matched_screen,expanding_prior,chronological_12m,2017-03,96.26682987,19.524618
matched_screen,expanding_prior,chronological_12m,2021-05,98.09976247,17.50814332
matched_screen,expanding_prior,chronological_36m,1964-07,97.30538922,0.1831501832
matched_screen,expanding_prior,chronological_36m,1993-03,90.26745914,11.46067416
matched_screen,expanding_prior,chronological_36m,1997-02,99.78463747,17.18249733
matched_screen,expanding_prior,chronological_36m,2000-02,99.58012596,14.38848921
matched_screen,expanding_prior,chronological_36m,2005-01,94.42204301,19.67054264
matched_screen,expanding_prior,chronological_36m,2014-02,90.48215404,17.00262927
matched_screen,expanding_prior,chronological_36m,2017-03,96.26682987,19.524618
matched_screen,expanding_prior,chronological_36m,2021-05,98.09976247,17.50814332
matched_screen,full_history_strict_tie_sensitivity,monthly_pool,1997-01,91.94395797,19.65944272
matched_screen,full_history_strict_tie_sensitivity,monthly_pool,1997-02,93.22825452,15.47987616
matched_screen,full_history_strict_tie_sensitivity,monthly_pool,1997-03,92.46935201,14.9380805
matched_screen,full_history_strict_tie_sensitivity,monthly_pool,1997-04,91.00992411,11.91950464
matched_screen,full_history_strict_tie_sensitivity,monthly_pool,1997-05,93.75364857,13.39009288
matched_screen,full_history_strict_tie_sensitivity,monthly_pool,1997-06,95.27145359,11.91950464
matched_screen,full_history_strict_tie_sensitivity,monthly_pool,1997-07,96.43899591,12.84829721
matched_screen,full_history_strict_tie_sensitivity,monthly_pool,1997-08,96.26386457,11.53250774
matched_screen,full_history_strict_tie_sensitivity,monthly_pool,1997-09,96.3806188,6.888544892
matched_screen,full_history_strict_tie_sensitivity,monthly_pool,1997-10,96.55575015,8.900928793
matched_screen,full_history_strict_tie_sensitivity,monthly_pool,1997-11,96.0303561,6.888544892
matched_screen,full_history_strict_tie_sensitivity,monthly_pool,1997-12,96.61412726,8.513931889
matched_screen,full_history_strict_tie_sensitivity,monthly_pool,1998-01,96.49737303,9.287925697
matched_screen,full_history_strict_tie_sensitivity,monthly_pool,1998-02,97.19789842,9.287925697
matched_screen,full_history_strict_tie_sensitivity,monthly_pool,1998-03,97.54816112,11.53250774
matched_screen,full_history_strict_tie_sensitivity,monthly_pool,1998-04,98.13193228,15.63467492
matched_screen,full_history_strict_tie_sensitivity,monthly_pool,1998-05,97.89842382,11.91950464
matched_screen,full_history_strict_tie_sensitivity,monthly_pool,1998-06,97.78166959,10.75851393
matched_screen,full_history_strict_tie_sensitivity,monthly_pool,1998-07,98.42381786,11.53250774
matched_screen,full_history_strict_tie_sensitivity,monthly_pool,1998-08,97.43140689,13.6996904
matched_screen,full_history_strict_tie_sensitivity,monthly_pool,1999-12,99.94162288,15.63467492
matched_screen,full_history_strict_tie_sensitivity,monthly_pool,2000-01,99.82486865,6.888544892
matched_screen,full_history_strict_tie_sensitivity,monthly_pool,2000-02,99.29947461,11.91950464
matched_screen,full_history_strict_tie_sensitivity,monthly_pool,2017-03,92.99474606,19.65944272
matched_screen,full_history_strict_tie_sensitivity,monthly_pool,2017-09,94.16228838,19.65944272
matched_screen,full_history_strict_tie_sensitivity,monthly_pool,2021-05,97.60653824,18.42105263
matched_screen,full_history_strict_tie_sensitivity,monthly_pool,2021-06,97.66491535,16.87306502
matched_screen,full_history_strict_tie_sensitivity,chronological_60m,1997-01,91.94395797,19.65944272
matched_screen,full_history_strict_tie_sensitivity,chronological_60m,2017-03,92.99474606,19.65944272
matched_screen,full_history_strict_tie_sensitivity,chronological_12m,1997-01,91.94395797,19.65944272
matched_screen,full_history_strict_tie_sensitivity,chronological_12m,1998-01,96.49737303,9.287925697
matched_screen,full_history_strict_tie_sensitivity,chronological_12m,1999-12,99.94162288,15.63467492
matched_screen,full_history_strict_tie_sensitivity,chronological_12m,2017-03,92.99474606,19.65944272
matched_screen,full_history_strict_tie_sensitivity,chronological_12m,2021-05,97.60653824,18.42105263
matched_screen,full_history_strict_tie_sensitivity,chronological_36m,1997-01,91.94395797,19.65944272
matched_screen,full_history_strict_tie_sensitivity,chronological_36m,2000-01,99.82486865,6.888544892
matched_screen,full_history_strict_tie_sensitivity,chronological_36m,2017-03,92.99474606,19.65944272
matched_screen,full_history_strict_tie_sensitivity,chronological_36m,2021-05,97.60653824,18.42105263
extended_CPI_overlap,unconditional_same_eligible_months,monthly_pool,1947-01,,
extended_CPI_overlap,unconditional_same_eligible_months,monthly_pool,1947-02,,
extended_CPI_overlap,unconditional_same_eligible_months,monthly_pool,1947-03,,
extended_CPI_overlap,unconditional_same_eligible_months,monthly_pool,1947-04,,
extended_CPI_overlap,unconditional_same_eligible_months,monthly_pool,1947-05,,
extended_CPI_overlap,unconditional_same_eligible_months,monthly_pool,1947-06,,
extended_CPI_overlap,unconditional_same_eligible_months,monthly_pool,1947-07,,
extended_CPI_overlap,unconditional_same_eligible_months,monthly_pool,1947-08,,
extended_CPI_overlap,unconditional_same_eligible_months,monthly_pool,1947-09,,
extended_CPI_overlap,unconditional_same_eligible_months,monthly_pool,1947-10,,
extended_CPI_overlap,unconditional_same_eligible_months,monthly_pool,1947-11,,
extended_CPI_overlap,unconditional_same_eligible_months,monthly_pool,1947-12,,
extended_CPI_overlap,unconditional_same_eligible_months,monthly_pool,1948-01,,
extended_CPI_overlap,unconditional_same_eligible_months,monthly_pool,1948-02,,
extended_CPI_overlap,unconditional_same_eligible_months,monthly_pool,1948-03,,
extended_CPI_overlap,unconditional_same_eligible_months,monthly_pool,1948-04,,
extended_CPI_overlap,unconditional_same_eligible_months,monthly_pool,1948-05,,
extended_CPI_overlap,unconditional_same_eligible_months,monthly_pool,1948-06,,
extended_CPI_overlap,unconditional_same_eligible_months,monthly_pool,1948-07,,
extended_CPI_overlap,unconditional_same_eligible_months,monthly_pool,1948-08,,
extended_CPI_overlap,unconditional_same_eligible_months,monthly_pool,1948-09,,
extended_CPI_overlap,unconditional_same_eligible_months,monthly_pool,1948-10,,
extended_CPI_overlap,unconditional_same_eligible_months,monthly_pool,1948-11,,
extended_CPI_overlap,unconditional_same_eligible_months,monthly_pool,1948-12,,
extended_CPI_overlap,unconditional_same_eligible_months,monthly_pool,1949-01,,
extended_CPI_overlap,unconditional_same_eligible_months,monthly_pool,1949-02,,
extended_CPI_overlap,unconditional_same_eligible_months,monthly_pool,1949-03,,
extended_CPI_overlap,unconditional_same_eligible_months,monthly_pool,1949-04,,
extended_CPI_overlap,unconditional_same_eligible_months,monthly_pool,1949-05,,
extended_CPI_overlap,unconditional_same_eligible_months,monthly_pool,1949-06,,
extended_CPI_overlap,unconditional_same_eligible_months,monthly_pool,1949-07,,
extended_CPI_overlap,unconditional_same_eligible_months,monthly_pool,1949-08,,
extended_CPI_overlap,unconditional_same_eligible_months,monthly_pool,1949-09,,
extended_CPI_overlap,unconditional_same_eligible_months,monthly_pool,1949-10,,
extended_CPI_overlap,unconditional_same_eligible_months,monthly_pool,1949-11,,
extended_CPI_overlap,unconditional_same_eligible_months,monthly_pool,1949-12,,
extended_CPI_overlap,unconditional_same_eligible_months,monthly_pool,1950-01,,
extended_CPI_overlap,unconditional_same_eligible_months,monthly_pool,1950-02,,
extended_CPI_overlap,unconditional_same_eligible_months,monthly_pool,1950-03,,
extended_CPI_overlap,unconditional_same_eligible_months,monthly_pool,1950-04,,
extended_CPI_overlap,unconditional_same_eligible_months,monthly_pool,1950-05,,
extended_CPI_overlap,unconditional_same_eligible_months,monthly_pool,1950-06,,
extended_CPI_overlap,unconditional_same_eligible_months,monthly_pool,1950-07,,
extended_CPI_overlap,unconditional_same_eligible_months,monthly_pool,1950-08,,
extended_CPI_overlap,unconditional_same_eligible_months,monthly_pool,1950-09,,
extended_CPI_overlap,unconditional_same_eligible_months,monthly_pool,1950-10,,
extended_CPI_overlap,unconditional_same_eligible_months,monthly_pool,1950-11,,
extended_CPI_overlap,unconditional_same_eligible_months,monthly_pool,1950-12,,
extended_CPI_overlap,unconditional_same_eligible_months,monthly_pool,1951-01,,
extended_CPI_overlap,unconditional_same_eligible_months,monthly_pool,1951-02,,
extended_CPI_overlap,unconditional_same_eligible_months,monthly_pool,1951-03,,
extended_CPI_overlap,unconditional_same_eligible_months,monthly_pool,1951-04,,
extended_CPI_overlap,unconditional_same_eligible_months,monthly_pool,1951-05,,
extended_CPI_overlap,unconditional_same_eligible_months,monthly_pool,1951-06,,
extended_CPI_overlap,unconditional_same_eligible_months,monthly_pool,1951-07,,
extended_CPI_overlap,unconditional_same_eligible_months,monthly_pool,1951-08,,
extended_CPI_overlap,unconditional_same_eligible_months,monthly_pool,1951-09,,
extended_CPI_overlap,unconditional_same_eligible_months,monthly_pool,1951-10,,
extended_CPI_overlap,unconditional_same_eligible_months,monthly_pool,1951-11,,
extended_CPI_overlap,unconditional_same_eligible_months,monthly_pool,1951-12,,
extended_CPI_overlap,unconditional_same_eligible_months,monthly_pool,1952-01,,
extended_CPI_overlap,unconditional_same_eligible_months,monthly_pool,1952-02,,
extended_CPI_overlap,unconditional_same_eligible_months,monthly_pool,1952-03,,
extended_CPI_overlap,unconditional_same_eligible_months,monthly_pool,1952-04,,
extended_CPI_overlap,unconditional_same_eligible_months,monthly_pool,1952-05,,
extended_CPI_overlap,unconditional_same_eligible_months,monthly_pool,1952-06,,
extended_CPI_overlap,unconditional_same_eligible_months,monthly_pool,1952-07,,
extended_CPI_overlap,unconditional_same_eligible_months,monthly_pool,1952-08,,
extended_CPI_overlap,unconditional_same_eligible_months,monthly_pool,1952-09,,
extended_CPI_overlap,unconditional_same_eligible_months,monthly_pool,1952-10,,
extended_CPI_overlap,unconditional_same_eligible_months,monthly_pool,1952-11,,
extended_CPI_overlap,unconditional_same_eligible_months,monthly_pool,1952-12,,
extended_CPI_overlap,unconditional_same_eligible_months,monthly_pool,1953-01,,
extended_CPI_overlap,unconditional_same_eligible_months,monthly_pool,1953-02,,
extended_CPI_overlap,unconditional_same_eligible_months,monthly_pool,1953-03,,
extended_CPI_overlap,unconditional_same_eligible_months,monthly_pool,1953-04,,
extended_CPI_overlap,unconditional_same_eligible_months,monthly_pool,1953-05,,
extended_CPI_overlap,unconditional_same_eligible_months,monthly_pool,1953-06,,
extended_CPI_overlap,unconditional_same_eligible_months,monthly_pool,1953-07,,
extended_CPI_overlap,unconditional_same_eligible_months,monthly_pool,1953-08,,
extended_CPI_overlap,unconditional_same_eligible_months,monthly_pool,1953-09,,
extended_CPI_overlap,unconditional_same_eligible_months,monthly_pool,1953-10,,
extended_CPI_overlap,unconditional_same_eligible_months,monthly_pool,1953-11,,
extended_CPI_overlap,unconditional_same_eligible_months,monthly_pool,1953-12,,
extended_CPI_overlap,unconditional_same_eligible_months,monthly_pool,1954-01,,
extended_CPI_overlap,unconditional_same_eligible_months,monthly_pool,1954-02,,
extended_CPI_overlap,unconditional_same_eligible_months,monthly_pool,1954-03,,
extended_CPI_overlap,unconditional_same_eligible_months,monthly_pool,1954-04,,
extended_CPI_overlap,unconditional_same_eligible_months,monthly_pool,1954-05,,
extended_CPI_overlap,unconditional_same_eligible_months,monthly_pool,1954-06,,
extended_CPI_overlap,unconditional_same_eligible_months,monthly_pool,1954-07,,
extended_CPI_overlap,unconditional_same_eligible_months,monthly_pool,1954-08,,
extended_CPI_overlap,unconditional_same_eligible_months,monthly_pool,1954-09,,
extended_CPI_overlap,unconditional_same_eligible_months,monthly_pool,1954-10,,
extended_CPI_overlap,unconditional_same_eligible_months,monthly_pool,1954-11,,
extended_CPI_overlap,unconditional_same_eligible_months,monthly_pool,1954-12,,
extended_CPI_overlap,unconditional_same_eligible_months,monthly_pool,1955-01,,
extended_CPI_overlap,unconditional_same_eligible_months,monthly_pool,1955-02,,
extended_CPI_overlap,unconditional_same_eligible_months,monthly_pool,1955-03,,
extended_CPI_overlap,unconditional_same_eligible_months,monthly_pool,1955-04,,
extended_CPI_overlap,unconditional_same_eligible_months,monthly_pool,1955-05,,
extended_CPI_overlap,unconditional_same_eligible_months,monthly_pool,1955-06,,
extended_CPI_overlap,unconditional_same_eligible_months,monthly_pool,1955-07,,
extended_CPI_overlap,unconditional_same_eligible_months,monthly_pool,1955-08,,
extended_CPI_overlap,unconditional_same_eligible_months,monthly_pool,1955-09,,
extended_CPI_overlap,unconditional_same_eligible_months,monthly_pool,1955-10,,
extended_CPI_overlap,unconditional_same_eligible_months,monthly_pool,1955-11,,
extended_CPI_overlap,unconditional_same_eligible_months,monthly_pool,1955-12,,
extended_CPI_overlap,unconditional_same_eligible_months,monthly_pool,1956-01,,
extended_CPI_overlap,unconditional_same_eligible_months,monthly_pool,1956-02,,
extended_CPI_overlap,unconditional_same_eligible_months,monthly_pool,1956-03,,
extended_CPI_overlap,unconditional_same_eligible_months,monthly_pool,1956-04,,
extended_CPI_overlap,unconditional_same_eligible_months,monthly_pool,1956-05,,
extended_CPI_overlap,unconditional_same_eligible_months,monthly_pool,1956-06,,
extended_CPI_overlap,unconditional_same_eligible_months,monthly_pool,1956-07,,
extended_CPI_overlap,unconditional_same_eligible_months,monthly_pool,1956-08,,
extended_CPI_overlap,unconditional_same_eligible_months,monthly_pool,1956-09,,
extended_CPI_overlap,unconditional_same_eligible_months,monthly_pool,1956-10,,
extended_CPI_overlap,unconditional_same_eligible_months,monthly_pool,1956-11,,
extended_CPI_overlap,unconditional_same_eligible_months,monthly_pool,1956-12,,
extended_CPI_overlap,unconditional_same_eligible_months,monthly_pool,1957-01,,
extended_CPI_overlap,unconditional_same_eligible_months,monthly_pool,1957-02,,
extended_CPI_overlap,unconditional_same_eligible_months,monthly_pool,1957-03,,
extended_CPI_overlap,unconditional_same_eligible_months,monthly_pool,1957-04,,
extended_CPI_overlap,unconditional_same_eligible_months,monthly_pool,1957-05,,
extended_CPI_overlap,unconditional_same_eligible_months,monthly_pool,1957-06,,
extended_CPI_overlap,unconditional_same_eligible_months,monthly_pool,1957-07,,
extended_CPI_overlap,unconditional_same_eligible_months,monthly_pool,1957-08,,
extended_CPI_overlap,unconditional_same_eligible_months,monthly_pool,1957-09,,
extended_CPI_overlap,unconditional_same_eligible_months,monthly_pool,1957-10,,
extended_CPI_overlap,unconditional_same_eligible_months,monthly_pool,1957-11,,
extended_CPI_overlap,unconditional_same_eligible_months,monthly_pool,1957-12,,
extended_CPI_overlap,unconditional_same_eligible_months,monthly_pool,1958-01,,
extended_CPI_overlap,unconditional_same_eligible_months,monthly_pool,1958-02,,
extended_CPI_overlap,unconditional_same_eligible_months,monthly_pool,1958-03,,
extended_CPI_overlap,unconditional_same_eligible_months,monthly_pool,1958-04,,
extended_CPI_overlap,unconditional_same_eligible_months,monthly_pool,1958-05,,
extended_CPI_overlap,unconditional_same_eligible_months,monthly_pool,1958-06,,
extended_CPI_overlap,unconditional_same_eligible_months,monthly_pool,1958-07,,
extended_CPI_overlap,unconditional_same_eligible_months,monthly_pool,1958-08,,
extended_CPI_overlap,unconditional_same_eligible_months,monthly_pool,1958-09,,
extended_CPI_overlap,unconditional_same_eligible_months,monthly_pool,1958-10,,
extended_CPI_overlap,unconditional_same_eligible_months,monthly_pool,1958-11,,
extended_CPI_overlap,unconditional_same_eligible_months,monthly_pool,1958-12,,
extended_CPI_overlap,unconditional_same_eligible_months,monthly_pool,1959-01,,
extended_CPI_overlap,unconditional_same_eligible_months,monthly_pool,1959-02,,
extended_CPI_overlap,unconditional_same_eligible_months,monthly_pool,1959-03,,
extended_CPI_overlap,unconditional_same_eligible_months,monthly_pool,1959-04,,
extended_CPI_overlap,unconditional_same_eligible_months,monthly_pool,1959-05,,
extended_CPI_overlap,unconditional_same_eligible_months,monthly_pool,1959-06,,
extended_CPI_overlap,unconditional_same_eligible_months,monthly_pool,1959-07,,
extended_CPI_overlap,unconditional_same_eligible_months,monthly_pool,1959-08,,
extended_CPI_overlap,unconditional_same_eligible_months,monthly_pool,1959-09,,
extended_CPI_overlap,unconditional_same_eligible_months,monthly_pool,1959-10,,
extended_CPI_overlap,unconditional_same_eligible_months,monthly_pool,1959-11,,
extended_CPI_overlap,unconditional_same_eligible_months,monthly_pool,1959-12,,
extended_CPI_overlap,unconditional_same_eligible_months,monthly_pool,1960-01,,
extended_CPI_overlap,unconditional_same_eligible_months,monthly_pool,1960-02,,
extended_CPI_overlap,unconditional_same_eligible_months,monthly_pool,1960-03,,
extended_CPI_overlap,unconditional_same_eligible_months,monthly_pool,1960-04,,
extended_CPI_overlap,unconditional_same_eligible_months,monthly_pool,1960-05,,
extended_CPI_overlap,unconditional_same_eligible_months,monthly_pool,1960-06,,
extended_CPI_overlap,unconditional_same_eligible_months,monthly_pool,1960-07,,
extended_CPI_overlap,unconditional_same_eligible_months,monthly_pool,1960-08,,
extended_CPI_overlap,unconditional_same_eligible_months,monthly_pool,1960-09,,
extended_CPI_overlap,unconditional_same_eligible_months,monthly_pool,1960-10,,
extended_CPI_overlap,unconditional_same_eligible_months,monthly_pool,1960-11,,
extended_CPI_overlap,unconditional_same_eligible_months,monthly_pool,1960-12,,
extended_CPI_overlap,unconditional_same_eligible_months,monthly_pool,1961-01,,
extended_CPI_overlap,unconditional_same_eligible_months,monthly_pool,1961-02,,
extended_CPI_overlap,unconditional_same_eligible_months,monthly_pool,1961-03,,
extended_CPI_overlap,unconditional_same_eligible_months,monthly_pool,1961-04,,
extended_CPI_overlap,unconditional_same_eligible_months,monthly_pool,1961-05,,
extended_CPI_overlap,unconditional_same_eligible_months,monthly_pool,1961-06,,
extended_CPI_overlap,unconditional_same_eligible_months,monthly_pool,1961-07,,
extended_CPI_overlap,unconditional_same_eligible_months,monthly_pool,1961-08,,
extended_CPI_overlap,unconditional_same_eligible_months,monthly_pool,1961-09,,
extended_CPI_overlap,unconditional_same_eligible_months,monthly_pool,1961-10,,
extended_CPI_overlap,unconditional_same_eligible_months,monthly_pool,1961-11,,
extended_CPI_overlap,unconditional_same_eligible_months,monthly_pool,1961-12,,
extended_CPI_overlap,unconditional_same_eligible_months,monthly_pool,1962-01,,
extended_CPI_overlap,unconditional_same_eligible_months,monthly_pool,1962-02,,
extended_CPI_overlap,unconditional_same_eligible_months,monthly_pool,1962-03,,
extended_CPI_overlap,unconditional_same_eligible_months,monthly_pool,1962-04,,
extended_CPI_overlap,unconditional_same_eligible_months,monthly_pool,1962-05,,
extended_CPI_overlap,unconditional_same_eligible_months,monthly_pool,1962-06,,
extended_CPI_overlap,unconditional_same_eligible_months,monthly_pool,1962-07,,
extended_CPI_overlap,unconditional_same_eligible_months,monthly_pool,1962-08,,
extended_CPI_overlap,unconditional_same_eligible_months,monthly_pool,1962-09,,
extended_CPI_overlap,unconditional_same_eligible_months,monthly_pool,1962-10,,
extended_CPI_overlap,unconditional_same_eligible_months,monthly_pool,1962-11,,
extended_CPI_overlap,unconditional_same_eligible_months,monthly_pool,1962-12,,
extended_CPI_overlap,unconditional_same_eligible_months,monthly_pool,1963-01,,
extended_CPI_overlap,unconditional_same_eligible_months,monthly_pool,1963-02,,
extended_CPI_overlap,unconditional_same_eligible_months,monthly_pool,1963-03,,
extended_CPI_overlap,unconditional_same_eligible_months,monthly_pool,1963-04,,
extended_CPI_overlap,unconditional_same_eligible_months,monthly_pool,1963-05,,
extended_CPI_overlap,unconditional_same_eligible_months,monthly_pool,1963-06,,
extended_CPI_overlap,unconditional_same_eligible_months,monthly_pool,1963-07,,
extended_CPI_overlap,unconditional_same_eligible_months,monthly_pool,1963-08,,
extended_CPI_overlap,unconditional_same_eligible_months,monthly_pool,1963-09,,
extended_CPI_overlap,unconditional_same_eligible_months,monthly_pool,1963-10,,
extended_CPI_overlap,unconditional_same_eligible_months,monthly_pool,1963-11,,
extended_CPI_overlap,unconditional_same_eligible_months,monthly_pool,1963-12,,
extended_CPI_overlap,unconditional_same_eligible_months,monthly_pool,1964-01,,
extended_CPI_overlap,unconditional_same_eligible_months,monthly_pool,1964-02,,
extended_CPI_overlap,unconditional_same_eligible_months,monthly_pool,1964-03,,
extended_CPI_overlap,unconditional_same_eligible_months,monthly_pool,1964-04,,
extended_CPI_overlap,unconditional_same_eligible_months,monthly_pool,1964-05,,
extended_CPI_overlap,unconditional_same_eligible_months,monthly_pool,1964-06,,
extended_CPI_overlap,unconditional_same_eligible_months,monthly_pool,1964-07,,
extended_CPI_overlap,unconditional_same_eligible_months,monthly_pool,1964-08,,
extended_CPI_overlap,unconditional_same_eligible_months,monthly_pool,1964-09,,
extended_CPI_overlap,unconditional_same_eligible_months,monthly_pool,1964-10,,
extended_CPI_overlap,unconditional_same_eligible_months,monthly_pool,1964-11,,
extended_CPI_overlap,unconditional_same_eligible_months,monthly_pool,1964-12,,
extended_CPI_overlap,unconditional_same_eligible_months,monthly_pool,1965-01,,
extended_CPI_overlap,unconditional_same_eligible_months,monthly_pool,1965-02,,
extended_CPI_overlap,unconditional_same_eligible_months,monthly_pool,1965-03,,
extended_CPI_overlap,unconditional_same_eligible_months,monthly_pool,1965-04,,
extended_CPI_overlap,unconditional_same_eligible_months,monthly_pool,1965-05,,
extended_CPI_overlap,unconditional_same_eligible_months,monthly_pool,1965-06,,
extended_CPI_overlap,unconditional_same_eligible_months,monthly_pool,1965-07,,
extended_CPI_overlap,unconditional_same_eligible_months,monthly_pool,1965-08,,
extended_CPI_overlap,unconditional_same_eligible_months,monthly_pool,1965-09,,
extended_CPI_overlap,unconditional_same_eligible_months,monthly_pool,1965-10,,
extended_CPI_overlap,unconditional_same_eligible_months,monthly_pool,1965-11,,
extended_CPI_overlap,unconditional_same_eligible_months,monthly_pool,1965-12,,
extended_CPI_overlap,unconditional_same_eligible_months,monthly_pool,1966-01,,
extended_CPI_overlap,unconditional_same_eligible_months,monthly_pool,1966-02,,
extended_CPI_overlap,unconditional_same_eligible_months,monthly_pool,1966-03,,
extended_CPI_overlap,unconditional_same_eligible_months,monthly_pool,1966-04,,
extended_CPI_overlap,unconditional_same_eligible_months,monthly_pool,1966-05,,
extended_CPI_overlap,unconditional_same_eligible_months,monthly_pool,1966-06,,
extended_CPI_overlap,unconditional_same_eligible_months,monthly_pool,1966-07,,
extended_CPI_overlap,unconditional_same_eligible_months,monthly_pool,1966-08,,
extended_CPI_overlap,unconditional_same_eligible_months,monthly_pool,1966-09,,
extended_CPI_overlap,unconditional_same_eligible_months,monthly_pool,1966-10,,
extended_CPI_overlap,unconditional_same_eligible_months,monthly_pool,1966-11,,
extended_CPI_overlap,unconditional_same_eligible_months,monthly_pool,1966-12,,
extended_CPI_overlap,unconditional_same_eligible_months,monthly_pool,1967-01,,
extended_CPI_overlap,unconditional_same_eligible_months,monthly_pool,1967-02,,
extended_CPI_overlap,unconditional_same_eligible_months,monthly_pool,1967-03,,
extended_CPI_overlap,unconditional_same_eligible_months,monthly_pool,1967-04,,
extended_CPI_overlap,unconditional_same_eligible_months,monthly_pool,1967-05,,
extended_CPI_overlap,unconditional_same_eligible_months,monthly_pool,1967-06,,
extended_CPI_overlap,unconditional_same_eligible_months,monthly_pool,1967-07,,
extended_CPI_overlap,unconditional_same_eligible_months,monthly_pool,1967-08,,
extended_CPI_overlap,unconditional_same_eligible_months,monthly_pool,1967-09,,
extended_CPI_overlap,unconditional_same_eligible_months,monthly_pool,1967-10,,
extended_CPI_overlap,unconditional_same_eligible_months,monthly_pool,1967-11,,
extended_CPI_overlap,unconditional_same_eligible_months,monthly_pool,1967-12,,
extended_CPI_overlap,unconditional_same_eligible_months,monthly_pool,1968-01,,
extended_CPI_overlap,unconditional_same_eligible_months,monthly_pool,1968-02,,
extended_CPI_overlap,unconditional_same_eligible_months,monthly_pool,1968-03,,
extended_CPI_overlap,unconditional_same_eligible_months,monthly_pool,1968-04,,
extended_CPI_overlap,unconditional_same_eligible_months,monthly_pool,1968-05,,
extended_CPI_overlap,unconditional_same_eligible_months,monthly_pool,1968-06,,
extended_CPI_overlap,unconditional_same_eligible_months,monthly_pool,1968-07,,
extended_CPI_overlap,unconditional_same_eligible_months,monthly_pool,1968-08,,
extended_CPI_overlap,unconditional_same_eligible_months,monthly_pool,1968-09,,
extended_CPI_overlap,unconditional_same_eligible_months,monthly_pool,1968-10,,
extended_CPI_overlap,unconditional_same_eligible_months,monthly_pool,1968-11,,
extended_CPI_overlap,unconditional_same_eligible_months,monthly_pool,1968-12,,
extended_CPI_overlap,unconditional_same_eligible_months,monthly_pool,1969-01,,
extended_CPI_overlap,unconditional_same_eligible_months,monthly_pool,1969-02,,
extended_CPI_overlap,unconditional_same_eligible_months,monthly_pool,1969-03,,
extended_CPI_overlap,unconditional_same_eligible_months,monthly_pool,1969-04,,
extended_CPI_overlap,unconditional_same_eligible_months,monthly_pool,1969-05,,
extended_CPI_overlap,unconditional_same_eligible_months,monthly_pool,1969-06,,
extended_CPI_overlap,unconditional_same_eligible_months,monthly_pool,1969-07,,
extended_CPI_overlap,unconditional_same_eligible_months,monthly_pool,1969-08,,
extended_CPI_overlap,unconditional_same_eligible_months,monthly_pool,1969-09,,
extended_CPI_overlap,unconditional_same_eligible_months,monthly_pool,1969-10,,
extended_CPI_overlap,unconditional_same_eligible_months,monthly_pool,1969-11,,
extended_CPI_overlap,unconditional_same_eligible_months,monthly_pool,1969-12,,
extended_CPI_overlap,unconditional_same_eligible_months,monthly_pool,1970-01,,
extended_CPI_overlap,unconditional_same_eligible_months,monthly_pool,1970-02,,
extended_CPI_overlap,unconditional_same_eligible_months,monthly_pool,1970-03,,
extended_CPI_overlap,unconditional_same_eligible_months,monthly_pool,1970-04,,
extended_CPI_overlap,unconditional_same_eligible_months,monthly_pool,1970-05,,
extended_CPI_overlap,unconditional_same_eligible_months,monthly_pool,1970-06,,
extended_CPI_overlap,unconditional_same_eligible_months,monthly_pool,1970-07,,
extended_CPI_overlap,unconditional_same_eligible_months,monthly_pool,1970-08,,
extended_CPI_overlap,unconditional_same_eligible_months,monthly_pool,1970-09,,
extended_CPI_overlap,unconditional_same_eligible_months,monthly_pool,1970-10,,
extended_CPI_overlap,unconditional_same_eligible_months,monthly_pool,1970-11,,
extended_CPI_overlap,unconditional_same_eligible_months,monthly_pool,1970-12,,
extended_CPI_overlap,unconditional_same_eligible_months,monthly_pool,1971-01,,
extended_CPI_overlap,unconditional_same_eligible_months,monthly_pool,1971-02,,
extended_CPI_overlap,unconditional_same_eligible_months,monthly_pool,1971-03,,
extended_CPI_overlap,unconditional_same_eligible_months,monthly_pool,1971-04,,
extended_CPI_overlap,unconditional_same_eligible_months,monthly_pool,1971-05,,
extended_CPI_overlap,unconditional_same_eligible_months,monthly_pool,1971-06,,
extended_CPI_overlap,unconditional_same_eligible_months,monthly_pool,1971-07,,
extended_CPI_overlap,unconditional_same_eligible_months,monthly_pool,1971-08,,
extended_CPI_overlap,unconditional_same_eligible_months,monthly_pool,1971-09,,
extended_CPI_overlap,unconditional_same_eligible_months,monthly_pool,1971-10,,
extended_CPI_overlap,unconditional_same_eligible_months,monthly_pool,1971-11,,
extended_CPI_overlap,unconditional_same_eligible_months,monthly_pool,1971-12,,
extended_CPI_overlap,unconditional_same_eligible_months,monthly_pool,1972-01,,
extended_CPI_overlap,unconditional_same_eligible_months,monthly_pool,1972-02,,
extended_CPI_overlap,unconditional_same_eligible_months,monthly_pool,1972-03,,
extended_CPI_overlap,unconditional_same_eligible_months,monthly_pool,1972-04,,
extended_CPI_overlap,unconditional_same_eligible_months,monthly_pool,1972-05,,
extended_CPI_overlap,unconditional_same_eligible_months,monthly_pool,1972-06,,
extended_CPI_overlap,unconditional_same_eligible_months,monthly_pool,1972-07,,
extended_CPI_overlap,unconditional_same_eligible_months,monthly_pool,1972-08,,
extended_CPI_overlap,unconditional_same_eligible_months,monthly_pool,1972-09,,
extended_CPI_overlap,unconditional_same_eligible_months,monthly_pool,1972-10,,
extended_CPI_overlap,unconditional_same_eligible_months,monthly_pool,1972-11,,
extended_CPI_overlap,unconditional_same_eligible_months,monthly_pool,1972-12,,
extended_CPI_overlap,unconditional_same_eligible_months,monthly_pool,1973-01,,
extended_CPI_overlap,unconditional_same_eligible_months,monthly_pool,1973-02,,
extended_CPI_overlap,unconditional_same_eligible_months,monthly_pool,1973-03,,
extended_CPI_overlap,unconditional_same_eligible_months,monthly_pool,1973-04,,
extended_CPI_overlap,unconditional_same_eligible_months,monthly_pool,1973-05,,
extended_CPI_overlap,unconditional_same_eligible_months,monthly_pool,1973-06,,
extended_CPI_overlap,unconditional_same_eligible_months,monthly_pool,1973-07,,
extended_CPI_overlap,unconditional_same_eligible_months,monthly_pool,1973-08,,
extended_CPI_overlap,unconditional_same_eligible_months,monthly_pool,1973-09,,
extended_CPI_overlap,unconditional_same_eligible_months,monthly_pool,1973-10,,
extended_CPI_overlap,unconditional_same_eligible_months,monthly_pool,1973-11,,
extended_CPI_overlap,unconditional_same_eligible_months,monthly_pool,1973-12,,
extended_CPI_overlap,unconditional_same_eligible_months,monthly_pool,1974-01,,
extended_CPI_overlap,unconditional_same_eligible_months,monthly_pool,1974-02,,
extended_CPI_overlap,unconditional_same_eligible_months,monthly_pool,1974-03,,
extended_CPI_overlap,unconditional_same_eligible_months,monthly_pool,1974-04,,
extended_CPI_overlap,unconditional_same_eligible_months,monthly_pool,1974-05,,
extended_CPI_overlap,unconditional_same_eligible_months,monthly_pool,1974-06,,
extended_CPI_overlap,unconditional_same_eligible_months,monthly_pool,1974-07,,
extended_CPI_overlap,unconditional_same_eligible_months,monthly_pool,1974-08,,
extended_CPI_overlap,unconditional_same_eligible_months,monthly_pool,1974-09,,
extended_CPI_overlap,unconditional_same_eligible_months,monthly_pool,1974-10,,
extended_CPI_overlap,unconditional_same_eligible_months,monthly_pool,1974-11,,
extended_CPI_overlap,unconditional_same_eligible_months,monthly_pool,1974-12,,
extended_CPI_overlap,unconditional_same_eligible_months,monthly_pool,1975-01,,
extended_CPI_overlap,unconditional_same_eligible_months,monthly_pool,1975-02,,
extended_CPI_overlap,unconditional_same_eligible_months,monthly_pool,1975-03,,
extended_CPI_overlap,unconditional_same_eligible_months,monthly_pool,1975-04,,
extended_CPI_overlap,unconditional_same_eligible_months,monthly_pool,1975-05,,
extended_CPI_overlap,unconditional_same_eligible_months,monthly_pool,1975-06,,
extended_CPI_overlap,unconditional_same_eligible_months,monthly_pool,1975-07,,
extended_CPI_overlap,unconditional_same_eligible_months,monthly_pool,1975-08,,
extended_CPI_overlap,unconditional_same_eligible_months,monthly_pool,1975-09,,
extended_CPI_overlap,unconditional_same_eligible_months,monthly_pool,1975-10,,
extended_CPI_overlap,unconditional_same_eligible_months,monthly_pool,1975-11,,
extended_CPI_overlap,unconditional_same_eligible_months,monthly_pool,1975-12,,
extended_CPI_overlap,unconditional_same_eligible_months,monthly_pool,1976-01,,
extended_CPI_overlap,unconditional_same_eligible_months,monthly_pool,1976-02,,
extended_CPI_overlap,unconditional_same_eligible_months,monthly_pool,1976-03,,
extended_CPI_overlap,unconditional_same_eligible_months,monthly_pool,1976-04,,
extended_CPI_overlap,unconditional_same_eligible_months,monthly_pool,1976-05,,
extended_CPI_overlap,unconditional_same_eligible_months,monthly_pool,1976-06,,
extended_CPI_overlap,unconditional_same_eligible_months,monthly_pool,1976-07,,
extended_CPI_overlap,unconditional_same_eligible_months,monthly_pool,1976-08,,
extended_CPI_overlap,unconditional_same_eligible_months,monthly_pool,1976-09,,
extended_CPI_overlap,unconditional_same_eligible_months,monthly_pool,1976-10,,
extended_CPI_overlap,unconditional_same_eligible_months,monthly_pool,1976-11,,
extended_CPI_overlap,unconditional_same_eligible_months,monthly_pool,1976-12,,
extended_CPI_overlap,unconditional_same_eligible_months,monthly_pool,1977-01,,
extended_CPI_overlap,unconditional_same_eligible_months,monthly_pool,1977-02,,
extended_CPI_overlap,unconditional_same_eligible_months,monthly_pool,1977-03,,
extended_CPI_overlap,unconditional_same_eligible_months,monthly_pool,1977-04,,
extended_CPI_overlap,unconditional_same_eligible_months,monthly_pool,1977-05,,
extended_CPI_overlap,unconditional_same_eligible_months,monthly_pool,1977-06,,
extended_CPI_overlap,unconditional_same_eligible_months,monthly_pool,1977-07,,
extended_CPI_overlap,unconditional_same_eligible_months,monthly_pool,1977-08,,
extended_CPI_overlap,unconditional_same_eligible_months,monthly_pool,1977-09,,
extended_CPI_overlap,unconditional_same_eligible_months,monthly_pool,1977-10,,
extended_CPI_overlap,unconditional_same_eligible_months,monthly_pool,1977-11,,
extended_CPI_overlap,unconditional_same_eligible_months,monthly_pool,1977-12,,
extended_CPI_overlap,unconditional_same_eligible_months,monthly_pool,1978-01,,
extended_CPI_overlap,unconditional_same_eligible_months,monthly_pool,1978-02,,
extended_CPI_overlap,unconditional_same_eligible_months,monthly_pool,1978-03,,
extended_CPI_overlap,unconditional_same_eligible_months,monthly_pool,1978-04,,
extended_CPI_overlap,unconditional_same_eligible_months,monthly_pool,1978-05,,
extended_CPI_overlap,unconditional_same_eligible_months,monthly_pool,1978-06,,
extended_CPI_overlap,unconditional_same_eligible_months,monthly_pool,1978-07,,
extended_CPI_overlap,unconditional_same_eligible_months,monthly_pool,1978-08,,
extended_CPI_overlap,unconditional_same_eligible_months,monthly_pool,1978-09,,
extended_CPI_overlap,unconditional_same_eligible_months,monthly_pool,1978-10,,
extended_CPI_overlap,unconditional_same_eligible_months,monthly_pool,1978-11,,
extended_CPI_overlap,unconditional_same_eligible_months,monthly_pool,1978-12,,
extended_CPI_overlap,unconditional_same_eligible_months,monthly_pool,1979-01,,
extended_CPI_overlap,unconditional_same_eligible_months,monthly_pool,1979-02,,
extended_CPI_overlap,unconditional_same_eligible_months,monthly_pool,1979-03,,
extended_CPI_overlap,unconditional_same_eligible_months,monthly_pool,1979-04,,
extended_CPI_overlap,unconditional_same_eligible_months,monthly_pool,1979-05,,
extended_CPI_overlap,unconditional_same_eligible_months,monthly_pool,1979-06,,
extended_CPI_overlap,unconditional_same_eligible_months,monthly_pool,1979-07,,
extended_CPI_overlap,unconditional_same_eligible_months,monthly_pool,1979-08,,
extended_CPI_overlap,unconditional_same_eligible_months,monthly_pool,1979-09,,
extended_CPI_overlap,unconditional_same_eligible_months,monthly_pool,1979-10,,
extended_CPI_overlap,unconditional_same_eligible_months,monthly_pool,1979-11,,
extended_CPI_overlap,unconditional_same_eligible_months,monthly_pool,1979-12,,
extended_CPI_overlap,unconditional_same_eligible_months,monthly_pool,1980-01,,
extended_CPI_overlap,unconditional_same_eligible_months,monthly_pool,1980-02,,
extended_CPI_overlap,unconditional_same_eligible_months,monthly_pool,1980-03,,
extended_CPI_overlap,unconditional_same_eligible_months,monthly_pool,1980-04,,
extended_CPI_overlap,unconditional_same_eligible_months,monthly_pool,1980-05,,
extended_CPI_overlap,unconditional_same_eligible_months,monthly_pool,1980-06,,
extended_CPI_overlap,unconditional_same_eligible_months,monthly_pool,1980-07,,
extended_CPI_overlap,unconditional_same_eligible_months,monthly_pool,1980-08,,
extended_CPI_overlap,unconditional_same_eligible_months,monthly_pool,1980-09,,
extended_CPI_overlap,unconditional_same_eligible_months,monthly_pool,1980-10,,
extended_CPI_overlap,unconditional_same_eligible_months,monthly_pool,1980-11,,
extended_CPI_overlap,unconditional_same_eligible_months,monthly_pool,1980-12,,
extended_CPI_overlap,unconditional_same_eligible_months,monthly_pool,1981-01,,
extended_CPI_overlap,unconditional_same_eligible_months,monthly_pool,1981-02,,
extended_CPI_overlap,unconditional_same_eligible_months,monthly_pool,1981-03,,
extended_CPI_overlap,unconditional_same_eligible_months,monthly_pool,1981-04,,
extended_CPI_overlap,unconditional_same_eligible_months,monthly_pool,1981-05,,
extended_CPI_overlap,unconditional_same_eligible_months,monthly_pool,1981-06,,
extended_CPI_overlap,unconditional_same_eligible_months,monthly_pool,1981-07,,
extended_CPI_overlap,unconditional_same_eligible_months,monthly_pool,1981-08,,
extended_CPI_overlap,unconditional_same_eligible_months,monthly_pool,1981-09,,
extended_CPI_overlap,unconditional_same_eligible_months,monthly_pool,1981-10,,
extended_CPI_overlap,unconditional_same_eligible_months,monthly_pool,1981-11,,
extended_CPI_overlap,unconditional_same_eligible_months,monthly_pool,1981-12,,
extended_CPI_overlap,unconditional_same_eligible_months,monthly_pool,1982-01,,
extended_CPI_overlap,unconditional_same_eligible_months,monthly_pool,1982-02,,
extended_CPI_overlap,unconditional_same_eligible_months,monthly_pool,1982-03,,
extended_CPI_overlap,unconditional_same_eligible_months,monthly_pool,1982-04,,
extended_CPI_overlap,unconditional_same_eligible_months,monthly_pool,1982-05,,
extended_CPI_overlap,unconditional_same_eligible_months,monthly_pool,1982-06,,
extended_CPI_overlap,unconditional_same_eligible_months,monthly_pool,1982-07,,
extended_CPI_overlap,unconditional_same_eligible_months,monthly_pool,1982-08,,
extended_CPI_overlap,unconditional_same_eligible_months,monthly_pool,1982-09,,
extended_CPI_overlap,unconditional_same_eligible_months,monthly_pool,1982-10,,
extended_CPI_overlap,unconditional_same_eligible_months,monthly_pool,1982-11,,
extended_CPI_overlap,unconditional_same_eligible_months,monthly_pool,1982-12,,
extended_CPI_overlap,unconditional_same_eligible_months,monthly_pool,1983-01,,
extended_CPI_overlap,unconditional_same_eligible_months,monthly_pool,1983-02,,
extended_CPI_overlap,unconditional_same_eligible_months,monthly_pool,1983-03,,
extended_CPI_overlap,unconditional_same_eligible_months,monthly_pool,1983-04,,
extended_CPI_overlap,unconditional_same_eligible_months,monthly_pool,1983-05,,
extended_CPI_overlap,unconditional_same_eligible_months,monthly_pool,1983-06,,
extended_CPI_overlap,unconditional_same_eligible_months,monthly_pool,1983-07,,
extended_CPI_overlap,unconditional_same_eligible_months,monthly_pool,1983-08,,
extended_CPI_overlap,unconditional_same_eligible_months,monthly_pool,1983-09,,
extended_CPI_overlap,unconditional_same_eligible_months,monthly_pool,1983-10,,
extended_CPI_overlap,unconditional_same_eligible_months,monthly_pool,1983-11,,
extended_CPI_overlap,unconditional_same_eligible_months,monthly_pool,1983-12,,
extended_CPI_overlap,unconditional_same_eligible_months,monthly_pool,1984-01,,
extended_CPI_overlap,unconditional_same_eligible_months,monthly_pool,1984-02,,
extended_CPI_overlap,unconditional_same_eligible_months,monthly_pool,1984-03,,
extended_CPI_overlap,unconditional_same_eligible_months,monthly_pool,1984-04,,
extended_CPI_overlap,unconditional_same_eligible_months,monthly_pool,1984-05,,
extended_CPI_overlap,unconditional_same_eligible_months,monthly_pool,1984-06,,
extended_CPI_overlap,unconditional_same_eligible_months,monthly_pool,1984-07,,
extended_CPI_overlap,unconditional_same_eligible_months,monthly_pool,1984-08,,
extended_CPI_overlap,unconditional_same_eligible_months,monthly_pool,1984-09,,
extended_CPI_overlap,unconditional_same_eligible_months,monthly_pool,1984-10,,
extended_CPI_overlap,unconditional_same_eligible_months,monthly_pool,1984-11,,
extended_CPI_overlap,unconditional_same_eligible_months,monthly_pool,1984-12,,
extended_CPI_overlap,unconditional_same_eligible_months,monthly_pool,1985-01,,
extended_CPI_overlap,unconditional_same_eligible_months,monthly_pool,1985-02,,
extended_CPI_overlap,unconditional_same_eligible_months,monthly_pool,1985-03,,
extended_CPI_overlap,unconditional_same_eligible_months,monthly_pool,1985-04,,
extended_CPI_overlap,unconditional_same_eligible_months,monthly_pool,1985-05,,
extended_CPI_overlap,unconditional_same_eligible_months,monthly_pool,1985-06,,
extended_CPI_overlap,unconditional_same_eligible_months,monthly_pool,1985-07,,
extended_CPI_overlap,unconditional_same_eligible_months,monthly_pool,1985-08,,
extended_CPI_overlap,unconditional_same_eligible_months,monthly_pool,1985-09,,
extended_CPI_overlap,unconditional_same_eligible_months,monthly_pool,1985-10,,
extended_CPI_overlap,unconditional_same_eligible_months,monthly_pool,1985-11,,
extended_CPI_overlap,unconditional_same_eligible_months,monthly_pool,1985-12,,
extended_CPI_overlap,unconditional_same_eligible_months,monthly_pool,1986-01,,
extended_CPI_overlap,unconditional_same_eligible_months,monthly_pool,1986-02,,
extended_CPI_overlap,unconditional_same_eligible_months,monthly_pool,1986-03,,
extended_CPI_overlap,unconditional_same_eligible_months,monthly_pool,1986-04,,
extended_CPI_overlap,unconditional_same_eligible_months,monthly_pool,1986-05,,
extended_CPI_overlap,unconditional_same_eligible_months,monthly_pool,1986-06,,
extended_CPI_overlap,unconditional_same_eligible_months,monthly_pool,1986-07,,
extended_CPI_overlap,unconditional_same_eligible_months,monthly_pool,1986-08,,
extended_CPI_overlap,unconditional_same_eligible_months,monthly_pool,1986-09,,
extended_CPI_overlap,unconditional_same_eligible_months,monthly_pool,1986-10,,
extended_CPI_overlap,unconditional_same_eligible_months,monthly_pool,1986-11,,
extended_CPI_overlap,unconditional_same_eligible_months,monthly_pool,1986-12,,
extended_CPI_overlap,unconditional_same_eligible_months,monthly_pool,1987-01,,
extended_CPI_overlap,unconditional_same_eligible_months,monthly_pool,1987-02,,
extended_CPI_overlap,unconditional_same_eligible_months,monthly_pool,1987-03,,
extended_CPI_overlap,unconditional_same_eligible_months,monthly_pool,1987-04,,
extended_CPI_overlap,unconditional_same_eligible_months,monthly_pool,1987-05,,
extended_CPI_overlap,unconditional_same_eligible_months,monthly_pool,1987-06,,
extended_CPI_overlap,unconditional_same_eligible_months,monthly_pool,1987-07,,
extended_CPI_overlap,unconditional_same_eligible_months,monthly_pool,1987-08,,
extended_CPI_overlap,unconditional_same_eligible_months,monthly_pool,1987-09,,
extended_CPI_overlap,unconditional_same_eligible_months,monthly_pool,1987-10,,
extended_CPI_overlap,unconditional_same_eligible_months,monthly_pool,1987-11,,
extended_CPI_overlap,unconditional_same_eligible_months,monthly_pool,1987-12,,
extended_CPI_overlap,unconditional_same_eligible_months,monthly_pool,1988-01,,
extended_CPI_overlap,unconditional_same_eligible_months,monthly_pool,1988-02,,
extended_CPI_overlap,unconditional_same_eligible_months,monthly_pool,1988-03,,
extended_CPI_overlap,unconditional_same_eligible_months,monthly_pool,1988-04,,
extended_CPI_overlap,unconditional_same_eligible_months,monthly_pool,1988-05,,
extended_CPI_overlap,unconditional_same_eligible_months,monthly_pool,1988-06,,
extended_CPI_overlap,unconditional_same_eligible_months,monthly_pool,1988-07,,
extended_CPI_overlap,unconditional_same_eligible_months,monthly_pool,1988-08,,
extended_CPI_overlap,unconditional_same_eligible_months,monthly_pool,1988-09,,
extended_CPI_overlap,unconditional_same_eligible_months,monthly_pool,1988-10,,
extended_CPI_overlap,unconditional_same_eligible_months,monthly_pool,1988-11,,
extended_CPI_overlap,unconditional_same_eligible_months,monthly_pool,1988-12,,
extended_CPI_overlap,unconditional_same_eligible_months,monthly_pool,1989-01,,
extended_CPI_overlap,unconditional_same_eligible_months,monthly_pool,1989-02,,
extended_CPI_overlap,unconditional_same_eligible_months,monthly_pool,1989-03,,
extended_CPI_overlap,unconditional_same_eligible_months,monthly_pool,1989-04,,
extended_CPI_overlap,unconditional_same_eligible_months,monthly_pool,1989-05,,
extended_CPI_overlap,unconditional_same_eligible_months,monthly_pool,1989-06,,
extended_CPI_overlap,unconditional_same_eligible_months,monthly_pool,1989-07,,
extended_CPI_overlap,unconditional_same_eligible_months,monthly_pool,1989-08,,
extended_CPI_overlap,unconditional_same_eligible_months,monthly_pool,1989-09,,
extended_CPI_overlap,unconditional_same_eligible_months,monthly_pool,1989-10,,
extended_CPI_overlap,unconditional_same_eligible_months,monthly_pool,1989-11,,
extended_CPI_overlap,unconditional_same_eligible_months,monthly_pool,1989-12,,
extended_CPI_overlap,unconditional_same_eligible_months,monthly_pool,1990-01,,
extended_CPI_overlap,unconditional_same_eligible_months,monthly_pool,1990-02,,
extended_CPI_overlap,unconditional_same_eligible_months,monthly_pool,1990-03,,
extended_CPI_overlap,unconditional_same_eligible_months,monthly_pool,1990-04,,
extended_CPI_overlap,unconditional_same_eligible_months,monthly_pool,1990-05,,
extended_CPI_overlap,unconditional_same_eligible_months,monthly_pool,1990-06,,
extended_CPI_overlap,unconditional_same_eligible_months,monthly_pool,1990-07,,
extended_CPI_overlap,unconditional_same_eligible_months,monthly_pool,1990-08,,
extended_CPI_overlap,unconditional_same_eligible_months,monthly_pool,1990-09,,
extended_CPI_overlap,unconditional_same_eligible_months,monthly_pool,1990-10,,
extended_CPI_overlap,unconditional_same_eligible_months,monthly_pool,1990-11,,
extended_CPI_overlap,unconditional_same_eligible_months,monthly_pool,1990-12,,
extended_CPI_overlap,unconditional_same_eligible_months,monthly_pool,1991-01,,
extended_CPI_overlap,unconditional_same_eligible_months,monthly_pool,1991-02,,
extended_CPI_overlap,unconditional_same_eligible_months,monthly_pool,1991-03,,
extended_CPI_overlap,unconditional_same_eligible_months,monthly_pool,1991-04,,
extended_CPI_overlap,unconditional_same_eligible_months,monthly_pool,1991-05,,
extended_CPI_overlap,unconditional_same_eligible_months,monthly_pool,1991-06,,
extended_CPI_overlap,unconditional_same_eligible_months,monthly_pool,1991-07,,
extended_CPI_overlap,unconditional_same_eligible_months,monthly_pool,1991-08,,
extended_CPI_overlap,unconditional_same_eligible_months,monthly_pool,1991-09,,
extended_CPI_overlap,unconditional_same_eligible_months,monthly_pool,1991-10,,
extended_CPI_overlap,unconditional_same_eligible_months,monthly_pool,1991-11,,
extended_CPI_overlap,unconditional_same_eligible_months,monthly_pool,1991-12,,
extended_CPI_overlap,unconditional_same_eligible_months,monthly_pool,1992-01,,
extended_CPI_overlap,unconditional_same_eligible_months,monthly_pool,1992-02,,
extended_CPI_overlap,unconditional_same_eligible_months,monthly_pool,1992-03,,
extended_CPI_overlap,unconditional_same_eligible_months,monthly_pool,1992-04,,
extended_CPI_overlap,unconditional_same_eligible_months,monthly_pool,1992-05,,
extended_CPI_overlap,unconditional_same_eligible_months,monthly_pool,1992-06,,
extended_CPI_overlap,unconditional_same_eligible_months,monthly_pool,1992-07,,
extended_CPI_overlap,unconditional_same_eligible_months,monthly_pool,1992-08,,
extended_CPI_overlap,unconditional_same_eligible_months,monthly_pool,1992-09,,
extended_CPI_overlap,unconditional_same_eligible_months,monthly_pool,1992-10,,
extended_CPI_overlap,unconditional_same_eligible_months,monthly_pool,1992-11,,
extended_CPI_overlap,unconditional_same_eligible_months,monthly_pool,1992-12,,
extended_CPI_overlap,unconditional_same_eligible_months,monthly_pool,1993-01,,
extended_CPI_overlap,unconditional_same_eligible_months,monthly_pool,1993-02,,
extended_CPI_overlap,unconditional_same_eligible_months,monthly_pool,1993-03,,
extended_CPI_overlap,unconditional_same_eligible_months,monthly_pool,1993-04,,
extended_CPI_overlap,unconditional_same_eligible_months,monthly_pool,1993-05,,
extended_CPI_overlap,unconditional_same_eligible_months,monthly_pool,1993-06,,
extended_CPI_overlap,unconditional_same_eligible_months,monthly_pool,1993-07,,
extended_CPI_overlap,unconditional_same_eligible_months,monthly_pool,1993-08,,
extended_CPI_overlap,unconditional_same_eligible_months,monthly_pool,1993-09,,
extended_CPI_overlap,unconditional_same_eligible_months,monthly_pool,1993-10,,
extended_CPI_overlap,unconditional_same_eligible_months,monthly_pool,1993-11,,
extended_CPI_overlap,unconditional_same_eligible_months,monthly_pool,1993-12,,
extended_CPI_overlap,unconditional_same_eligible_months,monthly_pool,1994-01,,
extended_CPI_overlap,unconditional_same_eligible_months,monthly_pool,1994-02,,
extended_CPI_overlap,unconditional_same_eligible_months,monthly_pool,1994-03,,
extended_CPI_overlap,unconditional_same_eligible_months,monthly_pool,1994-04,,
extended_CPI_overlap,unconditional_same_eligible_months,monthly_pool,1994-05,,
extended_CPI_overlap,unconditional_same_eligible_months,monthly_pool,1994-06,,
extended_CPI_overlap,unconditional_same_eligible_months,monthly_pool,1994-07,,
extended_CPI_overlap,unconditional_same_eligible_months,monthly_pool,1994-08,,
extended_CPI_overlap,unconditional_same_eligible_months,monthly_pool,1994-09,,
extended_CPI_overlap,unconditional_same_eligible_months,monthly_pool,1994-10,,
extended_CPI_overlap,unconditional_same_eligible_months,monthly_pool,1994-11,,
extended_CPI_overlap,unconditional_same_eligible_months,monthly_pool,1994-12,,
extended_CPI_overlap,unconditional_same_eligible_months,monthly_pool,1995-01,,
extended_CPI_overlap,unconditional_same_eligible_months,monthly_pool,1995-02,,
extended_CPI_overlap,unconditional_same_eligible_months,monthly_pool,1995-03,,
extended_CPI_overlap,unconditional_same_eligible_months,monthly_pool,1995-04,,
extended_CPI_overlap,unconditional_same_eligible_months,monthly_pool,1995-05,,
extended_CPI_overlap,unconditional_same_eligible_months,monthly_pool,1995-06,,
extended_CPI_overlap,unconditional_same_eligible_months,monthly_pool,1995-07,,
extended_CPI_overlap,unconditional_same_eligible_months,monthly_pool,1995-08,,
extended_CPI_overlap,unconditional_same_eligible_months,monthly_pool,1995-09,,
extended_CPI_overlap,unconditional_same_eligible_months,monthly_pool,1995-10,,
extended_CPI_overlap,unconditional_same_eligible_months,monthly_pool,1995-11,,
extended_CPI_overlap,unconditional_same_eligible_months,monthly_pool,1995-12,,
extended_CPI_overlap,unconditional_same_eligible_months,monthly_pool,1996-01,,
extended_CPI_overlap,unconditional_same_eligible_months,monthly_pool,1996-02,,
extended_CPI_overlap,unconditional_same_eligible_months,monthly_pool,1996-03,,
extended_CPI_overlap,unconditional_same_eligible_months,monthly_pool,1996-04,,
extended_CPI_overlap,unconditional_same_eligible_months,monthly_pool,1996-05,,
extended_CPI_overlap,unconditional_same_eligible_months,monthly_pool,1996-06,,
extended_CPI_overlap,unconditional_same_eligible_months,monthly_pool,1996-07,,
extended_CPI_overlap,unconditional_same_eligible_months,monthly_pool,1996-08,,
extended_CPI_overlap,unconditional_same_eligible_months,monthly_pool,1996-09,,
extended_CPI_overlap,unconditional_same_eligible_months,monthly_pool,1996-10,,
extended_CPI_overlap,unconditional_same_eligible_months,monthly_pool,1996-11,,
extended_CPI_overlap,unconditional_same_eligible_months,monthly_pool,1996-12,,
extended_CPI_overlap,unconditional_same_eligible_months,monthly_pool,1997-01,,
extended_CPI_overlap,unconditional_same_eligible_months,monthly_pool,1997-02,,
extended_CPI_overlap,unconditional_same_eligible_months,monthly_pool,1997-03,,
extended_CPI_overlap,unconditional_same_eligible_months,monthly_pool,1997-04,,
extended_CPI_overlap,unconditional_same_eligible_months,monthly_pool,1997-05,,
extended_CPI_overlap,unconditional_same_eligible_months,monthly_pool,1997-06,,
extended_CPI_overlap,unconditional_same_eligible_months,monthly_pool,1997-07,,
extended_CPI_overlap,unconditional_same_eligible_months,monthly_pool,1997-08,,
extended_CPI_overlap,unconditional_same_eligible_months,monthly_pool,1997-09,,
extended_CPI_overlap,unconditional_same_eligible_months,monthly_pool,1997-10,,
extended_CPI_overlap,unconditional_same_eligible_months,monthly_pool,1997-11,,
extended_CPI_overlap,unconditional_same_eligible_months,monthly_pool,1997-12,,
extended_CPI_overlap,unconditional_same_eligible_months,monthly_pool,1998-01,,
extended_CPI_overlap,unconditional_same_eligible_months,monthly_pool,1998-02,,
extended_CPI_overlap,unconditional_same_eligible_months,monthly_pool,1998-03,,
extended_CPI_overlap,unconditional_same_eligible_months,monthly_pool,1998-04,,
extended_CPI_overlap,unconditional_same_eligible_months,monthly_pool,1998-05,,
extended_CPI_overlap,unconditional_same_eligible_months,monthly_pool,1998-06,,
extended_CPI_overlap,unconditional_same_eligible_months,monthly_pool,1998-07,,
extended_CPI_overlap,unconditional_same_eligible_months,monthly_pool,1998-08,,
extended_CPI_overlap,unconditional_same_eligible_months,monthly_pool,1998-09,,
extended_CPI_overlap,unconditional_same_eligible_months,monthly_pool,1998-10,,
extended_CPI_overlap,unconditional_same_eligible_months,monthly_pool,1998-11,,
extended_CPI_overlap,unconditional_same_eligible_months,monthly_pool,1998-12,,
extended_CPI_overlap,unconditional_same_eligible_months,monthly_pool,1999-01,,
extended_CPI_overlap,unconditional_same_eligible_months,monthly_pool,1999-02,,
extended_CPI_overlap,unconditional_same_eligible_months,monthly_pool,1999-03,,
extended_CPI_overlap,unconditional_same_eligible_months,monthly_pool,1999-04,,
extended_CPI_overlap,unconditional_same_eligible_months,monthly_pool,1999-05,,
extended_CPI_overlap,unconditional_same_eligible_months,monthly_pool,1999-06,,
extended_CPI_overlap,unconditional_same_eligible_months,monthly_pool,1999-07,,
extended_CPI_overlap,unconditional_same_eligible_months,monthly_pool,1999-08,,
extended_CPI_overlap,unconditional_same_eligible_months,monthly_pool,1999-09,,
extended_CPI_overlap,unconditional_same_eligible_months,monthly_pool,1999-10,,
extended_CPI_overlap,unconditional_same_eligible_months,monthly_pool,1999-11,,
extended_CPI_overlap,unconditional_same_eligible_months,monthly_pool,1999-12,,
extended_CPI_overlap,unconditional_same_eligible_months,monthly_pool,2000-01,,
extended_CPI_overlap,unconditional_same_eligible_months,monthly_pool,2000-02,,
extended_CPI_overlap,unconditional_same_eligible_months,monthly_pool,2000-03,,
extended_CPI_overlap,unconditional_same_eligible_months,monthly_pool,2000-04,,
extended_CPI_overlap,unconditional_same_eligible_months,monthly_pool,2000-05,,
extended_CPI_overlap,unconditional_same_eligible_months,monthly_pool,2000-06,,
extended_CPI_overlap,unconditional_same_eligible_months,monthly_pool,2000-07,,
extended_CPI_overlap,unconditional_same_eligible_months,monthly_pool,2000-08,,
extended_CPI_overlap,unconditional_same_eligible_months,monthly_pool,2000-09,,
extended_CPI_overlap,unconditional_same_eligible_months,monthly_pool,2000-10,,
extended_CPI_overlap,unconditional_same_eligible_months,monthly_pool,2000-11,,
extended_CPI_overlap,unconditional_same_eligible_months,monthly_pool,2000-12,,
extended_CPI_overlap,unconditional_same_eligible_months,monthly_pool,2001-01,,
extended_CPI_overlap,unconditional_same_eligible_months,monthly_pool,2001-02,,
extended_CPI_overlap,unconditional_same_eligible_months,monthly_pool,2001-03,,
extended_CPI_overlap,unconditional_same_eligible_months,monthly_pool,2001-04,,
extended_CPI_overlap,unconditional_same_eligible_months,monthly_pool,2001-05,,
extended_CPI_overlap,unconditional_same_eligible_months,monthly_pool,2001-06,,
extended_CPI_overlap,unconditional_same_eligible_months,monthly_pool,2001-07,,
extended_CPI_overlap,unconditional_same_eligible_months,monthly_pool,2001-08,,
extended_CPI_overlap,unconditional_same_eligible_months,monthly_pool,2001-09,,
extended_CPI_overlap,unconditional_same_eligible_months,monthly_pool,2001-10,,
extended_CPI_overlap,unconditional_same_eligible_months,monthly_pool,2001-11,,
extended_CPI_overlap,unconditional_same_eligible_months,monthly_pool,2001-12,,
extended_CPI_overlap,unconditional_same_eligible_months,monthly_pool,2002-01,,
extended_CPI_overlap,unconditional_same_eligible_months,monthly_pool,2002-02,,
extended_CPI_overlap,unconditional_same_eligible_months,monthly_pool,2002-03,,
extended_CPI_overlap,unconditional_same_eligible_months,monthly_pool,2002-04,,
extended_CPI_overlap,unconditional_same_eligible_months,monthly_pool,2002-05,,
extended_CPI_overlap,unconditional_same_eligible_months,monthly_pool,2002-06,,
extended_CPI_overlap,unconditional_same_eligible_months,monthly_pool,2002-07,,
extended_CPI_overlap,unconditional_same_eligible_months,monthly_pool,2002-08,,
extended_CPI_overlap,unconditional_same_eligible_months,monthly_pool,2002-09,,
extended_CPI_overlap,unconditional_same_eligible_months,monthly_pool,2002-10,,
extended_CPI_overlap,unconditional_same_eligible_months,monthly_pool,2002-11,,
extended_CPI_overlap,unconditional_same_eligible_months,monthly_pool,2002-12,,
extended_CPI_overlap,unconditional_same_eligible_months,monthly_pool,2003-01,,
extended_CPI_overlap,unconditional_same_eligible_months,monthly_pool,2003-02,,
extended_CPI_overlap,unconditional_same_eligible_months,monthly_pool,2003-03,,
extended_CPI_overlap,unconditional_same_eligible_months,monthly_pool,2003-04,,
extended_CPI_overlap,unconditional_same_eligible_months,monthly_pool,2003-05,,
extended_CPI_overlap,unconditional_same_eligible_months,monthly_pool,2003-06,,
extended_CPI_overlap,unconditional_same_eligible_months,monthly_pool,2003-07,,
extended_CPI_overlap,unconditional_same_eligible_months,monthly_pool,2003-08,,
extended_CPI_overlap,unconditional_same_eligible_months,monthly_pool,2003-09,,
extended_CPI_overlap,unconditional_same_eligible_months,monthly_pool,2003-10,,
extended_CPI_overlap,unconditional_same_eligible_months,monthly_pool,2003-11,,
extended_CPI_overlap,unconditional_same_eligible_months,monthly_pool,2003-12,,
extended_CPI_overlap,unconditional_same_eligible_months,monthly_pool,2004-01,,
extended_CPI_overlap,unconditional_same_eligible_months,monthly_pool,2004-02,,
extended_CPI_overlap,unconditional_same_eligible_months,monthly_pool,2004-03,,
extended_CPI_overlap,unconditional_same_eligible_months,monthly_pool,2004-04,,
extended_CPI_overlap,unconditional_same_eligible_months,monthly_pool,2004-05,,
extended_CPI_overlap,unconditional_same_eligible_months,monthly_pool,2004-06,,
extended_CPI_overlap,unconditional_same_eligible_months,monthly_pool,2004-07,,
extended_CPI_overlap,unconditional_same_eligible_months,monthly_pool,2004-08,,
extended_CPI_overlap,unconditional_same_eligible_months,monthly_pool,2004-09,,
extended_CPI_overlap,unconditional_same_eligible_months,monthly_pool,2004-10,,
extended_CPI_overlap,unconditional_same_eligible_months,monthly_pool,2004-11,,
extended_CPI_overlap,unconditional_same_eligible_months,monthly_pool,2004-12,,
extended_CPI_overlap,unconditional_same_eligible_months,monthly_pool,2005-01,,
extended_CPI_overlap,unconditional_same_eligible_months,monthly_pool,2005-02,,
extended_CPI_overlap,unconditional_same_eligible_months,monthly_pool,2005-03,,
extended_CPI_overlap,unconditional_same_eligible_months,monthly_pool,2005-04,,
extended_CPI_overlap,unconditional_same_eligible_months,monthly_pool,2005-05,,
extended_CPI_overlap,unconditional_same_eligible_months,monthly_pool,2005-06,,
extended_CPI_overlap,unconditional_same_eligible_months,monthly_pool,2005-07,,
extended_CPI_overlap,unconditional_same_eligible_months,monthly_pool,2005-08,,
extended_CPI_overlap,unconditional_same_eligible_months,monthly_pool,2005-09,,
extended_CPI_overlap,unconditional_same_eligible_months,monthly_pool,2005-10,,
extended_CPI_overlap,unconditional_same_eligible_months,monthly_pool,2005-11,,
extended_CPI_overlap,unconditional_same_eligible_months,monthly_pool,2005-12,,
extended_CPI_overlap,unconditional_same_eligible_months,monthly_pool,2006-01,,
extended_CPI_overlap,unconditional_same_eligible_months,monthly_pool,2006-02,,
extended_CPI_overlap,unconditional_same_eligible_months,monthly_pool,2006-03,,
extended_CPI_overlap,unconditional_same_eligible_months,monthly_pool,2006-04,,
extended_CPI_overlap,unconditional_same_eligible_months,monthly_pool,2006-05,,
extended_CPI_overlap,unconditional_same_eligible_months,monthly_pool,2006-06,,
extended_CPI_overlap,unconditional_same_eligible_months,monthly_pool,2006-07,,
extended_CPI_overlap,unconditional_same_eligible_months,monthly_pool,2006-08,,
extended_CPI_overlap,unconditional_same_eligible_months,monthly_pool,2006-09,,
extended_CPI_overlap,unconditional_same_eligible_months,monthly_pool,2006-10,,
extended_CPI_overlap,unconditional_same_eligible_months,monthly_pool,2006-11,,
extended_CPI_overlap,unconditional_same_eligible_months,monthly_pool,2006-12,,
extended_CPI_overlap,unconditional_same_eligible_months,monthly_pool,2007-01,,
extended_CPI_overlap,unconditional_same_eligible_months,monthly_pool,2007-02,,
extended_CPI_overlap,unconditional_same_eligible_months,monthly_pool,2007-03,,
extended_CPI_overlap,unconditional_same_eligible_months,monthly_pool,2007-04,,
extended_CPI_overlap,unconditional_same_eligible_months,monthly_pool,2007-05,,
extended_CPI_overlap,unconditional_same_eligible_months,monthly_pool,2007-06,,
extended_CPI_overlap,unconditional_same_eligible_months,monthly_pool,2007-07,,
extended_CPI_overlap,unconditional_same_eligible_months,monthly_pool,2007-08,,
extended_CPI_overlap,unconditional_same_eligible_months,monthly_pool,2007-09,,
extended_CPI_overlap,unconditional_same_eligible_months,monthly_pool,2007-10,,
extended_CPI_overlap,unconditional_same_eligible_months,monthly_pool,2007-11,,
extended_CPI_overlap,unconditional_same_eligible_months,monthly_pool,2007-12,,
extended_CPI_overlap,unconditional_same_eligible_months,monthly_pool,2008-01,,
extended_CPI_overlap,unconditional_same_eligible_months,monthly_pool,2008-02,,
extended_CPI_overlap,unconditional_same_eligible_months,monthly_pool,2008-03,,
extended_CPI_overlap,unconditional_same_eligible_months,monthly_pool,2008-04,,
extended_CPI_overlap,unconditional_same_eligible_months,monthly_pool,2008-05,,
extended_CPI_overlap,unconditional_same_eligible_months,monthly_pool,2008-06,,
extended_CPI_overlap,unconditional_same_eligible_months,monthly_pool,2008-07,,
extended_CPI_overlap,unconditional_same_eligible_months,monthly_pool,2008-08,,
extended_CPI_overlap,unconditional_same_eligible_months,monthly_pool,2008-09,,
extended_CPI_overlap,unconditional_same_eligible_months,monthly_pool,2008-10,,
extended_CPI_overlap,unconditional_same_eligible_months,monthly_pool,2008-11,,
extended_CPI_overlap,unconditional_same_eligible_months,monthly_pool,2008-12,,
extended_CPI_overlap,unconditional_same_eligible_months,monthly_pool,2009-01,,
extended_CPI_overlap,unconditional_same_eligible_months,monthly_pool,2009-02,,
extended_CPI_overlap,unconditional_same_eligible_months,monthly_pool,2009-03,,
extended_CPI_overlap,unconditional_same_eligible_months,monthly_pool,2009-04,,
extended_CPI_overlap,unconditional_same_eligible_months,monthly_pool,2009-05,,
extended_CPI_overlap,unconditional_same_eligible_months,monthly_pool,2009-06,,
extended_CPI_overlap,unconditional_same_eligible_months,monthly_pool,2009-07,,
extended_CPI_overlap,unconditional_same_eligible_months,monthly_pool,2009-08,,
extended_CPI_overlap,unconditional_same_eligible_months,monthly_pool,2009-09,,
extended_CPI_overlap,unconditional_same_eligible_months,monthly_pool,2009-10,,
extended_CPI_overlap,unconditional_same_eligible_months,monthly_pool,2009-11,,
extended_CPI_overlap,unconditional_same_eligible_months,monthly_pool,2009-12,,
extended_CPI_overlap,unconditional_same_eligible_months,monthly_pool,2010-01,,
extended_CPI_overlap,unconditional_same_eligible_months,monthly_pool,2010-02,,
extended_CPI_overlap,unconditional_same_eligible_months,monthly_pool,2010-03,,
extended_CPI_overlap,unconditional_same_eligible_months,monthly_pool,2010-04,,
extended_CPI_overlap,unconditional_same_eligible_months,monthly_pool,2010-05,,
extended_CPI_overlap,unconditional_same_eligible_months,monthly_pool,2010-06,,
extended_CPI_overlap,unconditional_same_eligible_months,monthly_pool,2010-07,,
extended_CPI_overlap,unconditional_same_eligible_months,monthly_pool,2010-08,,
extended_CPI_overlap,unconditional_same_eligible_months,monthly_pool,2010-09,,
extended_CPI_overlap,unconditional_same_eligible_months,monthly_pool,2010-10,,
extended_CPI_overlap,unconditional_same_eligible_months,monthly_pool,2010-11,,
extended_CPI_overlap,unconditional_same_eligible_months,monthly_pool,2010-12,,
extended_CPI_overlap,unconditional_same_eligible_months,monthly_pool,2011-01,,
extended_CPI_overlap,unconditional_same_eligible_months,monthly_pool,2011-02,,
extended_CPI_overlap,unconditional_same_eligible_months,monthly_pool,2011-03,,
extended_CPI_overlap,unconditional_same_eligible_months,monthly_pool,2011-04,,
extended_CPI_overlap,unconditional_same_eligible_months,monthly_pool,2011-05,,
extended_CPI_overlap,unconditional_same_eligible_months,monthly_pool,2011-06,,
extended_CPI_overlap,unconditional_same_eligible_months,monthly_pool,2011-07,,
extended_CPI_overlap,unconditional_same_eligible_months,monthly_pool,2011-08,,
extended_CPI_overlap,unconditional_same_eligible_months,monthly_pool,2011-09,,
extended_CPI_overlap,unconditional_same_eligible_months,monthly_pool,2011-10,,
extended_CPI_overlap,unconditional_same_eligible_months,monthly_pool,2011-11,,
extended_CPI_overlap,unconditional_same_eligible_months,monthly_pool,2011-12,,
extended_CPI_overlap,unconditional_same_eligible_months,monthly_pool,2012-01,,
extended_CPI_overlap,unconditional_same_eligible_months,monthly_pool,2012-02,,
extended_CPI_overlap,unconditional_same_eligible_months,monthly_pool,2012-03,,
extended_CPI_overlap,unconditional_same_eligible_months,monthly_pool,2012-04,,
extended_CPI_overlap,unconditional_same_eligible_months,monthly_pool,2012-05,,
extended_CPI_overlap,unconditional_same_eligible_months,monthly_pool,2012-06,,
extended_CPI_overlap,unconditional_same_eligible_months,monthly_pool,2012-07,,
extended_CPI_overlap,unconditional_same_eligible_months,monthly_pool,2012-08,,
extended_CPI_overlap,unconditional_same_eligible_months,monthly_pool,2012-09,,
extended_CPI_overlap,unconditional_same_eligible_months,monthly_pool,2012-10,,
extended_CPI_overlap,unconditional_same_eligible_months,monthly_pool,2012-11,,
extended_CPI_overlap,unconditional_same_eligible_months,monthly_pool,2012-12,,
extended_CPI_overlap,unconditional_same_eligible_months,monthly_pool,2013-01,,
extended_CPI_overlap,unconditional_same_eligible_months,monthly_pool,2013-02,,
extended_CPI_overlap,unconditional_same_eligible_months,monthly_pool,2013-03,,
extended_CPI_overlap,unconditional_same_eligible_months,monthly_pool,2013-04,,
extended_CPI_overlap,unconditional_same_eligible_months,monthly_pool,2013-05,,
extended_CPI_overlap,unconditional_same_eligible_months,monthly_pool,2013-06,,
extended_CPI_overlap,unconditional_same_eligible_months,monthly_pool,2013-07,,
extended_CPI_overlap,unconditional_same_eligible_months,monthly_pool,2013-08,,
extended_CPI_overlap,unconditional_same_eligible_months,monthly_pool,2013-09,,
extended_CPI_overlap,unconditional_same_eligible_months,monthly_pool,2013-10,,
extended_CPI_overlap,unconditional_same_eligible_months,monthly_pool,2013-11,,
extended_CPI_overlap,unconditional_same_eligible_months,monthly_pool,2013-12,,
extended_CPI_overlap,unconditional_same_eligible_months,monthly_pool,2014-01,,
extended_CPI_overlap,unconditional_same_eligible_months,monthly_pool,2014-02,,
extended_CPI_overlap,unconditional_same_eligible_months,monthly_pool,2014-03,,
extended_CPI_overlap,unconditional_same_eligible_months,monthly_pool,2014-04,,
extended_CPI_overlap,unconditional_same_eligible_months,monthly_pool,2014-05,,
extended_CPI_overlap,unconditional_same_eligible_months,monthly_pool,2014-06,,
extended_CPI_overlap,unconditional_same_eligible_months,monthly_pool,2014-07,,
extended_CPI_overlap,unconditional_same_eligible_months,monthly_pool,2014-08,,
extended_CPI_overlap,unconditional_same_eligible_months,monthly_pool,2014-09,,
extended_CPI_overlap,unconditional_same_eligible_months,monthly_pool,2014-10,,
extended_CPI_overlap,unconditional_same_eligible_months,monthly_pool,2014-11,,
extended_CPI_overlap,unconditional_same_eligible_months,monthly_pool,2014-12,,
extended_CPI_overlap,unconditional_same_eligible_months,monthly_pool,2015-01,,
extended_CPI_overlap,unconditional_same_eligible_months,monthly_pool,2015-02,,
extended_CPI_overlap,unconditional_same_eligible_months,monthly_pool,2015-03,,
extended_CPI_overlap,unconditional_same_eligible_months,monthly_pool,2015-04,,
extended_CPI_overlap,unconditional_same_eligible_months,monthly_pool,2015-05,,
extended_CPI_overlap,unconditional_same_eligible_months,monthly_pool,2015-06,,
extended_CPI_overlap,unconditional_same_eligible_months,monthly_pool,2015-07,,
extended_CPI_overlap,unconditional_same_eligible_months,monthly_pool,2015-08,,
extended_CPI_overlap,unconditional_same_eligible_months,monthly_pool,2015-09,,
extended_CPI_overlap,unconditional_same_eligible_months,monthly_pool,2015-10,,
extended_CPI_overlap,unconditional_same_eligible_months,monthly_pool,2015-11,,
extended_CPI_overlap,unconditional_same_eligible_months,monthly_pool,2015-12,,
extended_CPI_overlap,unconditional_same_eligible_months,monthly_pool,2016-01,,
extended_CPI_overlap,unconditional_same_eligible_months,monthly_pool,2016-02,,
extended_CPI_overlap,unconditional_same_eligible_months,monthly_pool,2016-03,,
extended_CPI_overlap,unconditional_same_eligible_months,monthly_pool,2016-04,,
extended_CPI_overlap,unconditional_same_eligible_months,monthly_pool,2016-05,,
extended_CPI_overlap,unconditional_same_eligible_months,monthly_pool,2016-06,,
extended_CPI_overlap,unconditional_same_eligible_months,monthly_pool,2016-07,,
extended_CPI_overlap,unconditional_same_eligible_months,monthly_pool,2016-08,,
extended_CPI_overlap,unconditional_same_eligible_months,monthly_pool,2016-09,,
extended_CPI_overlap,unconditional_same_eligible_months,monthly_pool,2016-10,,
extended_CPI_overlap,unconditional_same_eligible_months,monthly_pool,2016-11,,
extended_CPI_overlap,unconditional_same_eligible_months,monthly_pool,2016-12,,
extended_CPI_overlap,unconditional_same_eligible_months,monthly_pool,2017-01,,
extended_CPI_overlap,unconditional_same_eligible_months,monthly_pool,2017-02,,
extended_CPI_overlap,unconditional_same_eligible_months,monthly_pool,2017-03,,
extended_CPI_overlap,unconditional_same_eligible_months,monthly_pool,2017-04,,
extended_CPI_overlap,unconditional_same_eligible_months,monthly_pool,2017-05,,
extended_CPI_overlap,unconditional_same_eligible_months,monthly_pool,2017-06,,
extended_CPI_overlap,unconditional_same_eligible_months,monthly_pool,2017-07,,
extended_CPI_overlap,unconditional_same_eligible_months,monthly_pool,2017-08,,
extended_CPI_overlap,unconditional_same_eligible_months,monthly_pool,2017-09,,
extended_CPI_overlap,unconditional_same_eligible_months,monthly_pool,2017-10,,
extended_CPI_overlap,unconditional_same_eligible_months,monthly_pool,2017-11,,
extended_CPI_overlap,unconditional_same_eligible_months,monthly_pool,2017-12,,
extended_CPI_overlap,unconditional_same_eligible_months,monthly_pool,2018-01,,
extended_CPI_overlap,unconditional_same_eligible_months,monthly_pool,2018-02,,
extended_CPI_overlap,unconditional_same_eligible_months,monthly_pool,2018-03,,
extended_CPI_overlap,unconditional_same_eligible_months,monthly_pool,2018-04,,
extended_CPI_overlap,unconditional_same_eligible_months,monthly_pool,2018-05,,
extended_CPI_overlap,unconditional_same_eligible_months,monthly_pool,2018-06,,
extended_CPI_overlap,unconditional_same_eligible_months,monthly_pool,2018-07,,
extended_CPI_overlap,unconditional_same_eligible_months,monthly_pool,2018-08,,
extended_CPI_overlap,unconditional_same_eligible_months,monthly_pool,2018-09,,
extended_CPI_overlap,unconditional_same_eligible_months,monthly_pool,2018-10,,
extended_CPI_overlap,unconditional_same_eligible_months,monthly_pool,2018-11,,
extended_CPI_overlap,unconditional_same_eligible_months,monthly_pool,2018-12,,
extended_CPI_overlap,unconditional_same_eligible_months,monthly_pool,2019-01,,
extended_CPI_overlap,unconditional_same_eligible_months,monthly_pool,2019-02,,
extended_CPI_overlap,unconditional_same_eligible_months,monthly_pool,2019-03,,
extended_CPI_overlap,unconditional_same_eligible_months,monthly_pool,2019-04,,
extended_CPI_overlap,unconditional_same_eligible_months,monthly_pool,2019-05,,
extended_CPI_overlap,unconditional_same_eligible_months,monthly_pool,2019-06,,
extended_CPI_overlap,unconditional_same_eligible_months,monthly_pool,2019-07,,
extended_CPI_overlap,unconditional_same_eligible_months,monthly_pool,2019-08,,
extended_CPI_overlap,unconditional_same_eligible_months,monthly_pool,2019-09,,
extended_CPI_overlap,unconditional_same_eligible_months,monthly_pool,2019-10,,
extended_CPI_overlap,unconditional_same_eligible_months,monthly_pool,2019-11,,
extended_CPI_overlap,unconditional_same_eligible_months,monthly_pool,2019-12,,
extended_CPI_overlap,unconditional_same_eligible_months,monthly_pool,2020-01,,
extended_CPI_overlap,unconditional_same_eligible_months,monthly_pool,2020-02,,
extended_CPI_overlap,unconditional_same_eligible_months,monthly_pool,2020-03,,
extended_CPI_overlap,unconditional_same_eligible_months,monthly_pool,2020-04,,
extended_CPI_overlap,unconditional_same_eligible_months,monthly_pool,2020-05,,
extended_CPI_overlap,unconditional_same_eligible_months,monthly_pool,2020-06,,
extended_CPI_overlap,unconditional_same_eligible_months,monthly_pool,2020-07,,
extended_CPI_overlap,unconditional_same_eligible_months,monthly_pool,2020-08,,
extended_CPI_overlap,unconditional_same_eligible_months,monthly_pool,2020-09,,
extended_CPI_overlap,unconditional_same_eligible_months,monthly_pool,2020-11,,
extended_CPI_overlap,unconditional_same_eligible_months,monthly_pool,2020-12,,
extended_CPI_overlap,unconditional_same_eligible_months,monthly_pool,2021-01,,
extended_CPI_overlap,unconditional_same_eligible_months,monthly_pool,2021-02,,
extended_CPI_overlap,unconditional_same_eligible_months,monthly_pool,2021-03,,
extended_CPI_overlap,unconditional_same_eligible_months,monthly_pool,2021-04,,
extended_CPI_overlap,unconditional_same_eligible_months,monthly_pool,2021-05,,
extended_CPI_overlap,unconditional_same_eligible_months,monthly_pool,2021-06,,
extended_CPI_overlap,unconditional_same_eligible_months,monthly_pool,2021-07,,
extended_CPI_overlap,full_history_original,monthly_pool,1997-02,93.28663164,15.55727554
extended_CPI_overlap,full_history_original,monthly_pool,1997-03,92.52772913,15.17027864
extended_CPI_overlap,full_history_original,monthly_pool,1997-04,91.09748978,12.22910217
extended_CPI_overlap,full_history_original,monthly_pool,1997-05,93.84121424,13.58359133
extended_CPI_overlap,full_history_original,monthly_pool,1997-06,95.32983071,12.22910217
extended_CPI_overlap,full_history_original,monthly_pool,1997-07,96.49737303,13.15789474
extended_CPI_overlap,full_history_original,monthly_pool,1997-08,96.32224168,11.76470588
extended_CPI_overlap,full_history_original,monthly_pool,1997-09,96.43899591,7.275541796
extended_CPI_overlap,full_history_original,monthly_pool,1997-10,96.61412726,9.133126935
extended_CPI_overlap,full_history_original,monthly_pool,1997-11,96.08873322,7.275541796
extended_CPI_overlap,full_history_original,monthly_pool,1997-12,96.67250438,8.591331269
extended_CPI_overlap,full_history_original,monthly_pool,1998-01,96.55575015,9.752321981
extended_CPI_overlap,full_history_original,monthly_pool,1998-02,97.25627554,9.752321981
extended_CPI_overlap,full_history_original,monthly_pool,1998-03,97.60653824,11.76470588
extended_CPI_overlap,full_history_original,monthly_pool,1998-04,98.1903094,15.94427245
extended_CPI_overlap,full_history_original,monthly_pool,1998-05,97.95680093,12.22910217
extended_CPI_overlap,full_history_original,monthly_pool,1998-06,97.8400467,11.02941176
extended_CPI_overlap,full_history_original,monthly_pool,1998-07,98.48219498,11.76470588
extended_CPI_overlap,full_history_original,monthly_pool,1998-08,97.489784,14.24148607
extended_CPI_overlap,full_history_original,monthly_pool,1999-12,100,15.94427245
extended_CPI_overlap,full_history_original,monthly_pool,2000-01,99.88324577,7.275541796
extended_CPI_overlap,full_history_original,monthly_pool,2000-02,99.35785172,12.22910217
extended_CPI_overlap,full_history_original,monthly_pool,2021-05,97.66491535,19.07894737
extended_CPI_overlap,full_history_original,monthly_pool,2021-06,97.72329247,17.18266254
extended_CPI_overlap,full_history_original,chronological_60m,1997-02,93.28663164,15.55727554
extended_CPI_overlap,full_history_original,chronological_60m,2021-05,97.66491535,19.07894737
extended_CPI_overlap,full_history_original,chronological_12m,1997-02,93.28663164,15.55727554
extended_CPI_overlap,full_history_original,chronological_12m,1998-02,97.25627554,9.752321981
extended_CPI_overlap,full_history_original,chronological_12m,1999-12,100,15.94427245
extended_CPI_overlap,full_history_original,chronological_12m,2021-05,97.66491535,19.07894737
extended_CPI_overlap,full_history_original,chronological_36m,1997-02,93.28663164,15.55727554
extended_CPI_overlap,full_history_original,chronological_36m,2000-02,99.35785172,12.22910217
extended_CPI_overlap,full_history_original,chronological_36m,2021-05,97.66491535,19.07894737
extended_CPI_overlap,expanding_prior,monthly_pool,1963-05,91.70040486,18.98496241
extended_CPI_overlap,expanding_prior,monthly_pool,1963-06,91.30434783,15.75984991
extended_CPI_overlap,expanding_prior,monthly_pool,1963-07,90.4040404,12.35955056
extended_CPI_overlap,expanding_prior,monthly_pool,1963-08,91.62462159,8.224299065
extended_CPI_overlap,expanding_prior,monthly_pool,1963-09,93.04435484,7.462686567
extended_CPI_overlap,expanding_prior,monthly_pool,1963-10,92.54783484,5.772811918
extended_CPI_overlap,expanding_prior,monthly_pool,1963-11,92.35412475,5.762081784
extended_CPI_overlap,expanding_prior,monthly_pool,1963-12,93.16582915,4.638218924
extended_CPI_overlap,expanding_prior,monthly_pool,1964-01,94.67871486,0.5555555556
extended_CPI_overlap,expanding_prior,monthly_pool,1964-02,95.08525577,2.772643253
extended_CPI_overlap,expanding_prior,monthly_pool,1964-03,95.89178357,0.9225092251
extended_CPI_overlap,expanding_prior,monthly_pool,1964-04,96.6966967,0.7366482505
extended_CPI_overlap,expanding_prior,monthly_pool,1964-05,96.9,0.1838235294
extended_CPI_overlap,expanding_prior,monthly_pool,1964-06,95.9040959,0.1834862385
extended_CPI_overlap,expanding_prior,monthly_pool,1964-07,97.30538922,0.1831501832
extended_CPI_overlap,expanding_prior,monthly_pool,1964-08,96.90927218,0
extended_CPI_overlap,expanding_prior,monthly_pool,1964-09,97.11155378,0
extended_CPI_overlap,expanding_prior,monthly_pool,1964-10,98.00995025,0
extended_CPI_overlap,expanding_prior,monthly_pool,1964-11,98.01192843,0
extended_CPI_overlap,expanding_prior,monthly_pool,1964-12,96.62363456,0
extended_CPI_overlap,expanding_prior,monthly_pool,1965-01,98.01587302,0.1811594203
extended_CPI_overlap,expanding_prior,monthly_pool,1965-02,98.11694747,0.1808318264
extended_CPI_overlap,expanding_prior,monthly_pool,1965-03,97.82178218,0
extended_CPI_overlap,expanding_prior,monthly_pool,1965-04,98.1206726,0.3603603604
extended_CPI_overlap,expanding_prior,monthly_pool,1965-05,98.3201581,0.1798561151
extended_CPI_overlap,expanding_prior,monthly_pool,1965-06,95.26159921,1.256732496
extended_CPI_overlap,expanding_prior,monthly_pool,1965-07,94.67455621,1.612903226
extended_CPI_overlap,expanding_prior,monthly_pool,1965-08,96.0591133,1.252236136
extended_CPI_overlap,expanding_prior,monthly_pool,1965-09,97.83464567,1.785714286
extended_CPI_overlap,expanding_prior,monthly_pool,1965-10,98.32841691,0.5347593583
extended_CPI_overlap,expanding_prior,monthly_pool,1965-11,98.33005894,0
extended_CPI_overlap,expanding_prior,monthly_pool,1965-12,97.93915604,0
extended_CPI_overlap,expanding_prior,monthly_pool,1966-01,98.33333333,0
extended_CPI_overlap,expanding_prior,monthly_pool,1966-02,97.84524976,0.1769911504
extended_CPI_overlap,expanding_prior,monthly_pool,1966-03,95.30332681,3.003533569
extended_CPI_overlap,expanding_prior,monthly_pool,1966-04,96.48093842,5.114638448
extended_CPI_overlap,expanding_prior,monthly_pool,1966-05,92.7734375,9.330985915
extended_CPI_overlap,expanding_prior,monthly_pool,1966-06,91.80487805,10.72056239
extended_CPI_overlap,expanding_prior,monthly_pool,1966-07,91.22807018,11.92982456
extended_CPI_overlap,expanding_prior,monthly_pool,1993-03,90.26745914,11.46067416
extended_CPI_overlap,expanding_prior,monthly_pool,1993-10,91.27864006,16.61092531
extended_CPI_overlap,expanding_prior,monthly_pool,1995-03,91.31386861,11.3785558
extended_CPI_overlap,expanding_prior,monthly_pool,1995-04,93.14369074,11.14754098
extended_CPI_overlap,expanding_prior,monthly_pool,1995-05,94.97084548,8.951965066
extended_CPI_overlap,expanding_prior,monthly_pool,1995-06,96.57683904,13.95856052
extended_CPI_overlap,expanding_prior,monthly_pool,1995-07,98.1077147,16.33986928
extended_CPI_overlap,expanding_prior,monthly_pool,1995-08,97.81818182,15.12513602
extended_CPI_overlap,expanding_prior,monthly_pool,1995-09,98.69186047,14.02173913
extended_CPI_overlap,expanding_prior,monthly_pool,1995-10,98.54756718,16.82953312
extended_CPI_overlap,expanding_prior,monthly_pool,1995-11,98.83889695,19.95661605
extended_CPI_overlap,expanding_prior,monthly_pool,1996-01,98.91304348,19.91341991
extended_CPI_overlap,expanding_prior,monthly_pool,1996-02,99.27588704,17.51351351
extended_CPI_overlap,expanding_prior,monthly_pool,1997-02,99.78463747,17.18249733
extended_CPI_overlap,expanding_prior,monthly_pool,1997-03,99.64131994,16.52452026
extended_CPI_overlap,expanding_prior,monthly_pool,1997-04,99.13978495,13.73801917
extended_CPI_overlap,expanding_prior,monthly_pool,1997-05,99.78510029,15
extended_CPI_overlap,expanding_prior,monthly_pool,1997-06,99.85683608,13.7088204
extended_CPI_overlap,expanding_prior,monthly_pool,1997-07,100,14.75583864
extended_CPI_overlap,expanding_prior,monthly_pool,1997-08,99.92852037,13.57370095
extended_CPI_overlap,expanding_prior,monthly_pool,1997-09,99.92857143,8.792372881
extended_CPI_overlap,expanding_prior,monthly_pool,1997-10,100,11.00529101
extended_CPI_overlap,expanding_prior,monthly_pool,1997-11,99.64336662,8.773784355
extended_CPI_overlap,expanding_prior,monthly_pool,1997-12,100,10.66525871
extended_CPI_overlap,expanding_prior,monthly_pool,1998-01,99.85754986,11.60337553
extended_CPI_overlap,expanding_prior,monthly_pool,1998-02,100,11.59114858
extended_CPI_overlap,expanding_prior,monthly_pool,1998-03,100,14.10526316
extended_CPI_overlap,expanding_prior,monthly_pool,1998-04,100,18.50683491
extended_CPI_overlap,expanding_prior,monthly_pool,1998-05,99.92897727,14.3907563
extended_CPI_overlap,expanding_prior,monthly_pool,1998-06,99.85805536,13.43126967
extended_CPI_overlap,expanding_prior,monthly_pool,1998-07,100,14.1509434
extended_CPI_overlap,expanding_prior,monthly_pool,1998-08,99.64564139,16.54450262
extended_CPI_overlap,expanding_prior,monthly_pool,1999-12,100,18.53759011
extended_CPI_overlap,expanding_prior,monthly_pool,2000-01,99.85994398,8.53909465
extended_CPI_overlap,expanding_prior,monthly_pool,2000-02,99.58012596,14.38848921
extended_CPI_overlap,expanding_prior,monthly_pool,2005-01,94.42204301,19.67054264
extended_CPI_overlap,expanding_prior,monthly_pool,2005-02,94.49294829,15.48886738
extended_CPI_overlap,expanding_prior,monthly_pool,2005-03,94.02684564,19.72920696
extended_CPI_overlap,expanding_prior,monthly_pool,2014-02,90.48215404,17.00262927
extended_CPI_overlap,expanding_prior,monthly_pool,2014-04,90.80675422,18.46019248
extended_CPI_overlap,expanding_prior,monthly_pool,2014-05,91.1875,11.27622378
extended_CPI_overlap,expanding_prior,monthly_pool,2014-06,91.94253592,7.248908297
extended_CPI_overlap,expanding_prior,monthly_pool,2014-07,92.63420724,9.42408377
extended_CPI_overlap,expanding_prior,monthly_pool,2014-08,91.89020586,13.51351351
extended_CPI_overlap,expanding_prior,monthly_pool,2017-03,96.26682987,19.524618
extended_CPI_overlap,expanding_prior,monthly_pool,2017-09,96.58536585,19.42567568
extended_CPI_overlap,expanding_prior,monthly_pool,2021-05,98.09976247,17.50814332
extended_CPI_overlap,expanding_prior,monthly_pool,2021-06,98.10089021,16.273393
extended_CPI_overlap,expanding_prior,monthly_pool,2021-07,98.51720047,19.59349593
extended_CPI_overlap,expanding_prior,chronological_60m,1963-05,91.70040486,18.98496241
extended_CPI_overlap,expanding_prior,chronological_60m,1993-03,90.26745914,11.46067416
extended_CPI_overlap,expanding_prior,chronological_60m,1998-03,100,14.10526316
extended_CPI_overlap,expanding_prior,chronological_60m,2005-01,94.42204301,19.67054264
extended_CPI_overlap,expanding_prior,chronological_60m,2014-02,90.48215404,17.00262927
extended_CPI_overlap,expanding_prior,chronological_60m,2021-05,98.09976247,17.50814332
extended_CPI_overlap,expanding_prior,chronological_12m,1963-05,91.70040486,18.98496241
extended_CPI_overlap,expanding_prior,chronological_12m,1964-05,96.9,0.1838235294
extended_CPI_overlap,expanding_prior,chronological_12m,1965-05,98.3201581,0.1798561151
extended_CPI_overlap,expanding_prior,chronological_12m,1966-05,92.7734375,9.330985915
extended_CPI_overlap,expanding_prior,chronological_12m,1993-03,90.26745914,11.46067416
extended_CPI_overlap,expanding_prior,chronological_12m,1995-03,91.31386861,11.3785558
extended_CPI_overlap,expanding_prior,chronological_12m,1997-02,99.78463747,17.18249733
extended_CPI_overlap,expanding_prior,chronological_12m,1998-02,100,11.59114858
extended_CPI_overlap,expanding_prior,chronological_12m,1999-12,100,18.53759011
extended_CPI_overlap,expanding_prior,chronological_12m,2005-01,94.42204301,19.67054264
extended_CPI_overlap,expanding_prior,chronological_12m,2014-02,90.48215404,17.00262927
extended_CPI_overlap,expanding_prior,chronological_12m,2017-03,96.26682987,19.524618
extended_CPI_overlap,expanding_prior,chronological_12m,2021-05,98.09976247,17.50814332
extended_CPI_overlap,expanding_prior,chronological_36m,1963-05,91.70040486,18.98496241
extended_CPI_overlap,expanding_prior,chronological_36m,1966-05,92.7734375,9.330985915
extended_CPI_overlap,expanding_prior,chronological_36m,1993-03,90.26745914,11.46067416
extended_CPI_overlap,expanding_prior,chronological_36m,1997-02,99.78463747,17.18249733
extended_CPI_overlap,expanding_prior,chronological_36m,2000-02,99.58012596,14.38848921
extended_CPI_overlap,expanding_prior,chronological_36m,2005-01,94.42204301,19.67054264
extended_CPI_overlap,expanding_prior,chronological_36m,2014-02,90.48215404,17.00262927
extended_CPI_overlap,expanding_prior,chronological_36m,2017-03,96.26682987,19.524618
extended_CPI_overlap,expanding_prior,chronological_36m,2021-05,98.09976247,17.50814332
extended_CPI_overlap,full_history_strict_tie_sensitivity,monthly_pool,1997-01,91.94395797,19.65944272
extended_CPI_overlap,full_history_strict_tie_sensitivity,monthly_pool,1997-02,93.22825452,15.47987616
extended_CPI_overlap,full_history_strict_tie_sensitivity,monthly_pool,1997-03,92.46935201,14.9380805
extended_CPI_overlap,full_history_strict_tie_sensitivity,monthly_pool,1997-04,91.00992411,11.91950464
extended_CPI_overlap,full_history_strict_tie_sensitivity,monthly_pool,1997-05,93.75364857,13.39009288
extended_CPI_overlap,full_history_strict_tie_sensitivity,monthly_pool,1997-06,95.27145359,11.91950464
extended_CPI_overlap,full_history_strict_tie_sensitivity,monthly_pool,1997-07,96.43899591,12.84829721
extended_CPI_overlap,full_history_strict_tie_sensitivity,monthly_pool,1997-08,96.26386457,11.53250774
extended_CPI_overlap,full_history_strict_tie_sensitivity,monthly_pool,1997-09,96.3806188,6.888544892
extended_CPI_overlap,full_history_strict_tie_sensitivity,monthly_pool,1997-10,96.55575015,8.900928793
extended_CPI_overlap,full_history_strict_tie_sensitivity,monthly_pool,1997-11,96.0303561,6.888544892
extended_CPI_overlap,full_history_strict_tie_sensitivity,monthly_pool,1997-12,96.61412726,8.513931889
extended_CPI_overlap,full_history_strict_tie_sensitivity,monthly_pool,1998-01,96.49737303,9.287925697
extended_CPI_overlap,full_history_strict_tie_sensitivity,monthly_pool,1998-02,97.19789842,9.287925697
extended_CPI_overlap,full_history_strict_tie_sensitivity,monthly_pool,1998-03,97.54816112,11.53250774
extended_CPI_overlap,full_history_strict_tie_sensitivity,monthly_pool,1998-04,98.13193228,15.63467492
extended_CPI_overlap,full_history_strict_tie_sensitivity,monthly_pool,1998-05,97.89842382,11.91950464
extended_CPI_overlap,full_history_strict_tie_sensitivity,monthly_pool,1998-06,97.78166959,10.75851393
extended_CPI_overlap,full_history_strict_tie_sensitivity,monthly_pool,1998-07,98.42381786,11.53250774
extended_CPI_overlap,full_history_strict_tie_sensitivity,monthly_pool,1998-08,97.43140689,13.6996904
extended_CPI_overlap,full_history_strict_tie_sensitivity,monthly_pool,1999-12,99.94162288,15.63467492
extended_CPI_overlap,full_history_strict_tie_sensitivity,monthly_pool,2000-01,99.82486865,6.888544892
extended_CPI_overlap,full_history_strict_tie_sensitivity,monthly_pool,2000-02,99.29947461,11.91950464
extended_CPI_overlap,full_history_strict_tie_sensitivity,monthly_pool,2017-03,92.99474606,19.65944272
extended_CPI_overlap,full_history_strict_tie_sensitivity,monthly_pool,2017-09,94.16228838,19.65944272
extended_CPI_overlap,full_history_strict_tie_sensitivity,monthly_pool,2021-05,97.60653824,18.42105263
extended_CPI_overlap,full_history_strict_tie_sensitivity,monthly_pool,2021-06,97.66491535,16.87306502
extended_CPI_overlap,full_history_strict_tie_sensitivity,chronological_60m,1997-01,91.94395797,19.65944272
extended_CPI_overlap,full_history_strict_tie_sensitivity,chronological_60m,2017-03,92.99474606,19.65944272
extended_CPI_overlap,full_history_strict_tie_sensitivity,chronological_12m,1997-01,91.94395797,19.65944272
extended_CPI_overlap,full_history_strict_tie_sensitivity,chronological_12m,1998-01,96.49737303,9.287925697
extended_CPI_overlap,full_history_strict_tie_sensitivity,chronological_12m,1999-12,99.94162288,15.63467492
extended_CPI_overlap,full_history_strict_tie_sensitivity,chronological_12m,2017-03,92.99474606,19.65944272
extended_CPI_overlap,full_history_strict_tie_sensitivity,chronological_12m,2021-05,97.60653824,18.42105263
extended_CPI_overlap,full_history_strict_tie_sensitivity,chronological_36m,1997-01,91.94395797,19.65944272
extended_CPI_overlap,full_history_strict_tie_sensitivity,chronological_36m,2000-01,99.82486865,6.888544892
extended_CPI_overlap,full_history_strict_tie_sensitivity,chronological_36m,2017-03,92.99474606,19.65944272
extended_CPI_overlap,full_history_strict_tie_sensitivity,chronological_36m,2021-05,97.60653824,18.42105263
