specification,date,horizon_years,asset,nominal_cumulative_pct,real_cumulative_pct,endpoint,return_kind
expanding_primary,2000-03-31,1,US_market_total,-25.74785022935626,-27.898253203974555,2001-03,total return
expanding_primary,2000-03-31,1,T_bill_total,5.914348279943282,2.846982145771171,2001-03,total return
expanding_primary,2000-03-31,1,sector_NoDur,19.15632295327576,15.705458404373406,2001-03,total return
expanding_primary,2000-03-31,1,sector_Durbl,-9.647382421273253,-12.264068109243187,2001-03,total return
expanding_primary,2000-03-31,1,sector_Manuf,-7.760884019483861,-10.432204243791809,2001-03,total return
expanding_primary,2000-03-31,1,sector_Enrgy,10.291646478803829,7.097510209400659,2001-03,total return
expanding_primary,2000-03-31,1,sector_Chems,-1.8406973704312768,-4.683471041134279,2001-03,total return
expanding_primary,2000-03-31,1,sector_BusEq,-60.48707148683376,-61.63139820697656,2001-03,total return
expanding_primary,2000-03-31,1,sector_Telcm,-41.80587342269855,-43.49122291471579,2001-03,total return
expanding_primary,2000-03-31,1,sector_Utils,39.458244564330556,35.41941976434144,2001-03,total return
expanding_primary,2000-03-31,1,sector_Shops,-9.690544418917057,-12.305980100140912,2001-03,total return
expanding_primary,2000-03-31,1,sector_Hlth,7.367904699616501,4.258442382932559,2001-03,total return
expanding_primary,2000-03-31,1,sector_Money,12.29536265101805,9.043197122794378,2001-03,total return
expanding_primary,2000-03-31,1,sector_Other,-15.63968398708685,-18.08282772170272,2001-03,total return
expanding_primary,2000-03-31,1,Gold_spot_price,-8.041958041958042,-10.705138132736082,2001-03,spot price (monthly-average marks)
expanding_primary,2000-03-31,3,US_market_total,-42.31665497183978,-46.36295813042198,2003-03,total return
expanding_primary,2000-03-31,3,T_bill_total,10.595957603734796,2.8380029920535677,2003-03,total return
expanding_primary,2000-03-31,3,sector_NoDur,11.630117887121294,3.7996202213036456,2003-03,total return
expanding_primary,2000-03-31,3,sector_Durbl,-32.21651007508226,-36.97130626883669,2003-03,total return
expanding_primary,2000-03-31,3,sector_Manuf,-22.54921464164018,-27.98214085764258,2003-03,total return
expanding_primary,2000-03-31,3,sector_Enrgy,-1.8066448510803634,-8.694596354185657,2003-03,total return
expanding_primary,2000-03-31,3,sector_Chems,9.168643579345392,1.5108105060797294,2003-03,total return
expanding_primary,2000-03-31,3,sector_BusEq,-75.63646929946735,-77.34549347585055,2003-03,total return
expanding_primary,2000-03-31,3,sector_Telcm,-69.1835724776732,-71.34524683894571,2003-03,total return
expanding_primary,2000-03-31,3,sector_Utils,-1.425086346642157,-8.339802965066934,2003-03,total return
expanding_primary,2000-03-31,3,sector_Shops,-24.939042586265835,-30.204329974178677,2003-03,total return
expanding_primary,2000-03-31,3,sector_Hlth,-11.187490177680715,-17.41740522231323,2003-03,total return
expanding_primary,2000-03-31,3,sector_Money,-0.9472493687851635,-7.895484731170543,2003-03,total return
expanding_primary,2000-03-31,3,sector_Other,-38.52257591778461,-42.83502165275242,2003-03,total return
expanding_primary,2000-03-31,3,Gold_spot_price,19.230769230769273,10.867110051449401,2003-03,spot price (monthly-average marks)
expanding_primary,2000-03-31,5,US_market_total,-14.310336004676428,-24.117387140340085,2005-03,total return
expanding_primary,2000-03-31,5,T_bill_total,13.326087291472955,0.3560897298906074,2005-03,total return
expanding_primary,2000-03-31,5,sector_NoDur,62.200968842804286,43.6373157541146,2005-03,total return
expanding_primary,2000-03-31,5,sector_Durbl,3.5947400377110084,-8.261519697314434,2005-03,total return
expanding_primary,2000-03-31,5,sector_Manuf,33.47930864173678,18.20280568481092,2005-03,total return
expanding_primary,2000-03-31,5,sector_Enrgy,94.77662628625703,72.48473896918671,2005-03,total return
expanding_primary,2000-03-31,5,sector_Chems,59.50956049553247,41.25393498050778,2005-03,total return
expanding_primary,2000-03-31,5,sector_BusEq,-64.95945656807622,-68.96979323221665,2005-03,total return
expanding_primary,2000-03-31,5,sector_Telcm,-58.36186582348445,-63.12728666916541,2005-03,total return
expanding_primary,2000-03-31,5,sector_Utils,67.08492532363854,47.9623108769663,2005-03,total return
expanding_primary,2000-03-31,5,sector_Shops,10.748699023617458,-1.9263203881999758,2005-03,total return
expanding_primary,2000-03-31,5,sector_Hlth,4.478133884423974,-7.4792289267918255,2005-03,total return
expanding_primary,2000-03-31,5,sector_Money,48.32805265473075,31.352133630030842,2005-03,total return
expanding_primary,2000-03-31,5,sector_Other,-1.214173581099398,-12.520060499057472,2005-03,total return
expanding_primary,2000-03-31,5,Gold_spot_price,51.74825174825188,34.38089616235666,2005-03,spot price (monthly-average marks)
expanding_primary,2017-10-31,1,US_market_total,7.341994875495295,4.732038470099154,2018-10,total return
expanding_primary,2017-10-31,1,T_bill_total,1.6015825943296313,-0.8687991197239286,2018-10,total return
expanding_primary,2017-10-31,1,sector_NoDur,2.183922539136973,-0.30061842238381375,2018-10,total return
expanding_primary,2017-10-31,1,sector_Durbl,-14.440252090462536,-16.520586188590556,2018-10,total return
expanding_primary,2017-10-31,1,sector_Manuf,-3.2009822457672144,-5.554592468092123,2018-10,total return
expanding_primary,2017-10-31,1,sector_Enrgy,4.6394126198110675,2.095167885578819,2018-10,total return
expanding_primary,2017-10-31,1,sector_Chems,-3.0069674441820182,-5.3652950203694765,2018-10,total return
expanding_primary,2017-10-31,1,sector_BusEq,11.946135181303097,9.224231858054143,2018-10,total return
expanding_primary,2017-10-31,1,sector_Telcm,11.749184720762408,9.032070130167714,2018-10,total return
expanding_primary,2017-10-31,1,sector_Utils,0.41736461032173544,-2.0242235517177076,2018-10,total return
expanding_primary,2017-10-31,1,sector_Shops,23.690959943972633,20.683488231062764,2018-10,total return
expanding_primary,2017-10-31,1,sector_Hlth,9.719314605571917,7.051555092786321,2018-10,total return
expanding_primary,2017-10-31,1,sector_Money,4.048315336373398,1.5184427790595034,2018-10,total return
expanding_primary,2017-10-31,1,sector_Other,2.899030077571907,0.3971017039515967,2018-10,total return
expanding_primary,2017-10-31,1,Gold_spot_price,-5.078125000000011,-7.3860936189530495,2018-10,spot price (monthly-average marks)
expanding_primary,2017-10-31,3,US_market_total,36.4587912373634,29.280943180121245,2020-10,total return
expanding_primary,2017-10-31,3,T_bill_total,4.609483448146601,-0.8930640295844672,2020-10,total return
expanding_primary,2017-10-31,3,sector_NoDur,7.213487183594269,1.5739669026890724,2020-10,total return
expanding_primary,2017-10-31,3,sector_Durbl,78.12686691508743,68.75724276676061,2020-10,total return
expanding_primary,2017-10-31,3,sector_Manuf,9.056983404326434,3.320493659991808,2020-10,total return
expanding_primary,2017-10-31,3,sector_Enrgy,-52.57651156287331,-55.07102724236492,2020-10,total return
expanding_primary,2017-10-31,3,sector_Chems,28.499459125791194,21.740278682529436,2020-10,total return
expanding_primary,2017-10-31,3,sector_BusEq,82.73012707081138,73.11836753739038,2020-10,total return
expanding_primary,2017-10-31,3,sector_Telcm,25.769039362980894,19.153481313060226,2020-10,total return
expanding_primary,2017-10-31,3,sector_Utils,14.035895205119564,8.03751048082475,2020-10,total return
expanding_primary,2017-10-31,3,sector_Shops,80.66273046747018,71.15971774734189,2020-10,total return
expanding_primary,2017-10-31,3,sector_Hlth,32.86724910154699,25.87831920419994,2020-10,total return
expanding_primary,2017-10-31,3,sector_Money,3.528442075427707,-1.9172417100002948,2020-10,total return
expanding_primary,2017-10-31,3,sector_Other,22.54017627983602,16.094459164297792,2020-10,total return
expanding_primary,2017-10-31,3,Gold_spot_price,48.437500000000064,40.62956171082408,2020-10,spot price (monthly-average marks)
expanding_primary,2017-10-31,5,US_market_total,61.56313552639179,33.70716077921625,2022-10,total return
expanding_primary,2017-10-31,5,T_bill_total,5.459543488520202,-12.723307263252936,2022-10,total return
expanding_primary,2017-10-31,5,sector_NoDur,36.84914000407677,13.254239003263123,2022-10,total return
expanding_primary,2017-10-31,5,sector_Durbl,162.38575423186506,117.1464060347171,2022-10,total return
expanding_primary,2017-10-31,5,sector_Manuf,37.5387578207586,13.82495607922769,2022-10,total return
expanding_primary,2017-10-31,5,sector_Enrgy,77.22944162580299,46.67235424136105,2022-10,total return
expanding_primary,2017-10-31,5,sector_Chems,37.03961775304339,13.411875452462784,2022-10,total return
expanding_primary,2017-10-31,5,sector_BusEq,95.14726548100431,61.50086909541776,2022-10,total return
expanding_primary,2017-10-31,5,sector_Telcm,13.393225919349439,-6.157513965828077,2022-10,total return
expanding_primary,2017-10-31,5,sector_Utils,37.941195997614145,14.15800771158926,2022-10,total return
expanding_primary,2017-10-31,5,sector_Shops,86.77205636311025,54.56967511705572,2022-10,total return
expanding_primary,2017-10-31,5,sector_Hlth,58.02965090072607,30.782903364828563,2022-10,total return
expanding_primary,2017-10-31,5,sector_Money,53.55800706231819,27.08223984588041,2022-10,total return
expanding_primary,2017-10-31,5,sector_Other,36.92209568854909,13.314616003262024,2022-10,total return
expanding_primary,2017-10-31,5,Gold_spot_price,29.999999999999982,7.585996302100262,2022-10,spot price (monthly-average marks)
expanding_primary,2005-03-31,1,US_market_total,14.406906659503482,10.625807090386186,2006-03,total return
expanding_primary,2005-03-31,1,T_bill_total,3.5255721314592092,0.10409603697933978,2006-03,total return
expanding_primary,2005-03-31,1,sector_NoDur,4.767404822380583,1.3048866860375208,2006-03,total return
expanding_primary,2005-03-31,1,sector_Durbl,0.8006840726811459,-2.530735631273262,2006-03,total return
expanding_primary,2005-03-31,1,sector_Manuf,23.887953740347378,19.79350960070645,2006-03,total return
expanding_primary,2005-03-31,1,sector_Enrgy,20.03285479417485,16.06582003382655,2006-03,total return
expanding_primary,2005-03-31,1,sector_Chems,2.044311684968547,-1.3282093822362229,2006-03,total return
expanding_primary,2005-03-31,1,sector_BusEq,17.511173141824088,13.627478886761303,2006-03,total return
expanding_primary,2005-03-31,1,sector_Telcm,6.880469400760347,3.348115379503369,2006-03,total return
expanding_primary,2005-03-31,1,sector_Utils,11.675955045126884,7.9851122644667205,2006-03,total return
expanding_primary,2005-03-31,1,sector_Shops,12.622566533807177,8.900438646360364,2006-03,total return
expanding_primary,2005-03-31,1,sector_Hlth,9.401186390708105,5.785523745847443,2006-03,total return
expanding_primary,2005-03-31,1,sector_Money,18.41057427071815,14.497155191165124,2006-03,total return
expanding_primary,2005-03-31,1,sector_Other,13.771619006305503,10.01151542372356,2006-03,total return
expanding_primary,2005-03-31,1,Gold_spot_price,28.34101382488474,24.09939794484348,2006-03,spot price (monthly-average marks)
expanding_primary,2005-03-31,3,US_market_total,19.817727868316194,8.39550265812683,2008-03,total return
expanding_primary,2005-03-31,3,T_bill_total,12.950730445985137,2.183136169557587,2008-03,total return
expanding_primary,2005-03-31,3,sector_NoDur,30.053486930842354,17.65548670564099,2008-03,total return
expanding_primary,2005-03-31,3,sector_Durbl,-7.038229498050363,-15.900276020733505,2008-03,total return
expanding_primary,2005-03-31,3,sector_Manuf,46.430364522816944,32.47115639104583,2008-03,total return
expanding_primary,2005-03-31,3,sector_Enrgy,69.25999385475106,53.124436927740845,2008-03,total return
expanding_primary,2005-03-31,3,sector_Chems,35.16565961007316,22.28031591162778,2008-03,total return
expanding_primary,2005-03-31,3,sector_BusEq,20.62421426863621,9.125106701743047,2008-03,total return
expanding_primary,2005-03-31,3,sector_Telcm,16.603236879710014,5.4874491279937265,2008-03,total return
expanding_primary,2005-03-31,3,sector_Utils,46.13727404335035,32.206006229952735,2008-03,total return
expanding_primary,2005-03-31,3,sector_Shops,9.451082659772304,-0.9828901577806692,2008-03,total return
expanding_primary,2005-03-31,3,sector_Hlth,11.28261617201105,0.6740432462020385,2008-03,total return
expanding_primary,2005-03-31,3,sector_Money,-4.28484831060596,-13.409374689751186,2008-03,total return
expanding_primary,2005-03-31,3,sector_Other,21.487206041022322,9.905829459734505,2008-03,total return
expanding_primary,2005-03-31,3,Gold_spot_price,123.04147465437777,101.77892861849416,2008-03,spot price (monthly-average marks)
expanding_primary,2005-03-31,5,US_market_total,14.722551850812525,1.921412459878158,2010-03,total return
expanding_primary,2005-03-31,5,T_bill_total,14.279078472436302,1.5274233759251077,2010-03,total return
expanding_primary,2005-03-31,5,sector_NoDur,38.819765725076614,23.32977580945419,2010-03,total return
expanding_primary,2005-03-31,5,sector_Durbl,-5.950009314853554,-16.444432783068198,2010-03,total return
expanding_primary,2005-03-31,5,sector_Manuf,33.331885460539866,18.45425221842003,2010-03,total return
expanding_primary,2005-03-31,5,sector_Enrgy,38.10957278557918,22.69882865612778,2010-03,total return
expanding_primary,2005-03-31,5,sector_Chems,31.772684338327117,17.069032153827955,2010-03,total return
expanding_primary,2005-03-31,5,sector_BusEq,33.774006178119784,18.847039576149992,2010-03,total return
expanding_primary,2005-03-31,5,sector_Telcm,11.619440822820204,-0.8354426997254194,2010-03,total return
expanding_primary,2005-03-31,5,sector_Utils,30.003606650039227,15.497354276787423,2010-03,total return
expanding_primary,2005-03-31,5,sector_Shops,24.32519098615684,10.452555885710746,2010-03,total return
expanding_primary,2005-03-31,5,sector_Hlth,23.882557441327567,10.059312923770802,2010-03,total return
expanding_primary,2005-03-31,5,sector_Money,-25.91135764322532,-34.17842477861731,2010-03,total return
expanding_primary,2005-03-31,5,sector_Other,0.8569215555678467,-10.397042817995839,2010-03,total return
expanding_primary,2005-03-31,5,Gold_spot_price,156.4516129032258,127.8358543549567,2010-03,spot price (monthly-average marks)
expanding_primary,1964-07-31,1,US_market_total,6.295203418592954,4.410297974818045,1965-07,total return
expanding_primary,1964-07-31,1,T_bill_total,3.732327524811163,1.8928688986587394,1965-07,total return
expanding_primary,1964-07-31,1,sector_NoDur,8.898434321067072,6.967366454702373,1965-07,total return
expanding_primary,1964-07-31,1,sector_Durbl,10.127288559131475,8.174429737310284,1965-07,total return
expanding_primary,1964-07-31,1,sector_Manuf,10.337590190392465,8.381002143951054,1965-07,total return
expanding_primary,1964-07-31,1,sector_Enrgy,1.7817221102340186,-0.0231469328860201,1965-07,total return
expanding_primary,1964-07-31,1,sector_Chems,4.683670319780697,2.827341777061365,1965-07,total return
expanding_primary,1964-07-31,1,sector_BusEq,9.469320605578059,7.528129359880675,1965-07,total return
expanding_primary,1964-07-31,1,sector_Telcm,-2.8945552404785357,-4.616501062686629,1965-07,total return
expanding_primary,1964-07-31,1,sector_Utils,5.567187386887307,3.69519166375063,1965-07,total return
expanding_primary,1964-07-31,1,sector_Shops,12.60445058382642,10.607664886329825,1965-07,total return
expanding_primary,1964-07-31,1,sector_Hlth,18.044414194251203,15.951163024245485,1965-07,total return
expanding_primary,1964-07-31,1,sector_Money,-2.3567285023052276,-4.088211467432168,1965-07,total return
expanding_primary,1964-07-31,1,sector_Other,5.758828946841477,3.883434893319282,1965-07,total return
expanding_primary,1964-07-31,1,Gold_spot_price,0.34285714285713365,-1.436496878675475,1965-07,spot price (monthly-average marks)
expanding_primary,1964-07-31,3,US_market_total,33.20661674499412,23.714648246398752,1967-07,total return
expanding_primary,1964-07-31,3,T_bill_total,13.143202321148518,5.080902275509791,1967-07,total return
expanding_primary,1964-07-31,3,sector_NoDur,38.59096730761027,28.715323529403314,1967-07,total return
expanding_primary,1964-07-31,3,sector_Durbl,22.54835528064689,13.815867688792416,1967-07,total return
expanding_primary,1964-07-31,3,sector_Manuf,62.90722958813386,51.298870114488416,1967-07,total return
expanding_primary,1964-07-31,3,sector_Enrgy,23.869325076947923,15.042708499608537,1967-07,total return
expanding_primary,1964-07-31,3,sector_Chems,11.177247877020125,3.2550368007534303,1967-07,total return
expanding_primary,1964-07-31,3,sector_BusEq,97.99652487818615,83.88779047069865,1967-07,total return
expanding_primary,1964-07-31,3,sector_Telcm,-10.78553593818059,-17.14273427551981,1967-07,total return
expanding_primary,1964-07-31,3,sector_Utils,3.082830635549527,-4.262592625306983,1967-07,total return
expanding_primary,1964-07-31,3,sector_Shops,22.547041179502635,13.81464722719079,1967-07,total return
expanding_primary,1964-07-31,3,sector_Hlth,71.12460541157368,58.930696403204074,1967-07,total return
expanding_primary,1964-07-31,3,sector_Money,20.79300790565601,12.185601953097303,1967-07,total return
expanding_primary,1964-07-31,3,sector_Other,75.49084825959386,62.98581176684439,1967-07,total return
expanding_primary,1964-07-31,3,Gold_spot_price,0.0,-7.125748502994,1967-07,spot price (monthly-average marks)
expanding_primary,1964-07-31,5,US_market_total,37.08878493504173,15.556905127309628,1969-07,total return
expanding_primary,1964-07-31,5,T_bill_total,25.40254458284572,5.70616665651833,1969-07,total return
expanding_primary,1964-07-31,5,sector_NoDur,45.898010148670124,22.982507467710533,1969-07,total return
expanding_primary,1964-07-31,5,sector_Durbl,15.709919019157216,-2.4640845659169353,1969-07,total return
expanding_primary,1964-07-31,5,sector_Manuf,58.516205775931816,33.61882345569036,1969-07,total return
expanding_primary,1964-07-31,5,sector_Enrgy,37.42254786706074,15.83824551185391,1969-07,total return
expanding_primary,1964-07-31,5,sector_Chems,8.579439899087138,-8.474613432889043,1969-07,total return
expanding_primary,1964-07-31,5,sector_BusEq,114.80831529974074,81.06940055972711,1969-07,total return
expanding_primary,1964-07-31,5,sector_Telcm,-7.313551564654819,-21.871368737380227,1969-07,total return
expanding_primary,1964-07-31,5,sector_Utils,2.472781764601417,-13.622127979947397,1969-07,total return
expanding_primary,1964-07-31,5,sector_Shops,52.21925414916247,28.310903905082064,1969-07,total return
expanding_primary,1964-07-31,5,sector_Hlth,84.37851091034135,55.419060011923605,1969-07,total return
expanding_primary,1964-07-31,5,sector_Money,56.38057673008659,31.81862745019799,1969-07,total return
expanding_primary,1964-07-31,5,sector_Other,58.45908306793939,33.57067273824674,1969-07,total return
expanding_primary,1964-07-31,5,Gold_spot_price,19.99999999999995,1.1521739130434305,1969-07,spot price (monthly-average marks)
expanding_primary,1993-11-30,1,US_market_total,0.4235015455335889,-2.123957105154184,1994-11,total return
expanding_primary,1993-11-30,1,T_bill_total,3.690805124887264,1.0604642739221681,1994-11,total return
expanding_primary,1993-11-30,1,sector_NoDur,2.5471317286773765,-0.0541973805948226,1994-11,total return
expanding_primary,1993-11-30,1,sector_Durbl,-14.34037798829083,-16.513319000603886,1994-11,total return
expanding_primary,1993-11-30,1,sector_Manuf,2.6710126537171863,0.06654103766827735,1994-11,total return
expanding_primary,1993-11-30,1,sector_Enrgy,4.235684312331411,1.5915214259037747,1994-11,total return
expanding_primary,1993-11-30,1,sector_Chems,11.6786741260972,8.845703754407142,1994-11,total return
expanding_primary,1993-11-30,1,sector_BusEq,19.147679617952583,16.12524181723014,1994-11,total return
expanding_primary,1993-11-30,1,sector_Telcm,-6.478048264281167,-8.850434222864155,1994-11,total return
expanding_primary,1993-11-30,1,sector_Utils,-10.053078718079721,-12.334776320691853,1994-11,total return
expanding_primary,1993-11-30,1,sector_Shops,-7.196736142450366,-9.550891033362841,1994-11,total return
expanding_primary,1993-11-30,1,sector_Hlth,9.270619271916235,6.498734403870299,1994-11,total return
expanding_primary,1993-11-30,1,sector_Money,-0.8344765956041167,-3.3500239182790548,1994-11,total return
expanding_primary,1993-11-30,1,sector_Other,-8.894632513568546,-11.205716602009396,1994-11,total return
expanding_primary,1993-11-30,1,Gold_spot_price,2.673796791443861,0.06925454973834011,1994-11,spot price (monthly-average marks)
expanding_primary,1993-11-30,3,US_market_total,70.86027007099402,57.187141968274304,1996-11,total return
expanding_primary,1993-11-30,3,T_bill_total,15.16687543406887,5.950622642558656,1996-11,total return
expanding_primary,1993-11-30,3,sector_NoDur,71.70641077424132,57.96557008846401,1996-11,total return
expanding_primary,1993-11-30,3,sector_Durbl,23.106497283732818,13.254874627756742,1996-11,total return
expanding_primary,1993-11-30,3,sector_Manuf,78.96869097480696,64.64668482874494,1996-11,total return
expanding_primary,1993-11-30,3,sector_Enrgy,67.8572474387503,54.42443683716161,1996-11,total return
expanding_primary,1993-11-30,3,sector_Chems,88.18815646271085,73.12836070293503,1996-11,total return
expanding_primary,1993-11-30,3,sector_BusEq,133.54289778837963,114.85357956586913,1996-11,total return
expanding_primary,1993-11-30,3,sector_Telcm,29.263678054805386,18.919325746701876,1996-11,total return
expanding_primary,1993-11-30,3,sector_Utils,26.302626791956563,16.195233217553007,1996-11,total return
expanding_primary,1993-11-30,3,sector_Shops,28.732866518350498,18.43099251215612,1996-11,total return
expanding_primary,1993-11-30,3,sector_Hlth,106.81286171939743,90.26262010732218,1996-11,total return
expanding_primary,1993-11-30,3,sector_Money,102.87850126305757,86.6431076522143,1996-11,total return
expanding_primary,1993-11-30,3,sector_Other,36.1232292036872,25.229939910134426,1996-11,total return
expanding_primary,1993-11-30,3,Gold_spot_price,1.0695187165775,-7.018590216633158,1996-11,spot price (monthly-average marks)
expanding_primary,1993-11-30,5,US_market_total,158.32923295270837,129.8358806282476,1998-11,total return
expanding_primary,1993-11-30,5,T_bill_total,27.2016947464518,13.171526099829167,1998-11,total return
expanding_primary,1993-11-30,5,sector_NoDur,149.3430926786659,121.84089903159796,1998-11,total return
expanding_primary,1993-11-30,5,sector_Durbl,91.22810869683997,70.13591632991249,1998-11,total return
expanding_primary,1993-11-30,5,sector_Manuf,126.93942934223115,101.90832836054695,1998-11,total return
expanding_primary,1993-11-30,5,sector_Enrgy,102.60256684407824,80.25578768577348,1998-11,total return
expanding_primary,1993-11-30,5,sector_Chems,146.06814633613564,118.9271746805351,1998-11,total return
expanding_primary,1993-11-30,5,sector_BusEq,289.4739578610446,246.51552618959488,1998-11,total return
expanding_primary,1993-11-30,5,sector_Telcm,142.7009513460851,115.93137657847916,1998-11,total return
expanding_primary,1993-11-30,5,sector_Utils,74.43329733338624,55.1935491205021,1998-11,total return
expanding_primary,1993-11-30,5,sector_Shops,113.6366459659441,90.0728233456907,1998-11,total return
expanding_primary,1993-11-30,5,sector_Hlth,264.8333413276473,224.59273512392758,1998-11,total return
expanding_primary,1993-11-30,5,sector_Money,215.49507780489293,180.6964129159925,1998-11,total return
expanding_primary,1993-11-30,5,sector_Other,62.77702337104092,44.822945838951725,1998-11,total return
expanding_primary,1993-11-30,5,Gold_spot_price,-21.39037433155082,-30.06090586475575,1998-11,spot price (monthly-average marks)
expanding_primary,2011-07-31,1,US_market_total,7.152524167247543,5.654854476034665,2012-07,total return
expanding_primary,2011-07-31,1,T_bill_total,0.02000099999999172,-1.3779774907257458,2012-07,total return
expanding_primary,2011-07-31,1,sector_NoDur,15.834906852831331,14.215883591119137,2012-07,total return
expanding_primary,2011-07-31,1,sector_Durbl,-17.31417128219964,-18.46987023120603,2012-07,total return
expanding_primary,2011-07-31,1,sector_Manuf,-2.483367910208001,-3.846356840287546,2012-07,total return
expanding_primary,2011-07-31,1,sector_Enrgy,-6.773865920641031,-8.0768866056384,2012-07,total return
expanding_primary,2011-07-31,1,sector_Chems,5.120194681233525,3.650930837642208,2012-07,total return
expanding_primary,2011-07-31,1,sector_BusEq,7.764801928517007,6.258574437543607,2012-07,total return
expanding_primary,2011-07-31,1,sector_Telcm,23.42708317250426,21.701944143079754,2012-07,total return
expanding_primary,2011-07-31,1,sector_Utils,18.002249834525696,16.352933642998035,2012-07,total return
expanding_primary,2011-07-31,1,sector_Shops,18.77802874262158,17.117869497542305,2012-07,total return
expanding_primary,2011-07-31,1,sector_Hlth,18.37789175578419,16.723325221116326,2012-07,total return
expanding_primary,2011-07-31,1,sector_Money,1.0216991919808516,-0.3902800237257642,2012-07,total return
expanding_primary,2011-07-31,1,sector_Other,2.4134651805405083,0.982033266406801,2012-07,total return
expanding_primary,2011-07-31,1,Gold_spot_price,1.3350286077558504,-0.08133000986424443,2012-07,spot price (monthly-average marks)
expanding_primary,2011-07-31,3,US_market_total,59.08995223510794,50.98265999727221,2014-07,total return
expanding_primary,2011-07-31,3,T_bill_total,0.07002100350033125,-5.0295902109324775,2014-07,total return
expanding_primary,2011-07-31,3,sector_NoDur,50.529434720909784,42.85839012926198,2014-07,total return
expanding_primary,2011-07-31,3,sector_Durbl,57.593095303007466,49.56208353679343,2014-07,total return
expanding_primary,2011-07-31,3,sector_Manuf,54.33311691711382,46.468235048433534,2014-07,total return
expanding_primary,2011-07-31,3,sector_Enrgy,31.40285288853657,24.706507115056553,2014-07,total return
expanding_primary,2011-07-31,3,sector_Chems,47.73316792178548,40.20462228621226,2014-07,total return
expanding_primary,2011-07-31,3,sector_BusEq,56.2948267442212,48.32997530090248,2014-07,total return
expanding_primary,2011-07-31,3,sector_Telcm,85.56783330734865,76.11121688734157,2014-07,total return
expanding_primary,2011-07-31,3,sector_Utils,46.91378882298673,39.426999097917026,2014-07,total return
expanding_primary,2011-07-31,3,sector_Shops,62.64723185331778,54.35865911956548,2014-07,total return
expanding_primary,2011-07-31,3,sector_Hlth,92.741668814938,82.91947065888112,2014-07,total return
expanding_primary,2011-07-31,3,sector_Money,65.92572035790647,57.470074443028274,2014-07,total return
expanding_primary,2011-07-31,3,sector_Other,54.130318708892375,46.27577152393199,2014-07,total return
expanding_primary,2011-07-31,3,Gold_spot_price,-16.65607120152577,-20.903313579347614,2014-07,spot price (monthly-average marks)
expanding_primary,2011-07-31,5,US_market_total,84.30577337308867,73.01718772278049,2016-07,total return
expanding_primary,2011-07-31,5,T_bill_total,0.19016709013333077,-5.946402925099847,2016-07,total return
expanding_primary,2011-07-31,5,sector_NoDur,104.58252299470941,92.05200215906027,2016-07,total return
expanding_primary,2011-07-31,5,sector_Durbl,58.94234169286021,49.20724655816606,2016-07,total return
expanding_primary,2011-07-31,5,sector_Manuf,70.149159707383,59.727655662598636,2016-07,total return
expanding_primary,2011-07-31,5,sector_Enrgy,-3.0133250918210064,-8.953683695907122,2016-07,total return
expanding_primary,2011-07-31,5,sector_Chems,65.52534747570888,55.387048343353015,2016-07,total return
expanding_primary,2011-07-31,5,sector_BusEq,89.26397321057283,77.67170166636986,2016-07,total return
expanding_primary,2011-07-31,5,sector_Telcm,112.38650543937764,99.37799673266052,2016-07,total return
expanding_primary,2011-07-31,5,sector_Utils,74.985150880658,64.26744612786248,2016-07,total return
expanding_primary,2011-07-31,5,sector_Shops,115.79739331895324,102.57997037548976,2016-07,total return
expanding_primary,2011-07-31,5,sector_Hlth,143.86592350139438,128.92932485744245,2016-07,total return
expanding_primary,2011-07-31,5,sector_Money,84.46640142578057,73.16797743184667,2016-07,total return
expanding_primary,2011-07-31,5,sector_Other,72.92461186180677,62.33311352552442,2016-07,total return
expanding_primary,2011-07-31,5,Gold_spot_price,-15.003178639542213,-20.20916801454229,2016-07,spot price (monthly-average marks)
expanding_primary,1973-04-30,1,US_market_total,-13.27915853362841,-21.21204216048984,1974-04,total return
expanding_primary,1973-04-30,1,T_bill_total,7.6665871776099515,-2.182331399967663,1974-04,total return
expanding_primary,1973-04-30,1,sector_NoDur,-16.97948005202128,-24.57387272917525,1974-04,total return
expanding_primary,1973-04-30,1,sector_Durbl,-19.64496786355975,-26.99553213383702,1974-04,total return
expanding_primary,1973-04-30,1,sector_Manuf,-7.399124734445395,-15.8698908710034,1974-04,total return
expanding_primary,1973-04-30,1,sector_Enrgy,-8.663898424412086,-17.018968007210145,1974-04,total return
expanding_primary,1973-04-30,1,sector_Chems,-8.48522422447452,-16.85663822473048,1974-04,total return
expanding_primary,1973-04-30,1,sector_BusEq,-21.110812034988257,-28.327286609750235,1974-04,total return
expanding_primary,1973-04-30,1,sector_Telcm,-7.351523018529338,-15.826643574006894,1974-04,total return
expanding_primary,1973-04-30,1,sector_Utils,-21.04402492314833,-28.266608921862403,1974-04,total return
expanding_primary,1973-04-30,1,sector_Shops,-16.208301974513063,-23.873239008029536,1974-04,total return
expanding_primary,1973-04-30,1,sector_Hlth,-12.733804522873115,-20.71657500310925,1974-04,total return
expanding_primary,1973-04-30,1,sector_Money,-10.14292091370611,-18.362695299978306,1974-04,total return
expanding_primary,1973-04-30,1,sector_Other,-15.037973309514651,-22.809967435047607,1974-04,total return
expanding_primary,1973-04-30,1,Gold_spot_price,89.01098901098902,71.72100249023327,1974-04,spot price (monthly-average marks)
expanding_primary,1973-04-30,3,US_market_total,6.2819366818962274,-17.20997089128582,1976-04,total return
expanding_primary,1973-04-30,3,T_bill_total,21.948463137139008,-5.0062773780218395,1976-04,total return
expanding_primary,1973-04-30,3,sector_NoDur,4.753925526285552,-18.400239830683084,1976-04,total return
expanding_primary,1973-04-30,3,sector_Durbl,12.34784095164172,-12.484836905762153,1976-04,total return
expanding_primary,1973-04-30,3,sector_Manuf,13.721093994164457,-11.415119295098275,1976-04,total return
expanding_primary,1973-04-30,3,sector_Enrgy,17.441325168409882,-8.517185207495325,1976-04,total return
expanding_primary,1973-04-30,3,sector_Chems,18.207641444443844,-7.920250782135541,1976-04,total return
expanding_primary,1973-04-30,3,sector_BusEq,-2.911224810675539,-24.371132339153668,1976-04,total return
expanding_primary,1973-04-30,3,sector_Telcm,28.93458161359368,0.43567230862824324,1976-04,total return
expanding_primary,1973-04-30,3,sector_Utils,10.628983610030707,-13.823768560457362,1976-04,total return
expanding_primary,1973-04-30,3,sector_Shops,3.1631665789894514,-19.639387174655276,1976-04,total return
expanding_primary,1973-04-30,3,sector_Hlth,-20.574991131726772,-38.13060806517754,1976-04,total return
expanding_primary,1973-04-30,3,sector_Money,-7.506967559497846,-27.95106029144484,1976-04,total return
expanding_primary,1973-04-30,3,sector_Other,2.063184896643855,-20.496235650920912,1976-04,total return
expanding_primary,1973-04-30,3,Gold_spot_price,40.65934065934069,9.568862510039011,1976-04,spot price (monthly-average marks)
expanding_primary,1973-04-30,5,US_market_total,19.086567611924266,-18.558951414067437,1978-04,total return
expanding_primary,1973-04-30,5,T_bill_total,35.24281598293011,-7.509999085226193,1978-04,total return
expanding_primary,1973-04-30,5,sector_NoDur,20.94393392141938,-17.288733765789864,1978-04,total return
expanding_primary,1973-04-30,5,sector_Durbl,22.820724874330555,-16.00523197170194,1978-04,total return
expanding_primary,1973-04-30,5,sector_Manuf,13.189548912017512,-22.591810837947325,1978-04,total return
expanding_primary,1973-04-30,5,sector_Enrgy,39.2279663461347,-4.784630213989249,1978-04,total return
expanding_primary,1973-04-30,5,sector_Chems,4.091052037218801,-28.81410056296616,1978-04,total return
expanding_primary,1973-04-30,5,sector_BusEq,10.297499204852901,-24.569628869294647,1978-04,total return
expanding_primary,1973-04-30,5,sector_Telcm,64.75042417327114,12.669695404881832,1978-04,total return
expanding_primary,1973-04-30,5,sector_Utils,42.66854492931203,-2.4316836711903544,1978-04,total return
expanding_primary,1973-04-30,5,sector_Shops,3.4691010196497896,-29.239441086718365,1978-04,total return
expanding_primary,1973-04-30,5,sector_Hlth,-19.341595091746953,-44.83924421767358,1978-04,total return
expanding_primary,1973-04-30,5,sector_Money,19.363022654766148,-18.36988904517557,1978-04,total return
expanding_primary,1973-04-30,5,sector_Other,24.08327684147329,-15.141796588851586,1978-04,total return
expanding_primary,1973-04-30,5,Gold_spot_price,92.30769230769226,31.515589262068122,1978-04,spot price (monthly-average marks)
expanding_primary,1988-11-30,1,US_market_total,29.262512909940597,23.512949190356245,1989-11,total return
expanding_primary,1988-11-30,1,T_bill_total,8.39658972734465,3.5751369674309696,1989-11,total return
expanding_primary,1988-11-30,1,sector_NoDur,38.66388219186854,32.49614795616984,1989-11,total return
expanding_primary,1988-11-30,1,sector_Durbl,4.905737255894249,0.2395567266407994,1989-11,total return
expanding_primary,1988-11-30,1,sector_Manuf,23.317511304689397,17.832379745465698,1989-11,total return
expanding_primary,1988-11-30,1,sector_Enrgy,31.881027380955263,26.01499280324795,1989-11,total return
expanding_primary,1988-11-30,1,sector_Chems,32.500094657926624,26.606524125087926,1989-11,total return
expanding_primary,1988-11-30,1,sector_BusEq,2.1560208263385894,-2.387853015023589,1989-11,total return
expanding_primary,1988-11-30,1,sector_Telcm,51.71439433700598,44.966176638139935,1989-11,total return
expanding_primary,1988-11-30,1,sector_Utils,27.558010758800933,21.884262861666002,1989-11,total return
expanding_primary,1988-11-30,1,sector_Shops,25.304563200020034,19.73104807754098,1989-11,total return
expanding_primary,1988-11-30,1,sector_Hlth,45.865805336636825,39.37773138997147,1989-11,total return
expanding_primary,1988-11-30,1,sector_Money,30.3213404644183,24.52468036433295,1989-11,total return
expanding_primary,1988-11-30,1,sector_Other,33.201420704303054,27.27665536717756,1989-11,total return
expanding_primary,1988-11-30,1,Gold_spot_price,-6.1904761904761685,-10.363099965959366,1989-11,spot price (monthly-average marks)
expanding_primary,1988-11-30,3,US_market_total,49.870302555822434,30.83742668697702,1991-11,total return
expanding_primary,1988-11-30,3,T_bill_total,23.720038238895125,8.00813207648099,1991-11,total return
expanding_primary,1988-11-30,3,sector_NoDur,87.48943458153389,63.67909274425634,1991-11,total return
expanding_primary,1988-11-30,3,sector_Durbl,-11.04569295083242,-22.34250262688783,1991-11,total return
expanding_primary,1988-11-30,3,sector_Manuf,34.74700341850729,17.634720691193206,1991-11,total return
expanding_primary,1988-11-30,3,sector_Enrgy,44.42903332684642,26.087174958052394,1991-11,total return
expanding_primary,1988-11-30,3,sector_Chems,56.26836951463321,36.42296700007526,1991-11,total return
expanding_primary,1988-11-30,3,sector_BusEq,16.651435866453678,1.8372114276805185,1991-11,total return
expanding_primary,1988-11-30,3,sector_Telcm,42.375795682276674,24.294689554266192,1991-11,total return
expanding_primary,1988-11-30,3,sector_Utils,56.52081322691862,36.643351460074804,1991-11,total return
expanding_primary,1988-11-30,3,sector_Shops,66.31470389687102,45.19346065887939,1991-11,total return
expanding_primary,1988-11-30,3,sector_Hlth,141.54612178901954,110.87081604658233,1991-11,total return
expanding_primary,1988-11-30,3,sector_Money,34.953044462505,17.814595419734026,1991-11,total return
expanding_primary,1988-11-30,3,sector_Other,29.426963328016488,12.990302528014364,1991-11,total return
expanding_primary,1988-11-30,3,Gold_spot_price,-14.28571428571429,-25.17105535973463,1991-11,spot price (monthly-average marks)
expanding_primary,1988-11-30,5,US_market_total,99.672287255954,64.52449422528264,1993-11,total return
expanding_primary,1988-11-30,5,T_bill_total,31.964407382641504,8.73505622008064,1993-11,total return
expanding_primary,1988-11-30,5,sector_NoDur,116.34445786241466,78.26190603320877,1993-11,total return
expanding_primary,1988-11-30,5,sector_Durbl,81.82088341182454,49.81542653727733,1993-11,total return
expanding_primary,1988-11-30,5,sector_Manuf,90.64239000273979,57.08410628307943,1993-11,total return
expanding_primary,1988-11-30,5,sector_Enrgy,74.37808411223475,43.682763826724916,1993-11,total return
expanding_primary,1988-11-30,5,sector_Chems,105.56335125023399,69.3785695575558,1993-11,total return
expanding_primary,1988-11-30,5,sector_BusEq,64.89460720690813,35.86863867802088,1993-11,total return
expanding_primary,1988-11-30,5,sector_Telcm,120.0978127967911,81.35456766749294,1993-11,total return
expanding_primary,1988-11-30,5,sector_Utils,97.86124855288605,63.03224795145337,1993-11,total return
expanding_primary,1988-11-30,5,sector_Shops,130.4068621125588,89.84894186397827,1993-11,total return
expanding_primary,1988-11-30,5,sector_Hlth,117.04988176601626,78.8431560030942,1993-11,total return
expanding_primary,1988-11-30,5,sector_Money,113.87662731032569,76.22848127008342,1993-11,total return
expanding_primary,1988-11-30,5,sector_Other,81.20025707301181,49.30404743755699,1993-11,total return
expanding_primary,1988-11-30,5,Gold_spot_price,-10.952380952380947,-26.627201565557723,1993-11,spot price (monthly-average marks)
fixed_economic_scale,2018-03-31,1,US_market_total,8.547520878602999,6.541152437377762,2019-03,total return
fixed_economic_scale,2018-03-31,1,T_bill_total,2.0489623750230113,0.16271185624778806,2019-03,total return
fixed_economic_scale,2018-03-31,1,sector_NoDur,2.260674373901006,0.3705106172209538,2019-03,total return
fixed_economic_scale,2018-03-31,1,sector_Durbl,-3.273001402991027,-5.0608819167847985,2019-03,total return
fixed_economic_scale,2018-03-31,1,sector_Manuf,-0.21885213632962808,-2.0631848717293955,2019-03,total return
fixed_economic_scale,2018-03-31,1,sector_Enrgy,0.42078456593346303,-1.4353710732312397,2019-03,total return
fixed_economic_scale,2018-03-31,1,sector_Chems,8.881022667715555,6.8684898529574046,2019-03,total return
fixed_economic_scale,2018-03-31,1,sector_BusEq,14.886732651445156,12.76319161760493,2019-03,total return
fixed_economic_scale,2018-03-31,1,sector_Telcm,12.573128378973708,10.492351496356832,2019-03,total return
fixed_economic_scale,2018-03-31,1,sector_Utils,19.523474940595097,17.314229384682477,2019-03,total return
fixed_economic_scale,2018-03-31,1,sector_Shops,15.937633978741438,13.794668316490899,2019-03,total return
fixed_economic_scale,2018-03-31,1,sector_Hlth,14.231798626105686,12.120363248377085,2019-03,total return
fixed_economic_scale,2018-03-31,1,sector_Money,-0.6450871842718198,-2.4815414850301254,2019-03,total return
fixed_economic_scale,2018-03-31,1,sector_Other,4.385037240018064,2.4556072285420782,2019-03,total return
fixed_economic_scale,2018-03-31,1,Gold_spot_price,-1.811320754716994,-3.6262186513133288,2019-03,spot price (monthly-average marks)
fixed_economic_scale,2018-03-31,3,US_market_total,63.57036816523711,54.07324766880932,2021-03,total return
fixed_economic_scale,2018-03-31,3,T_bill_total,4.098425912216919,-1.9456718388994543,2021-03,total return
fixed_economic_scale,2018-03-31,3,sector_NoDur,28.43380532525628,20.97676198256153,2021-03,total return
fixed_economic_scale,2018-03-31,3,sector_Durbl,215.85216127713508,197.51335047446057,2021-03,total return
fixed_economic_scale,2018-03-31,3,sector_Manuf,43.22212069761002,34.90644742942326,2021-03,total return
fixed_economic_scale,2018-03-31,3,sector_Enrgy,-16.273640266605337,-21.134907842356267,2021-03,total return
fixed_economic_scale,2018-03-31,3,sector_Chems,48.78756832853108,40.148757518011344,2021-03,total return
fixed_economic_scale,2018-03-31,3,sector_BusEq,107.30306238498093,95.26676152662614,2021-03,total return
fixed_economic_scale,2018-03-31,3,sector_Telcm,52.28363641869866,43.441839087524414,2021-03,total return
fixed_economic_scale,2018-03-31,3,sector_Utils,32.59874876472249,24.899883078842343,2021-03,total return
fixed_economic_scale,2018-03-31,3,sector_Shops,83.26929143649704,72.6284243675357,2021-03,total return
fixed_economic_scale,2018-03-31,3,sector_Hlth,52.043044378213295,43.2152161517406,2021-03,total return
fixed_economic_scale,2018-03-31,3,sector_Money,39.966821061082754,31.84015496605861,2021-03,total return
fixed_economic_scale,2018-03-31,3,sector_Other,53.85721843194777,44.9240567652984,2021-03,total return
fixed_economic_scale,2018-03-31,3,Gold_spot_price,29.66037735849052,22.132117556923436,2021-03,spot price (monthly-average marks)
fixed_economic_scale,2018-03-31,5,US_market_total,64.62349544988979,36.12783114460936,2023-03,total return
fixed_economic_scale,2018-03-31,5,T_bill_total,6.687295778172109,-11.779845609056839,2023-03,total return
fixed_economic_scale,2018-03-31,5,sector_NoDur,40.56843421110319,16.23660416307844,2023-03,total return
fixed_economic_scale,2018-03-31,5,sector_Durbl,174.0802001057811,126.63802088589105,2023-03,total return
fixed_economic_scale,2018-03-31,5,sector_Manuf,46.681076070179394,21.29117232520983,2023-03,total return
fixed_economic_scale,2018-03-31,5,sector_Enrgy,59.818906231385085,32.154896977050605,2023-03,total return
fixed_economic_scale,2018-03-31,5,sector_Chems,50.500320061404125,24.44932055743323,2023-03,total return
fixed_economic_scale,2018-03-31,5,sector_BusEq,117.16045506797047,79.5708545611434,2023-03,total return
fixed_economic_scale,2018-03-31,5,sector_Telcm,12.755771297715635,-6.761798770894101,2023-03,total return
fixed_economic_scale,2018-03-31,5,sector_Utils,52.101149371973364,25.77305275911548,2023-03,total return
fixed_economic_scale,2018-03-31,5,sector_Shops,71.6432221779043,41.932471436695316,2023-03,total return
fixed_economic_scale,2018-03-31,5,sector_Hlth,54.875153567758005,28.066887996462597,2023-03,total return
fixed_economic_scale,2018-03-31,5,sector_Money,36.97993228000467,13.269257469316976,2023-03,total return
fixed_economic_scale,2018-03-31,5,sector_Other,43.769867977984724,18.88388263355263,2023-03,total return
fixed_economic_scale,2018-03-31,5,Gold_spot_price,44.37735849056603,19.386218984099823,2023-03,spot price (monthly-average marks)
fixed_economic_scale,2000-03-31,1,US_market_total,-25.74785022935626,-27.898253203974555,2001-03,total return
fixed_economic_scale,2000-03-31,1,T_bill_total,5.914348279943282,2.846982145771171,2001-03,total return
fixed_economic_scale,2000-03-31,1,sector_NoDur,19.15632295327576,15.705458404373406,2001-03,total return
fixed_economic_scale,2000-03-31,1,sector_Durbl,-9.647382421273253,-12.264068109243187,2001-03,total return
fixed_economic_scale,2000-03-31,1,sector_Manuf,-7.760884019483861,-10.432204243791809,2001-03,total return
fixed_economic_scale,2000-03-31,1,sector_Enrgy,10.291646478803829,7.097510209400659,2001-03,total return
fixed_economic_scale,2000-03-31,1,sector_Chems,-1.8406973704312768,-4.683471041134279,2001-03,total return
fixed_economic_scale,2000-03-31,1,sector_BusEq,-60.48707148683376,-61.63139820697656,2001-03,total return
fixed_economic_scale,2000-03-31,1,sector_Telcm,-41.80587342269855,-43.49122291471579,2001-03,total return
fixed_economic_scale,2000-03-31,1,sector_Utils,39.458244564330556,35.41941976434144,2001-03,total return
fixed_economic_scale,2000-03-31,1,sector_Shops,-9.690544418917057,-12.305980100140912,2001-03,total return
fixed_economic_scale,2000-03-31,1,sector_Hlth,7.367904699616501,4.258442382932559,2001-03,total return
fixed_economic_scale,2000-03-31,1,sector_Money,12.29536265101805,9.043197122794378,2001-03,total return
fixed_economic_scale,2000-03-31,1,sector_Other,-15.63968398708685,-18.08282772170272,2001-03,total return
fixed_economic_scale,2000-03-31,1,Gold_spot_price,-8.041958041958042,-10.705138132736082,2001-03,spot price (monthly-average marks)
fixed_economic_scale,2000-03-31,3,US_market_total,-42.31665497183978,-46.36295813042198,2003-03,total return
fixed_economic_scale,2000-03-31,3,T_bill_total,10.595957603734796,2.8380029920535677,2003-03,total return
fixed_economic_scale,2000-03-31,3,sector_NoDur,11.630117887121294,3.7996202213036456,2003-03,total return
fixed_economic_scale,2000-03-31,3,sector_Durbl,-32.21651007508226,-36.97130626883669,2003-03,total return
fixed_economic_scale,2000-03-31,3,sector_Manuf,-22.54921464164018,-27.98214085764258,2003-03,total return
fixed_economic_scale,2000-03-31,3,sector_Enrgy,-1.8066448510803634,-8.694596354185657,2003-03,total return
fixed_economic_scale,2000-03-31,3,sector_Chems,9.168643579345392,1.5108105060797294,2003-03,total return
fixed_economic_scale,2000-03-31,3,sector_BusEq,-75.63646929946735,-77.34549347585055,2003-03,total return
fixed_economic_scale,2000-03-31,3,sector_Telcm,-69.1835724776732,-71.34524683894571,2003-03,total return
fixed_economic_scale,2000-03-31,3,sector_Utils,-1.425086346642157,-8.339802965066934,2003-03,total return
fixed_economic_scale,2000-03-31,3,sector_Shops,-24.939042586265835,-30.204329974178677,2003-03,total return
fixed_economic_scale,2000-03-31,3,sector_Hlth,-11.187490177680715,-17.41740522231323,2003-03,total return
fixed_economic_scale,2000-03-31,3,sector_Money,-0.9472493687851635,-7.895484731170543,2003-03,total return
fixed_economic_scale,2000-03-31,3,sector_Other,-38.52257591778461,-42.83502165275242,2003-03,total return
fixed_economic_scale,2000-03-31,3,Gold_spot_price,19.230769230769273,10.867110051449401,2003-03,spot price (monthly-average marks)
fixed_economic_scale,2000-03-31,5,US_market_total,-14.310336004676428,-24.117387140340085,2005-03,total return
fixed_economic_scale,2000-03-31,5,T_bill_total,13.326087291472955,0.3560897298906074,2005-03,total return
fixed_economic_scale,2000-03-31,5,sector_NoDur,62.200968842804286,43.6373157541146,2005-03,total return
fixed_economic_scale,2000-03-31,5,sector_Durbl,3.5947400377110084,-8.261519697314434,2005-03,total return
fixed_economic_scale,2000-03-31,5,sector_Manuf,33.47930864173678,18.20280568481092,2005-03,total return
fixed_economic_scale,2000-03-31,5,sector_Enrgy,94.77662628625703,72.48473896918671,2005-03,total return
fixed_economic_scale,2000-03-31,5,sector_Chems,59.50956049553247,41.25393498050778,2005-03,total return
fixed_economic_scale,2000-03-31,5,sector_BusEq,-64.95945656807622,-68.96979323221665,2005-03,total return
fixed_economic_scale,2000-03-31,5,sector_Telcm,-58.36186582348445,-63.12728666916541,2005-03,total return
fixed_economic_scale,2000-03-31,5,sector_Utils,67.08492532363854,47.9623108769663,2005-03,total return
fixed_economic_scale,2000-03-31,5,sector_Shops,10.748699023617458,-1.9263203881999758,2005-03,total return
fixed_economic_scale,2000-03-31,5,sector_Hlth,4.478133884423974,-7.4792289267918255,2005-03,total return
fixed_economic_scale,2000-03-31,5,sector_Money,48.32805265473075,31.352133630030842,2005-03,total return
fixed_economic_scale,2000-03-31,5,sector_Other,-1.214173581099398,-12.520060499057472,2005-03,total return
fixed_economic_scale,2000-03-31,5,Gold_spot_price,51.74825174825188,34.38089616235666,2005-03,spot price (monthly-average marks)
fixed_economic_scale,2007-11-30,1,US_market_total,-38.13121939715776,-38.80432135780569,2008-11,total return
fixed_economic_scale,2007-11-30,1,T_bill_total,1.8655617287888004,0.7573144245094365,2008-11,total return
fixed_economic_scale,2007-11-30,1,sector_NoDur,-24.940526060648594,-25.75713628928884,2008-11,total return
fixed_economic_scale,2007-11-30,1,sector_Durbl,-60.42493463034479,-60.85549191357433,2008-11,total return
fixed_economic_scale,2007-11-30,1,sector_Manuf,-46.48843104443925,-47.07061064504513,2008-11,total return
fixed_economic_scale,2007-11-30,1,sector_Enrgy,-25.548634766675683,-26.358629071124028,2008-11,total return
fixed_economic_scale,2007-11-30,1,sector_Chems,-28.595811903678303,-29.372654416780954,2008-11,total return
fixed_economic_scale,2007-11-30,1,sector_BusEq,-42.423976341524536,-43.05037521399644,2008-11,total return
fixed_economic_scale,2007-11-30,1,sector_Telcm,-36.78292452772287,-37.47069527465212,2008-11,total return
fixed_economic_scale,2007-11-30,1,sector_Utils,-26.072985856240038,-26.87727547824572,2008-11,total return
fixed_economic_scale,2007-11-30,1,sector_Shops,-27.65104408461827,-28.43816520779162,2008-11,total return
fixed_economic_scale,2007-11-30,1,sector_Hlth,-25.64925075942317,-26.458150411264313,2008-11,total return
fixed_economic_scale,2007-11-30,1,sector_Money,-52.559767049381826,-53.07589349476369,2008-11,total return
fixed_economic_scale,2007-11-30,1,sector_Other,-43.16154776282492,-43.77992222031792,2008-11,total return
fixed_economic_scale,2007-11-30,1,Gold_spot_price,-5.583126550868456,-6.610335783337784,2008-11,spot price (monthly-average marks)
fixed_economic_scale,2007-11-30,3,US_market_total,-10.98869335933047,-14.537957902095188,2010-11,total return
fixed_economic_scale,2007-11-30,3,T_bill_total,2.0490746570768437,-2.0200619051407687,2010-11,total return
fixed_economic_scale,2007-11-30,3,sector_NoDur,8.86740623962552,4.526393401909035,2010-11,total return
fixed_economic_scale,2007-11-30,3,sector_Durbl,1.2348245474907982,-2.8018443524492342,2010-11,total return
fixed_economic_scale,2007-11-30,3,sector_Manuf,-8.441596097321913,-12.092424389010292,2010-11,total return
fixed_economic_scale,2007-11-30,3,sector_Enrgy,-8.973804272246522,-12.603411129536068,2010-11,total return
fixed_economic_scale,2007-11-30,3,sector_Chems,2.2925937083763115,-1.7862530082799366,2010-11,total return
fixed_economic_scale,2007-11-30,3,sector_BusEq,1.0612919770483398,-2.9684574311716894,2010-11,total return
fixed_economic_scale,2007-11-30,3,sector_Telcm,-5.824536440447248,-9.579718183365616,2010-11,total return
fixed_economic_scale,2007-11-30,3,sector_Utils,-12.76629934565332,-16.244683074099342,2010-11,total return
fixed_economic_scale,2007-11-30,3,sector_Shops,13.20170361915045,8.68786365881855,2010-11,total return
fixed_economic_scale,2007-11-30,3,sector_Hlth,-5.353506686262666,-9.127470416191564,2010-11,total return
fixed_economic_scale,2007-11-30,3,sector_Money,-43.15090226000742,-45.417720875661026,2010-11,total return
fixed_economic_scale,2007-11-30,3,sector_Other,-19.100864450698683,-22.32666175872584,2010-11,total return
fixed_economic_scale,2007-11-30,3,Gold_spot_price,69.97518610421831,63.197542634440374,2010-11,spot price (monthly-average marks)
fixed_economic_scale,2007-11-30,5,US_market_total,9.882545826644694,0.1819539406216375,2012-11,total return
fixed_economic_scale,2007-11-30,5,T_bill_total,2.1511696660655666,-6.866885022744873,2012-11,total return
fixed_economic_scale,2007-11-30,5,sector_NoDur,49.470641145389884,36.2751542936278,2012-11,total return
fixed_economic_scale,2007-11-30,5,sector_Durbl,-5.001807068572717,-13.388386507597684,2012-11,total return
fixed_economic_scale,2007-11-30,5,sector_Manuf,6.409448155240249,-2.9845335877693557,2012-11,total return
fixed_economic_scale,2007-11-30,5,sector_Enrgy,6.732619358163028,-2.6898924113879508,2012-11,total return
fixed_economic_scale,2007-11-30,5,sector_Chems,26.418356059424042,15.257958656827109,2012-11,total return
fixed_economic_scale,2007-11-30,5,sector_BusEq,19.906682088109264,9.321144789229052,2012-11,total return
fixed_economic_scale,2007-11-30,5,sector_Telcm,36.44072652621415,24.395539597697024,2012-11,total return
fixed_economic_scale,2007-11-30,5,sector_Utils,12.622786060318592,2.680281757937175,2012-11,total return
fixed_economic_scale,2007-11-30,5,sector_Shops,55.337836272031126,41.62438485172872,2012-11,total return
fixed_economic_scale,2007-11-30,5,sector_Hlth,33.60138001945676,21.8068547540623,2012-11,total return
fixed_economic_scale,2007-11-30,5,sector_Money,-34.00448963952546,-39.83066983493857,2012-11,total return
fixed_economic_scale,2007-11-30,5,sector_Other,-7.745539767601873,-15.88989847031802,2012-11,total return
fixed_economic_scale,2007-11-30,5,Gold_spot_price,113.64764267990073,94.7865162520668,2012-11,spot price (monthly-average marks)
fixed_economic_scale,1967-12-31,1,US_market_total,14.135085333978736,9.005418577395407,1968-12,total return
fixed_economic_scale,1967-12-31,1,T_bill_total,5.220876393709961,0.49184824118366777,1968-12,total return
fixed_economic_scale,1967-12-31,1,sector_NoDur,24.403445408145252,18.812279322385915,1968-12,total return
fixed_economic_scale,1967-12-31,1,sector_Durbl,7.086760482083343,2.2738723705290287,1968-12,total return
fixed_economic_scale,1967-12-31,1,sector_Manuf,11.522192350416605,6.509958986352937,1968-12,total return
fixed_economic_scale,1967-12-31,1,sector_Enrgy,23.45939956761054,17.910662508392083,1968-12,total return
fixed_economic_scale,1967-12-31,1,sector_Chems,6.3448601987616815,1.5653159201656441,1968-12,total return
fixed_economic_scale,1967-12-31,1,sector_BusEq,-0.8716358098170507,-5.32684318915112,1968-12,total return
fixed_economic_scale,1967-12-31,1,sector_Telcm,10.609014491966185,5.637822829405903,1968-12,total return
fixed_economic_scale,1967-12-31,1,sector_Utils,11.778999641849254,6.755224377047031,1968-12,total return
fixed_economic_scale,1967-12-31,1,sector_Shops,27.720191667126247,21.97995833377224,1968-12,total return
fixed_economic_scale,1967-12-31,1,sector_Hlth,10.256784924022288,5.30142380384151,1968-12,total return
fixed_economic_scale,1967-12-31,1,sector_Money,53.28953395684772,46.40011670036017,1968-12,total return
fixed_economic_scale,1967-12-31,1,sector_Other,23.26063862062535,17.720834637675885,1968-12,total return
fixed_economic_scale,1967-12-31,1,Gold_spot_price,17.142857142857082,11.878009630818553,1968-12,spot price (monthly-average marks)
fixed_economic_scale,1967-12-31,3,US_market_total,1.7239211100363194,-13.100167895948855,1970-12,total return
fixed_economic_scale,1967-12-31,3,T_bill_total,19.440991647408357,2.0350179902483667,1970-12,total return
fixed_economic_scale,1967-12-31,3,sector_NoDur,17.562609909871597,0.4303702747646909,1970-12,total return
fixed_economic_scale,1967-12-31,3,sector_Durbl,5.6599172825558375,-9.737759105354293,1970-12,total return
fixed_economic_scale,1967-12-31,3,sector_Manuf,-8.471857227193025,-21.810129289561875,1970-12,total return
fixed_economic_scale,1967-12-31,3,sector_Enrgy,7.336632920393726,-8.30538896247771,1970-12,total return
fixed_economic_scale,1967-12-31,3,sector_Chems,2.866744004664268,-12.123887031191316,1970-12,total return
fixed_economic_scale,1967-12-31,3,sector_BusEq,-18.444419759180754,-30.32940381437551,1970-12,total return
fixed_economic_scale,1967-12-31,3,sector_Telcm,9.676338787909366,-6.306645256559829,1970-12,total return
fixed_economic_scale,1967-12-31,3,sector_Utils,11.665863663808263,-4.60705114147032,1970-12,total return
fixed_economic_scale,1967-12-31,3,sector_Shops,28.40748742673218,9.694838505248615,1970-12,total return
fixed_economic_scale,1967-12-31,3,sector_Hlth,26.878697046743017,8.388836673097067,1970-12,total return
fixed_economic_scale,1967-12-31,3,sector_Money,30.870554718624277,11.798966342543359,1970-12,total return
fixed_economic_scale,1967-12-31,3,sector_Other,-15.224922303156575,-27.57907935445535,1970-12,total return
fixed_economic_scale,1967-12-31,3,Gold_spot_price,5.714285714285627,-9.691313711414274,1970-12,spot price (monthly-average marks)
fixed_economic_scale,1967-12-31,5,US_market_total,38.15425135899362,10.523401087194895,1972-12,total return
fixed_economic_scale,1967-12-31,5,T_bill_total,29.461540993871928,3.569232795097532,1972-12,total return
fixed_economic_scale,1967-12-31,5,sector_NoDur,56.768909202023195,25.415127361618552,1972-12,total return
fixed_economic_scale,1967-12-31,5,sector_Durbl,41.00688974921389,12.805511799371105,1972-12,total return
fixed_economic_scale,1967-12-31,5,sector_Manuf,27.817162686471587,2.2537301491772688,1972-12,total return
fixed_economic_scale,1967-12-31,5,sector_Enrgy,40.44990014521193,12.359920116169532,1972-12,total return
fixed_economic_scale,1967-12-31,5,sector_Chems,58.808746299207,27.046997039365593,1972-12,total return
fixed_economic_scale,1967-12-31,5,sector_BusEq,8.717862226106309,-13.02571021911495,1972-12,total return
fixed_economic_scale,1967-12-31,5,sector_Telcm,36.27378069615121,9.019024556920963,1972-12,total return
fixed_economic_scale,1967-12-31,5,sector_Utils,25.51587206232564,0.41269764986051616,1972-12,total return
fixed_economic_scale,1967-12-31,5,sector_Shops,93.34843287750267,54.67874630200213,1972-12,total return
fixed_economic_scale,1967-12-31,5,sector_Hlth,101.52417847385968,61.21934277908774,1972-12,total return
fixed_economic_scale,1967-12-31,5,sector_Money,80.80780680772455,44.646245446179634,1972-12,total return
fixed_economic_scale,1967-12-31,5,sector_Other,7.022393316278475,-14.382085346977224,1972-12,total return
fixed_economic_scale,1967-12-31,5,Gold_spot_price,82.85714285714268,46.28571428571413,1972-12,spot price (monthly-average marks)
fixed_economic_scale,2013-02-28,1,US_market_total,27.902430924367106,26.4851963821628,2014-02,total return
fixed_economic_scale,2013-02-28,1,T_bill_total,0.0,-1.1080591134678075,2014-02,total return
fixed_economic_scale,2013-02-28,1,sector_NoDur,14.022835047857619,12.75939463267548,2014-02,total return
fixed_economic_scale,2013-02-28,1,sector_Durbl,47.7532753769363,46.11608174367498,2014-02,total return
fixed_economic_scale,2013-02-28,1,sector_Manuf,33.50364665209597,32.02434732855557,2014-02,total return
fixed_economic_scale,2013-02-28,1,sector_Enrgy,14.137265862333104,12.872557486082536,2014-02,total return
fixed_economic_scale,2013-02-28,1,sector_Chems,20.398066852218655,19.063985100023583,2014-02,total return
fixed_economic_scale,2013-02-28,1,sector_BusEq,32.71556643967892,31.244999510753637,2014-02,total return
fixed_economic_scale,2013-02-28,1,sector_Telcm,25.14519284331651,23.758510128949297,2014-02,total return
fixed_economic_scale,2013-02-28,1,sector_Utils,14.651922241028426,13.381511167870697,2014-02,total return
fixed_economic_scale,2013-02-28,1,sector_Shops,25.372264403360532,23.983065601878153,2014-02,total return
fixed_economic_scale,2013-02-28,1,sector_Hlth,39.92999656984841,38.37948949038101,2014-02,total return
fixed_economic_scale,2013-02-28,1,sector_Money,32.30004272810534,30.834080047534762,2014-02,total return
fixed_economic_scale,2013-02-28,1,sector_Other,23.701274129198467,22.330590887734104,2014-02,total return
fixed_economic_scale,2013-02-28,1,Gold_spot_price,-20.14742014742018,-21.032233935815846,2014-02,spot price (monthly-average marks)
fixed_economic_scale,2013-02-28,3,US_market_total,33.38262817289468,30.910393950810544,2016-02,total return
fixed_economic_scale,2013-02-28,3,T_bill_total,0.04000500019998299,-1.8142268988624366,2016-02,total return
fixed_economic_scale,2013-02-28,3,sector_NoDur,46.40757668230226,43.69392628866016,2016-02,total return
fixed_economic_scale,2013-02-28,3,sector_Durbl,29.8896862149967,27.48219333713675,2016-02,total return
fixed_economic_scale,2013-02-28,3,sector_Manuf,26.232081266276897,23.892381745385194,2016-02,total return
fixed_economic_scale,2013-02-28,3,sector_Enrgy,-23.05689509608576,-24.48302816680541,2016-02,total return
fixed_economic_scale,2013-02-28,3,sector_Chems,21.133007316903154,18.887818642673125,2016-02,total return
fixed_economic_scale,2013-02-28,3,sector_BusEq,45.94758343935163,43.24245897635526,2016-02,total return
fixed_economic_scale,2013-02-28,3,sector_Telcm,35.35415602138778,32.84537971969701,2016-02,total return
fixed_economic_scale,2013-02-28,3,sector_Utils,22.78117961904689,20.505442229252722,2016-02,total return
fixed_economic_scale,2013-02-28,3,sector_Shops,48.06415446471502,45.31979956073804,2016-02,total return
fixed_economic_scale,2013-02-28,3,sector_Hlth,51.741578488148285,48.92906288255385,2016-02,total return
fixed_economic_scale,2013-02-28,3,sector_Money,33.49289618711191,31.0186181579587,2016-02,total return
fixed_economic_scale,2013-02-28,3,sector_Other,27.770243497532633,25.40203428719099,2016-02,total return
fixed_economic_scale,2013-02-28,3,Gold_spot_price,-26.289926289926314,-27.6561354375087,2016-02,spot price (monthly-average marks)
fixed_economic_scale,2013-02-28,5,US_market_total,100.50881584249373,87.17632834621614,2018-02,total return
fixed_economic_scale,2013-02-28,5,T_bill_total,1.2371610394308785,-5.494429180408245,2018-02,total return
fixed_economic_scale,2013-02-28,5,sector_NoDur,69.5887036198673,58.31219559690868,2018-02,total return
fixed_economic_scale,2013-02-28,5,sector_Durbl,73.05984335288633,61.55252788690406,2018-02,total return
fixed_economic_scale,2013-02-28,5,sector_Manuf,116.08027817798674,101.71239318053492,2018-02,total return
fixed_economic_scale,2013-02-28,5,sector_Enrgy,-3.085238979599292,-9.529418673544631,2018-02,total return
fixed_economic_scale,2013-02-28,5,sector_Chems,58.75230695453568,48.19634641692421,2018-02,total return
fixed_economic_scale,2013-02-28,5,sector_BusEq,157.65020599033593,140.51820042067607,2018-02,total return
fixed_economic_scale,2013-02-28,5,sector_Telcm,61.192046656572515,50.473859840106904,2018-02,total return
fixed_economic_scale,2013-02-28,5,sector_Utils,44.031883913346334,34.45473248850097,2018-02,total return
fixed_economic_scale,2013-02-28,5,sector_Shops,106.32456639195556,92.60537060479123,2018-02,total return
fixed_economic_scale,2013-02-28,5,sector_Hlth,109.60935090973183,95.67173904780688,2018-02,total return
fixed_economic_scale,2013-02-28,5,sector_Money,135.93220867770248,120.24430383946552,2018-02,total return
fixed_economic_scale,2013-02-28,5,sector_Other,87.48841868823709,75.0217000187629,2018-02,total return
fixed_economic_scale,2013-02-28,5,Gold_spot_price,-18.243243243243256,-23.67951761659508,2018-02,spot price (monthly-average marks)
fixed_economic_scale,1993-11-30,1,US_market_total,0.4235015455335889,-2.123957105154184,1994-11,total return
fixed_economic_scale,1993-11-30,1,T_bill_total,3.690805124887264,1.0604642739221681,1994-11,total return
fixed_economic_scale,1993-11-30,1,sector_NoDur,2.5471317286773765,-0.0541973805948226,1994-11,total return
fixed_economic_scale,1993-11-30,1,sector_Durbl,-14.34037798829083,-16.513319000603886,1994-11,total return
fixed_economic_scale,1993-11-30,1,sector_Manuf,2.6710126537171863,0.06654103766827735,1994-11,total return
fixed_economic_scale,1993-11-30,1,sector_Enrgy,4.235684312331411,1.5915214259037747,1994-11,total return
fixed_economic_scale,1993-11-30,1,sector_Chems,11.6786741260972,8.845703754407142,1994-11,total return
fixed_economic_scale,1993-11-30,1,sector_BusEq,19.147679617952583,16.12524181723014,1994-11,total return
fixed_economic_scale,1993-11-30,1,sector_Telcm,-6.478048264281167,-8.850434222864155,1994-11,total return
fixed_economic_scale,1993-11-30,1,sector_Utils,-10.053078718079721,-12.334776320691853,1994-11,total return
fixed_economic_scale,1993-11-30,1,sector_Shops,-7.196736142450366,-9.550891033362841,1994-11,total return
fixed_economic_scale,1993-11-30,1,sector_Hlth,9.270619271916235,6.498734403870299,1994-11,total return
fixed_economic_scale,1993-11-30,1,sector_Money,-0.8344765956041167,-3.3500239182790548,1994-11,total return
fixed_economic_scale,1993-11-30,1,sector_Other,-8.894632513568546,-11.205716602009396,1994-11,total return
fixed_economic_scale,1993-11-30,1,Gold_spot_price,2.673796791443861,0.06925454973834011,1994-11,spot price (monthly-average marks)
fixed_economic_scale,1993-11-30,3,US_market_total,70.86027007099402,57.187141968274304,1996-11,total return
fixed_economic_scale,1993-11-30,3,T_bill_total,15.16687543406887,5.950622642558656,1996-11,total return
fixed_economic_scale,1993-11-30,3,sector_NoDur,71.70641077424132,57.96557008846401,1996-11,total return
fixed_economic_scale,1993-11-30,3,sector_Durbl,23.106497283732818,13.254874627756742,1996-11,total return
fixed_economic_scale,1993-11-30,3,sector_Manuf,78.96869097480696,64.64668482874494,1996-11,total return
fixed_economic_scale,1993-11-30,3,sector_Enrgy,67.8572474387503,54.42443683716161,1996-11,total return
fixed_economic_scale,1993-11-30,3,sector_Chems,88.18815646271085,73.12836070293503,1996-11,total return
fixed_economic_scale,1993-11-30,3,sector_BusEq,133.54289778837963,114.85357956586913,1996-11,total return
fixed_economic_scale,1993-11-30,3,sector_Telcm,29.263678054805386,18.919325746701876,1996-11,total return
fixed_economic_scale,1993-11-30,3,sector_Utils,26.302626791956563,16.195233217553007,1996-11,total return
fixed_economic_scale,1993-11-30,3,sector_Shops,28.732866518350498,18.43099251215612,1996-11,total return
fixed_economic_scale,1993-11-30,3,sector_Hlth,106.81286171939743,90.26262010732218,1996-11,total return
fixed_economic_scale,1993-11-30,3,sector_Money,102.87850126305757,86.6431076522143,1996-11,total return
fixed_economic_scale,1993-11-30,3,sector_Other,36.1232292036872,25.229939910134426,1996-11,total return
fixed_economic_scale,1993-11-30,3,Gold_spot_price,1.0695187165775,-7.018590216633158,1996-11,spot price (monthly-average marks)
fixed_economic_scale,1993-11-30,5,US_market_total,158.32923295270837,129.8358806282476,1998-11,total return
fixed_economic_scale,1993-11-30,5,T_bill_total,27.2016947464518,13.171526099829167,1998-11,total return
fixed_economic_scale,1993-11-30,5,sector_NoDur,149.3430926786659,121.84089903159796,1998-11,total return
fixed_economic_scale,1993-11-30,5,sector_Durbl,91.22810869683997,70.13591632991249,1998-11,total return
fixed_economic_scale,1993-11-30,5,sector_Manuf,126.93942934223115,101.90832836054695,1998-11,total return
fixed_economic_scale,1993-11-30,5,sector_Enrgy,102.60256684407824,80.25578768577348,1998-11,total return
fixed_economic_scale,1993-11-30,5,sector_Chems,146.06814633613564,118.9271746805351,1998-11,total return
fixed_economic_scale,1993-11-30,5,sector_BusEq,289.4739578610446,246.51552618959488,1998-11,total return
fixed_economic_scale,1993-11-30,5,sector_Telcm,142.7009513460851,115.93137657847916,1998-11,total return
fixed_economic_scale,1993-11-30,5,sector_Utils,74.43329733338624,55.1935491205021,1998-11,total return
fixed_economic_scale,1993-11-30,5,sector_Shops,113.6366459659441,90.0728233456907,1998-11,total return
fixed_economic_scale,1993-11-30,5,sector_Hlth,264.8333413276473,224.59273512392758,1998-11,total return
fixed_economic_scale,1993-11-30,5,sector_Money,215.49507780489293,180.6964129159925,1998-11,total return
fixed_economic_scale,1993-11-30,5,sector_Other,62.77702337104092,44.822945838951725,1998-11,total return
fixed_economic_scale,1993-11-30,5,Gold_spot_price,-21.39037433155082,-30.06090586475575,1998-11,spot price (monthly-average marks)
fixed_economic_scale,1973-05-31,1,US_market_total,-14.603887401630178,-22.86235919612273,1974-05,total return
fixed_economic_scale,1973-05-31,1,T_bill_total,7.9236758346850955,-2.51338746620009,1974-05,total return
fixed_economic_scale,1973-05-31,1,sector_NoDur,-17.641133322271873,-25.60587968822501,1974-05,total return
fixed_economic_scale,1973-05-31,1,sector_Durbl,-15.72664270873907,-23.87653528628899,1974-05,total return
fixed_economic_scale,1973-05-31,1,sector_Manuf,-10.583563869737278,-19.230832384392315,1974-05,total return
fixed_economic_scale,1973-05-31,1,sector_Enrgy,-12.433264706772517,-20.901652687804805,1974-05,total return
fixed_economic_scale,1973-05-31,1,sector_Chems,-5.614318649116834,-14.742152030786604,1974-05,total return
fixed_economic_scale,1973-05-31,1,sector_BusEq,-22.107870205939395,-29.640648190138673,1974-05,total return
fixed_economic_scale,1973-05-31,1,sector_Telcm,-8.014899568114242,-16.9105780049427,1974-05,total return
fixed_economic_scale,1973-05-31,1,sector_Utils,-25.198360233619464,-32.43226366781676,1974-05,total return
fixed_economic_scale,1973-05-31,1,sector_Shops,-13.277263749626433,-21.66403042404528,1974-05,total return
fixed_economic_scale,1973-05-31,1,sector_Hlth,-13.752744861909383,-22.093528795016915,1974-05,total return
fixed_economic_scale,1973-05-31,1,sector_Money,-16.523470095337533,-24.596303234265793,1974-05,total return
fixed_economic_scale,1973-05-31,1,sector_Other,-14.726622920694165,-22.973225230832796,1974-05,total return
fixed_economic_scale,1973-05-31,1,Gold_spot_price,59.803921568627416,44.3496328572581,1974-05,spot price (monthly-average marks)
fixed_economic_scale,1973-05-31,3,US_market_total,7.905476620957419,-16.00974426134698,1976-05,total return
fixed_economic_scale,1973-05-31,3,T_bill_total,21.778601582674682,-5.211336711357828,1976-05,total return
fixed_economic_scale,1973-05-31,3,sector_NoDur,4.711112028573772,-18.496137977759076,1976-05,total return
fixed_economic_scale,1973-05-31,3,sector_Durbl,13.638251571322236,-11.54753113508784,1976-05,total return
fixed_economic_scale,1973-05-31,3,sector_Manuf,13.7669677714916,-11.447342461551758,1976-05,total return
fixed_economic_scale,1973-05-31,3,sector_Enrgy,28.51081548135934,0.028808504107713517,1976-05,total return
fixed_economic_scale,1973-05-31,3,sector_Chems,17.81032506965612,-8.30011931634923,1976-05,total return
fixed_economic_scale,1973-05-31,3,sector_BusEq,0.2512435139252478,-21.967560456359603,1976-05,total return
fixed_economic_scale,1973-05-31,3,sector_Telcm,26.25602939370657,-1.7262466244021613,1976-05,total return
fixed_economic_scale,1973-05-31,3,sector_Utils,8.622558595877639,-15.451590029095241,1976-05,total return
fixed_economic_scale,1973-05-31,3,sector_Shops,-0.5721060986173976,-22.608430101583398,1976-05,total return
fixed_economic_scale,1973-05-31,3,sector_Hlth,-23.624358185050497,-40.55158376460491,1976-05,total return
fixed_economic_scale,1973-05-31,3,sector_Money,-6.474487197371303,-27.202659361074478,1976-05,total return
fixed_economic_scale,1973-05-31,3,sector_Other,8.553514610916334,-15.505331712425052,1976-05,total return
fixed_economic_scale,1973-05-31,3,Gold_spot_price,24.509803921568608,-3.085454039771962,1976-05,spot price (monthly-average marks)
fixed_economic_scale,1973-05-31,5,US_market_total,24.86142372023281,-15.016798429174871,1978-05,total return
fixed_economic_scale,1973-05-31,5,T_bill_total,35.242815982929976,-7.951013617819747,1978-05,total return
fixed_economic_scale,1973-05-31,5,sector_NoDur,28.803374196684707,-12.33382748473707,1978-05,total return
fixed_economic_scale,1973-05-31,5,sector_Durbl,28.476351862905247,-12.556405476255183,1978-05,total return
fixed_economic_scale,1973-05-31,5,sector_Manuf,20.106941675297207,-18.25279473572795,1978-05,total return
fixed_economic_scale,1973-05-31,5,sector_Enrgy,45.609007524586744,-0.8955747235758427,1978-05,total return
fixed_economic_scale,1973-05-31,5,sector_Chems,7.377691488383831,-26.916578971472095,1978-05,total return
fixed_economic_scale,1973-05-31,5,sector_BusEq,15.193565754020021,-21.596937417031338,1978-05,total return
fixed_economic_scale,1973-05-31,5,sector_Telcm,65.49808140277872,12.641329822976521,1978-05,total return
fixed_economic_scale,1973-05-31,5,sector_Utils,43.18036033713013,-2.5485609488370087,1978-05,total return
fixed_economic_scale,1973-05-31,5,sector_Shops,7.162536250892226,-27.063017962571024,1978-05,total return
fixed_economic_scale,1973-05-31,5,sector_Hlth,-16.06130571738591,-42.86963288361615,1978-05,total return
fixed_economic_scale,1973-05-31,5,sector_Money,25.0011519936012,-14.921696550091589,1978-05,total return
fixed_economic_scale,1973-05-31,5,sector_Other,39.249307875988414,-5.224114484404785,1978-05,total return
fixed_economic_scale,1973-05-31,5,Gold_spot_price,72.54901960784306,17.440340477276138,1978-05,spot price (monthly-average marks)
fixed_economic_scale,1988-11-30,1,US_market_total,29.262512909940597,23.512949190356245,1989-11,total return
fixed_economic_scale,1988-11-30,1,T_bill_total,8.39658972734465,3.5751369674309696,1989-11,total return
fixed_economic_scale,1988-11-30,1,sector_NoDur,38.66388219186854,32.49614795616984,1989-11,total return
fixed_economic_scale,1988-11-30,1,sector_Durbl,4.905737255894249,0.2395567266407994,1989-11,total return
fixed_economic_scale,1988-11-30,1,sector_Manuf,23.317511304689397,17.832379745465698,1989-11,total return
fixed_economic_scale,1988-11-30,1,sector_Enrgy,31.881027380955263,26.01499280324795,1989-11,total return
fixed_economic_scale,1988-11-30,1,sector_Chems,32.500094657926624,26.606524125087926,1989-11,total return
fixed_economic_scale,1988-11-30,1,sector_BusEq,2.1560208263385894,-2.387853015023589,1989-11,total return
fixed_economic_scale,1988-11-30,1,sector_Telcm,51.71439433700598,44.966176638139935,1989-11,total return
fixed_economic_scale,1988-11-30,1,sector_Utils,27.558010758800933,21.884262861666002,1989-11,total return
fixed_economic_scale,1988-11-30,1,sector_Shops,25.304563200020034,19.73104807754098,1989-11,total return
fixed_economic_scale,1988-11-30,1,sector_Hlth,45.865805336636825,39.37773138997147,1989-11,total return
fixed_economic_scale,1988-11-30,1,sector_Money,30.3213404644183,24.52468036433295,1989-11,total return
fixed_economic_scale,1988-11-30,1,sector_Other,33.201420704303054,27.27665536717756,1989-11,total return
fixed_economic_scale,1988-11-30,1,Gold_spot_price,-6.1904761904761685,-10.363099965959366,1989-11,spot price (monthly-average marks)
fixed_economic_scale,1988-11-30,3,US_market_total,49.870302555822434,30.83742668697702,1991-11,total return
fixed_economic_scale,1988-11-30,3,T_bill_total,23.720038238895125,8.00813207648099,1991-11,total return
fixed_economic_scale,1988-11-30,3,sector_NoDur,87.48943458153389,63.67909274425634,1991-11,total return
fixed_economic_scale,1988-11-30,3,sector_Durbl,-11.04569295083242,-22.34250262688783,1991-11,total return
fixed_economic_scale,1988-11-30,3,sector_Manuf,34.74700341850729,17.634720691193206,1991-11,total return
fixed_economic_scale,1988-11-30,3,sector_Enrgy,44.42903332684642,26.087174958052394,1991-11,total return
fixed_economic_scale,1988-11-30,3,sector_Chems,56.26836951463321,36.42296700007526,1991-11,total return
fixed_economic_scale,1988-11-30,3,sector_BusEq,16.651435866453678,1.8372114276805185,1991-11,total return
fixed_economic_scale,1988-11-30,3,sector_Telcm,42.375795682276674,24.294689554266192,1991-11,total return
fixed_economic_scale,1988-11-30,3,sector_Utils,56.52081322691862,36.643351460074804,1991-11,total return
fixed_economic_scale,1988-11-30,3,sector_Shops,66.31470389687102,45.19346065887939,1991-11,total return
fixed_economic_scale,1988-11-30,3,sector_Hlth,141.54612178901954,110.87081604658233,1991-11,total return
fixed_economic_scale,1988-11-30,3,sector_Money,34.953044462505,17.814595419734026,1991-11,total return
fixed_economic_scale,1988-11-30,3,sector_Other,29.426963328016488,12.990302528014364,1991-11,total return
fixed_economic_scale,1988-11-30,3,Gold_spot_price,-14.28571428571429,-25.17105535973463,1991-11,spot price (monthly-average marks)
fixed_economic_scale,1988-11-30,5,US_market_total,99.672287255954,64.52449422528264,1993-11,total return
fixed_economic_scale,1988-11-30,5,T_bill_total,31.964407382641504,8.73505622008064,1993-11,total return
fixed_economic_scale,1988-11-30,5,sector_NoDur,116.34445786241466,78.26190603320877,1993-11,total return
fixed_economic_scale,1988-11-30,5,sector_Durbl,81.82088341182454,49.81542653727733,1993-11,total return
fixed_economic_scale,1988-11-30,5,sector_Manuf,90.64239000273979,57.08410628307943,1993-11,total return
fixed_economic_scale,1988-11-30,5,sector_Enrgy,74.37808411223475,43.682763826724916,1993-11,total return
fixed_economic_scale,1988-11-30,5,sector_Chems,105.56335125023399,69.3785695575558,1993-11,total return
fixed_economic_scale,1988-11-30,5,sector_BusEq,64.89460720690813,35.86863867802088,1993-11,total return
fixed_economic_scale,1988-11-30,5,sector_Telcm,120.0978127967911,81.35456766749294,1993-11,total return
fixed_economic_scale,1988-11-30,5,sector_Utils,97.86124855288605,63.03224795145337,1993-11,total return
fixed_economic_scale,1988-11-30,5,sector_Shops,130.4068621125588,89.84894186397827,1993-11,total return
fixed_economic_scale,1988-11-30,5,sector_Hlth,117.04988176601626,78.8431560030942,1993-11,total return
fixed_economic_scale,1988-11-30,5,sector_Money,113.87662731032569,76.22848127008342,1993-11,total return
fixed_economic_scale,1988-11-30,5,sector_Other,81.20025707301181,49.30404743755699,1993-11,total return
fixed_economic_scale,1988-11-30,5,Gold_spot_price,-10.952380952380947,-26.627201565557723,1993-11,spot price (monthly-average marks)
full_sample_diagnostic,2017-10-31,1,US_market_total,7.341994875495295,4.732038470099154,2018-10,total return
full_sample_diagnostic,2017-10-31,1,T_bill_total,1.6015825943296313,-0.8687991197239286,2018-10,total return
full_sample_diagnostic,2017-10-31,1,sector_NoDur,2.183922539136973,-0.30061842238381375,2018-10,total return
full_sample_diagnostic,2017-10-31,1,sector_Durbl,-14.440252090462536,-16.520586188590556,2018-10,total return
full_sample_diagnostic,2017-10-31,1,sector_Manuf,-3.2009822457672144,-5.554592468092123,2018-10,total return
full_sample_diagnostic,2017-10-31,1,sector_Enrgy,4.6394126198110675,2.095167885578819,2018-10,total return
full_sample_diagnostic,2017-10-31,1,sector_Chems,-3.0069674441820182,-5.3652950203694765,2018-10,total return
full_sample_diagnostic,2017-10-31,1,sector_BusEq,11.946135181303097,9.224231858054143,2018-10,total return
full_sample_diagnostic,2017-10-31,1,sector_Telcm,11.749184720762408,9.032070130167714,2018-10,total return
full_sample_diagnostic,2017-10-31,1,sector_Utils,0.41736461032173544,-2.0242235517177076,2018-10,total return
full_sample_diagnostic,2017-10-31,1,sector_Shops,23.690959943972633,20.683488231062764,2018-10,total return
full_sample_diagnostic,2017-10-31,1,sector_Hlth,9.719314605571917,7.051555092786321,2018-10,total return
full_sample_diagnostic,2017-10-31,1,sector_Money,4.048315336373398,1.5184427790595034,2018-10,total return
full_sample_diagnostic,2017-10-31,1,sector_Other,2.899030077571907,0.3971017039515967,2018-10,total return
full_sample_diagnostic,2017-10-31,1,Gold_spot_price,-5.078125000000011,-7.3860936189530495,2018-10,spot price (monthly-average marks)
full_sample_diagnostic,2017-10-31,3,US_market_total,36.4587912373634,29.280943180121245,2020-10,total return
full_sample_diagnostic,2017-10-31,3,T_bill_total,4.609483448146601,-0.8930640295844672,2020-10,total return
full_sample_diagnostic,2017-10-31,3,sector_NoDur,7.213487183594269,1.5739669026890724,2020-10,total return
full_sample_diagnostic,2017-10-31,3,sector_Durbl,78.12686691508743,68.75724276676061,2020-10,total return
full_sample_diagnostic,2017-10-31,3,sector_Manuf,9.056983404326434,3.320493659991808,2020-10,total return
full_sample_diagnostic,2017-10-31,3,sector_Enrgy,-52.57651156287331,-55.07102724236492,2020-10,total return
full_sample_diagnostic,2017-10-31,3,sector_Chems,28.499459125791194,21.740278682529436,2020-10,total return
full_sample_diagnostic,2017-10-31,3,sector_BusEq,82.73012707081138,73.11836753739038,2020-10,total return
full_sample_diagnostic,2017-10-31,3,sector_Telcm,25.769039362980894,19.153481313060226,2020-10,total return
full_sample_diagnostic,2017-10-31,3,sector_Utils,14.035895205119564,8.03751048082475,2020-10,total return
full_sample_diagnostic,2017-10-31,3,sector_Shops,80.66273046747018,71.15971774734189,2020-10,total return
full_sample_diagnostic,2017-10-31,3,sector_Hlth,32.86724910154699,25.87831920419994,2020-10,total return
full_sample_diagnostic,2017-10-31,3,sector_Money,3.528442075427707,-1.9172417100002948,2020-10,total return
full_sample_diagnostic,2017-10-31,3,sector_Other,22.54017627983602,16.094459164297792,2020-10,total return
full_sample_diagnostic,2017-10-31,3,Gold_spot_price,48.437500000000064,40.62956171082408,2020-10,spot price (monthly-average marks)
full_sample_diagnostic,2017-10-31,5,US_market_total,61.56313552639179,33.70716077921625,2022-10,total return
full_sample_diagnostic,2017-10-31,5,T_bill_total,5.459543488520202,-12.723307263252936,2022-10,total return
full_sample_diagnostic,2017-10-31,5,sector_NoDur,36.84914000407677,13.254239003263123,2022-10,total return
full_sample_diagnostic,2017-10-31,5,sector_Durbl,162.38575423186506,117.1464060347171,2022-10,total return
full_sample_diagnostic,2017-10-31,5,sector_Manuf,37.5387578207586,13.82495607922769,2022-10,total return
full_sample_diagnostic,2017-10-31,5,sector_Enrgy,77.22944162580299,46.67235424136105,2022-10,total return
full_sample_diagnostic,2017-10-31,5,sector_Chems,37.03961775304339,13.411875452462784,2022-10,total return
full_sample_diagnostic,2017-10-31,5,sector_BusEq,95.14726548100431,61.50086909541776,2022-10,total return
full_sample_diagnostic,2017-10-31,5,sector_Telcm,13.393225919349439,-6.157513965828077,2022-10,total return
full_sample_diagnostic,2017-10-31,5,sector_Utils,37.941195997614145,14.15800771158926,2022-10,total return
full_sample_diagnostic,2017-10-31,5,sector_Shops,86.77205636311025,54.56967511705572,2022-10,total return
full_sample_diagnostic,2017-10-31,5,sector_Hlth,58.02965090072607,30.782903364828563,2022-10,total return
full_sample_diagnostic,2017-10-31,5,sector_Money,53.55800706231819,27.08223984588041,2022-10,total return
full_sample_diagnostic,2017-10-31,5,sector_Other,36.92209568854909,13.314616003262024,2022-10,total return
full_sample_diagnostic,2017-10-31,5,Gold_spot_price,29.999999999999982,7.585996302100262,2022-10,spot price (monthly-average marks)
full_sample_diagnostic,2005-03-31,1,US_market_total,14.406906659503482,10.625807090386186,2006-03,total return
full_sample_diagnostic,2005-03-31,1,T_bill_total,3.5255721314592092,0.10409603697933978,2006-03,total return
full_sample_diagnostic,2005-03-31,1,sector_NoDur,4.767404822380583,1.3048866860375208,2006-03,total return
full_sample_diagnostic,2005-03-31,1,sector_Durbl,0.8006840726811459,-2.530735631273262,2006-03,total return
full_sample_diagnostic,2005-03-31,1,sector_Manuf,23.887953740347378,19.79350960070645,2006-03,total return
full_sample_diagnostic,2005-03-31,1,sector_Enrgy,20.03285479417485,16.06582003382655,2006-03,total return
full_sample_diagnostic,2005-03-31,1,sector_Chems,2.044311684968547,-1.3282093822362229,2006-03,total return
full_sample_diagnostic,2005-03-31,1,sector_BusEq,17.511173141824088,13.627478886761303,2006-03,total return
full_sample_diagnostic,2005-03-31,1,sector_Telcm,6.880469400760347,3.348115379503369,2006-03,total return
full_sample_diagnostic,2005-03-31,1,sector_Utils,11.675955045126884,7.9851122644667205,2006-03,total return
full_sample_diagnostic,2005-03-31,1,sector_Shops,12.622566533807177,8.900438646360364,2006-03,total return
full_sample_diagnostic,2005-03-31,1,sector_Hlth,9.401186390708105,5.785523745847443,2006-03,total return
full_sample_diagnostic,2005-03-31,1,sector_Money,18.41057427071815,14.497155191165124,2006-03,total return
full_sample_diagnostic,2005-03-31,1,sector_Other,13.771619006305503,10.01151542372356,2006-03,total return
full_sample_diagnostic,2005-03-31,1,Gold_spot_price,28.34101382488474,24.09939794484348,2006-03,spot price (monthly-average marks)
full_sample_diagnostic,2005-03-31,3,US_market_total,19.817727868316194,8.39550265812683,2008-03,total return
full_sample_diagnostic,2005-03-31,3,T_bill_total,12.950730445985137,2.183136169557587,2008-03,total return
full_sample_diagnostic,2005-03-31,3,sector_NoDur,30.053486930842354,17.65548670564099,2008-03,total return
full_sample_diagnostic,2005-03-31,3,sector_Durbl,-7.038229498050363,-15.900276020733505,2008-03,total return
full_sample_diagnostic,2005-03-31,3,sector_Manuf,46.430364522816944,32.47115639104583,2008-03,total return
full_sample_diagnostic,2005-03-31,3,sector_Enrgy,69.25999385475106,53.124436927740845,2008-03,total return
full_sample_diagnostic,2005-03-31,3,sector_Chems,35.16565961007316,22.28031591162778,2008-03,total return
full_sample_diagnostic,2005-03-31,3,sector_BusEq,20.62421426863621,9.125106701743047,2008-03,total return
full_sample_diagnostic,2005-03-31,3,sector_Telcm,16.603236879710014,5.4874491279937265,2008-03,total return
full_sample_diagnostic,2005-03-31,3,sector_Utils,46.13727404335035,32.206006229952735,2008-03,total return
full_sample_diagnostic,2005-03-31,3,sector_Shops,9.451082659772304,-0.9828901577806692,2008-03,total return
full_sample_diagnostic,2005-03-31,3,sector_Hlth,11.28261617201105,0.6740432462020385,2008-03,total return
full_sample_diagnostic,2005-03-31,3,sector_Money,-4.28484831060596,-13.409374689751186,2008-03,total return
full_sample_diagnostic,2005-03-31,3,sector_Other,21.487206041022322,9.905829459734505,2008-03,total return
full_sample_diagnostic,2005-03-31,3,Gold_spot_price,123.04147465437777,101.77892861849416,2008-03,spot price (monthly-average marks)
full_sample_diagnostic,2005-03-31,5,US_market_total,14.722551850812525,1.921412459878158,2010-03,total return
full_sample_diagnostic,2005-03-31,5,T_bill_total,14.279078472436302,1.5274233759251077,2010-03,total return
full_sample_diagnostic,2005-03-31,5,sector_NoDur,38.819765725076614,23.32977580945419,2010-03,total return
full_sample_diagnostic,2005-03-31,5,sector_Durbl,-5.950009314853554,-16.444432783068198,2010-03,total return
full_sample_diagnostic,2005-03-31,5,sector_Manuf,33.331885460539866,18.45425221842003,2010-03,total return
full_sample_diagnostic,2005-03-31,5,sector_Enrgy,38.10957278557918,22.69882865612778,2010-03,total return
full_sample_diagnostic,2005-03-31,5,sector_Chems,31.772684338327117,17.069032153827955,2010-03,total return
full_sample_diagnostic,2005-03-31,5,sector_BusEq,33.774006178119784,18.847039576149992,2010-03,total return
full_sample_diagnostic,2005-03-31,5,sector_Telcm,11.619440822820204,-0.8354426997254194,2010-03,total return
full_sample_diagnostic,2005-03-31,5,sector_Utils,30.003606650039227,15.497354276787423,2010-03,total return
full_sample_diagnostic,2005-03-31,5,sector_Shops,24.32519098615684,10.452555885710746,2010-03,total return
full_sample_diagnostic,2005-03-31,5,sector_Hlth,23.882557441327567,10.059312923770802,2010-03,total return
full_sample_diagnostic,2005-03-31,5,sector_Money,-25.91135764322532,-34.17842477861731,2010-03,total return
full_sample_diagnostic,2005-03-31,5,sector_Other,0.8569215555678467,-10.397042817995839,2010-03,total return
full_sample_diagnostic,2005-03-31,5,Gold_spot_price,156.4516129032258,127.8358543549567,2010-03,spot price (monthly-average marks)
full_sample_diagnostic,2000-03-31,1,US_market_total,-25.74785022935626,-27.898253203974555,2001-03,total return
full_sample_diagnostic,2000-03-31,1,T_bill_total,5.914348279943282,2.846982145771171,2001-03,total return
full_sample_diagnostic,2000-03-31,1,sector_NoDur,19.15632295327576,15.705458404373406,2001-03,total return
full_sample_diagnostic,2000-03-31,1,sector_Durbl,-9.647382421273253,-12.264068109243187,2001-03,total return
full_sample_diagnostic,2000-03-31,1,sector_Manuf,-7.760884019483861,-10.432204243791809,2001-03,total return
full_sample_diagnostic,2000-03-31,1,sector_Enrgy,10.291646478803829,7.097510209400659,2001-03,total return
full_sample_diagnostic,2000-03-31,1,sector_Chems,-1.8406973704312768,-4.683471041134279,2001-03,total return
full_sample_diagnostic,2000-03-31,1,sector_BusEq,-60.48707148683376,-61.63139820697656,2001-03,total return
full_sample_diagnostic,2000-03-31,1,sector_Telcm,-41.80587342269855,-43.49122291471579,2001-03,total return
full_sample_diagnostic,2000-03-31,1,sector_Utils,39.458244564330556,35.41941976434144,2001-03,total return
full_sample_diagnostic,2000-03-31,1,sector_Shops,-9.690544418917057,-12.305980100140912,2001-03,total return
full_sample_diagnostic,2000-03-31,1,sector_Hlth,7.367904699616501,4.258442382932559,2001-03,total return
full_sample_diagnostic,2000-03-31,1,sector_Money,12.29536265101805,9.043197122794378,2001-03,total return
full_sample_diagnostic,2000-03-31,1,sector_Other,-15.63968398708685,-18.08282772170272,2001-03,total return
full_sample_diagnostic,2000-03-31,1,Gold_spot_price,-8.041958041958042,-10.705138132736082,2001-03,spot price (monthly-average marks)
full_sample_diagnostic,2000-03-31,3,US_market_total,-42.31665497183978,-46.36295813042198,2003-03,total return
full_sample_diagnostic,2000-03-31,3,T_bill_total,10.595957603734796,2.8380029920535677,2003-03,total return
full_sample_diagnostic,2000-03-31,3,sector_NoDur,11.630117887121294,3.7996202213036456,2003-03,total return
full_sample_diagnostic,2000-03-31,3,sector_Durbl,-32.21651007508226,-36.97130626883669,2003-03,total return
full_sample_diagnostic,2000-03-31,3,sector_Manuf,-22.54921464164018,-27.98214085764258,2003-03,total return
full_sample_diagnostic,2000-03-31,3,sector_Enrgy,-1.8066448510803634,-8.694596354185657,2003-03,total return
full_sample_diagnostic,2000-03-31,3,sector_Chems,9.168643579345392,1.5108105060797294,2003-03,total return
full_sample_diagnostic,2000-03-31,3,sector_BusEq,-75.63646929946735,-77.34549347585055,2003-03,total return
full_sample_diagnostic,2000-03-31,3,sector_Telcm,-69.1835724776732,-71.34524683894571,2003-03,total return
full_sample_diagnostic,2000-03-31,3,sector_Utils,-1.425086346642157,-8.339802965066934,2003-03,total return
full_sample_diagnostic,2000-03-31,3,sector_Shops,-24.939042586265835,-30.204329974178677,2003-03,total return
full_sample_diagnostic,2000-03-31,3,sector_Hlth,-11.187490177680715,-17.41740522231323,2003-03,total return
full_sample_diagnostic,2000-03-31,3,sector_Money,-0.9472493687851635,-7.895484731170543,2003-03,total return
full_sample_diagnostic,2000-03-31,3,sector_Other,-38.52257591778461,-42.83502165275242,2003-03,total return
full_sample_diagnostic,2000-03-31,3,Gold_spot_price,19.230769230769273,10.867110051449401,2003-03,spot price (monthly-average marks)
full_sample_diagnostic,2000-03-31,5,US_market_total,-14.310336004676428,-24.117387140340085,2005-03,total return
full_sample_diagnostic,2000-03-31,5,T_bill_total,13.326087291472955,0.3560897298906074,2005-03,total return
full_sample_diagnostic,2000-03-31,5,sector_NoDur,62.200968842804286,43.6373157541146,2005-03,total return
full_sample_diagnostic,2000-03-31,5,sector_Durbl,3.5947400377110084,-8.261519697314434,2005-03,total return
full_sample_diagnostic,2000-03-31,5,sector_Manuf,33.47930864173678,18.20280568481092,2005-03,total return
full_sample_diagnostic,2000-03-31,5,sector_Enrgy,94.77662628625703,72.48473896918671,2005-03,total return
full_sample_diagnostic,2000-03-31,5,sector_Chems,59.50956049553247,41.25393498050778,2005-03,total return
full_sample_diagnostic,2000-03-31,5,sector_BusEq,-64.95945656807622,-68.96979323221665,2005-03,total return
full_sample_diagnostic,2000-03-31,5,sector_Telcm,-58.36186582348445,-63.12728666916541,2005-03,total return
full_sample_diagnostic,2000-03-31,5,sector_Utils,67.08492532363854,47.9623108769663,2005-03,total return
full_sample_diagnostic,2000-03-31,5,sector_Shops,10.748699023617458,-1.9263203881999758,2005-03,total return
full_sample_diagnostic,2000-03-31,5,sector_Hlth,4.478133884423974,-7.4792289267918255,2005-03,total return
full_sample_diagnostic,2000-03-31,5,sector_Money,48.32805265473075,31.352133630030842,2005-03,total return
full_sample_diagnostic,2000-03-31,5,sector_Other,-1.214173581099398,-12.520060499057472,2005-03,total return
full_sample_diagnostic,2000-03-31,5,Gold_spot_price,51.74825174825188,34.38089616235666,2005-03,spot price (monthly-average marks)
full_sample_diagnostic,1967-12-31,1,US_market_total,14.135085333978736,9.005418577395407,1968-12,total return
full_sample_diagnostic,1967-12-31,1,T_bill_total,5.220876393709961,0.49184824118366777,1968-12,total return
full_sample_diagnostic,1967-12-31,1,sector_NoDur,24.403445408145252,18.812279322385915,1968-12,total return
full_sample_diagnostic,1967-12-31,1,sector_Durbl,7.086760482083343,2.2738723705290287,1968-12,total return
full_sample_diagnostic,1967-12-31,1,sector_Manuf,11.522192350416605,6.509958986352937,1968-12,total return
full_sample_diagnostic,1967-12-31,1,sector_Enrgy,23.45939956761054,17.910662508392083,1968-12,total return
full_sample_diagnostic,1967-12-31,1,sector_Chems,6.3448601987616815,1.5653159201656441,1968-12,total return
full_sample_diagnostic,1967-12-31,1,sector_BusEq,-0.8716358098170507,-5.32684318915112,1968-12,total return
full_sample_diagnostic,1967-12-31,1,sector_Telcm,10.609014491966185,5.637822829405903,1968-12,total return
full_sample_diagnostic,1967-12-31,1,sector_Utils,11.778999641849254,6.755224377047031,1968-12,total return
full_sample_diagnostic,1967-12-31,1,sector_Shops,27.720191667126247,21.97995833377224,1968-12,total return
full_sample_diagnostic,1967-12-31,1,sector_Hlth,10.256784924022288,5.30142380384151,1968-12,total return
full_sample_diagnostic,1967-12-31,1,sector_Money,53.28953395684772,46.40011670036017,1968-12,total return
full_sample_diagnostic,1967-12-31,1,sector_Other,23.26063862062535,17.720834637675885,1968-12,total return
full_sample_diagnostic,1967-12-31,1,Gold_spot_price,17.142857142857082,11.878009630818553,1968-12,spot price (monthly-average marks)
full_sample_diagnostic,1967-12-31,3,US_market_total,1.7239211100363194,-13.100167895948855,1970-12,total return
full_sample_diagnostic,1967-12-31,3,T_bill_total,19.440991647408357,2.0350179902483667,1970-12,total return
full_sample_diagnostic,1967-12-31,3,sector_NoDur,17.562609909871597,0.4303702747646909,1970-12,total return
full_sample_diagnostic,1967-12-31,3,sector_Durbl,5.6599172825558375,-9.737759105354293,1970-12,total return
full_sample_diagnostic,1967-12-31,3,sector_Manuf,-8.471857227193025,-21.810129289561875,1970-12,total return
full_sample_diagnostic,1967-12-31,3,sector_Enrgy,7.336632920393726,-8.30538896247771,1970-12,total return
full_sample_diagnostic,1967-12-31,3,sector_Chems,2.866744004664268,-12.123887031191316,1970-12,total return
full_sample_diagnostic,1967-12-31,3,sector_BusEq,-18.444419759180754,-30.32940381437551,1970-12,total return
full_sample_diagnostic,1967-12-31,3,sector_Telcm,9.676338787909366,-6.306645256559829,1970-12,total return
full_sample_diagnostic,1967-12-31,3,sector_Utils,11.665863663808263,-4.60705114147032,1970-12,total return
full_sample_diagnostic,1967-12-31,3,sector_Shops,28.40748742673218,9.694838505248615,1970-12,total return
full_sample_diagnostic,1967-12-31,3,sector_Hlth,26.878697046743017,8.388836673097067,1970-12,total return
full_sample_diagnostic,1967-12-31,3,sector_Money,30.870554718624277,11.798966342543359,1970-12,total return
full_sample_diagnostic,1967-12-31,3,sector_Other,-15.224922303156575,-27.57907935445535,1970-12,total return
full_sample_diagnostic,1967-12-31,3,Gold_spot_price,5.714285714285627,-9.691313711414274,1970-12,spot price (monthly-average marks)
full_sample_diagnostic,1967-12-31,5,US_market_total,38.15425135899362,10.523401087194895,1972-12,total return
full_sample_diagnostic,1967-12-31,5,T_bill_total,29.461540993871928,3.569232795097532,1972-12,total return
full_sample_diagnostic,1967-12-31,5,sector_NoDur,56.768909202023195,25.415127361618552,1972-12,total return
full_sample_diagnostic,1967-12-31,5,sector_Durbl,41.00688974921389,12.805511799371105,1972-12,total return
full_sample_diagnostic,1967-12-31,5,sector_Manuf,27.817162686471587,2.2537301491772688,1972-12,total return
full_sample_diagnostic,1967-12-31,5,sector_Enrgy,40.44990014521193,12.359920116169532,1972-12,total return
full_sample_diagnostic,1967-12-31,5,sector_Chems,58.808746299207,27.046997039365593,1972-12,total return
full_sample_diagnostic,1967-12-31,5,sector_BusEq,8.717862226106309,-13.02571021911495,1972-12,total return
full_sample_diagnostic,1967-12-31,5,sector_Telcm,36.27378069615121,9.019024556920963,1972-12,total return
full_sample_diagnostic,1967-12-31,5,sector_Utils,25.51587206232564,0.41269764986051616,1972-12,total return
full_sample_diagnostic,1967-12-31,5,sector_Shops,93.34843287750267,54.67874630200213,1972-12,total return
full_sample_diagnostic,1967-12-31,5,sector_Hlth,101.52417847385968,61.21934277908774,1972-12,total return
full_sample_diagnostic,1967-12-31,5,sector_Money,80.80780680772455,44.646245446179634,1972-12,total return
full_sample_diagnostic,1967-12-31,5,sector_Other,7.022393316278475,-14.382085346977224,1972-12,total return
full_sample_diagnostic,1967-12-31,5,Gold_spot_price,82.85714285714268,46.28571428571413,1972-12,spot price (monthly-average marks)
full_sample_diagnostic,1993-11-30,1,US_market_total,0.4235015455335889,-2.123957105154184,1994-11,total return
full_sample_diagnostic,1993-11-30,1,T_bill_total,3.690805124887264,1.0604642739221681,1994-11,total return
full_sample_diagnostic,1993-11-30,1,sector_NoDur,2.5471317286773765,-0.0541973805948226,1994-11,total return
full_sample_diagnostic,1993-11-30,1,sector_Durbl,-14.34037798829083,-16.513319000603886,1994-11,total return
full_sample_diagnostic,1993-11-30,1,sector_Manuf,2.6710126537171863,0.06654103766827735,1994-11,total return
full_sample_diagnostic,1993-11-30,1,sector_Enrgy,4.235684312331411,1.5915214259037747,1994-11,total return
full_sample_diagnostic,1993-11-30,1,sector_Chems,11.6786741260972,8.845703754407142,1994-11,total return
full_sample_diagnostic,1993-11-30,1,sector_BusEq,19.147679617952583,16.12524181723014,1994-11,total return
full_sample_diagnostic,1993-11-30,1,sector_Telcm,-6.478048264281167,-8.850434222864155,1994-11,total return
full_sample_diagnostic,1993-11-30,1,sector_Utils,-10.053078718079721,-12.334776320691853,1994-11,total return
full_sample_diagnostic,1993-11-30,1,sector_Shops,-7.196736142450366,-9.550891033362841,1994-11,total return
full_sample_diagnostic,1993-11-30,1,sector_Hlth,9.270619271916235,6.498734403870299,1994-11,total return
full_sample_diagnostic,1993-11-30,1,sector_Money,-0.8344765956041167,-3.3500239182790548,1994-11,total return
full_sample_diagnostic,1993-11-30,1,sector_Other,-8.894632513568546,-11.205716602009396,1994-11,total return
full_sample_diagnostic,1993-11-30,1,Gold_spot_price,2.673796791443861,0.06925454973834011,1994-11,spot price (monthly-average marks)
full_sample_diagnostic,1993-11-30,3,US_market_total,70.86027007099402,57.187141968274304,1996-11,total return
full_sample_diagnostic,1993-11-30,3,T_bill_total,15.16687543406887,5.950622642558656,1996-11,total return
full_sample_diagnostic,1993-11-30,3,sector_NoDur,71.70641077424132,57.96557008846401,1996-11,total return
full_sample_diagnostic,1993-11-30,3,sector_Durbl,23.106497283732818,13.254874627756742,1996-11,total return
full_sample_diagnostic,1993-11-30,3,sector_Manuf,78.96869097480696,64.64668482874494,1996-11,total return
full_sample_diagnostic,1993-11-30,3,sector_Enrgy,67.8572474387503,54.42443683716161,1996-11,total return
full_sample_diagnostic,1993-11-30,3,sector_Chems,88.18815646271085,73.12836070293503,1996-11,total return
full_sample_diagnostic,1993-11-30,3,sector_BusEq,133.54289778837963,114.85357956586913,1996-11,total return
full_sample_diagnostic,1993-11-30,3,sector_Telcm,29.263678054805386,18.919325746701876,1996-11,total return
full_sample_diagnostic,1993-11-30,3,sector_Utils,26.302626791956563,16.195233217553007,1996-11,total return
full_sample_diagnostic,1993-11-30,3,sector_Shops,28.732866518350498,18.43099251215612,1996-11,total return
full_sample_diagnostic,1993-11-30,3,sector_Hlth,106.81286171939743,90.26262010732218,1996-11,total return
full_sample_diagnostic,1993-11-30,3,sector_Money,102.87850126305757,86.6431076522143,1996-11,total return
full_sample_diagnostic,1993-11-30,3,sector_Other,36.1232292036872,25.229939910134426,1996-11,total return
full_sample_diagnostic,1993-11-30,3,Gold_spot_price,1.0695187165775,-7.018590216633158,1996-11,spot price (monthly-average marks)
full_sample_diagnostic,1993-11-30,5,US_market_total,158.32923295270837,129.8358806282476,1998-11,total return
full_sample_diagnostic,1993-11-30,5,T_bill_total,27.2016947464518,13.171526099829167,1998-11,total return
full_sample_diagnostic,1993-11-30,5,sector_NoDur,149.3430926786659,121.84089903159796,1998-11,total return
full_sample_diagnostic,1993-11-30,5,sector_Durbl,91.22810869683997,70.13591632991249,1998-11,total return
full_sample_diagnostic,1993-11-30,5,sector_Manuf,126.93942934223115,101.90832836054695,1998-11,total return
full_sample_diagnostic,1993-11-30,5,sector_Enrgy,102.60256684407824,80.25578768577348,1998-11,total return
full_sample_diagnostic,1993-11-30,5,sector_Chems,146.06814633613564,118.9271746805351,1998-11,total return
full_sample_diagnostic,1993-11-30,5,sector_BusEq,289.4739578610446,246.51552618959488,1998-11,total return
full_sample_diagnostic,1993-11-30,5,sector_Telcm,142.7009513460851,115.93137657847916,1998-11,total return
full_sample_diagnostic,1993-11-30,5,sector_Utils,74.43329733338624,55.1935491205021,1998-11,total return
full_sample_diagnostic,1993-11-30,5,sector_Shops,113.6366459659441,90.0728233456907,1998-11,total return
full_sample_diagnostic,1993-11-30,5,sector_Hlth,264.8333413276473,224.59273512392758,1998-11,total return
full_sample_diagnostic,1993-11-30,5,sector_Money,215.49507780489293,180.6964129159925,1998-11,total return
full_sample_diagnostic,1993-11-30,5,sector_Other,62.77702337104092,44.822945838951725,1998-11,total return
full_sample_diagnostic,1993-11-30,5,Gold_spot_price,-21.39037433155082,-30.06090586475575,1998-11,spot price (monthly-average marks)
full_sample_diagnostic,2011-07-31,1,US_market_total,7.152524167247543,5.654854476034665,2012-07,total return
full_sample_diagnostic,2011-07-31,1,T_bill_total,0.02000099999999172,-1.3779774907257458,2012-07,total return
full_sample_diagnostic,2011-07-31,1,sector_NoDur,15.834906852831331,14.215883591119137,2012-07,total return
full_sample_diagnostic,2011-07-31,1,sector_Durbl,-17.31417128219964,-18.46987023120603,2012-07,total return
full_sample_diagnostic,2011-07-31,1,sector_Manuf,-2.483367910208001,-3.846356840287546,2012-07,total return
full_sample_diagnostic,2011-07-31,1,sector_Enrgy,-6.773865920641031,-8.0768866056384,2012-07,total return
full_sample_diagnostic,2011-07-31,1,sector_Chems,5.120194681233525,3.650930837642208,2012-07,total return
full_sample_diagnostic,2011-07-31,1,sector_BusEq,7.764801928517007,6.258574437543607,2012-07,total return
full_sample_diagnostic,2011-07-31,1,sector_Telcm,23.42708317250426,21.701944143079754,2012-07,total return
full_sample_diagnostic,2011-07-31,1,sector_Utils,18.002249834525696,16.352933642998035,2012-07,total return
full_sample_diagnostic,2011-07-31,1,sector_Shops,18.77802874262158,17.117869497542305,2012-07,total return
full_sample_diagnostic,2011-07-31,1,sector_Hlth,18.37789175578419,16.723325221116326,2012-07,total return
full_sample_diagnostic,2011-07-31,1,sector_Money,1.0216991919808516,-0.3902800237257642,2012-07,total return
full_sample_diagnostic,2011-07-31,1,sector_Other,2.4134651805405083,0.982033266406801,2012-07,total return
full_sample_diagnostic,2011-07-31,1,Gold_spot_price,1.3350286077558504,-0.08133000986424443,2012-07,spot price (monthly-average marks)
full_sample_diagnostic,2011-07-31,3,US_market_total,59.08995223510794,50.98265999727221,2014-07,total return
full_sample_diagnostic,2011-07-31,3,T_bill_total,0.07002100350033125,-5.0295902109324775,2014-07,total return
full_sample_diagnostic,2011-07-31,3,sector_NoDur,50.529434720909784,42.85839012926198,2014-07,total return
full_sample_diagnostic,2011-07-31,3,sector_Durbl,57.593095303007466,49.56208353679343,2014-07,total return
full_sample_diagnostic,2011-07-31,3,sector_Manuf,54.33311691711382,46.468235048433534,2014-07,total return
full_sample_diagnostic,2011-07-31,3,sector_Enrgy,31.40285288853657,24.706507115056553,2014-07,total return
full_sample_diagnostic,2011-07-31,3,sector_Chems,47.73316792178548,40.20462228621226,2014-07,total return
full_sample_diagnostic,2011-07-31,3,sector_BusEq,56.2948267442212,48.32997530090248,2014-07,total return
full_sample_diagnostic,2011-07-31,3,sector_Telcm,85.56783330734865,76.11121688734157,2014-07,total return
full_sample_diagnostic,2011-07-31,3,sector_Utils,46.91378882298673,39.426999097917026,2014-07,total return
full_sample_diagnostic,2011-07-31,3,sector_Shops,62.64723185331778,54.35865911956548,2014-07,total return
full_sample_diagnostic,2011-07-31,3,sector_Hlth,92.741668814938,82.91947065888112,2014-07,total return
full_sample_diagnostic,2011-07-31,3,sector_Money,65.92572035790647,57.470074443028274,2014-07,total return
full_sample_diagnostic,2011-07-31,3,sector_Other,54.130318708892375,46.27577152393199,2014-07,total return
full_sample_diagnostic,2011-07-31,3,Gold_spot_price,-16.65607120152577,-20.903313579347614,2014-07,spot price (monthly-average marks)
full_sample_diagnostic,2011-07-31,5,US_market_total,84.30577337308867,73.01718772278049,2016-07,total return
full_sample_diagnostic,2011-07-31,5,T_bill_total,0.19016709013333077,-5.946402925099847,2016-07,total return
full_sample_diagnostic,2011-07-31,5,sector_NoDur,104.58252299470941,92.05200215906027,2016-07,total return
full_sample_diagnostic,2011-07-31,5,sector_Durbl,58.94234169286021,49.20724655816606,2016-07,total return
full_sample_diagnostic,2011-07-31,5,sector_Manuf,70.149159707383,59.727655662598636,2016-07,total return
full_sample_diagnostic,2011-07-31,5,sector_Enrgy,-3.0133250918210064,-8.953683695907122,2016-07,total return
full_sample_diagnostic,2011-07-31,5,sector_Chems,65.52534747570888,55.387048343353015,2016-07,total return
full_sample_diagnostic,2011-07-31,5,sector_BusEq,89.26397321057283,77.67170166636986,2016-07,total return
full_sample_diagnostic,2011-07-31,5,sector_Telcm,112.38650543937764,99.37799673266052,2016-07,total return
full_sample_diagnostic,2011-07-31,5,sector_Utils,74.985150880658,64.26744612786248,2016-07,total return
full_sample_diagnostic,2011-07-31,5,sector_Shops,115.79739331895324,102.57997037548976,2016-07,total return
full_sample_diagnostic,2011-07-31,5,sector_Hlth,143.86592350139438,128.92932485744245,2016-07,total return
full_sample_diagnostic,2011-07-31,5,sector_Money,84.46640142578057,73.16797743184667,2016-07,total return
full_sample_diagnostic,2011-07-31,5,sector_Other,72.92461186180677,62.33311352552442,2016-07,total return
full_sample_diagnostic,2011-07-31,5,Gold_spot_price,-15.003178639542213,-20.20916801454229,2016-07,spot price (monthly-average marks)
full_sample_diagnostic,1973-04-30,1,US_market_total,-13.27915853362841,-21.21204216048984,1974-04,total return
full_sample_diagnostic,1973-04-30,1,T_bill_total,7.6665871776099515,-2.182331399967663,1974-04,total return
full_sample_diagnostic,1973-04-30,1,sector_NoDur,-16.97948005202128,-24.57387272917525,1974-04,total return
full_sample_diagnostic,1973-04-30,1,sector_Durbl,-19.64496786355975,-26.99553213383702,1974-04,total return
full_sample_diagnostic,1973-04-30,1,sector_Manuf,-7.399124734445395,-15.8698908710034,1974-04,total return
full_sample_diagnostic,1973-04-30,1,sector_Enrgy,-8.663898424412086,-17.018968007210145,1974-04,total return
full_sample_diagnostic,1973-04-30,1,sector_Chems,-8.48522422447452,-16.85663822473048,1974-04,total return
full_sample_diagnostic,1973-04-30,1,sector_BusEq,-21.110812034988257,-28.327286609750235,1974-04,total return
full_sample_diagnostic,1973-04-30,1,sector_Telcm,-7.351523018529338,-15.826643574006894,1974-04,total return
full_sample_diagnostic,1973-04-30,1,sector_Utils,-21.04402492314833,-28.266608921862403,1974-04,total return
full_sample_diagnostic,1973-04-30,1,sector_Shops,-16.208301974513063,-23.873239008029536,1974-04,total return
full_sample_diagnostic,1973-04-30,1,sector_Hlth,-12.733804522873115,-20.71657500310925,1974-04,total return
full_sample_diagnostic,1973-04-30,1,sector_Money,-10.14292091370611,-18.362695299978306,1974-04,total return
full_sample_diagnostic,1973-04-30,1,sector_Other,-15.037973309514651,-22.809967435047607,1974-04,total return
full_sample_diagnostic,1973-04-30,1,Gold_spot_price,89.01098901098902,71.72100249023327,1974-04,spot price (monthly-average marks)
full_sample_diagnostic,1973-04-30,3,US_market_total,6.2819366818962274,-17.20997089128582,1976-04,total return
full_sample_diagnostic,1973-04-30,3,T_bill_total,21.948463137139008,-5.0062773780218395,1976-04,total return
full_sample_diagnostic,1973-04-30,3,sector_NoDur,4.753925526285552,-18.400239830683084,1976-04,total return
full_sample_diagnostic,1973-04-30,3,sector_Durbl,12.34784095164172,-12.484836905762153,1976-04,total return
full_sample_diagnostic,1973-04-30,3,sector_Manuf,13.721093994164457,-11.415119295098275,1976-04,total return
full_sample_diagnostic,1973-04-30,3,sector_Enrgy,17.441325168409882,-8.517185207495325,1976-04,total return
full_sample_diagnostic,1973-04-30,3,sector_Chems,18.207641444443844,-7.920250782135541,1976-04,total return
full_sample_diagnostic,1973-04-30,3,sector_BusEq,-2.911224810675539,-24.371132339153668,1976-04,total return
full_sample_diagnostic,1973-04-30,3,sector_Telcm,28.93458161359368,0.43567230862824324,1976-04,total return
full_sample_diagnostic,1973-04-30,3,sector_Utils,10.628983610030707,-13.823768560457362,1976-04,total return
full_sample_diagnostic,1973-04-30,3,sector_Shops,3.1631665789894514,-19.639387174655276,1976-04,total return
full_sample_diagnostic,1973-04-30,3,sector_Hlth,-20.574991131726772,-38.13060806517754,1976-04,total return
full_sample_diagnostic,1973-04-30,3,sector_Money,-7.506967559497846,-27.95106029144484,1976-04,total return
full_sample_diagnostic,1973-04-30,3,sector_Other,2.063184896643855,-20.496235650920912,1976-04,total return
full_sample_diagnostic,1973-04-30,3,Gold_spot_price,40.65934065934069,9.568862510039011,1976-04,spot price (monthly-average marks)
full_sample_diagnostic,1973-04-30,5,US_market_total,19.086567611924266,-18.558951414067437,1978-04,total return
full_sample_diagnostic,1973-04-30,5,T_bill_total,35.24281598293011,-7.509999085226193,1978-04,total return
full_sample_diagnostic,1973-04-30,5,sector_NoDur,20.94393392141938,-17.288733765789864,1978-04,total return
full_sample_diagnostic,1973-04-30,5,sector_Durbl,22.820724874330555,-16.00523197170194,1978-04,total return
full_sample_diagnostic,1973-04-30,5,sector_Manuf,13.189548912017512,-22.591810837947325,1978-04,total return
full_sample_diagnostic,1973-04-30,5,sector_Enrgy,39.2279663461347,-4.784630213989249,1978-04,total return
full_sample_diagnostic,1973-04-30,5,sector_Chems,4.091052037218801,-28.81410056296616,1978-04,total return
full_sample_diagnostic,1973-04-30,5,sector_BusEq,10.297499204852901,-24.569628869294647,1978-04,total return
full_sample_diagnostic,1973-04-30,5,sector_Telcm,64.75042417327114,12.669695404881832,1978-04,total return
full_sample_diagnostic,1973-04-30,5,sector_Utils,42.66854492931203,-2.4316836711903544,1978-04,total return
full_sample_diagnostic,1973-04-30,5,sector_Shops,3.4691010196497896,-29.239441086718365,1978-04,total return
full_sample_diagnostic,1973-04-30,5,sector_Hlth,-19.341595091746953,-44.83924421767358,1978-04,total return
full_sample_diagnostic,1973-04-30,5,sector_Money,19.363022654766148,-18.36988904517557,1978-04,total return
full_sample_diagnostic,1973-04-30,5,sector_Other,24.08327684147329,-15.141796588851586,1978-04,total return
full_sample_diagnostic,1973-04-30,5,Gold_spot_price,92.30769230769226,31.515589262068122,1978-04,spot price (monthly-average marks)
full_sample_diagnostic,1978-04-30,1,US_market_total,12.89760974895351,2.1835306368007013,1979-04,total return
full_sample_diagnostic,1978-04-30,1,T_bill_total,8.363810225255698,-1.9200074590107752,1979-04,total return
full_sample_diagnostic,1978-04-30,1,sector_NoDur,7.555431795722334,-2.651670088574254,1979-04,total return
full_sample_diagnostic,1978-04-30,1,sector_Durbl,3.206995711777516,-6.58743589259797,1979-04,total return
full_sample_diagnostic,1978-04-30,1,sector_Manuf,15.595156551330636,4.625077955099544,1979-04,total return
full_sample_diagnostic,1978-04-30,1,sector_Enrgy,27.518229052305742,15.416640742809307,1979-04,total return
full_sample_diagnostic,1978-04-30,1,sector_Chems,6.723310533260229,-3.4048223360435004,1979-04,total return
full_sample_diagnostic,1978-04-30,1,sector_BusEq,21.575661147677415,10.038027582671205,1979-04,total return
full_sample_diagnostic,1978-04-30,1,sector_Telcm,3.6227134373332692,-6.2111701324986335,1979-04,total return
full_sample_diagnostic,1978-04-30,1,sector_Utils,2.9154724071623006,-6.851293387851687,1979-04,total return
full_sample_diagnostic,1978-04-30,1,sector_Shops,1.6561623862595631,-7.991093817535599,1979-04,total return
full_sample_diagnostic,1978-04-30,1,sector_Hlth,10.177450751843399,-0.27848295973380566,1979-04,total return
full_sample_diagnostic,1978-04-30,1,sector_Money,12.411672066676328,1.743708853549819,1979-04,total return
full_sample_diagnostic,1978-04-30,1,sector_Other,18.22861323440337,7.008617360883496,1979-04,total return
full_sample_diagnostic,1978-04-30,1,Gold_spot_price,36.63428571428564,23.66757588021038,1979-04,spot price (monthly-average marks)
full_sample_diagnostic,1978-04-30,3,US_market_total,71.86784681101432,23.258758824060788,1981-04,total return
full_sample_diagnostic,1978-04-30,3,T_bill_total,34.794430646568195,-3.329246708016742,1981-04,total return
full_sample_diagnostic,1978-04-30,3,sector_NoDur,59.255584794988245,14.21360121660773,1981-04,total return
full_sample_diagnostic,1978-04-30,3,sector_Durbl,35.00788610520142,-3.176162490209078,1981-04,total return
full_sample_diagnostic,1978-04-30,3,sector_Manuf,77.08840194720845,27.002793315674744,1981-04,total return
full_sample_diagnostic,1978-04-30,3,sector_Enrgy,133.43046656568825,67.40972854710976,1981-04,total return
full_sample_diagnostic,1978-04-30,3,sector_Chems,55.16067210759339,11.276845652920509,1981-04,total return
full_sample_diagnostic,1978-04-30,3,sector_BusEq,59.47222099638496,14.368966573164975,1981-04,total return
full_sample_diagnostic,1978-04-30,3,sector_Telcm,27.923717909953027,-8.256727559528631,1981-04,total return
full_sample_diagnostic,1978-04-30,3,sector_Utils,28.797486344183,-7.630085551141486,1981-04,total return
full_sample_diagnostic,1978-04-30,3,sector_Shops,53.54124362319279,10.115437345926148,1981-04,total return
full_sample_diagnostic,1978-04-30,3,sector_Hlth,83.6157979649026,31.6840571263443,1981-04,total return
full_sample_diagnostic,1978-04-30,3,sector_Money,71.03074637121709,22.658414064206212,1981-04,total return
full_sample_diagnostic,1978-04-30,3,sector_Other,120.50709446335088,58.14145158482742,1981-04,total return
full_sample_diagnostic,1978-04-30,3,Gold_spot_price,183.4285714285712,103.26695526695508,1981-04,spot price (monthly-average marks)
full_sample_diagnostic,1978-04-30,5,US_market_total,138.40817977633105,54.19314461242466,1983-04,total return
full_sample_diagnostic,1978-04-30,5,T_bill_total,67.9832080054135,8.64501003588991,1983-04,total return
full_sample_diagnostic,1978-04-30,5,sector_NoDur,167.80004031448223,73.20265765278762,1983-04,total return
full_sample_diagnostic,1978-04-30,5,sector_Durbl,119.5557581336963,42.000131019667954,1983-04,total return
full_sample_diagnostic,1978-04-30,5,sector_Manuf,106.54219720123446,33.58346559877412,1983-04,total return
full_sample_diagnostic,1978-04-30,5,sector_Enrgy,134.05652371804626,51.378662607116965,1983-04,total return
full_sample_diagnostic,1978-04-30,5,sector_Chems,95.45873153141082,26.415110777906392,1983-04,total return
full_sample_diagnostic,1978-04-30,5,sector_BusEq,149.5043958150442,61.3697458763292,1983-04,total return
full_sample_diagnostic,1978-04-30,5,sector_Telcm,109.91724642439635,35.76631626031303,1983-04,total return
full_sample_diagnostic,1978-04-30,5,sector_Utils,92.48801259838149,24.493765233163735,1983-04,total return
full_sample_diagnostic,1978-04-30,5,sector_Shops,203.53701262742612,96.31594237745476,1983-04,total return
full_sample_diagnostic,1978-04-30,5,sector_Hlth,164.17125255669654,70.85569876895657,1983-04,total return
full_sample_diagnostic,1978-04-30,5,sector_Money,164.7184147477736,71.20958200792242,1983-04,total return
full_sample_diagnostic,1978-04-30,5,sector_Other,179.0593436254365,80.4847374257631,1983-04,total return
full_sample_diagnostic,1978-04-30,5,Gold_spot_price,147.42857142857127,60.0271833429727,1983-04,spot price (monthly-average marks)
omit_valuation_sensitivity,2000-03-31,1,US_market_total,-25.74785022935626,-27.898253203974555,2001-03,total return
omit_valuation_sensitivity,2000-03-31,1,T_bill_total,5.914348279943282,2.846982145771171,2001-03,total return
omit_valuation_sensitivity,2000-03-31,1,sector_NoDur,19.15632295327576,15.705458404373406,2001-03,total return
omit_valuation_sensitivity,2000-03-31,1,sector_Durbl,-9.647382421273253,-12.264068109243187,2001-03,total return
omit_valuation_sensitivity,2000-03-31,1,sector_Manuf,-7.760884019483861,-10.432204243791809,2001-03,total return
omit_valuation_sensitivity,2000-03-31,1,sector_Enrgy,10.291646478803829,7.097510209400659,2001-03,total return
omit_valuation_sensitivity,2000-03-31,1,sector_Chems,-1.8406973704312768,-4.683471041134279,2001-03,total return
omit_valuation_sensitivity,2000-03-31,1,sector_BusEq,-60.48707148683376,-61.63139820697656,2001-03,total return
omit_valuation_sensitivity,2000-03-31,1,sector_Telcm,-41.80587342269855,-43.49122291471579,2001-03,total return
omit_valuation_sensitivity,2000-03-31,1,sector_Utils,39.458244564330556,35.41941976434144,2001-03,total return
omit_valuation_sensitivity,2000-03-31,1,sector_Shops,-9.690544418917057,-12.305980100140912,2001-03,total return
omit_valuation_sensitivity,2000-03-31,1,sector_Hlth,7.367904699616501,4.258442382932559,2001-03,total return
omit_valuation_sensitivity,2000-03-31,1,sector_Money,12.29536265101805,9.043197122794378,2001-03,total return
omit_valuation_sensitivity,2000-03-31,1,sector_Other,-15.63968398708685,-18.08282772170272,2001-03,total return
omit_valuation_sensitivity,2000-03-31,1,Gold_spot_price,-8.041958041958042,-10.705138132736082,2001-03,spot price (monthly-average marks)
omit_valuation_sensitivity,2000-03-31,3,US_market_total,-42.31665497183978,-46.36295813042198,2003-03,total return
omit_valuation_sensitivity,2000-03-31,3,T_bill_total,10.595957603734796,2.8380029920535677,2003-03,total return
omit_valuation_sensitivity,2000-03-31,3,sector_NoDur,11.630117887121294,3.7996202213036456,2003-03,total return
omit_valuation_sensitivity,2000-03-31,3,sector_Durbl,-32.21651007508226,-36.97130626883669,2003-03,total return
omit_valuation_sensitivity,2000-03-31,3,sector_Manuf,-22.54921464164018,-27.98214085764258,2003-03,total return
omit_valuation_sensitivity,2000-03-31,3,sector_Enrgy,-1.8066448510803634,-8.694596354185657,2003-03,total return
omit_valuation_sensitivity,2000-03-31,3,sector_Chems,9.168643579345392,1.5108105060797294,2003-03,total return
omit_valuation_sensitivity,2000-03-31,3,sector_BusEq,-75.63646929946735,-77.34549347585055,2003-03,total return
omit_valuation_sensitivity,2000-03-31,3,sector_Telcm,-69.1835724776732,-71.34524683894571,2003-03,total return
omit_valuation_sensitivity,2000-03-31,3,sector_Utils,-1.425086346642157,-8.339802965066934,2003-03,total return
omit_valuation_sensitivity,2000-03-31,3,sector_Shops,-24.939042586265835,-30.204329974178677,2003-03,total return
omit_valuation_sensitivity,2000-03-31,3,sector_Hlth,-11.187490177680715,-17.41740522231323,2003-03,total return
omit_valuation_sensitivity,2000-03-31,3,sector_Money,-0.9472493687851635,-7.895484731170543,2003-03,total return
omit_valuation_sensitivity,2000-03-31,3,sector_Other,-38.52257591778461,-42.83502165275242,2003-03,total return
omit_valuation_sensitivity,2000-03-31,3,Gold_spot_price,19.230769230769273,10.867110051449401,2003-03,spot price (monthly-average marks)
omit_valuation_sensitivity,2000-03-31,5,US_market_total,-14.310336004676428,-24.117387140340085,2005-03,total return
omit_valuation_sensitivity,2000-03-31,5,T_bill_total,13.326087291472955,0.3560897298906074,2005-03,total return
omit_valuation_sensitivity,2000-03-31,5,sector_NoDur,62.200968842804286,43.6373157541146,2005-03,total return
omit_valuation_sensitivity,2000-03-31,5,sector_Durbl,3.5947400377110084,-8.261519697314434,2005-03,total return
omit_valuation_sensitivity,2000-03-31,5,sector_Manuf,33.47930864173678,18.20280568481092,2005-03,total return
omit_valuation_sensitivity,2000-03-31,5,sector_Enrgy,94.77662628625703,72.48473896918671,2005-03,total return
omit_valuation_sensitivity,2000-03-31,5,sector_Chems,59.50956049553247,41.25393498050778,2005-03,total return
omit_valuation_sensitivity,2000-03-31,5,sector_BusEq,-64.95945656807622,-68.96979323221665,2005-03,total return
omit_valuation_sensitivity,2000-03-31,5,sector_Telcm,-58.36186582348445,-63.12728666916541,2005-03,total return
omit_valuation_sensitivity,2000-03-31,5,sector_Utils,67.08492532363854,47.9623108769663,2005-03,total return
omit_valuation_sensitivity,2000-03-31,5,sector_Shops,10.748699023617458,-1.9263203881999758,2005-03,total return
omit_valuation_sensitivity,2000-03-31,5,sector_Hlth,4.478133884423974,-7.4792289267918255,2005-03,total return
omit_valuation_sensitivity,2000-03-31,5,sector_Money,48.32805265473075,31.352133630030842,2005-03,total return
omit_valuation_sensitivity,2000-03-31,5,sector_Other,-1.214173581099398,-12.520060499057472,2005-03,total return
omit_valuation_sensitivity,2000-03-31,5,Gold_spot_price,51.74825174825188,34.38089616235666,2005-03,spot price (monthly-average marks)
omit_valuation_sensitivity,2017-10-31,1,US_market_total,7.341994875495295,4.732038470099154,2018-10,total return
omit_valuation_sensitivity,2017-10-31,1,T_bill_total,1.6015825943296313,-0.8687991197239286,2018-10,total return
omit_valuation_sensitivity,2017-10-31,1,sector_NoDur,2.183922539136973,-0.30061842238381375,2018-10,total return
omit_valuation_sensitivity,2017-10-31,1,sector_Durbl,-14.440252090462536,-16.520586188590556,2018-10,total return
omit_valuation_sensitivity,2017-10-31,1,sector_Manuf,-3.2009822457672144,-5.554592468092123,2018-10,total return
omit_valuation_sensitivity,2017-10-31,1,sector_Enrgy,4.6394126198110675,2.095167885578819,2018-10,total return
omit_valuation_sensitivity,2017-10-31,1,sector_Chems,-3.0069674441820182,-5.3652950203694765,2018-10,total return
omit_valuation_sensitivity,2017-10-31,1,sector_BusEq,11.946135181303097,9.224231858054143,2018-10,total return
omit_valuation_sensitivity,2017-10-31,1,sector_Telcm,11.749184720762408,9.032070130167714,2018-10,total return
omit_valuation_sensitivity,2017-10-31,1,sector_Utils,0.41736461032173544,-2.0242235517177076,2018-10,total return
omit_valuation_sensitivity,2017-10-31,1,sector_Shops,23.690959943972633,20.683488231062764,2018-10,total return
omit_valuation_sensitivity,2017-10-31,1,sector_Hlth,9.719314605571917,7.051555092786321,2018-10,total return
omit_valuation_sensitivity,2017-10-31,1,sector_Money,4.048315336373398,1.5184427790595034,2018-10,total return
omit_valuation_sensitivity,2017-10-31,1,sector_Other,2.899030077571907,0.3971017039515967,2018-10,total return
omit_valuation_sensitivity,2017-10-31,1,Gold_spot_price,-5.078125000000011,-7.3860936189530495,2018-10,spot price (monthly-average marks)
omit_valuation_sensitivity,2017-10-31,3,US_market_total,36.4587912373634,29.280943180121245,2020-10,total return
omit_valuation_sensitivity,2017-10-31,3,T_bill_total,4.609483448146601,-0.8930640295844672,2020-10,total return
omit_valuation_sensitivity,2017-10-31,3,sector_NoDur,7.213487183594269,1.5739669026890724,2020-10,total return
omit_valuation_sensitivity,2017-10-31,3,sector_Durbl,78.12686691508743,68.75724276676061,2020-10,total return
omit_valuation_sensitivity,2017-10-31,3,sector_Manuf,9.056983404326434,3.320493659991808,2020-10,total return
omit_valuation_sensitivity,2017-10-31,3,sector_Enrgy,-52.57651156287331,-55.07102724236492,2020-10,total return
omit_valuation_sensitivity,2017-10-31,3,sector_Chems,28.499459125791194,21.740278682529436,2020-10,total return
omit_valuation_sensitivity,2017-10-31,3,sector_BusEq,82.73012707081138,73.11836753739038,2020-10,total return
omit_valuation_sensitivity,2017-10-31,3,sector_Telcm,25.769039362980894,19.153481313060226,2020-10,total return
omit_valuation_sensitivity,2017-10-31,3,sector_Utils,14.035895205119564,8.03751048082475,2020-10,total return
omit_valuation_sensitivity,2017-10-31,3,sector_Shops,80.66273046747018,71.15971774734189,2020-10,total return
omit_valuation_sensitivity,2017-10-31,3,sector_Hlth,32.86724910154699,25.87831920419994,2020-10,total return
omit_valuation_sensitivity,2017-10-31,3,sector_Money,3.528442075427707,-1.9172417100002948,2020-10,total return
omit_valuation_sensitivity,2017-10-31,3,sector_Other,22.54017627983602,16.094459164297792,2020-10,total return
omit_valuation_sensitivity,2017-10-31,3,Gold_spot_price,48.437500000000064,40.62956171082408,2020-10,spot price (monthly-average marks)
omit_valuation_sensitivity,2017-10-31,5,US_market_total,61.56313552639179,33.70716077921625,2022-10,total return
omit_valuation_sensitivity,2017-10-31,5,T_bill_total,5.459543488520202,-12.723307263252936,2022-10,total return
omit_valuation_sensitivity,2017-10-31,5,sector_NoDur,36.84914000407677,13.254239003263123,2022-10,total return
omit_valuation_sensitivity,2017-10-31,5,sector_Durbl,162.38575423186506,117.1464060347171,2022-10,total return
omit_valuation_sensitivity,2017-10-31,5,sector_Manuf,37.5387578207586,13.82495607922769,2022-10,total return
omit_valuation_sensitivity,2017-10-31,5,sector_Enrgy,77.22944162580299,46.67235424136105,2022-10,total return
omit_valuation_sensitivity,2017-10-31,5,sector_Chems,37.03961775304339,13.411875452462784,2022-10,total return
omit_valuation_sensitivity,2017-10-31,5,sector_BusEq,95.14726548100431,61.50086909541776,2022-10,total return
omit_valuation_sensitivity,2017-10-31,5,sector_Telcm,13.393225919349439,-6.157513965828077,2022-10,total return
omit_valuation_sensitivity,2017-10-31,5,sector_Utils,37.941195997614145,14.15800771158926,2022-10,total return
omit_valuation_sensitivity,2017-10-31,5,sector_Shops,86.77205636311025,54.56967511705572,2022-10,total return
omit_valuation_sensitivity,2017-10-31,5,sector_Hlth,58.02965090072607,30.782903364828563,2022-10,total return
omit_valuation_sensitivity,2017-10-31,5,sector_Money,53.55800706231819,27.08223984588041,2022-10,total return
omit_valuation_sensitivity,2017-10-31,5,sector_Other,36.92209568854909,13.314616003262024,2022-10,total return
omit_valuation_sensitivity,2017-10-31,5,Gold_spot_price,29.999999999999982,7.585996302100262,2022-10,spot price (monthly-average marks)
omit_valuation_sensitivity,2005-03-31,1,US_market_total,14.406906659503482,10.625807090386186,2006-03,total return
omit_valuation_sensitivity,2005-03-31,1,T_bill_total,3.5255721314592092,0.10409603697933978,2006-03,total return
omit_valuation_sensitivity,2005-03-31,1,sector_NoDur,4.767404822380583,1.3048866860375208,2006-03,total return
omit_valuation_sensitivity,2005-03-31,1,sector_Durbl,0.8006840726811459,-2.530735631273262,2006-03,total return
omit_valuation_sensitivity,2005-03-31,1,sector_Manuf,23.887953740347378,19.79350960070645,2006-03,total return
omit_valuation_sensitivity,2005-03-31,1,sector_Enrgy,20.03285479417485,16.06582003382655,2006-03,total return
omit_valuation_sensitivity,2005-03-31,1,sector_Chems,2.044311684968547,-1.3282093822362229,2006-03,total return
omit_valuation_sensitivity,2005-03-31,1,sector_BusEq,17.511173141824088,13.627478886761303,2006-03,total return
omit_valuation_sensitivity,2005-03-31,1,sector_Telcm,6.880469400760347,3.348115379503369,2006-03,total return
omit_valuation_sensitivity,2005-03-31,1,sector_Utils,11.675955045126884,7.9851122644667205,2006-03,total return
omit_valuation_sensitivity,2005-03-31,1,sector_Shops,12.622566533807177,8.900438646360364,2006-03,total return
omit_valuation_sensitivity,2005-03-31,1,sector_Hlth,9.401186390708105,5.785523745847443,2006-03,total return
omit_valuation_sensitivity,2005-03-31,1,sector_Money,18.41057427071815,14.497155191165124,2006-03,total return
omit_valuation_sensitivity,2005-03-31,1,sector_Other,13.771619006305503,10.01151542372356,2006-03,total return
omit_valuation_sensitivity,2005-03-31,1,Gold_spot_price,28.34101382488474,24.09939794484348,2006-03,spot price (monthly-average marks)
omit_valuation_sensitivity,2005-03-31,3,US_market_total,19.817727868316194,8.39550265812683,2008-03,total return
omit_valuation_sensitivity,2005-03-31,3,T_bill_total,12.950730445985137,2.183136169557587,2008-03,total return
omit_valuation_sensitivity,2005-03-31,3,sector_NoDur,30.053486930842354,17.65548670564099,2008-03,total return
omit_valuation_sensitivity,2005-03-31,3,sector_Durbl,-7.038229498050363,-15.900276020733505,2008-03,total return
omit_valuation_sensitivity,2005-03-31,3,sector_Manuf,46.430364522816944,32.47115639104583,2008-03,total return
omit_valuation_sensitivity,2005-03-31,3,sector_Enrgy,69.25999385475106,53.124436927740845,2008-03,total return
omit_valuation_sensitivity,2005-03-31,3,sector_Chems,35.16565961007316,22.28031591162778,2008-03,total return
omit_valuation_sensitivity,2005-03-31,3,sector_BusEq,20.62421426863621,9.125106701743047,2008-03,total return
omit_valuation_sensitivity,2005-03-31,3,sector_Telcm,16.603236879710014,5.4874491279937265,2008-03,total return
omit_valuation_sensitivity,2005-03-31,3,sector_Utils,46.13727404335035,32.206006229952735,2008-03,total return
omit_valuation_sensitivity,2005-03-31,3,sector_Shops,9.451082659772304,-0.9828901577806692,2008-03,total return
omit_valuation_sensitivity,2005-03-31,3,sector_Hlth,11.28261617201105,0.6740432462020385,2008-03,total return
omit_valuation_sensitivity,2005-03-31,3,sector_Money,-4.28484831060596,-13.409374689751186,2008-03,total return
omit_valuation_sensitivity,2005-03-31,3,sector_Other,21.487206041022322,9.905829459734505,2008-03,total return
omit_valuation_sensitivity,2005-03-31,3,Gold_spot_price,123.04147465437777,101.77892861849416,2008-03,spot price (monthly-average marks)
omit_valuation_sensitivity,2005-03-31,5,US_market_total,14.722551850812525,1.921412459878158,2010-03,total return
omit_valuation_sensitivity,2005-03-31,5,T_bill_total,14.279078472436302,1.5274233759251077,2010-03,total return
omit_valuation_sensitivity,2005-03-31,5,sector_NoDur,38.819765725076614,23.32977580945419,2010-03,total return
omit_valuation_sensitivity,2005-03-31,5,sector_Durbl,-5.950009314853554,-16.444432783068198,2010-03,total return
omit_valuation_sensitivity,2005-03-31,5,sector_Manuf,33.331885460539866,18.45425221842003,2010-03,total return
omit_valuation_sensitivity,2005-03-31,5,sector_Enrgy,38.10957278557918,22.69882865612778,2010-03,total return
omit_valuation_sensitivity,2005-03-31,5,sector_Chems,31.772684338327117,17.069032153827955,2010-03,total return
omit_valuation_sensitivity,2005-03-31,5,sector_BusEq,33.774006178119784,18.847039576149992,2010-03,total return
omit_valuation_sensitivity,2005-03-31,5,sector_Telcm,11.619440822820204,-0.8354426997254194,2010-03,total return
omit_valuation_sensitivity,2005-03-31,5,sector_Utils,30.003606650039227,15.497354276787423,2010-03,total return
omit_valuation_sensitivity,2005-03-31,5,sector_Shops,24.32519098615684,10.452555885710746,2010-03,total return
omit_valuation_sensitivity,2005-03-31,5,sector_Hlth,23.882557441327567,10.059312923770802,2010-03,total return
omit_valuation_sensitivity,2005-03-31,5,sector_Money,-25.91135764322532,-34.17842477861731,2010-03,total return
omit_valuation_sensitivity,2005-03-31,5,sector_Other,0.8569215555678467,-10.397042817995839,2010-03,total return
omit_valuation_sensitivity,2005-03-31,5,Gold_spot_price,156.4516129032258,127.8358543549567,2010-03,spot price (monthly-average marks)
omit_valuation_sensitivity,1964-07-31,1,US_market_total,6.295203418592954,4.410297974818045,1965-07,total return
omit_valuation_sensitivity,1964-07-31,1,T_bill_total,3.732327524811163,1.8928688986587394,1965-07,total return
omit_valuation_sensitivity,1964-07-31,1,sector_NoDur,8.898434321067072,6.967366454702373,1965-07,total return
omit_valuation_sensitivity,1964-07-31,1,sector_Durbl,10.127288559131475,8.174429737310284,1965-07,total return
omit_valuation_sensitivity,1964-07-31,1,sector_Manuf,10.337590190392465,8.381002143951054,1965-07,total return
omit_valuation_sensitivity,1964-07-31,1,sector_Enrgy,1.7817221102340186,-0.0231469328860201,1965-07,total return
omit_valuation_sensitivity,1964-07-31,1,sector_Chems,4.683670319780697,2.827341777061365,1965-07,total return
omit_valuation_sensitivity,1964-07-31,1,sector_BusEq,9.469320605578059,7.528129359880675,1965-07,total return
omit_valuation_sensitivity,1964-07-31,1,sector_Telcm,-2.8945552404785357,-4.616501062686629,1965-07,total return
omit_valuation_sensitivity,1964-07-31,1,sector_Utils,5.567187386887307,3.69519166375063,1965-07,total return
omit_valuation_sensitivity,1964-07-31,1,sector_Shops,12.60445058382642,10.607664886329825,1965-07,total return
omit_valuation_sensitivity,1964-07-31,1,sector_Hlth,18.044414194251203,15.951163024245485,1965-07,total return
omit_valuation_sensitivity,1964-07-31,1,sector_Money,-2.3567285023052276,-4.088211467432168,1965-07,total return
omit_valuation_sensitivity,1964-07-31,1,sector_Other,5.758828946841477,3.883434893319282,1965-07,total return
omit_valuation_sensitivity,1964-07-31,1,Gold_spot_price,0.34285714285713365,-1.436496878675475,1965-07,spot price (monthly-average marks)
omit_valuation_sensitivity,1964-07-31,3,US_market_total,33.20661674499412,23.714648246398752,1967-07,total return
omit_valuation_sensitivity,1964-07-31,3,T_bill_total,13.143202321148518,5.080902275509791,1967-07,total return
omit_valuation_sensitivity,1964-07-31,3,sector_NoDur,38.59096730761027,28.715323529403314,1967-07,total return
omit_valuation_sensitivity,1964-07-31,3,sector_Durbl,22.54835528064689,13.815867688792416,1967-07,total return
omit_valuation_sensitivity,1964-07-31,3,sector_Manuf,62.90722958813386,51.298870114488416,1967-07,total return
omit_valuation_sensitivity,1964-07-31,3,sector_Enrgy,23.869325076947923,15.042708499608537,1967-07,total return
omit_valuation_sensitivity,1964-07-31,3,sector_Chems,11.177247877020125,3.2550368007534303,1967-07,total return
omit_valuation_sensitivity,1964-07-31,3,sector_BusEq,97.99652487818615,83.88779047069865,1967-07,total return
omit_valuation_sensitivity,1964-07-31,3,sector_Telcm,-10.78553593818059,-17.14273427551981,1967-07,total return
omit_valuation_sensitivity,1964-07-31,3,sector_Utils,3.082830635549527,-4.262592625306983,1967-07,total return
omit_valuation_sensitivity,1964-07-31,3,sector_Shops,22.547041179502635,13.81464722719079,1967-07,total return
omit_valuation_sensitivity,1964-07-31,3,sector_Hlth,71.12460541157368,58.930696403204074,1967-07,total return
omit_valuation_sensitivity,1964-07-31,3,sector_Money,20.79300790565601,12.185601953097303,1967-07,total return
omit_valuation_sensitivity,1964-07-31,3,sector_Other,75.49084825959386,62.98581176684439,1967-07,total return
omit_valuation_sensitivity,1964-07-31,3,Gold_spot_price,0.0,-7.125748502994,1967-07,spot price (monthly-average marks)
omit_valuation_sensitivity,1964-07-31,5,US_market_total,37.08878493504173,15.556905127309628,1969-07,total return
omit_valuation_sensitivity,1964-07-31,5,T_bill_total,25.40254458284572,5.70616665651833,1969-07,total return
omit_valuation_sensitivity,1964-07-31,5,sector_NoDur,45.898010148670124,22.982507467710533,1969-07,total return
omit_valuation_sensitivity,1964-07-31,5,sector_Durbl,15.709919019157216,-2.4640845659169353,1969-07,total return
omit_valuation_sensitivity,1964-07-31,5,sector_Manuf,58.516205775931816,33.61882345569036,1969-07,total return
omit_valuation_sensitivity,1964-07-31,5,sector_Enrgy,37.42254786706074,15.83824551185391,1969-07,total return
omit_valuation_sensitivity,1964-07-31,5,sector_Chems,8.579439899087138,-8.474613432889043,1969-07,total return
omit_valuation_sensitivity,1964-07-31,5,sector_BusEq,114.80831529974074,81.06940055972711,1969-07,total return
omit_valuation_sensitivity,1964-07-31,5,sector_Telcm,-7.313551564654819,-21.871368737380227,1969-07,total return
omit_valuation_sensitivity,1964-07-31,5,sector_Utils,2.472781764601417,-13.622127979947397,1969-07,total return
omit_valuation_sensitivity,1964-07-31,5,sector_Shops,52.21925414916247,28.310903905082064,1969-07,total return
omit_valuation_sensitivity,1964-07-31,5,sector_Hlth,84.37851091034135,55.419060011923605,1969-07,total return
omit_valuation_sensitivity,1964-07-31,5,sector_Money,56.38057673008659,31.81862745019799,1969-07,total return
omit_valuation_sensitivity,1964-07-31,5,sector_Other,58.45908306793939,33.57067273824674,1969-07,total return
omit_valuation_sensitivity,1964-07-31,5,Gold_spot_price,19.99999999999995,1.1521739130434305,1969-07,spot price (monthly-average marks)
omit_valuation_sensitivity,1993-11-30,1,US_market_total,0.4235015455335889,-2.123957105154184,1994-11,total return
omit_valuation_sensitivity,1993-11-30,1,T_bill_total,3.690805124887264,1.0604642739221681,1994-11,total return
omit_valuation_sensitivity,1993-11-30,1,sector_NoDur,2.5471317286773765,-0.0541973805948226,1994-11,total return
omit_valuation_sensitivity,1993-11-30,1,sector_Durbl,-14.34037798829083,-16.513319000603886,1994-11,total return
omit_valuation_sensitivity,1993-11-30,1,sector_Manuf,2.6710126537171863,0.06654103766827735,1994-11,total return
omit_valuation_sensitivity,1993-11-30,1,sector_Enrgy,4.235684312331411,1.5915214259037747,1994-11,total return
omit_valuation_sensitivity,1993-11-30,1,sector_Chems,11.6786741260972,8.845703754407142,1994-11,total return
omit_valuation_sensitivity,1993-11-30,1,sector_BusEq,19.147679617952583,16.12524181723014,1994-11,total return
omit_valuation_sensitivity,1993-11-30,1,sector_Telcm,-6.478048264281167,-8.850434222864155,1994-11,total return
omit_valuation_sensitivity,1993-11-30,1,sector_Utils,-10.053078718079721,-12.334776320691853,1994-11,total return
omit_valuation_sensitivity,1993-11-30,1,sector_Shops,-7.196736142450366,-9.550891033362841,1994-11,total return
omit_valuation_sensitivity,1993-11-30,1,sector_Hlth,9.270619271916235,6.498734403870299,1994-11,total return
omit_valuation_sensitivity,1993-11-30,1,sector_Money,-0.8344765956041167,-3.3500239182790548,1994-11,total return
omit_valuation_sensitivity,1993-11-30,1,sector_Other,-8.894632513568546,-11.205716602009396,1994-11,total return
omit_valuation_sensitivity,1993-11-30,1,Gold_spot_price,2.673796791443861,0.06925454973834011,1994-11,spot price (monthly-average marks)
omit_valuation_sensitivity,1993-11-30,3,US_market_total,70.86027007099402,57.187141968274304,1996-11,total return
omit_valuation_sensitivity,1993-11-30,3,T_bill_total,15.16687543406887,5.950622642558656,1996-11,total return
omit_valuation_sensitivity,1993-11-30,3,sector_NoDur,71.70641077424132,57.96557008846401,1996-11,total return
omit_valuation_sensitivity,1993-11-30,3,sector_Durbl,23.106497283732818,13.254874627756742,1996-11,total return
omit_valuation_sensitivity,1993-11-30,3,sector_Manuf,78.96869097480696,64.64668482874494,1996-11,total return
omit_valuation_sensitivity,1993-11-30,3,sector_Enrgy,67.8572474387503,54.42443683716161,1996-11,total return
omit_valuation_sensitivity,1993-11-30,3,sector_Chems,88.18815646271085,73.12836070293503,1996-11,total return
omit_valuation_sensitivity,1993-11-30,3,sector_BusEq,133.54289778837963,114.85357956586913,1996-11,total return
omit_valuation_sensitivity,1993-11-30,3,sector_Telcm,29.263678054805386,18.919325746701876,1996-11,total return
omit_valuation_sensitivity,1993-11-30,3,sector_Utils,26.302626791956563,16.195233217553007,1996-11,total return
omit_valuation_sensitivity,1993-11-30,3,sector_Shops,28.732866518350498,18.43099251215612,1996-11,total return
omit_valuation_sensitivity,1993-11-30,3,sector_Hlth,106.81286171939743,90.26262010732218,1996-11,total return
omit_valuation_sensitivity,1993-11-30,3,sector_Money,102.87850126305757,86.6431076522143,1996-11,total return
omit_valuation_sensitivity,1993-11-30,3,sector_Other,36.1232292036872,25.229939910134426,1996-11,total return
omit_valuation_sensitivity,1993-11-30,3,Gold_spot_price,1.0695187165775,-7.018590216633158,1996-11,spot price (monthly-average marks)
omit_valuation_sensitivity,1993-11-30,5,US_market_total,158.32923295270837,129.8358806282476,1998-11,total return
omit_valuation_sensitivity,1993-11-30,5,T_bill_total,27.2016947464518,13.171526099829167,1998-11,total return
omit_valuation_sensitivity,1993-11-30,5,sector_NoDur,149.3430926786659,121.84089903159796,1998-11,total return
omit_valuation_sensitivity,1993-11-30,5,sector_Durbl,91.22810869683997,70.13591632991249,1998-11,total return
omit_valuation_sensitivity,1993-11-30,5,sector_Manuf,126.93942934223115,101.90832836054695,1998-11,total return
omit_valuation_sensitivity,1993-11-30,5,sector_Enrgy,102.60256684407824,80.25578768577348,1998-11,total return
omit_valuation_sensitivity,1993-11-30,5,sector_Chems,146.06814633613564,118.9271746805351,1998-11,total return
omit_valuation_sensitivity,1993-11-30,5,sector_BusEq,289.4739578610446,246.51552618959488,1998-11,total return
omit_valuation_sensitivity,1993-11-30,5,sector_Telcm,142.7009513460851,115.93137657847916,1998-11,total return
omit_valuation_sensitivity,1993-11-30,5,sector_Utils,74.43329733338624,55.1935491205021,1998-11,total return
omit_valuation_sensitivity,1993-11-30,5,sector_Shops,113.6366459659441,90.0728233456907,1998-11,total return
omit_valuation_sensitivity,1993-11-30,5,sector_Hlth,264.8333413276473,224.59273512392758,1998-11,total return
omit_valuation_sensitivity,1993-11-30,5,sector_Money,215.49507780489293,180.6964129159925,1998-11,total return
omit_valuation_sensitivity,1993-11-30,5,sector_Other,62.77702337104092,44.822945838951725,1998-11,total return
omit_valuation_sensitivity,1993-11-30,5,Gold_spot_price,-21.39037433155082,-30.06090586475575,1998-11,spot price (monthly-average marks)
omit_valuation_sensitivity,1978-11-30,1,US_market_total,22.168550257360486,8.504962399629367,1979-11,total return
omit_valuation_sensitivity,1978-11-30,1,T_bill_total,10.197458534086156,-2.1272572230155884,1979-11,total return
omit_valuation_sensitivity,1978-11-30,1,sector_NoDur,13.220340349235249,0.5575391259655005,1979-11,total return
omit_valuation_sensitivity,1978-11-30,1,sector_Durbl,7.548140464698161,-4.480269982011508,1979-11,total return
omit_valuation_sensitivity,1978-11-30,1,sector_Manuf,16.290360133416005,3.28420143428394,1979-11,total return
omit_valuation_sensitivity,1978-11-30,1,sector_Enrgy,59.7300802953072,41.86553184122679,1979-11,total return
omit_valuation_sensitivity,1978-11-30,1,sector_Chems,15.784916750287215,2.835287903215611,1979-11,total return
omit_valuation_sensitivity,1978-11-30,1,sector_BusEq,16.559017427487866,3.522811530992498,1979-11,total return
omit_valuation_sensitivity,1978-11-30,1,sector_Telcm,0.8000484187339341,-10.473641207045524,1979-11,total return
omit_valuation_sensitivity,1978-11-30,1,sector_Utils,13.19949651711687,0.5390265119129989,1979-11,total return
omit_valuation_sensitivity,1978-11-30,1,sector_Shops,11.573764534377418,-0.9048801832832187,1979-11,total return
omit_valuation_sensitivity,1978-11-30,1,sector_Hlth,21.35280198950018,7.780449135411338,1979-11,total return
omit_valuation_sensitivity,1978-11-30,1,sector_Money,25.60400003771712,11.556184244025069,1979-11,total return
omit_valuation_sensitivity,1978-11-30,1,sector_Other,28.99001465418378,14.563499857334271,1979-11,total return
omit_valuation_sensitivity,1978-11-30,1,Gold_spot_price,90.29126213592235,69.00868676545736,1979-11,spot price (monthly-average marks)
omit_valuation_sensitivity,1978-11-30,3,US_market_total,66.37751374715945,19.727954988627538,1981-11,total return
omit_valuation_sensitivity,1978-11-30,3,T_bill_total,40.76010150517193,1.293250017048031,1981-11,total return
omit_valuation_sensitivity,1978-11-30,3,sector_NoDur,64.7427547919478,18.55155595369378,1981-11,total return
omit_valuation_sensitivity,1978-11-30,3,sector_Durbl,24.00834097759863,-10.761588315693949,1981-11,total return
omit_valuation_sensitivity,1978-11-30,3,sector_Manuf,50.161121372274486,8.058376254035494,1981-11,total return
omit_valuation_sensitivity,1978-11-30,3,sector_Enrgy,132.4219910324428,67.254631073453,1981-11,total return
omit_valuation_sensitivity,1978-11-30,3,sector_Chems,46.096057078361554,5.133090115025651,1981-11,total return
omit_valuation_sensitivity,1978-11-30,3,sector_BusEq,35.663331120528994,-2.3744685433293444,1981-11,total return
omit_valuation_sensitivity,1978-11-30,3,sector_Telcm,46.23853979936907,5.235622989951105,1981-11,total return
omit_valuation_sensitivity,1978-11-30,3,sector_Utils,45.047860114223596,4.378790593924231,1981-11,total return
omit_valuation_sensitivity,1978-11-30,3,sector_Shops,56.04510544448076,12.292586540537865,1981-11,total return
omit_valuation_sensitivity,1978-11-30,3,sector_Hlth,68.85620394649301,21.511660622476313,1981-11,total return
omit_valuation_sensitivity,1978-11-30,3,sector_Money,81.82914350440507,30.84719815082455,1981-11,total return
omit_valuation_sensitivity,1978-11-30,3,sector_Other,98.71907124558288,43.00146384943331,1981-11,total return
omit_valuation_sensitivity,1978-11-30,3,Gold_spot_price,100.48543689320391,44.27256919287061,1981-11,spot price (monthly-average marks)
omit_valuation_sensitivity,1978-11-30,5,US_market_total,143.33966258225965,62.467133771538364,1983-11,total return
omit_valuation_sensitivity,1978-11-30,5,T_bill_total,69.5088978788548,13.173596506653794,1983-11,total return
omit_valuation_sensitivity,1978-11-30,5,sector_NoDur,184.40683546688962,89.88586937700347,1983-11,total return
omit_valuation_sensitivity,1978-11-30,5,sector_Durbl,159.18266369577654,73.04480513812975,1983-11,total return
omit_valuation_sensitivity,1978-11-30,5,sector_Manuf,115.29006875631502,43.739660148875025,1983-11,total return
omit_valuation_sensitivity,1978-11-30,5,sector_Enrgy,133.8371730379626,56.12274164255666,1983-11,total return
omit_valuation_sensitivity,1978-11-30,5,sector_Chems,112.08111845490549,41.5971859120289,1983-11,total return
omit_valuation_sensitivity,1978-11-30,5,sector_BusEq,135.8408837841595,57.46053071642698,1983-11,total return
omit_valuation_sensitivity,1978-11-30,5,sector_Telcm,96.16686337978784,30.971941425674387,1983-11,total return
omit_valuation_sensitivity,1978-11-30,5,sector_Utils,113.33016148368694,42.43111671759514,1983-11,total return
omit_valuation_sensitivity,1978-11-30,5,sector_Shops,230.48690048337016,120.65149142064774,1983-11,total return
omit_valuation_sensitivity,1978-11-30,5,sector_Hlth,136.30327321960317,57.7692476985481,1983-11,total return
omit_valuation_sensitivity,1978-11-30,5,sector_Money,168.81468459128044,79.47567962325847,1983-11,total return
omit_valuation_sensitivity,1978-11-30,5,sector_Other,176.45130206464307,84.57431146749168,1983-11,total return
omit_valuation_sensitivity,1978-11-30,5,Gold_spot_price,85.43689320388341,23.808014750367267,1983-11,spot price (monthly-average marks)
omit_valuation_sensitivity,1988-11-30,1,US_market_total,29.262512909940597,23.512949190356245,1989-11,total return
omit_valuation_sensitivity,1988-11-30,1,T_bill_total,8.39658972734465,3.5751369674309696,1989-11,total return
omit_valuation_sensitivity,1988-11-30,1,sector_NoDur,38.66388219186854,32.49614795616984,1989-11,total return
omit_valuation_sensitivity,1988-11-30,1,sector_Durbl,4.905737255894249,0.2395567266407994,1989-11,total return
omit_valuation_sensitivity,1988-11-30,1,sector_Manuf,23.317511304689397,17.832379745465698,1989-11,total return
omit_valuation_sensitivity,1988-11-30,1,sector_Enrgy,31.881027380955263,26.01499280324795,1989-11,total return
omit_valuation_sensitivity,1988-11-30,1,sector_Chems,32.500094657926624,26.606524125087926,1989-11,total return
omit_valuation_sensitivity,1988-11-30,1,sector_BusEq,2.1560208263385894,-2.387853015023589,1989-11,total return
omit_valuation_sensitivity,1988-11-30,1,sector_Telcm,51.71439433700598,44.966176638139935,1989-11,total return
omit_valuation_sensitivity,1988-11-30,1,sector_Utils,27.558010758800933,21.884262861666002,1989-11,total return
omit_valuation_sensitivity,1988-11-30,1,sector_Shops,25.304563200020034,19.73104807754098,1989-11,total return
omit_valuation_sensitivity,1988-11-30,1,sector_Hlth,45.865805336636825,39.37773138997147,1989-11,total return
omit_valuation_sensitivity,1988-11-30,1,sector_Money,30.3213404644183,24.52468036433295,1989-11,total return
omit_valuation_sensitivity,1988-11-30,1,sector_Other,33.201420704303054,27.27665536717756,1989-11,total return
omit_valuation_sensitivity,1988-11-30,1,Gold_spot_price,-6.1904761904761685,-10.363099965959366,1989-11,spot price (monthly-average marks)
omit_valuation_sensitivity,1988-11-30,3,US_market_total,49.870302555822434,30.83742668697702,1991-11,total return
omit_valuation_sensitivity,1988-11-30,3,T_bill_total,23.720038238895125,8.00813207648099,1991-11,total return
omit_valuation_sensitivity,1988-11-30,3,sector_NoDur,87.48943458153389,63.67909274425634,1991-11,total return
omit_valuation_sensitivity,1988-11-30,3,sector_Durbl,-11.04569295083242,-22.34250262688783,1991-11,total return
omit_valuation_sensitivity,1988-11-30,3,sector_Manuf,34.74700341850729,17.634720691193206,1991-11,total return
omit_valuation_sensitivity,1988-11-30,3,sector_Enrgy,44.42903332684642,26.087174958052394,1991-11,total return
omit_valuation_sensitivity,1988-11-30,3,sector_Chems,56.26836951463321,36.42296700007526,1991-11,total return
omit_valuation_sensitivity,1988-11-30,3,sector_BusEq,16.651435866453678,1.8372114276805185,1991-11,total return
omit_valuation_sensitivity,1988-11-30,3,sector_Telcm,42.375795682276674,24.294689554266192,1991-11,total return
omit_valuation_sensitivity,1988-11-30,3,sector_Utils,56.52081322691862,36.643351460074804,1991-11,total return
omit_valuation_sensitivity,1988-11-30,3,sector_Shops,66.31470389687102,45.19346065887939,1991-11,total return
omit_valuation_sensitivity,1988-11-30,3,sector_Hlth,141.54612178901954,110.87081604658233,1991-11,total return
omit_valuation_sensitivity,1988-11-30,3,sector_Money,34.953044462505,17.814595419734026,1991-11,total return
omit_valuation_sensitivity,1988-11-30,3,sector_Other,29.426963328016488,12.990302528014364,1991-11,total return
omit_valuation_sensitivity,1988-11-30,3,Gold_spot_price,-14.28571428571429,-25.17105535973463,1991-11,spot price (monthly-average marks)
omit_valuation_sensitivity,1988-11-30,5,US_market_total,99.672287255954,64.52449422528264,1993-11,total return
omit_valuation_sensitivity,1988-11-30,5,T_bill_total,31.964407382641504,8.73505622008064,1993-11,total return
omit_valuation_sensitivity,1988-11-30,5,sector_NoDur,116.34445786241466,78.26190603320877,1993-11,total return
omit_valuation_sensitivity,1988-11-30,5,sector_Durbl,81.82088341182454,49.81542653727733,1993-11,total return
omit_valuation_sensitivity,1988-11-30,5,sector_Manuf,90.64239000273979,57.08410628307943,1993-11,total return
omit_valuation_sensitivity,1988-11-30,5,sector_Enrgy,74.37808411223475,43.682763826724916,1993-11,total return
omit_valuation_sensitivity,1988-11-30,5,sector_Chems,105.56335125023399,69.3785695575558,1993-11,total return
omit_valuation_sensitivity,1988-11-30,5,sector_BusEq,64.89460720690813,35.86863867802088,1993-11,total return
omit_valuation_sensitivity,1988-11-30,5,sector_Telcm,120.0978127967911,81.35456766749294,1993-11,total return
omit_valuation_sensitivity,1988-11-30,5,sector_Utils,97.86124855288605,63.03224795145337,1993-11,total return
omit_valuation_sensitivity,1988-11-30,5,sector_Shops,130.4068621125588,89.84894186397827,1993-11,total return
omit_valuation_sensitivity,1988-11-30,5,sector_Hlth,117.04988176601626,78.8431560030942,1993-11,total return
omit_valuation_sensitivity,1988-11-30,5,sector_Money,113.87662731032569,76.22848127008342,1993-11,total return
omit_valuation_sensitivity,1988-11-30,5,sector_Other,81.20025707301181,49.30404743755699,1993-11,total return
omit_valuation_sensitivity,1988-11-30,5,Gold_spot_price,-10.952380952380947,-26.627201565557723,1993-11,spot price (monthly-average marks)
omit_valuation_sensitivity,2011-07-31,1,US_market_total,7.152524167247543,5.654854476034665,2012-07,total return
omit_valuation_sensitivity,2011-07-31,1,T_bill_total,0.02000099999999172,-1.3779774907257458,2012-07,total return
omit_valuation_sensitivity,2011-07-31,1,sector_NoDur,15.834906852831331,14.215883591119137,2012-07,total return
omit_valuation_sensitivity,2011-07-31,1,sector_Durbl,-17.31417128219964,-18.46987023120603,2012-07,total return
omit_valuation_sensitivity,2011-07-31,1,sector_Manuf,-2.483367910208001,-3.846356840287546,2012-07,total return
omit_valuation_sensitivity,2011-07-31,1,sector_Enrgy,-6.773865920641031,-8.0768866056384,2012-07,total return
omit_valuation_sensitivity,2011-07-31,1,sector_Chems,5.120194681233525,3.650930837642208,2012-07,total return
omit_valuation_sensitivity,2011-07-31,1,sector_BusEq,7.764801928517007,6.258574437543607,2012-07,total return
omit_valuation_sensitivity,2011-07-31,1,sector_Telcm,23.42708317250426,21.701944143079754,2012-07,total return
omit_valuation_sensitivity,2011-07-31,1,sector_Utils,18.002249834525696,16.352933642998035,2012-07,total return
omit_valuation_sensitivity,2011-07-31,1,sector_Shops,18.77802874262158,17.117869497542305,2012-07,total return
omit_valuation_sensitivity,2011-07-31,1,sector_Hlth,18.37789175578419,16.723325221116326,2012-07,total return
omit_valuation_sensitivity,2011-07-31,1,sector_Money,1.0216991919808516,-0.3902800237257642,2012-07,total return
omit_valuation_sensitivity,2011-07-31,1,sector_Other,2.4134651805405083,0.982033266406801,2012-07,total return
omit_valuation_sensitivity,2011-07-31,1,Gold_spot_price,1.3350286077558504,-0.08133000986424443,2012-07,spot price (monthly-average marks)
omit_valuation_sensitivity,2011-07-31,3,US_market_total,59.08995223510794,50.98265999727221,2014-07,total return
omit_valuation_sensitivity,2011-07-31,3,T_bill_total,0.07002100350033125,-5.0295902109324775,2014-07,total return
omit_valuation_sensitivity,2011-07-31,3,sector_NoDur,50.529434720909784,42.85839012926198,2014-07,total return
omit_valuation_sensitivity,2011-07-31,3,sector_Durbl,57.593095303007466,49.56208353679343,2014-07,total return
omit_valuation_sensitivity,2011-07-31,3,sector_Manuf,54.33311691711382,46.468235048433534,2014-07,total return
omit_valuation_sensitivity,2011-07-31,3,sector_Enrgy,31.40285288853657,24.706507115056553,2014-07,total return
omit_valuation_sensitivity,2011-07-31,3,sector_Chems,47.73316792178548,40.20462228621226,2014-07,total return
omit_valuation_sensitivity,2011-07-31,3,sector_BusEq,56.2948267442212,48.32997530090248,2014-07,total return
omit_valuation_sensitivity,2011-07-31,3,sector_Telcm,85.56783330734865,76.11121688734157,2014-07,total return
omit_valuation_sensitivity,2011-07-31,3,sector_Utils,46.91378882298673,39.426999097917026,2014-07,total return
omit_valuation_sensitivity,2011-07-31,3,sector_Shops,62.64723185331778,54.35865911956548,2014-07,total return
omit_valuation_sensitivity,2011-07-31,3,sector_Hlth,92.741668814938,82.91947065888112,2014-07,total return
omit_valuation_sensitivity,2011-07-31,3,sector_Money,65.92572035790647,57.470074443028274,2014-07,total return
omit_valuation_sensitivity,2011-07-31,3,sector_Other,54.130318708892375,46.27577152393199,2014-07,total return
omit_valuation_sensitivity,2011-07-31,3,Gold_spot_price,-16.65607120152577,-20.903313579347614,2014-07,spot price (monthly-average marks)
omit_valuation_sensitivity,2011-07-31,5,US_market_total,84.30577337308867,73.01718772278049,2016-07,total return
omit_valuation_sensitivity,2011-07-31,5,T_bill_total,0.19016709013333077,-5.946402925099847,2016-07,total return
omit_valuation_sensitivity,2011-07-31,5,sector_NoDur,104.58252299470941,92.05200215906027,2016-07,total return
omit_valuation_sensitivity,2011-07-31,5,sector_Durbl,58.94234169286021,49.20724655816606,2016-07,total return
omit_valuation_sensitivity,2011-07-31,5,sector_Manuf,70.149159707383,59.727655662598636,2016-07,total return
omit_valuation_sensitivity,2011-07-31,5,sector_Enrgy,-3.0133250918210064,-8.953683695907122,2016-07,total return
omit_valuation_sensitivity,2011-07-31,5,sector_Chems,65.52534747570888,55.387048343353015,2016-07,total return
omit_valuation_sensitivity,2011-07-31,5,sector_BusEq,89.26397321057283,77.67170166636986,2016-07,total return
omit_valuation_sensitivity,2011-07-31,5,sector_Telcm,112.38650543937764,99.37799673266052,2016-07,total return
omit_valuation_sensitivity,2011-07-31,5,sector_Utils,74.985150880658,64.26744612786248,2016-07,total return
omit_valuation_sensitivity,2011-07-31,5,sector_Shops,115.79739331895324,102.57997037548976,2016-07,total return
omit_valuation_sensitivity,2011-07-31,5,sector_Hlth,143.86592350139438,128.92932485744245,2016-07,total return
omit_valuation_sensitivity,2011-07-31,5,sector_Money,84.46640142578057,73.16797743184667,2016-07,total return
omit_valuation_sensitivity,2011-07-31,5,sector_Other,72.92461186180677,62.33311352552442,2016-07,total return
omit_valuation_sensitivity,2011-07-31,5,Gold_spot_price,-15.003178639542213,-20.20916801454229,2016-07,spot price (monthly-average marks)
