decision_date,equity_gdp_pct,cpi_yoy_pct,ip_yoy_pct,baa_aaa_pp,curve_10y_3m_pp,real_bill_expost_pct
1954-07-31,40.549377830256,0.635039223010847,-7.565270250251565,0.5900000000000003,1.7399999999999998,0.004960776989152982
1954-08-31,40.549377830256,0.26129152668905586,-8.560097281860068,0.6099999999999999,1.5799999999999998,0.4587084733109441
1954-09-30,44.68806410425748,0.0,-8.196480120136563,0.6200000000000001,1.44,0.92
1954-10-31,44.68806410425748,-0.2975083674228385,-6.1366343813124775,0.5800000000000001,1.3699999999999999,1.3075083674228385
1954-11-30,44.68806410425748,-0.8534322820037077,-4.219268235355544,0.5899999999999999,1.4500000000000002,1.8334322820037077
1954-12-31,49.10152533529755,-0.26070763500931626,-0.2884250068226679,0.56,1.5499999999999998,1.1907076350093164
1955-01-31,49.10152533529755,-0.37216226274656705,3.545274521527819,0.5500000000000003,1.3599999999999999,1.522162262746567
1955-02-28,49.10152533529755,-0.6310319227913919,6.6962139340049465,0.52,1.39,1.8510319227913918
1955-03-31,48.742413705113904,-0.6298629121896937,7.714940603442555,0.54,1.48,1.7998629121896936
1955-04-30,48.742413705113904,-0.519866320089124,10.89549591495118,0.45999999999999996,1.4000000000000001,1.799866320089124
1955-05-31,48.742413705113904,-0.2606105733432673,12.913118876751595,0.4800000000000004,1.16,1.8506105733432674
1955-06-30,48.93130269952285,-0.5941329372447068,14.029953329564226,0.45999999999999996,1.3099999999999998,2.044132937244707
1955-07-31,48.93130269952285,-0.8537490720118779,13.839505285902941,0.45999999999999996,1.3699999999999999,2.263749072011878
1955-08-31,48.93130269952285,-0.37230081906179935,14.56169780710952,0.45999999999999996,1.2999999999999998,1.9723008190617994
1955-09-30,53.50317413624588,-0.484171322160154,14.58334484645183,0.4500000000000002,1.0700000000000003,2.384171322160154
1955-10-31,53.50317413624588,0.14919806042521522,15.155996512564695,0.45999999999999996,0.9000000000000004,1.9208019395747846
1955-11-30,53.50317413624588,0.37425149700598404,15.711894076138222,0.48999999999999977,0.6499999999999999,1.855748502994016
1955-12-31,56.016558931339944,0.37341299477220424,14.161899344202467,0.48,0.6499999999999999,1.866587005227796
1956-01-31,56.016558931339944,0.37355248412402897,13.12393384261663,0.4700000000000002,0.41999999999999993,2.166447515875971
1956-02-29,56.016558931339944,0.22413149047439962,11.297456880924027,0.4900000000000002,0.48999999999999977,2.1858685095256005
1956-03-31,55.87427818399788,0.1491424310216205,8.953215955476912,0.5,0.52,2.1708575689783793
1956-04-30,55.87427818399788,0.3732736095558131,6.460706449210529,0.5,0.71,1.8767263904441869
1956-05-31,55.87427818399788,0.5225830533781339,5.983851453122302,0.43999999999999995,0.5800000000000001,2.077416946621866
1956-06-30,59.65830274749515,0.9712364587224576,3.403556186383816,0.4500000000000002,0.45999999999999996,1.6387635412775423
1956-07-31,59.65830274749515,1.647323099962561,2.3529583098701012,0.5,0.5099999999999998,0.8426769000374392
1956-08-31,59.65830274749515,1.9805680119581393,-1.5562759198693765,0.52,0.7999999999999998,0.3294319880418608
1956-09-30,56.65881930898411,2.208083832335328,2.5971583181410463,0.5,0.73,0.3919161676646721
1956-10-31,56.65881930898411,1.862197392923659,4.258031127808026,0.5100000000000002,0.54,0.9778026070763408
1956-11-30,56.65881930898411,2.572706935123037,3.4261908015966958,0.5800000000000001,0.43999999999999995,0.32729306487696297
1956-12-31,54.706986619857226,2.34375,2.278507194667334,0.5500000000000003,0.5,0.6462500000000002
1957-01-31,54.706986619857226,2.828433196873825,3.4050624019481557,0.6200000000000001,0.3799999999999999,0.38156680312617475
1957-02-28,54.706986619857226,3.130823704808061,2.380841578168491,0.7200000000000002,0.3500000000000001,-0.020823704808061283
1957-03-31,58.28329312018554,3.4996276991809516,4.298182603510847,0.7999999999999998,0.23999999999999977,-0.39962769918095153
1957-04-30,58.28329312018554,3.607288955001864,4.171889744925994,0.7699999999999996,0.33000000000000007,-0.5272889550018638
1957-05-31,58.28329312018554,3.713330857779429,2.007809442156061,0.7700000000000005,0.41000000000000014,-0.643330857779429
1957-06-30,54.07287256348198,3.588605253422128,2.531401602045791,0.7799999999999994,0.54,-0.5286052534221279
1957-07-31,54.07287256348198,3.53591160220994,3.70370370370372,0.7199999999999998,0.5099999999999998,-0.24591160220994013
1957-08-31,54.07287256348198,3.2979113228288837,7.641647910754479,0.7400000000000002,0.77,-0.13791132282888352
1957-09-30,57.85202054975902,3.551812522885389,3.4179958350373907,0.7200000000000006,0.56,-0.18181252288538907
1957-10-31,57.85202054975902,3.546617915904937,0.24773180619006574,0.8099999999999996,0.3900000000000001,-0.01661791590493733
1957-11-30,57.85202054975902,2.944383860414379,-2.085583184102735,0.8900000000000006,0.3900000000000001,0.635616139585621
1957-12-31,51.17770964983628,3.271537622682663,-3.589123700442143,1.0099999999999998,0.41000000000000014,0.03846237731733693
1958-01-31,51.17770964983628,3.0401737242128135,-6.829524560021005,1.2200000000000002,0.16999999999999993,-0.00017372421281347528
1958-02-28,51.17770964983628,3.5056017347307566,-8.20098364530587,1.23,0.6499999999999999,-1.0656017347307567
1958-03-31,51.7510276626571,3.237410071942448,-11.030285570240183,1.0700000000000003,1.5199999999999998,-1.707410071942448
1958-04-30,51.7510276626571,3.6252692031586653,-12.014440042725226,1.0499999999999998,1.68,-2.3252692031586655
1958-05-31,51.7510276626571,3.6161833154314316,-12.300327515405096,1.0699999999999998,1.75,-2.4861833154314317
1958-06-30,55.892330068015575,3.3571428571428585,-11.111212995098875,1.0500000000000003,2.01,-2.4471428571428584
1958-07-31,55.892330068015575,2.8459622909996485,-8.990542048552042,0.98,2.14,-2.0159622909996484
1958-08-31,55.892330068015575,2.483150053210359,-8.20098364530587,0.8600000000000003,2.29,-1.5731500532103588
1958-09-30,59.020759442177386,2.333804809052342,-6.365057864162404,0.8199999999999998,1.85,-0.6438048090523423
1958-10-31,59.020759442177386,2.083333333333326,-4.691146332405671,0.7800000000000002,1.3199999999999998,0.356666666666674
1958-11-30,59.020759442177386,2.083333333333326,-2.1304716076730457,0.8099999999999996,1.17,0.546666666666674
1958-12-31,63.918236624739365,1.9007391763463444,3.209305651562455,0.7800000000000002,1.0700000000000003,0.7692608236536556
1959-01-31,63.918236624739365,1.7562346329469625,5.366847165647504,0.7699999999999996,1.0899999999999999,1.0137653670530375
1959-02-28,63.918236624739365,1.2918994413407825,8.93362910733031,0.75,1.1999999999999997,1.5281005586592173
1959-03-31,64.99184274003863,1.0452961672473782,13.487614344693588,0.75,1.2599999999999998,1.654703832752622
1959-04-30,64.99184274003863,0.3463803255975062,16.551671148674597,0.7199999999999998,1.1900000000000004,2.4536196744024936
1959-05-31,64.99184274003863,0.13821700069107656,21.03774616782903,0.6299999999999999,1.17,2.8117829993089236
1959-06-30,65.05829561264281,0.3455425017277136,21.6667182454946,0.5899999999999999,1.4699999999999998,2.4944574982722862
1959-07-31,65.05829561264281,0.6918021445866396,18.674432394946592,0.5800000000000001,1.13,2.5181978554133604
1959-08-31,65.05829561264281,0.8999653859466772,14.13377171265029,0.6100000000000003,1.2000000000000002,2.300034614053323
1959-09-30,66.28700112694274,0.8293020041465038,8.105051093473147,0.6600000000000001,1.0499999999999998,2.550697995853496
1959-10-31,66.28700112694274,1.1760636457972984,6.994386211342074,0.6600000000000001,0.6399999999999997,2.8639363542027017
1959-11-30,66.28700112694274,1.5219647180906293,4.9937233718807095,0.71,0.4800000000000004,2.5280352819093705
1959-12-31,64.73390294723771,1.3816925734024155,2.6120454325002207,0.7000000000000002,0.3799999999999999,2.768307426597585
1960-01-31,64.73390294723771,1.5188125647221273,8.819608150687142,0.7000000000000002,0.20000000000000018,2.971187435277873
1960-02-29,64.73390294723771,1.2409513960703222,10.03645487686251,0.7299999999999995,0.3700000000000001,3.1090486039296774
1960-03-31,68.51248581157775,1.4137931034482687,6.962809733132436,0.7800000000000002,0.5300000000000002,2.5462068965517313
1960-04-30,68.51248581157775,1.5188125647221273,4.496831298508397,0.7599999999999998,0.94,1.7911874352778727
1960-05-31,68.51248581157775,1.9323671497584405,1.5065581107132964,0.75,1.0500000000000003,1.2976328502415595
1960-06-30,62.52856363609559,1.8250688705234275,-0.11403862051423408,0.8200000000000003,1.0599999999999996,1.4649311294765726
1960-07-31,62.52856363609559,1.7176228100309165,-1.4825008998327394,0.8099999999999996,1.6900000000000004,0.7423771899690834
1960-08-31,62.52856363609559,1.3722126929674117,0.5839479392624636,0.8099999999999996,1.6,0.9277873070325882
1960-09-30,64.23966881052709,1.473612063056895,3.9902824990682095,0.7999999999999998,1.5,0.8263879369431049
1960-10-31,64.23966881052709,1.2307692307692353,3.026692623448324,0.7599999999999998,1.3199999999999998,1.2492307692307647
1960-11-30,64.23966881052709,1.3628620102214661,3.658415079300381,0.8100000000000005,1.5900000000000003,0.9371379897785337
1960-12-31,58.886115204433985,1.4650766609880739,1.5759479995678616,0.7700000000000005,1.56,0.9049233390119262
1961-01-31,58.886115204433985,1.3600816048962905,-6.1644445386523135,0.75,1.5899999999999999,0.8899183951037095
1961-02-28,58.886115204433985,1.6002723867892366,-8.453886763770345,0.7799999999999994,1.5999999999999996,0.6397276132107637
1961-03-31,67.59867233620326,1.4620877252635056,-7.744118971007485,0.8000000000000007,1.3599999999999999,0.9579122747364943
1961-04-30,67.59867233620326,1.4620877252635056,-6.3418429574799156,0.7999999999999998,1.35,0.9279122747364945
1961-05-31,67.59867233620326,0.9140148950575577,-3.653051274985686,0.7599999999999998,1.4899999999999998,1.3759851049424423
1961-06-30,75.29164174394239,0.9130875887723988,-2.0571608040200973,0.7400000000000002,1.42,1.3769124112276012
1961-07-31,75.29164174394239,0.7767646065518496,0.578541525183307,0.7000000000000002,1.5499999999999998,1.5532353934481504
1961-08-31,75.29164174394239,1.25211505922167,2.090611871673431,0.6799999999999997,1.6799999999999997,0.9878849407783301
1961-09-30,74.08130754484336,1.1144883485309176,3.139344580852166,0.6600000000000001,1.65,1.2755116514690825
1961-10-31,74.08130754484336,1.249577845322536,4.11297255545422,0.6699999999999999,1.7000000000000002,1.030422154677464
1961-11-30,74.08130754484336,0.7731092436974896,6.235472990685231,0.71,1.62,1.5268907563025103
1961-12-31,74.62530651934948,0.671591672263272,9.427306528164925,0.7200000000000006,1.46,1.808408327736728
1962-01-31,74.62530651934948,0.6709158000671067,12.530721411016344,0.6799999999999997,1.4599999999999995,1.9290841999328934
1962-02-28,74.62530651934948,0.6702412868632601,11.421712625161874,0.6600000000000001,1.3599999999999999,2.04975871313674
1962-03-31,75.381494009769,0.9048257372654245,13.381885210351307,0.6500000000000004,1.31,1.8251742627345755
1962-04-30,75.381494009769,1.1058981233244003,13.300941663560707,0.6500000000000004,1.21,1.6141018766756
1962-05-31,75.381494009769,1.3418316001341912,11.256314131333923,0.6899999999999995,1.1099999999999999,1.3881683998658088
1962-06-30,72.04067924439363,1.3404825737265424,9.45144278477612,0.7199999999999998,1.1800000000000002,1.3495174262734575
1962-07-31,72.04067924439363,1.2399463806970434,7.710256410256422,0.7399999999999993,1.1800000000000002,1.4900536193029565
1962-08-31,72.04067924439363,1.0026737967914423,7.508460326245392,0.71,1.0899999999999999,1.9173262032085576
1962-09-30,54.39715107117992,1.135604542418167,6.651538432553061,0.71,1.1600000000000001,1.6843954575818327
1962-10-31,54.39715107117992,1.4676450967311627,7.449136131579603,0.71,1.2000000000000002,1.312354903268837
1962-11-30,54.39715107117992,1.3342228152101399,5.536774745430906,0.71,1.19,1.4057771847898604
1962-12-31,56.70733809831091,1.3342228152101399,4.361630609980316,0.71,1.0899999999999999,1.4957771847898602
1963-01-31,56.70733809831091,1.2329223592135952,3.4591295969166547,0.6799999999999997,0.9899999999999998,1.637077640786405
1963-02-28,56.70733809831091,1.331557922769644,5.125442948263648,0.7000000000000002,0.9199999999999999,1.5784420772303562
1963-03-31,69.30064676291893,1.2288276320159497,4.614207615434895,0.6999999999999993,1.0,1.6911723679840502
1963-04-30,69.30064676291893,1.1269472986410234,4.695792097847495,0.6899999999999995,1.04,1.7630527013589767
1963-05-31,69.30064676291893,0.893743793445867,5.430887878188662,0.6600000000000001,1.0700000000000003,2.006256206554133
1963-06-30,72.0606686484191,0.8928571428571619,6.82318473354977,0.6299999999999999,1.0,2.0371428571428383
1963-07-31,72.0606686484191,1.3240648791790655,7.371787241808914,0.6099999999999994,1.0,1.6659351208209348
1963-08-31,72.0606686484191,1.5552614162806178,5.926158803764747,0.5800000000000001,0.8399999999999994,1.6247385837193824
1963-09-30,74.47788970896481,1.5521796565389767,6.025501110962805,0.54,0.6800000000000002,1.7678203434610231
1963-10-31,74.47788970896481,0.9861932938855844,6.407645796762229,0.5300000000000002,0.7000000000000002,2.3938067061144155
1963-11-30,74.47788970896481,1.2179065174456882,7.0306563426714375,0.5099999999999998,0.6600000000000001,2.232093482554312
1963-12-31,75.67406943039272,1.3166556945358954,7.105659381596907,0.5099999999999998,0.6000000000000001,2.2033443054641046
1964-01-31,75.67406943039272,1.6458196181698526,6.8968862535701,0.5,0.6099999999999999,1.8741803818301475
1964-02-29,75.67406943039272,1.6425755584756896,7.054060197009804,0.4400000000000004,0.6499999999999999,1.8774244415243104
1964-03-31,71.22678296719262,1.4107611548556331,6.5638521543055495,0.46999999999999975,0.6200000000000006,2.1192388451443667
1964-04-30,71.22678296719262,1.4093739757456536,5.912348244807086,0.4500000000000002,0.6799999999999997,2.1306260242543464
1964-05-31,71.22678296719262,1.5419947506561726,6.666991769886943,0.4499999999999993,0.7600000000000002,1.9280052493438276
1964-06-30,73.90426113206195,1.5404785316289749,5.987828652330873,0.4399999999999995,0.7200000000000002,1.9395214683710251
1964-07-31,73.90426113206195,1.3067624959163693,5.969950706151028,0.4399999999999995,0.69,2.1732375040836307
1964-08-31,73.90426113206195,1.0752688172043001,7.092693242315762,0.4299999999999997,0.7300000000000004,2.3847311827957
1964-09-30,75.30773243118199,0.9756097560975618,7.577300311385771,0.41000000000000014,0.6900000000000004,2.524390243902438
1964-10-31,75.30773243118199,1.171875,6.910065401648247,0.40000000000000036,0.6700000000000004,2.358125
1964-11-30,75.30773243118199,1.2032520325203189,4.705800969194751,0.3899999999999997,0.6200000000000006,2.366747967479681
1964-12-31,76.43487069220888,1.3970110461338558,7.414667019314725,0.3799999999999999,0.5100000000000002,2.2429889538661443
1965-01-31,76.43487069220888,1.1981865284974136,8.895374797164113,0.3699999999999992,0.33999999999999986,2.6418134715025863
1965-02-28,76.43487069220888,1.098901098901095,9.108574554143335,0.3700000000000001,0.38000000000000034,2.711098901098905
1965-03-31,78.29343528571573,1.1970236169524417,9.047205452914287,0.3700000000000001,0.2799999999999998,2.7329763830475584
1965-04-30,78.29343528571573,1.1958629605688387,10.490855216833417,0.3600000000000003,0.2799999999999998,2.7341370394311615
1965-05-31,78.29343528571573,1.3893376413570246,9.185349299291378,0.3700000000000001,0.27,2.5406623586429755
1965-06-30,77.99412084314353,1.6139444803098701,9.416372346749657,0.3699999999999992,0.31999999999999984,2.27605551969013
1965-07-31,77.99412084314353,1.9348597226700903,9.952994999616415,0.3899999999999997,0.41000000000000014,1.8651402773299095
1965-08-31,77.99412084314353,1.8052869116698789,10.261100314207216,0.39999999999999947,0.3600000000000003,2.034713088330121
1965-09-30,73.8780675193203,1.6103059581320522,10.009361620110969,0.3899999999999997,0.41000000000000014,2.2296940418679476
1965-10-31,73.8780675193203,1.737451737451745,9.880154307758238,0.39000000000000057,0.3700000000000001,2.182548262548255
1965-11-30,73.8780675193203,1.7030848329048665,12.546855549296554,0.3700000000000001,0.3199999999999994,2.326915167095134
1965-12-31,78.46122433183021,1.7302146747837144,9.62755336085701,0.35000000000000053,0.3600000000000003,2.3597853252162855
1966-01-31,78.46122433183021,1.9200000000000106,9.694539175192428,0.33999999999999986,0.2400000000000002,2.4599999999999893
1966-02-28,78.46122433183021,1.9181585677749302,9.591562116594776,0.3199999999999994,0.020000000000000462,2.6718414322250696
1966-03-31,80.81963368862367,2.5575447570332477,9.620471403426546,0.33999999999999986,0.17999999999999972,2.0924552429667527
1966-04-30,80.81963368862367,2.7786649632705274,9.66913382158847,0.40000000000000036,0.28000000000000025,1.8113350367294725
1966-05-31,80.81963368862367,2.8680688336520044,9.366967926460813,0.4500000000000002,0.1299999999999999,1.7519311663479957
1966-06-30,76.1896563424461,2.763659466327839,9.552314172669686,0.5,0.14000000000000057,1.8763405336721606
1966-07-31,76.1896563424461,2.4359379943056148,9.222982294233507,0.5099999999999998,0.3099999999999996,2.0640620056943852
1966-08-31,76.1896563424461,2.754908169727699,8.798773418624295,0.5199999999999996,0.21999999999999975,2.045091830272301
1966-09-30,72.18182789407452,3.4865293185419866,8.424428245158477,0.5200000000000005,0.2599999999999998,1.4734706814580134
1966-10-31,72.18182789407452,3.5736875395319334,9.159650228749427,0.5999999999999996,-0.1900000000000004,1.7963124604680667
1966-11-30,72.18182789407452,3.791469194312813,8.818577003049421,0.6899999999999995,-0.33999999999999986,1.5585308056871865
1966-12-31,63.836352145703344,3.5590551181102548,7.622109748780814,0.7800000000000002,-0.16000000000000014,1.7609448818897455
1967-01-31,63.836352145703344,3.3594976452119285,6.546645839284748,0.79,-0.1200000000000001,1.6005023547880715
1967-02-28,63.836352145703344,3.19949811794229,6.00807737912521,0.7699999999999996,-0.13999999999999968,1.5205018820577099
1967-03-31,65.74939217714586,2.8678304239401653,4.130785791173297,0.79,0.07000000000000028,1.6921695760598343
1967-04-30,65.74939217714586,2.5481665630826544,2.145608787733977,0.7199999999999998,0.28000000000000025,1.7118334369173454
1967-05-31,65.74939217714586,2.5402726146220633,2.945611327733877,0.7199999999999998,0.75,1.2997273853779365
1967-06-30,74.1030835021382,2.3183925811437467,1.0855137446869279,0.7199999999999998,1.2499999999999996,1.2816074188562534
1967-07-31,74.1030835021382,2.8412600370598895,0.5987172004889629,0.71,1.4799999999999995,0.6987399629401105
1967-08-31,74.1030835021382,2.9275808936825687,-0.17673150672272708,0.6799999999999997,0.9500000000000002,1.2824191063174313
1967-09-30,75.5388506012488,2.6033690658499253,1.6568702983924544,0.71,1.0100000000000007,1.6666309341500742
1967-10-31,75.5388506012488,2.595419847328251,0.5540482976880146,0.75,0.8799999999999999,1.8245801526717491
1967-11-30,75.5388506012488,2.5875190258751957,0.6754454703417068,0.6999999999999993,0.9200000000000008,1.972480974124804
1967-12-31,78.42835398095079,3.10218978102188,2.823138586801144,0.6499999999999995,1.0199999999999996,1.6278102189781203
1968-01-31,78.42835398095079,3.280680437424044,3.6908578534837755,0.7399999999999993,0.7300000000000004,1.6893195625759558
1968-02-29,78.42835398095079,3.647416413373872,3.0929737402413116,0.6699999999999999,0.5300000000000002,1.3525835866261282
1968-03-31,80.80207478906651,3.6363636363636376,4.649179480553056,0.7000000000000002,0.5799999999999992,1.3436363636363629
1968-04-30,80.80207478906651,3.9393939393939315,5.571020988067876,0.7399999999999993,0.5700000000000003,1.2306060606060685
1968-05-31,80.80207478906651,3.92749244712991,4.735980867266654,0.7599999999999998,0.2599999999999998,1.45250755287009
1968-06-30,71.77736211315975,4.229607250755274,6.843132048899303,0.7600000000000007,0.20999999999999996,1.4303927492447261
1968-07-31,71.77736211315975,4.2042042042042205,7.248928463192517,0.79,0.20000000000000018,1.315795795795779
1968-08-31,71.77736211315975,4.491017964071853,7.3288281512167375,0.7400000000000002,0.1900000000000004,0.8189820359281468
1968-09-30,78.24891046552447,4.477611940298498,5.604898112114998,0.8000000000000007,0.33000000000000007,0.6123880597015017
1968-10-31,78.24891046552447,4.464285714285721,6.17723404799746,0.8200000000000003,0.2699999999999996,0.7257142857142798
1968-11-30,78.24891046552447,4.7477744807121525,5.528905132956008,0.75,0.23000000000000043,0.6022255192878472
1968-12-31,76.62146031078272,4.424778761061954,5.38643118697224,0.8199999999999994,0.25,1.0252212389380464
1969-01-31,76.62146031078272,4.705882352941182,4.592942652172005,0.7800000000000002,0.07000000000000028,1.254117647058818
1969-02-28,76.62146031078272,4.692082111436946,5.338914207823331,0.7300000000000004,-0.09999999999999964,1.4479178885630537
1969-03-31,87.09957336032974,4.678362573099393,5.634579608501666,0.6399999999999997,0.07000000000000028,1.4416374269006074
1969-04-30,87.09957336032974,5.247813411078739,6.131559368024853,0.6600000000000001,0.28000000000000025,0.7721865889212607
1969-05-31,87.09957336032974,5.523255813953476,5.588438542198726,0.6500000000000004,0.05999999999999961,0.5867441860465243
1969-06-30,80.87879541384243,5.507246376811592,4.022203014423864,0.7299999999999995,0.28000000000000025,0.532753623188408
1969-07-31,80.87879541384243,5.475504322766556,4.654179449916573,0.7199999999999998,0.1299999999999999,0.9644956772334448
1969-08-31,80.87879541384243,5.4441260744985565,5.368318913236836,0.7599999999999998,-0.28000000000000025,1.5558739255014435
1969-09-30,76.75615944183465,5.428571428571427,5.316561168675826,0.8900000000000006,-0.29000000000000004,1.5514285714285734
1969-10-31,76.75615944183465,5.698005698005693,4.895649798904289,0.910000000000001,0.07000000000000028,1.3919943019943073
1969-11-30,76.75615944183465,5.665722379603411,4.718382879560434,0.8900000000000006,0.09999999999999964,1.3342776203965894
1969-12-31,72.23172640384638,5.932203389830515,2.4066315600629107,0.9000000000000004,-0.10000000000000053,1.3077966101694853
1970-01-31,72.23172640384638,5.89887640449438,1.8102058474672056,0.9300000000000006,-0.16999999999999993,1.9211235955056205
1970-02-28,72.23172640384638,6.162464985994376,-0.6757586927141013,0.9499999999999993,-0.08000000000000007,1.7075350140056242
1970-03-31,67.9166823195559,6.424581005586605,-1.372275514895549,0.8499999999999996,0.11000000000000032,0.7054189944133951
1970-04-30,67.9166823195559,6.094182825484751,-2.2667525773195862,0.7900000000000009,0.4400000000000004,0.5358171745152491
1970-05-31,67.9166823195559,6.060606060606077,-2.1581952179795305,0.8699999999999992,0.8799999999999999,0.44939393939392236
1970-06-30,64.47431506849315,6.043956043956045,-1.9012700234477875,0.870000000000001,1.0700000000000003,0.7960439560439552
1970-07-31,64.47431506849315,6.010928961748618,-3.1647783086552472,0.7699999999999996,1.1600000000000001,0.6690710382513814
1970-08-31,64.47431506849315,5.7065217391304435,-3.436958818398328,0.9600000000000009,1.0099999999999998,0.7434782608695567
1970-09-30,50.76435179763439,5.691056910569103,-3.8300261596375784,1.3099999999999987,1.12,0.7189430894308968
1970-10-31,50.76435179763439,5.660377358490565,-4.471367269366944,1.3000000000000007,1.2699999999999996,0.4596226415094353
1970-11-30,50.76435179763439,5.630026809651478,-6.409817992507383,1.3000000000000007,1.42,0.27997319034852186
1970-12-31,58.35327546661829,5.600000000000005,-6.091333941333177,1.33,1.5599999999999996,-0.3200000000000047
1971-01-31,58.35327546661829,5.570291777188308,-3.676159084098818,1.4799999999999995,1.5199999999999996,-0.7002917771883075
1971-02-28,58.35327546661829,5.277044854881274,-1.1040984555781286,1.38,1.7999999999999998,-0.8370448548812739
1971-03-31,64.53029924453982,4.724409448818889,-1.2275545301792423,1.3100000000000005,2.41,-1.024409448818889
1971-04-30,64.53029924453982,4.438642297650142,-1.2062077240542757,1.2500000000000009,2.3200000000000003,-1.0586422976501417
1971-05-31,64.53029924453982,4.155844155844157,-0.3952621420828639,1.1999999999999993,1.9700000000000002,-0.29584415584415735
1971-06-30,68.25467160460765,4.404145077720201,0.2268462025098783,1.089999999999999,2.25,-0.264145077720201
1971-07-31,68.25467160460765,4.381443298969079,0.9737974915486447,1.1100000000000003,1.7699999999999996,0.3685567010309212
1971-08-31,68.25467160460765,4.370179948586128,0.4344474437801171,1.12,1.33,1.0298200514138722
1971-09-30,67.34251745481812,4.358974358974366,0.029722571639356765,1.17,1.6399999999999997,0.5810256410256347
1971-10-31,67.34251745481812,4.081632653061207,2.36090438537655,1.1499999999999995,1.4499999999999993,0.6083673469387936
1971-11-30,67.34251745481812,3.8071065989847774,5.232388509414165,1.0900000000000007,1.4699999999999998,0.6528934010152225
1971-12-31,65.00987114441591,3.535353535353525,6.322665247425352,1.120000000000001,1.5899999999999999,0.6846464646464749
1972-01-31,65.00987114441591,3.266331658291466,5.135631629054527,1.1300000000000008,1.92,0.7436683417085339
1972-02-29,65.00987114441591,3.2581453634085378,6.827623465414789,1.04,2.5700000000000003,0.12185463659146212
1972-03-31,69.22961244126465,3.759398496240607,8.11173297567973,0.9600000000000009,2.88,-0.5593984962406067
1972-04-30,69.22961244126465,3.499999999999992,8.977367062522879,1.0,2.3400000000000003,0.23000000000000798
1972-05-31,69.22961244126465,3.4912718204488824,9.453063824704365,0.9400000000000004,2.4800000000000004,0.21872817955111756
1972-06-30,70.87799617912758,3.2258064516129226,8.915715470386566,0.9300000000000006,2.44,0.4641935483870774
1972-07-31,70.87799617912758,2.9629629629629672,8.748034105314083,0.9699999999999989,2.2,0.9470370370370329
1972-08-31,70.87799617912758,2.9556650246305383,8.94255547554803,1.0200000000000005,2.1300000000000003,1.0243349753694617
1972-09-30,69.11058309228986,2.9484029484029284,11.105510306953548,0.9999999999999991,2.1900000000000004,1.0715970515970712
1972-10-31,69.11058309228986,3.1862745098039325,10.20111941857067,0.8700000000000001,1.8899999999999997,1.4737254901960677
1972-11-30,69.11058309228986,3.1784841075794823,10.771550875301884,0.8500000000000005,1.7400000000000002,1.561515892420518
1972-12-31,69.24938360378314,3.4146341463414664,11.607721107128931,0.8700000000000001,1.5,1.3653658536585338
1973-01-31,69.24938360378314,3.406326034063256,11.563253280957063,0.8499999999999996,1.29,1.663673965936744
1973-02-28,69.24938360378314,3.6407766990291357,9.745944276147966,0.75,1.0499999999999998,1.7692233009708644
1973-03-31,77.72931679037765,3.864734299516903,10.202757862077295,0.75,1.04,1.7352657004830965
1973-04-30,77.72931679037765,4.8309178743961345,9.499268853655618,0.7399999999999993,0.6200000000000001,1.2590821256038653
1973-05-31,77.72931679037765,5.301204819277117,8.254920601045711,0.8300000000000001,0.41000000000000014,0.9587951807228832
1973-06-30,70.47521216124981,5.528846153846145,8.97758271601945,0.7700000000000005,0.4899999999999993,0.831153846153855
1973-07-31,70.47521216124981,5.995203836930463,8.83633980415821,0.7600000000000007,-0.29000000000000004,1.1947961630695376
1973-08-31,70.47521216124981,5.741626794258381,9.345697095887772,0.79,-0.8799999999999999,2.268373205741619
1973-09-30,63.92547636409416,7.398568019093088,7.695742496239166,0.8499999999999996,-1.2699999999999996,1.271431980906912
1973-10-31,63.92547636409416,7.3634204275534465,7.6971184368870516,1.0000000000000009,-1.1999999999999993,0.9265795724465526
1973-11-30,63.92547636409416,8.056872037914697,7.2459496507553345,0.8100000000000005,-0.4299999999999997,-0.8368720379146977
1973-12-31,66.5153943471996,8.25471698113207,6.474425959662278,0.75,-1.0999999999999996,-0.4247169811320699
1974-01-31,66.5153943471996,8.94117647058823,4.998776770995539,0.8000000000000007,-0.71,-1.49117647058823
1974-02-28,66.5153943471996,9.601873536299754,3.5582220466756853,0.6500000000000004,-0.7799999999999994,-1.8318735362997547
1974-03-31,54.837907753834116,9.999999999999986,1.775183684065662,0.6799999999999997,-0.16000000000000014,-2.8799999999999857
1974-04-30,54.837907753834116,10.138248847926267,1.7295797962173731,0.6099999999999994,-0.75,-2.178248847926267
1974-05-31,54.837907753834116,10.068649885583515,1.5824833608505617,0.6199999999999992,-0.8200000000000003,-1.7386498855835146
1974-06-30,52.59859617263576,10.70615034168565,1.6943721922706434,0.6800000000000015,-0.6500000000000004,-2.476150341685649
1974-07-31,52.59859617263576,10.859728506787313,1.3783372404368555,0.7999999999999989,-0.3600000000000003,-2.9597285067873127
1974-08-31,52.59859617263576,11.538461538461519,1.2366153273875247,0.7599999999999998,0.2599999999999998,-3.988461538461519
1974-09-30,47.281145265271334,10.888888888888882,0.2986570410559164,0.7699999999999996,-0.9200000000000017,-1.9288888888888813
1974-10-31,47.281145265271334,11.946902654867241,-0.4968941366931823,0.9399999999999995,-0.02000000000000135,-3.8869026548672405
1974-11-30,47.281145265271334,11.842105263157897,-1.6003228128339875,1.2100000000000009,0.4400000000000004,-4.382105263157897
1974-12-31,34.6470507542823,12.200435729847502,-5.27083744976149,1.709999999999999,0.20999999999999996,-4.730435729847502
1975-01-31,34.6470507542823,12.095032397408211,-8.426496526794857,1.7400000000000002,0.27999999999999936,-4.945032397408211
1975-02-28,34.6470507542823,11.752136752136755,-9.10294517365038,1.9800000000000004,1.2400000000000002,-5.492136752136755
1975-03-31,34.86049388658599,11.205073995771686,-10.905556569523645,2.030000000000001,1.8899999999999997,-5.705073995771686
1975-04-30,34.86049388658599,10.460251046025103,-11.90451583963129,1.8100000000000005,2.24,-4.970251046025103
1975-05-31,34.86049388658599,10.187110187110182,-11.440706934156065,1.6300000000000008,2.62,-4.577110187110182
1975-06-30,42.38526194901851,9.259259259259256,-12.425718311584877,1.7899999999999991,2.83,-4.0292592592592555
1975-07-31,42.38526194901851,9.183673469387754,-11.71888356515679,1.8499999999999996,2.5200000000000005,-3.8436734693877543
1975-08-31,42.38526194901851,9.533468559837743,-10.985278453964275,1.7100000000000009,1.9300000000000006,-3.4034685598377434
1975-09-30,47.92799359265019,8.617234468937895,-9.144807523111819,1.6400000000000006,1.96,-2.177234468937894
1975-10-31,47.92799359265019,7.905138339920947,-7.971660053275553,1.6600000000000001,2.01,-1.4851383399209475
1975-11-30,47.92799359265019,7.647058823529407,-7.314472672138828,1.7599999999999998,2.1800000000000006,-1.6870588235294068
1975-12-31,41.04326771239078,7.37864077669903,-4.029770009030942,1.7800000000000011,2.5700000000000003,-1.8986407766990299
1976-01-31,41.04326771239078,7.129094412331405,0.9228764448925508,1.7700000000000014,2.5599999999999996,-1.6890944123314044
1976-02-29,41.04326771239078,6.692160611854692,3.6983090412755937,1.8100000000000005,2.87,-1.8221606118546916
1976-03-31,42.84729920179632,6.273764258555126,7.173373810669714,1.6899999999999995,2.91,-1.3937642585551258
1976-04-30,42.84729920179632,6.060606060606055,8.61875308882334,1.5999999999999996,2.7300000000000004,-1.0606060606060552
1976-05-31,42.84729920179632,5.849056603773595,8.903487037226121,1.5399999999999991,2.6999999999999993,-0.9890566037735944
1976-06-30,47.69471026159483,6.214689265536721,9.72709761076118,1.2799999999999994,2.7,-1.0146892655367212
1976-07-31,47.69471026159483,5.981308411214958,9.152820950810892,1.2700000000000014,2.45,-0.5713084112149582
1976-08-31,47.69471026159483,5.555555555555558,8.63575384403703,1.2599999999999998,2.5999999999999996,-0.3255555555555576
1976-09-30,47.9260737276039,5.719557195571956,8.317315412727066,1.1900000000000013,2.63,-0.5795571955719563
1976-10-31,47.9260737276039,5.494505494505497,7.306439524962527,1.0199999999999996,2.51,-0.4145054945054971
1976-11-30,47.9260737276039,5.464480874316946,6.804022624272066,0.9699999999999989,2.49,-0.544480874316946
1976-12-31,47.56710368830431,5.063291139240511,8.286421923252373,0.9800000000000004,2.54,-0.3132911392405111
1977-01-31,47.56710368830431,5.035971223021574,7.9827715391104,1.1399999999999988,2.5200000000000005,-0.685971223021574
1977-02-28,47.56710368830431,5.197132616487465,5.831232616764193,1.12,2.59,-0.5771326164874653
1977-03-31,47.94628266020361,6.082289803220031,6.459264581591739,1.08,2.7199999999999998,-1.4122898032200313
1977-04-30,47.94628266020361,6.428571428571428,7.587184719464668,1.0199999999999996,2.8600000000000003,-1.8285714285714283
1977-05-31,47.94628266020361,6.951871657754016,8.08479695971207,1.0300000000000011,2.83,-2.4118716577540162
1977-06-30,43.100186659479206,6.737588652482285,8.475907701975927,0.9599999999999991,2.5,-1.7775886524822848
1977-07-31,43.100186659479206,6.701940035273357,9.207368806538119,0.96,2.2600000000000007,-1.6819400352733576
1977-08-31,43.100186659479206,6.666666666666665,8.727758791878614,0.9299999999999988,2.1399999999999997,-1.4766666666666648
1977-09-30,42.90428224206421,6.631762652705064,8.091746746274552,0.8399999999999999,1.9100000000000001,-1.1417626527050642
1977-10-31,42.90428224206421,6.423611111111094,8.163484591053471,0.8800000000000008,1.5300000000000002,-0.6136111111110942
1977-11-30,42.90428224206421,6.390328151986191,8.349138461882966,0.8500000000000014,1.3599999999999994,-0.23032815198619083
1977-12-31,39.90180663147465,6.712564543889843,6.918736986978158,0.8699999999999992,1.4800000000000004,-0.6125645438898433
1978-01-31,39.90180663147465,6.67808219178081,5.964511863563571,0.8000000000000007,1.62,-0.6080821917808095
1978-02-28,39.90180663147465,6.814310051107331,5.140555542127112,0.7599999999999998,1.5199999999999996,-0.3743100511073303
1978-03-31,37.8499909900336,6.2394603709949426,4.059687157267189,0.7299999999999986,1.5799999999999992,0.21053962900505763
1978-04-30,37.8499909900336,6.375838926174482,4.716084453794966,0.75,1.7499999999999991,-0.08583892617448186
1978-05-31,37.8499909900336,6.499999999999995,5.822494520652288,0.7599999999999998,1.8600000000000003,-0.20999999999999464
1978-06-30,35.13278795692676,7.14285714285714,5.484550104846431,0.8000000000000007,1.9399999999999995,-0.7328571428571395
1978-07-31,35.13278795692676,7.438016528925617,5.349748810704069,0.8399999999999999,1.7300000000000004,-0.7080165289256168
1978-08-31,35.13278795692676,7.7302631578947345,5.128450481559299,0.7199999999999989,1.6300000000000008,-0.7202631578947347
1978-09-30,35.735040634611025,7.855973813420625,5.455678972579259,0.7900000000000009,1.33,-0.7759738134206247
1978-10-31,35.735040634611025,8.482871125611746,5.288820730604393,0.7300000000000004,0.5700000000000003,-0.6328711256117465
1978-11-30,35.735040634611025,8.92857142857142,5.928852938076479,0.6999999999999993,0.6500000000000004,-0.9385714285714197
1978-12-31,37.40255434848415,8.870967741935477,6.550238158597743,0.8000000000000007,0.16999999999999993,-0.2309677419354763
1979-01-31,37.40255434848415,8.988764044943842,6.890239256716546,0.7799999999999994,-0.07000000000000028,0.09123595505615789
1979-02-28,37.40255434848415,9.250398724082931,7.899373224851147,0.8800000000000008,-0.25,0.09960127591706858
1979-03-31,34.57216922916055,9.84126984126985,7.8387839781807855,0.8200000000000003,-0.22000000000000064,-0.5212698412698504
1979-04-30,34.57216922916055,10.252365930599371,6.156058458180791,0.8900000000000006,-0.3600000000000012,-0.7723659305993706
1979-05-31,34.57216922916055,10.485133020344284,2.7962479458462974,0.9499999999999993,-0.28000000000000114,-1.025133020344283
1979-06-30,36.052141011078085,10.697674418604652,3.246706729812554,0.9700000000000006,-0.35999999999999943,-1.087674418604653
1979-07-31,36.052141011078085,11.076923076923073,2.6026045816437637,1.0900000000000016,-0.15000000000000036,-2.0169230769230726
1979-08-31,36.052141011078085,11.45038167938932,2.515512956484578,1.0899999999999999,-0.2900000000000009,-2.21038167938932
1979-09-30,35.548290070379245,11.836115326251884,1.423960209514874,1.1199999999999992,-0.4900000000000002,-2.316115326251884
1979-10-31,35.548290070379245,11.879699248120312,1.1504803987860246,1.0999999999999996,-0.9299999999999997,-1.6196992481203125
1979-11-30,35.548290070379245,12.071535022354718,1.126699560440847,1.2699999999999996,-1.3999999999999986,-0.3715350223547187
1979-12-31,36.7812218258974,12.592592592592599,0.19689688953252737,1.2300000000000004,-1.1399999999999988,-0.8025925925925996
1980-01-31,36.7812218258974,13.254786450662737,-0.23348552274172762,1.3200000000000003,-1.6499999999999986,-1.2147864506627375
1980-02-29,36.7812218258974,13.868613138686126,0.8524477122790364,1.33,-1.1999999999999993,-1.8686131386861256
1980-03-31,37.2550142572203,14.161849710982644,0.3986490654493968,1.1899999999999995,-0.4499999999999993,-1.3018497109826441
1980-04-30,37.2550142572203,14.592274678111572,-0.3354814908751447,1.4899999999999984,-2.4499999999999993,0.6077253218884273
1980-05-31,37.2550142572203,14.589235127478762,-1.1272032096897422,2.1500000000000004,-1.7299999999999986,-1.3892351274787629
1980-06-30,34.29982773217981,14.425770308123242,-4.4262762693309865,2.1799999999999997,1.5999999999999996,-5.845770308123242
1980-07-31,34.29982773217981,14.265927977839322,-5.68111529679266,2.130000000000001,2.709999999999999,-7.195927977839322
1980-08-31,34.29982773217981,13.15068493150684,-6.187644398635772,1.58,2.1899999999999995,-5.090684931506839
1980-09-30,38.48671886841556,12.890094979647216,-5.269446883913231,1.5099999999999998,1.9699999999999989,-3.7600949796472154
1980-10-31,38.48671886841556,12.768817204301076,-3.6900720369531848,1.6799999999999997,1.2400000000000002,-2.4988172043010763
1980-11-30,38.48671886841556,12.632978723404253,-3.168999139550932,1.92,0.13000000000000078,-1.0129787234042542
1980-12-31,42.500025380861715,12.631578947368416,-1.3950855117857652,1.67,-1.0500000000000007,1.0984210526315845
1981-01-31,42.500025380861715,12.353706111833551,-0.8052089488257752,1.9299999999999997,-2.6500000000000004,3.136293888166449
1981-02-28,42.500025380861715,11.794871794871797,-1.9712721273567824,2.219999999999999,-2.4499999999999993,3.225128205128202
1981-03-31,45.10123236635576,11.392405063291132,-2.415421834798981,2.0199999999999996,-1.5999999999999996,3.3975949367088667
1981-04-30,45.10123236635576,10.611735330836458,-1.5180258338153063,2.01,-0.2400000000000002,2.7482646691635413
1981-05-31,45.10123236635576,10.135970333745359,0.03599549171218186,1.6799999999999997,-0.009999999999999787,3.5540296662546407
1981-06-30,43.24321123511062,9.79192166462668,3.1468672487850124,1.629999999999999,-2.200000000000001,6.508078335373321
1981-07-31,43.24321123511062,9.696969696969692,5.029602722878468,2.0500000000000007,-1.2599999999999998,5.0330303030303085
1981-08-31,43.24321123511062,10.774818401937058,6.466970757490653,1.790000000000001,-0.6699999999999999,4.175181598062942
1981-09-30,41.607863572605744,10.817307692307686,6.001891037671014,1.4499999999999993,-0.5700000000000003,4.6926923076923135
1981-10-31,41.607863572605744,10.96543504171632,3.778994689351256,1.4300000000000015,0.620000000000001,3.734564958283679
1981-11-30,41.607863572605744,10.271546635182993,1.6682340189835498,1.709999999999999,1.6100000000000012,3.268453364817006
1981-12-31,34.8443802982817,9.579439252336464,-1.1681112106147085,2.17,2.530000000000001,1.280560747663536
1982-01-31,34.8443802982817,8.912037037037024,-2.8656357308042835,2.3200000000000003,2.870000000000001,1.9379629629629758
1982-02-28,34.8443802982817,8.25688073394495,-4.257320023902123,1.9200000000000017,2.3100000000000005,4.023119266055049
1982-03-31,37.35766507011361,7.613636363636367,-1.8896584290886143,1.9100000000000001,0.9499999999999993,5.866363636363634
1982-04-30,37.35766507011361,6.884875846501148,-3.0348885922016455,2.24,1.1799999999999997,5.795124153498851
1982-05-31,37.35766507011361,6.621773288439958,-3.5058397892170245,2.3200000000000003,1.17,6.078226711560041
1982-06-30,33.30291463646298,6.911928651059096,-4.694474041779495,2.380000000000001,1.5299999999999994,5.178071348940904
1982-07-31,33.30291463646298,7.182320441988943,-5.424420493249382,2.110000000000001,1.83,5.287679558011058
1982-08-31,33.30291463646298,6.557377049180335,-6.349148068200938,2.1900000000000013,2.5999999999999996,4.7926229508196645
1982-09-30,32.22283980777749,5.965292841648595,-7.088265683228013,2.6099999999999994,4.380000000000001,2.7147071583514046
1982-10-31,32.22283980777749,4.940923737916236,-6.868842801509523,2.6900000000000013,4.42,2.9790762620837636
1982-11-30,32.22283980777749,5.032119914346889,-7.0372990567941995,2.610000000000001,3.2,2.6778800856531113
1982-12-31,34.839002329545416,4.47761194029852,-6.24962823436106,2.620000000000001,2.4800000000000004,3.59238805970148
1983-01-31,34.839002329545416,3.825717321997879,-5.912378478798031,2.3100000000000005,2.5999999999999988,4.114282678002121
1983-02-28,34.839002329545416,3.7076271186440746,-2.13859643737786,2.1500000000000004,2.6000000000000005,4.152372881355926
1983-03-31,40.74810120964767,3.484688489968324,-4.693403605034529,1.9399999999999995,2.610000000000001,4.6253115100316755
1983-04-30,40.74810120964767,3.5902851108764455,-3.2461646238918895,1.879999999999999,2.16,4.759714889123554
1983-05-31,40.74810120964767,4.0000000000000036,-1.1083036169128868,1.7799999999999994,2.1899999999999995,4.209999999999997
1983-06-30,44.15841133778218,3.44108446298228,0.15508233107617286,1.629999999999999,2.1900000000000013,4.748915537017719
1983-07-31,44.15841133778218,2.4742268041237248,1.0316445022150678,1.629999999999999,2.0600000000000005,6.315773195876274
1983-08-31,44.15841133778218,2.358974358974364,2.8744407943608996,1.2400000000000002,2.3000000000000007,6.721025641025636
1983-09-30,48.52723557971727,2.456499488229258,5.050271558043451,1.1300000000000008,2.51,6.883500511770742
1983-10-31,48.52723557971727,2.763561924257929,6.8416393880686766,1.1800000000000015,2.6500000000000004,6.236438075742071
1983-11-30,48.52723557971727,2.752293577981657,8.710903491149335,1.2100000000000009,2.8999999999999986,5.8877064220183435
1983-12-31,46.338819558497974,3.1632653061224536,9.551635894507537,1.1999999999999993,2.9299999999999997,5.596734693877546
1984-01-31,46.338819558497974,3.7871033776867957,10.886183797139415,1.1799999999999997,2.83,5.212896622313204
1984-02-29,46.338819558497974,4.290091930541351,11.03037425193525,1.450000000000001,2.7699999999999996,4.609908069458649
1984-03-31,42.96812453981942,4.693877551020398,12.222425631216694,1.5099999999999998,2.75,4.396122448979602
1984-04-30,42.96812453981942,4.892966360856277,11.828004106467693,1.42,2.8000000000000007,4.627033639143723
1984-05-31,42.96812453981942,4.5546558704453455,11.083408371126957,1.5,2.9400000000000013,5.135344129554654
1984-06-30,39.0938047427185,4.3346774193548265,11.016530838380367,1.4600000000000009,3.58,5.4953225806451735
1984-07-31,39.0938047427185,4.325955734406439,10.74527207214544,1.5,3.6900000000000013,5.54404426559356
1984-08-31,39.0938047427185,4.308617234468937,9.422400340189284,1.7100000000000009,3.24,5.811382765531063
1984-09-30,36.31311444704847,4.295704295704317,8.254649187321462,1.7600000000000016,2.25,6.174295704295684
1984-10-31,36.31311444704847,4.2828685258964105,6.386728672476449,1.6899999999999995,2.1500000000000004,6.087131474103589
1984-11-30,36.31311444704847,4.265873015873023,5.567847537197523,1.3099999999999987,2.42,5.474126984126977
1984-12-31,37.785076819489504,4.154302670623156,5.453162494473873,1.1900000000000013,2.960000000000001,4.455697329376844
1985-01-31,37.785076819489504,4.043392504930954,4.960103266653104,1.2699999999999996,3.4399999999999995,4.016607495069047
1985-02-28,37.785076819489504,3.52595494613126,2.888405510513481,1.1799999999999997,3.620000000000001,4.23404505386874
1985-03-31,37.4504977762115,3.6062378167641462,2.7201407040452263,1.0999999999999996,3.24,4.663762183235853
1985-04-30,37.4504977762115,3.790087463556846,2.3741950892748775,1.129999999999999,3.34,4.729912536443154
1985-05-31,37.4504977762115,3.581800580832528,1.5505472083101601,1.2799999999999994,3.4799999999999995,4.368199419167472
1985-06-30,39.51374980851824,3.5748792270531515,1.1492068646153486,1.4299999999999997,3.369999999999999,3.905120772946849
1985-07-31,39.51374980851824,3.6644165863066513,0.7306797251541264,1.4600000000000009,3.21,3.285583413693349
1985-08-31,39.51374980851824,3.458213256484166,-0.02291387499290254,1.459999999999999,3.2300000000000004,3.621786743515834
1985-09-30,40.60765743080086,3.3524904214559337,0.17799492018613083,1.4499999999999993,3.1900000000000004,3.787509578544066
1985-10-31,40.60765743080086,3.2473734479465,0.8154779178130456,1.4100000000000001,3.2699999999999996,3.8526265520534997
1985-11-30,40.60765743080086,3.2350142721217834,0.5130362266396737,1.3399999999999999,3.08,3.9249857278782168
1985-12-31,37.438932901246545,3.5137701804368593,0.5279730521382531,1.4399999999999995,2.539999999999999,3.726229819563141
1986-01-31,37.438932901246545,3.791469194312791,1.4633539281426744,1.42,2.16,3.3085308056872087
1986-02-28,37.438932901246545,3.9735099337748325,2.042568302210057,1.3899999999999988,2.119999999999999,3.0964900662251678
1986-03-31,43.150099885375965,3.19849482596426,1.0483274768402273,1.4399999999999995,1.6399999999999997,3.86150517403574
1986-04-30,43.150099885375965,2.1535580524344455,0.17716115650512343,1.5,1.2200000000000006,4.406441947565554
1986-05-31,43.150099885375965,1.5887850467289688,0.5395837861830843,1.4000000000000004,1.2400000000000002,4.471214953271031
1986-06-30,47.42054715572282,1.679104477611948,0.541901122652777,1.1999999999999993,1.5599999999999996,4.470895522388052
1986-07-31,47.42054715572282,1.7674418604651132,0.18540518149086083,1.209999999999999,1.5899999999999999,4.442558139534887
1986-08-31,47.42054715572282,1.671309192200554,1.3194082831557319,1.2799999999999994,1.4699999999999998,4.158690807799446
1986-09-30,49.40057289443694,1.575532900834098,0.8247799581394988,1.459999999999999,1.6399999999999997,3.9544670991659023
1986-10-31,49.40057289443694,1.757631822386685,0.7412926803496367,1.3099999999999987,2.24,3.452368177613315
1986-11-30,49.40057289443694,1.5668202764977046,1.4862965758343893,1.3800000000000008,2.25,3.613179723502295
1986-12-31,44.11512632526339,1.2844036697247763,1.5357187083427482,1.3900000000000006,1.9000000000000004,4.065596330275223
1987-01-31,44.11512632526339,1.187214611872145,1.5210709724897686,1.4800000000000004,1.58,4.342785388127855
1987-02-28,44.11512632526339,1.364877161055511,0.6100656345238598,1.3600000000000012,1.6500000000000004,4.065122838944489
1987-03-31,48.13386731054247,1.9143117593436676,2.6567648418983847,1.2699999999999996,1.6600000000000001,3.6756882406563323
1987-04-30,48.13386731054247,2.8414298808432603,3.54296110984762,1.25,1.6600000000000001,2.7485701191567395
1987-05-31,48.13386731054247,3.679852805887762,4.0493229629387395,1.1899999999999995,2.38,1.9601471941122375
1987-06-30,57.37542342946739,3.669724770642202,4.552760573702974,1.1799999999999997,2.9499999999999993,1.990275229357798
1987-07-31,57.37542342946739,3.7477148080438782,5.519439713663821,1.1999999999999993,2.7300000000000004,1.9222851919561217
1987-08-31,57.37542342946739,3.926940639269394,5.549483162984625,1.1899999999999995,2.759999999999999,1.7630593607306064
1987-09-30,57.94274431146695,4.2883211678832245,6.539368743960372,1.1300000000000008,2.7199999999999998,1.7516788321167756
1987-10-31,57.94274431146695,4.2727272727272725,6.686739906867412,1.1300000000000008,3.0199999999999996,2.127272727272728
1987-11-30,57.94274431146695,4.355716878402904,7.649118005085254,1.0999999999999996,3.3899999999999997,1.7742831215970956
1987-12-31,60.30375336136045,4.528985507246386,7.742526773047431,1.2200000000000006,3.169999999999999,1.1610144927536146
1988-01-31,60.30375336136045,4.332129963898912,7.328838312501662,1.1799999999999997,3.2200000000000006,1.4378700361010877
1988-02-29,60.30375336136045,4.129263913824044,7.683256014634088,1.1899999999999995,2.8600000000000003,1.6807360861759557
1988-03-31,45.680525975071056,3.9355992844364973,6.815010338304517,1.2199999999999989,2.5500000000000007,1.7244007155635028
1988-04-30,45.680525975071056,3.832442067736186,6.92376356971911,1.1799999999999997,2.669999999999999,1.8675579322638143
1988-05-31,45.680525975071056,3.9929015084294583,6.867457888147577,1.2300000000000004,2.8100000000000005,1.9170984915705418
1988-06-30,47.70696885621633,3.9823008849557473,5.981899007846314,1.1399999999999988,2.83,2.2776991150442525
1988-07-31,47.70696885621633,3.96475770925111,5.741687913317128,1.1400000000000006,2.46,2.49524229074889
1988-08-31,47.70696885621633,4.130052724077338,5.040822414780433,1.1499999999999986,2.33,2.5999472759226627
1988-09-30,48.47933617416141,4.111986001749779,4.781020904097089,1.1000000000000014,2.2,2.9480139982502207
1988-10-31,48.47933617416141,4.184829991281602,4.043725665351872,1.08,1.7400000000000002,3.055170008718398
1988-11-30,48.47933617416141,4.260869565217407,3.118549371874013,0.9000000000000004,1.450000000000001,3.089130434782593
1988-12-31,46.575919936927804,4.246100519930662,2.8661985664013345,1.0300000000000011,1.200000000000001,3.5138994800693375
1989-01-31,46.575919936927804,4.4117647058823595,2.755857936251749,1.08,1.0399999999999991,3.658235294117641
1989-02-28,46.575919936927804,4.482758620689653,3.0792614276063945,1.0300000000000011,0.8200000000000003,3.7872413793103465
1989-03-31,47.39936538674165,4.647160068846801,2.111356945517584,0.9699999999999989,0.6400000000000006,3.8828399311531987
1989-04-30,47.39936538674165,4.892703862660941,2.1147048238211674,0.8699999999999992,0.5399999999999991,3.9272961373390594
1989-05-31,47.39936538674165,5.034129692832767,1.510544400528735,0.8200000000000003,0.5299999999999994,3.615870307167233
1989-06-30,48.45818183269757,5.276595744680845,1.1373664245240223,0.8900000000000006,0.4299999999999997,3.1534042553191544
1989-07-31,48.45818183269757,5.1694915254237195,0.8371301845179868,0.9299999999999997,0.129999999999999,2.980508474576281
1989-08-31,48.45818183269757,5.063291139240511,-0.150328322933313,0.9399999999999995,0.13999999999999968,2.816708860759489
1989-09-30,50.55258270744948,4.621848739495804,0.32497957712054326,0.9199999999999999,0.20999999999999908,3.2781512605041963
1989-10-31,50.55258270744948,4.435146443514637,0.3240432253134973,0.9000000000000004,0.4399999999999995,3.314853556485363
1989-11-30,50.55258270744948,4.587155963302747,-0.24121871415987428,0.8900000000000006,0.3700000000000001,3.0528440366972527
1989-12-31,53.68516328628631,4.655029093931851,-0.14564426549978915,0.9199999999999999,0.17999999999999972,3.03497090606815
1990-01-31,53.68516328628631,4.639602319801162,-0.05074563869427173,0.9600000000000009,0.20999999999999996,2.9903976801988383
1990-02-28,53.68516328628631,5.198019801980203,-0.848734447631927,0.9499999999999993,0.5700000000000012,2.441980198019797
1990-03-31,54.635088130174545,5.263157894736836,0.49643524964546604,0.9199999999999999,0.7300000000000004,2.476842105263164
1990-04-30,54.635088130174545,5.237315875613735,0.7451289008624462,0.8400000000000016,0.6899999999999995,2.6626841243862653
1990-05-31,54.635088130174545,4.711616571892785,0.4962367772133325,0.8399999999999999,1.0199999999999996,3.0583834281072146
1990-06-30,51.201431845414916,4.365400161681476,1.3782408246781896,0.9399999999999995,1.0199999999999996,3.374599838318524
1990-07-31,51.201431845414916,4.673650282030639,1.7298125132548803,0.9600000000000009,0.75,3.0563497179693613
1990-08-31,51.201431845414916,4.819277108433728,2.5412840137444492,0.9599999999999991,0.8500000000000005,2.800722891566272
1990-09-30,52.62141385912952,5.702811244979911,1.9009861881851498,1.0,1.2999999999999998,1.7471887550200895
1990-10-31,52.62141385912952,6.169871794871806,2.229147315019908,1.08,1.5300000000000002,1.190128205128194
1990-11-30,52.62141385912952,6.379585326953752,1.7690408900654653,1.2100000000000009,1.5500000000000007,0.7904146730462482
1990-12-31,44.13504244972167,6.195393169181873,0.1366191065791167,1.3199999999999985,1.330000000000001,0.8646068308181265
1991-01-31,44.13504244972167,6.254948535233562,-1.1405030076012013,1.379999999999999,1.3399999999999999,0.4850514647664381
1991-02-28,44.13504244972167,5.647058823529405,-0.961460577686335,1.4100000000000001,1.87,0.5729411764705947
1991-03-31,49.24435441176153,5.312500000000009,-2.577958439290029,1.2400000000000002,1.9099999999999993,0.6274999999999915
1991-04-30,49.24435441176153,4.821150855365497,-3.61869587651098,1.1600000000000001,2.1999999999999993,1.0888491446345032
1991-05-31,49.24435441176153,4.809930178432875,-3.1105501802648705,1.08,2.389999999999999,0.8400698215671252
1991-06-30,56.30195165743247,5.034856700232382,-2.494978108064083,1.0,2.6100000000000003,0.4251432997676181
1991-07-31,56.30195165743247,4.695919938414161,-2.037136646180182,0.9500000000000011,2.709999999999999,0.8740800615858388
1991-08-31,56.30195165743247,4.367816091954024,-1.5908264836979713,0.8900000000000006,2.6899999999999995,1.2121839080459758
1991-09-30,54.774923933328346,3.7993920972644313,-1.934469200524247,0.9000000000000004,2.5700000000000003,1.5306079027355688
1991-10-31,54.774923933328346,3.396226415094339,-1.1640559598299127,0.9000000000000004,2.4300000000000006,1.8237735849056609
1991-11-30,54.774923933328346,2.8485757121439192,-0.6375380485583504,0.9399999999999995,2.54,2.141424287856081
1991-12-31,57.01032736877606,3.0665669409125185,0.4829362003084814,0.9699999999999989,2.8600000000000003,1.4934330590874811
1992-01-31,57.01032736877606,2.980625931445613,0.7336733229858172,0.9499999999999993,3.0199999999999996,1.0893740685543873
1992-02-29,57.01032736877606,2.672605790645899,0.5334053046102349,0.9300000000000015,3.2300000000000004,1.127394209354101
1992-03-31,63.858112487109985,2.8189910979228294,1.996743776757559,0.9400000000000013,3.5,1.0210089020771704
1992-04-30,63.858112487109985,3.189910979228472,3.4616952793256273,0.9000000000000004,3.5,0.8500890207715281
1992-05-31,63.858112487109985,3.1828275351591495,3.972638518327498,0.8800000000000008,3.7300000000000004,0.5671724648408505
1992-06-30,61.51581414222183,3.0235988200590036,3.341941886534139,0.8500000000000014,3.76,0.6064011799409963
1992-07-31,61.51581414222183,3.0147058823529305,2.563756841098086,0.8300000000000001,3.5999999999999996,0.6452941176470697
1992-08-31,61.51581414222183,3.1571218795888534,3.218992232364881,0.7699999999999996,3.63,0.05287812041114659
1992-09-30,59.90959644171793,3.0746705710102518,2.6429698460063156,0.7000000000000002,3.46,0.05532942898974813
1992-10-31,59.90959644171793,2.9927007299270114,2.1710235537090616,0.6999999999999993,3.51,-0.08270072992701127
1992-11-30,59.90959644171793,3.279883381924198,2.917078740220802,0.8499999999999996,3.73,-0.41988338192419805
1992-12-31,60.51011468420461,3.1204644412191396,3.4710914183461616,0.8600000000000012,3.74,0.00953555878086032
1993-01-31,60.51011468420461,2.966714905933454,4.152288897664813,0.8300000000000001,3.5499999999999994,0.2532850940665461
1993-02-28,60.51011468420461,3.2537960954446943,5.1026982701394274,0.7599999999999998,3.5999999999999996,-0.2537960954446943
1993-03-31,65.40023706731063,3.2467532467532534,4.8685284067500945,0.6800000000000006,3.3299999999999996,-0.3167532467532532
1993-04-30,65.40023706731063,3.0194104960460155,3.8911814838072933,0.5700000000000003,3.0300000000000002,-0.06941049604601535
1993-05-31,65.40023706731063,3.1563845050215145,3.3914177146763924,0.6800000000000006,3.0999999999999996,-0.28638450502151436
1993-06-30,66.77530838660284,3.2211882605583497,2.6622718052738525,0.7800000000000011,3.08,-0.26118826055834976
1993-07-31,66.77530838660284,2.9978586723768963,2.8411547715022856,0.7400000000000002,2.89,0.07214132762310355
1993-08-31,66.77530838660284,2.8469750889679624,2.1777342523886745,0.7599999999999998,2.7699999999999996,0.19302491103203767
1993-09-30,66.31329785741949,2.840909090909083,2.628418293185275,0.75,2.6599999999999997,0.17909090909091718
1993-10-31,66.31329785741949,2.7639971651311157,2.833713227717971,0.6799999999999997,2.41,0.18600283486888447
1993-11-30,66.31329785741949,2.752293577981657,2.892835100274227,0.6399999999999997,2.31,0.26770642201834294
1993-12-31,67.51124439088197,2.7445460942997935,2.972500941748568,0.7300000000000004,2.6199999999999997,0.35545390570020663
1994-01-31,67.51124439088197,2.8109627547435068,3.407732938414032,0.7600000000000007,2.7099999999999995,0.2490372452564933
1994-02-28,67.51124439088197,2.450980392156854,3.3086266095749384,0.7300000000000004,2.77,0.529019607843146
1994-03-31,69.3687018249042,2.515723270440251,2.8734118125557373,0.6799999999999997,2.7199999999999998,0.734276729559749
1994-04-30,69.3687018249042,2.6517794836008246,4.013742016462052,0.6500000000000004,2.9800000000000004,0.8482205163991754
1994-05-31,69.3687018249042,2.364394993045882,4.342604424720231,0.6399999999999997,3.2899999999999996,1.3156050069541183
1994-06-30,65.47186399784589,2.288488210818307,5.220887873549018,0.629999999999999,3.04,1.8515117891816928
1994-07-31,65.47186399784589,2.494802494802495,5.692891278467149,0.6800000000000006,2.96,1.6451975051975047
1994-08-31,65.47186399784589,2.69896193771626,5.548865528406344,0.6900000000000013,2.9699999999999998,1.6310380622837402
1994-09-30,63.1038711421428,2.900552486187835,6.384761951629092,0.6699999999999999,2.76,1.5794475138121653
1994-10-31,63.1038711421428,2.965517241379323,6.156180732641192,0.6400000000000006,2.84,1.6544827586206772
1994-11-30,63.1038711421428,2.609890109890123,6.231501771426062,0.629999999999999,2.79,2.3401098901098774
1994-12-31,65.93274519766882,2.602739726027403,6.4711768991924545,0.6400000000000006,2.67,2.687260273972597
1995-01-31,65.93274519766882,2.597402597402576,6.925835091579047,0.6399999999999988,2.21,3.0025974025974236
1995-02-28,65.93274519766882,2.8708133971291794,6.800469318244806,0.6199999999999992,2.0700000000000003,2.8391866028708206
1995-03-31,64.80738235732812,2.862985685071595,6.617845269116707,0.5899999999999999,1.7000000000000002,2.9070143149284045
1995-04-30,64.80738235732812,2.7872195785180187,5.7165348260771465,0.5800000000000001,1.4699999999999998,2.9427804214819817
1995-05-31,64.80738235732812,3.125000000000022,4.913630863868201,0.5700000000000003,1.4099999999999993,2.524999999999978
1995-06-30,69.17034163404252,3.1186440677966054,4.945992374531105,0.5499999999999989,0.96,2.5513559322033945
1995-07-31,69.17034163404252,3.0425963488843744,4.587732144288292,0.6000000000000005,0.7000000000000002,2.4274036511156254
1995-08-31,69.17034163404252,2.8301886792452713,4.012060921624383,0.629999999999999,0.8600000000000003,2.5898113207547286
1995-09-30,74.30554318910823,2.6174496644295386,4.689029105863818,0.6199999999999992,1.0899999999999999,2.7825503355704617
1995-10-31,74.30554318910823,2.54521098459477,4.7816808149161005,0.6099999999999994,0.9199999999999999,2.73478901540523
1995-11-30,74.30554318910823,2.7443105756358666,3.7627368685886786,0.6299999999999999,0.7599999999999998,2.5356894243641337
1995-12-31,78.93439193036687,2.603471295060067,3.3298500978240275,0.6600000000000001,0.5699999999999994,2.7565287049399334
1996-01-31,78.93439193036687,2.5316455696202667,2.6396897921781903,0.6699999999999999,0.5700000000000003,2.608354430379733
1996-02-29,78.93439193036687,2.7906976744185963,1.8788215519394358,0.6600000000000001,0.6500000000000004,2.2093023255814037
1996-03-31,82.98362990129668,2.717031146454607,3.4865787366735512,0.6399999999999997,0.9799999999999995,2.112968853545393
1996-04-30,82.98362990129668,2.8439153439153486,3.188414739319012,0.6799999999999997,1.3099999999999996,2.1160846560846513
1996-05-31,82.98362990129668,2.832674571805005,4.395391371041835,0.6899999999999995,1.5599999999999996,2.117325428194995
1996-06-30,85.51424495848494,2.827087442472065,4.661591494286932,0.6800000000000006,1.7200000000000006,2.1929125575279347
1996-07-31,85.51424495848494,2.8215223097112663,5.110978907668273,0.6900000000000004,1.8200000000000003,2.2684776902887336
1996-08-31,85.51424495848494,2.8833551769331667,5.568536043472649,0.6999999999999993,1.7199999999999998,2.2666448230668337
1996-09-30,87.58608412466823,2.8122956180510084,4.720645436557502,0.7199999999999998,1.5899999999999999,2.2377043819489915
1996-10-31,87.58608412466823,3.0045721750489918,4.952801645891314,0.6899999999999995,1.7400000000000002,2.085427824951008
1996-11-30,87.58608412466823,3.0618892508143203,5.168722601692299,0.6800000000000006,1.54,1.92811074918568
1996-12-31,87.32096581551436,3.2530904359141077,5.855898562613082,0.6900000000000004,1.17,1.7769095640858925
1997-01-31,87.32096581551436,3.378817413905133,6.165643121709419,0.6899999999999995,1.3899999999999997,1.5311825860948671
1997-02-28,87.32096581551436,3.0381383322559907,6.946049233947327,0.6699999999999999,1.5499999999999998,1.9918616677440095
1997-03-31,89.63301767082889,3.0322580645161246,6.661807501031536,0.6300000000000008,1.4100000000000001,1.9777419354838752
1997-04-30,89.63301767082889,2.7652733118971096,7.470272474009643,0.6299999999999999,1.5500000000000007,2.37472668810289
1997-05-31,89.63301767082889,2.434336963484962,6.536171976339267,0.6099999999999994,1.7299999999999995,2.725663036515038
1997-06-30,89.12771123524766,2.237851662404089,6.331688761977006,0.6199999999999992,1.6600000000000001,2.812148337595911
1997-07-31,89.12771123524766,2.233567326100827,6.012329789391524,0.6099999999999994,1.5600000000000005,2.6964326738991726
1997-08-31,89.12771123524766,2.165605095541401,6.901473595485519,0.6100000000000003,1.17,2.884394904458599
1997-09-30,100.90436181046094,2.2900763358778775,7.421174007233544,0.6000000000000005,1.1600000000000001,2.849923664122122
1997-10-31,100.90436181046094,2.21940393151554,7.7307713474798145,0.5499999999999998,1.2599999999999998,2.73059606848446
1997-11-30,100.90436181046094,2.0859671302149163,8.653836077256006,0.5700000000000003,1.0600000000000005,2.8840328697850834
1997-12-31,107.41035572353262,1.8903591682419618,8.512624010737335,0.5499999999999998,0.7400000000000002,3.249640831758038
1998-01-31,107.41035572353262,1.6970458830924073,8.280957988374027,0.5600000000000005,0.6499999999999995,3.462954116907593
1998-02-28,107.41035572353262,1.6311166875784044,8.58347433946034,0.5800000000000001,0.5,3.4088833124215956
1998-03-31,107.5764550091622,1.440200375704448,7.476143150007708,0.5800000000000001,0.4800000000000004,3.649799624295552
1998-04-30,107.5764550091622,1.3767209011263937,6.835942439493192,0.6000000000000005,0.6200000000000001,3.6532790988736066
1998-05-31,107.5764550091622,1.4383989993745905,7.077008185695677,0.6399999999999997,0.6899999999999995,3.5116010006254097
1998-06-30,121.6597567467586,1.6885553470919357,7.188999827918208,0.6099999999999994,0.6500000000000004,3.3114446529080643
1998-07-31,121.6597567467586,1.6229712858926382,6.058575229559682,0.5999999999999996,0.5199999999999996,3.3570287141073623
1998-08-31,121.6597567467586,1.74563591022443,4.755871384932742,0.6000000000000005,0.5,3.21436408977557
1998-09-30,122.44992836437432,1.6169154228855787,5.865515150473688,0.6200000000000001,0.4399999999999995,3.2830845771144217
1998-10-31,122.44992836437432,1.4267990074441794,4.848836473856544,0.6899999999999995,0.1999999999999993,3.183200992555821
1998-11-30,122.44992836437432,1.4860681114551078,4.637794383238925,0.8099999999999996,0.5700000000000003,2.473931888544892
1998-12-31,108.68318799811033,1.4842300556586308,3.741486019967022,0.9299999999999997,0.41999999999999993,2.9257699443413694
1999-01-31,108.68318799811033,1.606922126081578,3.7695732652959,1.0100000000000007,0.2600000000000007,2.7830778739184217
1999-02-28,108.68318799811033,1.6666666666666607,3.763083805136991,1.0499999999999998,0.3799999999999999,2.673333333333339
1999-03-31,127.84878961040525,1.6666666666666607,4.225398806274816,0.9899999999999993,0.5599999999999996,2.7733333333333396
1999-04-30,127.84878961040525,1.7283950617283939,4.425125461604007,0.9100000000000001,0.79,2.7116049382716065
1999-05-31,127.84878961040525,2.281134401972884,4.307254602909483,0.8400000000000007,0.8899999999999997,2.008865598027116
1999-06-30,129.17247947816338,2.091020910209096,4.27940147673862,0.79,1.04,2.408979089790904
1999-07-31,129.17247947816338,1.9656019656019597,4.826418688874012,0.7899999999999991,1.33,2.6043980343980406
1999-08-31,129.17247947816338,2.1446078431372584,5.839978413843561,0.7599999999999998,1.2400000000000002,2.4053921568627414
1999-09-30,138.67260956875822,2.2643818849449104,4.109544569149426,0.75,1.2200000000000006,2.4556181150550893
1999-10-31,138.67260956875822,2.629969418960254,3.7444563415508503,0.8099999999999996,1.2400000000000002,2.0500305810397457
1999-11-30,138.67260956875822,2.56253813300793,4.29950432876991,0.830000000000001,1.25,2.2974618669920703
1999-12-31,131.11462133461126,2.6203534430225606,4.884601547870515,0.79,0.96,2.4496465569774397
2000-01-31,131.11462133461126,2.676399026763998,5.216917187508963,0.6399999999999997,1.08,2.523600973236002
2000-02-29,131.11462133461126,2.792956891317555,4.620955049951481,0.5499999999999998,1.3399999999999999,2.527043108682445
2000-03-31,155.40675113727858,3.2179720704310855,4.313335681097841,0.6099999999999994,0.9699999999999998,2.3320279295689144
2000-04-30,155.40675113727858,3.762135922330101,4.447293166354416,0.6899999999999995,0.5699999999999994,1.9278640776698994
2000-05-31,155.40675113727858,3.013863773357439,4.828026846244748,0.7600000000000007,0.33000000000000007,2.646136226642561
2000-06-30,162.61397641453928,3.1325301204819134,4.451469064576807,0.9100000000000001,0.6500000000000004,2.6574698795180867
2000-07-31,162.61397641453928,3.7349397590361377,4.574285752844154,0.8100000000000005,0.40999999999999925,1.9550602409638627
2000-08-31,162.61397641453928,3.5992801439711952,3.7698485910728996,0.6999999999999993,0.08999999999999986,2.3607198560288047
2000-09-30,152.38050024786003,3.3512866546977715,3.0734226950164922,0.71,-0.2599999999999998,2.7387133453022283
2000-10-31,152.38050024786003,3.45649582836709,3.968806853188922,0.7299999999999995,-0.20000000000000018,2.54350417163291
2000-11-30,152.38050024786003,3.4503271861986873,2.3142184859096693,0.79,-0.3700000000000001,2.659672813801313
2000-12-31,147.9008622172644,3.444180522565321,1.8491278756576968,0.8299999999999992,-0.4500000000000002,2.725819477434679
2001-01-31,147.9008622172644,3.4360189573459543,0.7397718173229428,0.8099999999999996,-0.5299999999999994,2.3339810426540453
2001-02-28,147.9008622172644,3.7212049616065945,0.3976490637767949,0.7799999999999994,0.009999999999999787,1.4287950383934058
2001-03-31,128.03034455425507,3.529411764705892,-0.5668458865284554,0.7700000000000005,0.21999999999999975,1.3505882352941079
2001-04-30,128.03034455425507,2.9824561403508643,-1.122295725249156,0.8599999999999994,0.46999999999999975,1.4375438596491357
2001-05-31,128.03034455425507,3.2182562902282053,-2.0602186217959284,0.8700000000000001,1.2699999999999996,0.6517437097717949
2001-06-30,112.70867853822901,3.5630841121495394,-2.791181055600911,0.7800000000000002,1.7699999999999996,0.056915887850460756
2001-07-31,112.70867853822901,3.193960511033689,-3.3422163718917375,0.79,1.79,0.2960394889663114
2001-08-31,112.70867853822901,2.7214823393167498,-3.773511714911293,0.8399999999999999,1.7300000000000004,0.78851766068325
2001-09-30,119.41444475893952,2.7214823393167498,-3.6215277665228585,0.8300000000000001,1.6099999999999999,0.6385176606832501
2001-10-31,119.41444475893952,2.5921658986175045,-4.55015745457048,0.8599999999999994,2.0900000000000003,0.047834101382495664
2001-11-30,119.41444475893952,2.127659574468077,-4.440502321905382,0.8799999999999999,2.41,0.03234042553192307
2001-12-31,100.10735967661884,1.894374282433997,-5.044913960783126,0.8399999999999999,2.7800000000000002,-0.024374282433996974
2002-01-31,100.10735967661884,1.603665521191311,-4.774776238202749,1.2800000000000011,3.4,0.08633447880868905
2002-02-28,100.10735967661884,1.1958997722095743,-3.682618441383212,1.3200000000000003,3.39,0.4541002277904256
2002-03-31,112.03271151868141,1.1363636363636465,-3.0399744149724905,1.38,3.1900000000000004,0.5836363636363535
2002-04-30,112.03271151868141,1.3628620102214661,-2.1374903694403535,1.2999999999999998,3.49,0.4271379897785339
2002-05-31,112.03271151868141,1.643990929705219,-1.3053329089064758,1.2699999999999996,3.5,0.06600907029478087
2002-06-30,111.30875875179673,1.2408347433727984,-0.43328851038398897,1.3399999999999999,3.43,0.48916525662720156
2002-07-31,111.30875875179673,1.0692177827799743,0.920910919642548,1.3200000000000003,3.2299999999999995,0.6307822172200257
2002-08-31,111.30875875179673,1.465614430665152,1.5386975548359105,1.37,2.9700000000000006,0.21438556933484798
2002-09-30,95.6835662312422,1.747463359639223,1.5424836015125454,1.21,2.6399999999999997,-0.12746335963922295
2002-10-31,95.6835662312422,1.516002245929271,2.146064440525741,1.25,2.24,0.11399775407072887
2002-11-30,95.6835662312422,2.0270270270270174,2.2135422551443185,1.4100000000000001,2.36,-0.44702702702701735
2002-12-31,78.90207064067502,2.2535211267605604,3.4115039217915255,1.3100000000000005,2.82,-1.0235211267605604
2003-01-31,78.90207064067502,2.4802705749718212,2.880394484854265,1.2400000000000002,2.8400000000000003,-1.2902705749718213
2003-02-28,78.90207064067502,2.757456387169399,3.071140654513904,1.1799999999999997,2.88,-1.5874563871693992
2003-03-31,83.79435105740819,3.146067415730336,3.1817124112425654,1.1099999999999994,2.73,-1.976067415730336
2003-04-30,83.79435105740819,3.025210084033625,2.1709435832793167,1.0600000000000005,2.68,-1.895210084033625
2003-05-31,83.79435105740819,2.175125488008911,1.0688138922369639,1.1099999999999994,2.83,-1.0451254880089111
2003-06-30,80.74494217849104,1.8941504178273005,0.636921435240767,1.1600000000000001,2.5,-0.8241504178273005
2003-07-31,80.74494217849104,1.948775055679297,-0.05887145406980876,1.2200000000000006,2.41,-1.0287750556792972
2003-08-31,80.74494217849104,2.055555555555544,0.48700385655000566,1.13,3.08,-1.155555555555544
2003-09-30,91.64764832932988,2.216066481994461,0.37923869625795525,1.13,3.5,-1.266066481994461
2003-10-31,91.64764832932988,2.378318584070782,0.9407289987876988,1.0700000000000003,3.3299999999999996,-1.4383185840707822
2003-11-30,91.64764832932988,2.041942604856528,1.2759729528664998,1.0300000000000002,3.37,-1.1219426048565282
2003-12-31,93.07408208880187,1.9283746556473913,1.387033904173962,1.0099999999999998,3.3699999999999997,-0.9983746556473913
2004-01-31,93.07408208880187,2.0352035203520247,1.9841883950955763,0.9799999999999995,3.3699999999999997,-1.1352035203520248
2004-02-29,93.07408208880187,2.026286966046009,1.2763588097255418,0.9000000000000004,3.2700000000000005,-1.1462869660460093
2004-03-31,101.34262536745362,1.688453159041381,1.7663898756903773,0.7699999999999996,3.15,-0.7584531590413809
2004-04-30,101.34262536745362,1.7400761283306032,1.626375894029275,0.7800000000000002,2.89,-0.8000761283306033
2004-05-31,101.34262536745362,2.2925764192139875,2.615123170170186,0.7299999999999995,3.4099999999999997,-1.3525764192139875
2004-06-30,103.4841854037679,2.8977583378895444,3.38458309862264,0.71,3.6999999999999997,-1.8777583378895444
2004-07-31,103.4841854037679,3.1676679410158393,2.447031362551799,0.7700000000000005,3.4600000000000004,-1.8976679410158392
2004-08-31,103.4841854037679,2.939575394665228,2.6848554355043186,0.7999999999999998,3.17,-1.609575394665228
2004-09-30,104.3255428238605,2.5474254742547275,2.9784524146032165,0.8099999999999996,2.8000000000000003,-1.0674254742547276
2004-10-31,104.3255428238605,2.5391680172879516,2.448803847620762,0.8099999999999996,2.48,-0.8891680172879517
2004-11-30,104.3255428238605,3.1909140075716547,3.1957484615569243,0.7400000000000002,2.34,-1.4309140075716547
2004-12-31,100.32059338300132,3.621621621621607,2.763005391785356,0.6800000000000006,2.1200000000000006,-1.551621621621607
2005-01-31,100.32059338300132,3.3423180592991875,3.551152067738861,0.6800000000000006,2.0400000000000005,-1.1523180592991875
2005-02-28,100.32059338300132,2.8448738593666034,3.7656681883018184,0.6599999999999993,1.8899999999999997,-0.5148738593666033
2005-03-31,107.89766184244958,3.0530262453133394,3.8921878697906642,0.6200000000000001,1.63,-0.5130262453133394
2005-04-30,107.89766184244958,3.2068412613575736,4.168552298887196,0.6599999999999993,1.7599999999999998,-0.4668412613575734
2005-05-31,107.89766184244958,3.3617929562433257,4.006456472613795,0.7199999999999998,1.56,-0.5817929562433259
2005-06-30,105.45949233063317,2.869287991498415,3.3534790649275337,0.8599999999999994,1.2999999999999998,-0.02928799149841499
2005-07-31,105.45949233063317,2.541026998411855,4.6347083589064475,0.9000000000000004,1.0299999999999998,0.4289730015881452
2005-08-31,105.45949233063317,3.067160232681121,3.5298493345260917,0.8900000000000006,0.9599999999999995,0.15283976731887927
2005-09-30,106.30553038013237,3.6469344608879517,3.797594088074363,0.8700000000000001,0.8199999999999998,-0.20693446088795175
2005-10-31,106.30553038013237,4.741833508956805,1.6574450087309733,0.9000000000000004,0.7800000000000002,-1.3218335089568054
2005-11-30,106.30553038013237,4.350104821802936,2.0209103457029087,0.9500000000000002,0.75,-0.6401048218029359
2005-12-31,108.22685423524435,3.3385498174230532,2.9120723180627417,0.9699999999999998,0.6600000000000001,0.5414501825769467
2006-01-31,108.22685423524435,3.3385498174230532,2.6259073757150198,0.9500000000000002,0.5799999999999996,0.5514501825769469
2006-02-28,108.22685423524435,4.018789144050117,2.4194801632455576,0.9500000000000002,0.17999999999999972,0.22121085594988354
2006-03-31,106.70634433396546,3.63825363825363,1.7242361205308532,0.9199999999999999,0.14000000000000057,0.7917463617463696
2006-04-30,106.70634433396546,3.4179181771103018,2.091541760329152,0.8799999999999999,0.20999999999999996,1.092081822889698
2006-05-31,106.70634433396546,3.613835828600931,2.1816142662632876,0.8399999999999999,0.39000000000000057,0.9861641713990688
2006-06-30,112.01505092961624,3.9772727272727293,2.1156664964513183,0.7999999999999998,0.39000000000000057,0.7427272727272705
2006-07-31,112.01505092961624,4.1817243159525175,1.9803386251444621,0.8900000000000006,0.3200000000000003,0.6082756840474826
2006-08-31,112.01505092961624,4.104669061056954,2.251836527383766,0.9100000000000001,0.13999999999999968,0.8453309389430466
2006-09-30,107.21128789456355,3.926568077511483,2.3669704568583194,0.9100000000000001,-0.08000000000000007,1.033431922488517
2006-10-31,107.21128789456355,2.012072434607637,4.2159275134967755,0.9199999999999999,-0.08999999999999986,2.7979275653923628
2006-11-30,107.21128789456355,1.4063284781516971,2.8481025781383007,0.9100000000000001,-0.1899999999999995,3.513671521848303
2006-12-31,109.19894524861525,1.9687026754164672,1.6621660136106442,0.8700000000000001,-0.34000000000000075,2.9712973245835332
2007-01-31,109.19894524861525,2.5239777889954462,2.1707334984272686,0.8999999999999995,-0.29000000000000004,2.3260222110045534
2007-02-28,109.19894524861525,2.075765178123423,1.6646656462990128,0.9399999999999995,-0.22000000000000064,2.904234821876577
2007-03-31,114.12788577419806,2.420260782347028,2.5793632616832207,0.8900000000000006,-0.3100000000000005,2.6097392176529723
2007-04-30,114.12788577419806,2.798197295943927,2.5308035115800154,0.9699999999999998,-0.3800000000000008,2.141802704056073
2007-05-31,114.12788577419806,2.5929247633283525,2.9076019270608766,0.9199999999999999,-0.17999999999999972,2.2770752366716476
2007-06-30,117.1702161230604,2.709885742672613,2.9798485426711263,0.9199999999999999,0.019999999999999574,2.0201142573273874
2007-07-31,117.1702161230604,2.692765113974227,2.7140344521729087,0.9100000000000001,0.4899999999999993,1.9172348860257733
2007-08-31,117.1702161230604,2.3178905864958077,2.6434417747193573,0.9199999999999999,0.17999999999999972,2.5021094135041926
2007-09-30,120.7613524211291,1.897448478900876,2.3917510021752353,0.8600000000000003,0.46999999999999975,2.302551521099124
2007-10-31,120.7613524211291,2.8338264299802685,2.7901202497425004,0.8499999999999996,0.6299999999999994,1.0561735700197317
2007-11-30,120.7613524211291,3.610698365527476,2.6179282370540014,0.8200000000000003,0.6300000000000003,0.2893016344725239
2007-12-31,120.63586141198948,4.373267326732666,3.2087670061424323,0.96,0.8800000000000003,-1.103267326732666
2008-01-31,120.63586141198948,4.108813392417532,2.2029778334589523,1.1600000000000001,1.0999999999999996,-1.1088133924175319
2008-02-29,120.63586141198948,4.294695655165981,2.4141930753466267,1.21,0.9900000000000002,-1.544695655165981
2008-03-31,114.94617962090261,4.142959270611968,1.0602796518591306,1.29,1.62,-2.0229592706119677
2008-04-30,114.94617962090261,3.9749035501344343,0.5734255066876637,1.38,2.25,-2.7149035501344345
2008-05-31,114.94617962090261,3.9037609759888126,-0.7427676334748168,1.42,2.39,-2.6137609759888125
2008-06-30,106.11196190429047,4.088413823123993,-1.4383086308347726,1.3599999999999994,2.15,-2.358413823123993
2008-07-31,106.11196190429047,4.935966105947864,-1.724935725071297,1.3900000000000006,2.2399999999999993,-3.075966105947864
2008-08-31,106.11196190429047,5.497512078341837,-1.9585471027037116,1.4900000000000002,2.38,-3.8675120783418375
2008-09-30,103.88654393089165,5.308017162091239,-3.6832804845724265,1.5100000000000007,2.17,-3.588017162091239
2008-10-31,103.88654393089165,4.953319875136075,-8.130031129578574,1.6599999999999993,2.56,-3.8233198751360753
2008-11-30,103.88654393089165,3.7310578899565128,-6.954317961916079,2.6000000000000005,3.14,-3.061057889956513
2008-12-31,92.75735906821659,1.0999174706166848,-8.669827230747885,3.0900000000000007,3.34,-0.9099174706166848
2009-01-31,92.75735906821659,-0.02222800255385904,-11.276192783181926,3.38,2.39,0.05222800255385904
2009-02-28,92.75735906821659,-0.11358601902212717,-13.374567704176643,3.0900000000000007,2.39,0.24358601902212718
2009-03-31,75.56105611577709,0.008463140671510772,-13.562730377303279,2.8100000000000005,2.5700000000000003,0.2915368593284892
2009-04-30,75.56105611577709,-0.4464787676623838,-14.656035046526473,2.92,2.61,0.6564787676623838
2009-05-31,75.56105611577709,-0.5763244243767063,-14.81395936696125,3.000000000000001,2.77,0.7363244243767063
2009-06-30,69.00288006945095,-1.015761495855172,-15.160361194166793,2.5200000000000005,3.11,1.1957614958551719
2009-07-31,69.00288006945095,-1.2291746182109153,-15.282480369076357,1.8899999999999997,3.54,1.4091746182109153
2009-08-31,69.00288006945095,-1.9587610037622771,-14.018720654921957,1.6799999999999997,3.38,2.1387610037622773
2009-09-30,78.93081651674446,-1.4838355663267633,-11.689299172061052,1.3200000000000003,3.42,1.6538355663267632
2009-10-31,78.93081651674446,-1.377942862886472,-6.805879122929537,1.1799999999999997,3.28,1.4979428628864722
2009-11-30,78.93081651674446,-0.22396829420033848,-7.474512230012276,1.1399999999999997,3.3200000000000003,0.2939682942003385
2009-12-31,89.80322491387223,1.9145871744709275,-5.83001235670767,1.13,3.35,-1.8645871744709275
2010-01-31,89.80322491387223,2.8141231232083674,-2.704223119324234,1.1100000000000003,3.54,-2.7641231232083676
2010-02-28,89.80322491387223,2.6211113889767157,0.87230439200634,0.9900000000000002,3.67,-2.5611113889767156
2010-03-31,93.33020003960073,2.151336357866529,1.8708182344855606,0.9900000000000002,3.58,-2.041336357866529
2010-04-30,93.33020003960073,2.2861714393279886,4.200672107537207,1.0,3.58,-2.1361714393279887
2010-05-31,93.33020003960073,2.2067707525304403,5.4282103558062955,0.96,3.69,-2.04677075253044
2010-06-30,96.3236550101899,2.003548929218568,7.942609605426321,1.0899999999999999,3.26,-1.8435489292185683
2010-07-31,96.3236550101899,1.1215605940686268,8.551328146848402,1.3500000000000005,3.08,-1.0015605940686267
2010-08-31,96.3236550101899,1.3407784804821077,7.747013804699288,1.29,2.8499999999999996,-1.1807784804821078
2010-09-30,85.27940861643106,1.1501775395112546,6.968742858593813,1.17,2.54,-0.9901775395112545
2010-10-31,85.27940861643106,1.1183122472331775,6.346682104150392,1.13,2.5,-0.9683122472331774
2010-11-30,85.27940861643106,1.1666951489314625,5.760258506490601,1.04,2.41,-1.0366951489314626
2010-12-31,93.53311705950365,1.084544776600338,5.39500875348351,1.0499999999999998,2.6199999999999997,-0.944544776600338
2011-01-31,93.53311705950365,1.437793022217937,5.996200467756596,1.08,3.15,-1.2977930222179368
2011-02-28,93.53311705950365,1.7007834915029774,4.632504538708293,1.0499999999999998,3.24,-1.5507834915029775
2011-03-31,101.67091958874614,2.124898173333145,3.827364378514675,0.9300000000000006,3.45,-1.9948981733331452
2011-04-30,101.67091958874614,2.619241510354109,4.193025357503588,0.9000000000000004,3.31,-2.519241510354109
2011-05-31,101.67091958874614,3.0772344447868694,3.505332834432129,0.8599999999999994,3.4,-3.0172344447868693
2011-06-30,107.86850204619134,3.4589718808964998,2.248891889831528,0.8200000000000003,3.13,-3.4189718808964997
2011-07-31,107.86850204619134,3.5023181506360412,2.3688810428642126,0.7599999999999998,2.96,-3.462318150636041
2011-08-31,107.86850204619134,3.5798809769996165,2.484132372991299,0.8300000000000001,2.96,-3.5398809769996165
2011-09-30,106.13702462838113,3.75499603070808,2.7992943499441703,0.9900000000000002,2.28,-3.73499603070808
2011-10-31,106.13702462838113,3.812621692818685,2.4123837996766095,1.1799999999999997,1.97,-3.8026216928186853
2011-11-30,106.13702462838113,3.5222681306640524,3.4162150732061747,1.3900000000000001,2.13,-3.5022681306640524
2011-12-31,90.6654213276345,3.451432214581729,3.3174195787687877,1.2699999999999996,1.9999999999999998,-3.441432214581729
2012-01-31,90.6654213276345,3.062066838419386,2.859134467066693,1.3199999999999998,1.97,-3.0520668384193863
2012-02-29,90.6654213276345,3.0087663379855023,3.6910016324102957,1.3800000000000003,1.94,-2.9787663379855025
2012-03-31,98.43626467664744,2.8981784423473878,4.439148449901298,1.2899999999999996,1.88,-2.808178442347388
2012-04-30,98.43626467664744,2.5828752813320977,2.8286925428470555,1.2400000000000002,2.09,-2.5028752813320976
2012-05-31,98.43626467664744,2.2731633741348567,3.9040297563633697,1.2300000000000004,1.9699999999999998,-2.1931633741348566
2012-06-30,105.89289620478934,1.7379429374660749,4.0185114178595605,1.2700000000000005,1.71,-1.6479429374660748
2012-07-31,105.89289620478934,1.653870448297634,3.7105509068513065,1.3799999999999994,1.53,-1.563870448297634
2012-08-31,105.89289620478934,1.4175114798464783,3.418677881567289,1.4700000000000002,1.43,-1.3175114798464782
2012-09-30,102.06820893169453,1.6859349154821235,2.285596731143258,1.4300000000000002,1.5799999999999998,-1.5859349154821234
2012-10-31,102.06820893169453,1.9497168982819613,2.2951570495009843,1.3499999999999996,1.6099999999999999,-1.8397168982819612
2012-11-30,102.06820893169453,2.1556780595369363,1.9430024786973865,1.1099999999999999,1.65,-2.055678059536936
2012-12-31,108.11541819711718,1.7960197033926262,2.3257536633332743,1.0099999999999998,1.5599999999999998,-1.706019703392626
2013-01-31,108.11541819711718,1.7595049796895523,2.0268355938483085,0.98,1.65,-1.6895049796895523
2013-02-28,108.11541819711718,1.684061762098299,1.4467904237824847,0.9300000000000006,1.8399999999999999,-1.6140617620982989
2013-03-31,106.46411641505613,2.0181404902574807,1.5945538776370727,0.9499999999999997,1.88,-1.9181404902574806
2013-04-30,106.46411641505613,1.5187472411246183,2.534732272069462,0.9199999999999995,1.8699999999999999,-1.4287472411246183
2013-05-31,106.46411641505613,1.138808047576867,1.7145631127746475,0.8599999999999999,1.7,-1.0788080475768669
2013-06-30,117.94825250962732,1.3903888279197085,1.5594777439077445,0.8400000000000003,1.89,-1.3503888279197085
2013-07-31,117.94825250962732,1.7157935271568725,1.7645800035426706,0.9200000000000008,2.25,-1.6657935271568725
2013-08-31,117.94825250962732,1.885471805415806,1.2364196654177428,0.9800000000000004,2.54,-1.845471805415806
2013-09-30,119.53919037399645,1.538809488600279,2.2593571227008002,0.8799999999999999,2.7,-1.498809488600279
2013-10-31,119.53919037399645,1.0947341081747997,2.854766330187619,0.8300000000000001,2.79,-1.0747341081747996
2013-11-30,119.53919037399645,0.8767991434911471,2.4178437626957816,0.7799999999999994,2.5700000000000003,-0.826799143491147
2013-12-31,124.33863058028511,1.2328701961954458,2.281966236973343,0.75,2.6500000000000004,-1.1628701961954457
2014-01-31,124.33863058028511,1.5128383667573297,2.245344069429267,0.7599999999999998,2.83,-1.4428383667573297
2014-02-28,124.33863058028511,1.557758795574915,1.8566277042981971,0.7000000000000002,2.82,-1.517758795574915
2014-03-31,131.93145610181097,1.1204746347724948,2.148610089064018,0.6499999999999995,2.66,-1.0704746347724947
2014-04-30,131.93145610181097,1.6126949139408042,2.724108069090181,0.6799999999999997,2.6700000000000004,-1.5626949139408042
2014-05-31,131.93145610181097,2.015125303606169,2.9123215934373725,0.6600000000000001,2.68,-1.985125303606169
2014-06-30,136.26185025030614,2.166947687079812,3.226027611336124,0.5999999999999996,2.5300000000000002,-2.1369476870798123
2014-07-31,136.26185025030614,2.0589816945944195,3.365841732090935,0.5499999999999998,2.56,-2.0189816945944195
2014-08-31,136.26185025030614,1.9742378703305974,3.9177888079901857,0.5700000000000003,2.5100000000000002,-1.9442378703305974
2014-09-30,139.89508695603527,1.7150983482969062,3.1253041765382905,0.6100000000000003,2.39,-1.6850983482969062
2014-10-31,139.89508695603527,1.6840509711232077,2.89843352202952,0.6899999999999995,2.51,-1.6640509711232077
2014-11-30,139.89508695603527,1.6095417021513292,2.9919466037849007,0.7700000000000005,2.28,-1.5895417021513292
2014-12-31,136.586090674642,1.231524989320798,3.3861066751199598,0.8700000000000001,2.31,-1.211524989320798
2015-01-31,136.586090674642,0.6531213919623191,3.170492700276073,0.9500000000000002,2.18,-0.6231213919623191
2015-02-28,136.586090674642,-0.22993097820542818,2.7262407410550527,0.9900000000000002,1.8499999999999999,0.2599309782054282
2015-03-31,141.3444581167825,-0.08703146293520536,1.30473816054415,0.8999999999999999,1.96,0.10703146293520537
2015-04-30,141.3444581167825,-0.022031284423873476,-0.0027479483621140055,0.8999999999999999,2.0100000000000002,0.052031284423873475
2015-05-31,141.3444581167825,-0.10403098939391064,-0.6444572558062966,0.9600000000000004,1.92,0.12403098939391065
2015-06-30,141.1228337497064,0.03503321824429584,-1.460487812501221,0.9099999999999997,2.18,-0.015033218244295838
2015-07-31,141.1228337497064,0.1795718097550525,-2.106390227283794,0.9399999999999995,2.34,-0.1595718097550525
2015-08-31,141.1228337497064,0.22568611104094582,-1.6903126553953207,1.0499999999999998,2.29,-0.19568611104094583
2015-09-30,137.76556112479227,0.2413037985344868,-1.6854337113987983,1.1500000000000004,2.1,-0.1713037985344868
2015-10-31,137.76556112479227,0.008842961634170088,-2.2407414414912674,1.2699999999999996,2.15,0.011157038365829913
2015-11-30,137.76556112479227,0.12761656067050708,-2.72506606749946,1.3899999999999997,2.05,-0.10761656067050708
2015-12-31,126.50623917690753,0.4363182169185187,-4.033068306068888,1.4000000000000004,2.1399999999999997,-0.3163182169185187
2016-01-31,126.50623917690753,0.6387247515364791,-4.496144811599123,1.4899999999999998,2.0100000000000002,-0.40872475153647914
2016-02-29,126.50623917690753,1.2375025026943876,-3.236256019749162,1.4500000000000002,1.8299999999999998,-0.9775025026943875
2016-03-31,132.0659401663248,0.8472775790126619,-3.1193297695960798,1.38,1.47,-0.5372775790126618
2016-04-30,132.0659401663248,0.8916160965521946,-3.515311400177057,1.31,1.5999999999999999,-0.6016160965521946
2016-05-31,132.0659401663248,1.1726257503534843,-2.6579036961380753,1.17,1.58,-0.9426257503534843
2016-06-30,133.64152833760113,1.0784764621246223,-2.448153056399993,1.0299999999999998,1.54,-0.8084764621246223
2016-07-31,133.64152833760113,1.0792865347959424,-1.678117946525337,1.0300000000000002,1.3699999999999999,-0.8092865347959424
2016-08-31,133.64152833760113,0.8683633430518256,-2.196738284260069,0.94,1.2,-0.5683633430518256
2016-09-30,134.92430031217896,1.0553158595656864,-2.164263084601936,0.9200000000000004,1.26,-0.7553158595656864
2016-10-31,134.92430031217896,1.5486446201652182,-1.9939516469206886,0.8999999999999995,1.3399999999999999,-1.2586446201652182
2016-11-30,134.92430031217896,1.685924966243646,-1.5023811304759715,0.8700000000000001,1.43,-1.355924966243646
2016-12-31,136.76733568031443,1.6843334719788938,-1.1862778785850958,0.8500000000000001,1.6900000000000002,-1.2343334719788939
2017-01-31,136.76733568031443,2.0507989115119862,-0.02049641716570516,0.7700000000000005,1.9800000000000002,-1.5407989115119862
2017-02-28,136.76733568031443,2.5103933482571117,-0.8031281419274894,0.7400000000000002,1.9200000000000002,-2.000393348257112
2017-03-31,135.42369293417036,2.8103616813294208,-0.6864591168616152,0.6899999999999995,1.9,-2.2903616813294208
2017-04-30,135.42369293417036,2.44119623655914,0.7162067590550603,0.6699999999999999,1.74,-1.70119623655914
2017-05-31,135.42369293417036,2.176223471915395,1.3993011097695573,0.7000000000000002,1.4999999999999998,-1.376223471915395
2017-06-30,141.36943075559216,1.8563431667619756,1.7500792534729248,0.6999999999999997,1.4099999999999997,-0.9663431667619756
2017-07-31,141.36943075559216,1.640565809959127,1.4803308546539107,0.69,1.21,-0.660565809959127
2017-08-31,141.36943075559216,1.7251073506566073,1.1187969195710634,0.6899999999999995,1.2499999999999998,-0.6551073506566072
2017-09-30,142.4622078814864,1.92812155729698,0.8523014668689877,0.6799999999999997,1.2,-0.9181215572969801
2017-10-31,142.4622078814864,2.1805652303711787,1.0630336308315114,0.6699999999999999,1.1700000000000002,-1.1505652303711786
2017-11-30,142.4622078814864,2.020757753132485,2.2919955326540453,0.7200000000000002,1.2899999999999998,-0.9507577531324849
2017-12-31,144.49841679067688,2.172493864295566,2.9662701539719283,0.6999999999999997,1.12,-0.942493864295566
2018-01-31,144.49841679067688,2.129930719552253,2.467143465957866,0.71,1.0799999999999998,-0.8099307195522532
2018-02-28,144.49841679067688,2.151318868063945,2.7352874765469437,0.71,1.1700000000000002,-0.7413188680639451
2018-03-31,149.8289521910569,2.263468931091861,3.3994953469032696,0.69,1.2899999999999998,-0.6934689310918609
2018-04-30,149.8289521910569,2.3309497646499366,3.224806264183644,0.7699999999999996,1.14,-0.6309497646499367
2018-05-31,149.8289521910569,2.4709963021052994,3.309758614070435,0.8199999999999998,1.11,-0.7109963021052994
2018-06-30,146.31844184876317,2.781921607842497,2.2584201444366236,0.8300000000000001,1.1199999999999999,-0.9219216078424968
2018-07-31,146.31844184876317,2.8075506935940187,2.8410387544831828,0.8700000000000001,1.0100000000000002,-0.9075506935940187
2018-08-31,146.31844184876317,2.854124785561929,3.2543243815604805,0.9199999999999999,0.9300000000000002,-0.894124785561929
2018-09-30,149.86214896599336,2.6429238568742575,4.353587280888749,0.8899999999999997,0.8600000000000003,-0.6129238568742577
2018-10-31,149.86214896599336,2.332055105808828,4.313826088176409,0.8999999999999999,0.8700000000000001,-0.20205510580882802
2018-11-30,149.86214896599336,2.492032470218053,2.930867401734427,0.9300000000000006,0.8999999999999999,-0.24203247021805296
2018-12-31,156.5427360228245,2.147328577667773,2.7666629800210174,1.0,0.79,0.182671422332227
2019-01-31,156.5427360228245,2.0023809043401064,2.5912536810940523,1.1100000000000003,0.45999999999999996,0.3676190956598937
2019-02-28,156.5427360228245,1.4875893578291333,1.9116422323518512,1.19,0.33999999999999986,0.8824106421708668
2019-03-31,133.50747951500028,1.5188615351321877,1.1096417703535089,1.1600000000000001,0.29000000000000004,0.8711384648678124
2019-04-30,133.50747951500028,1.8831863513063984,0.6545559146318158,1.0699999999999998,0.16999999999999993,0.5168136486936015
2019-05-31,133.50747951500028,2.000583470209061,-1.0247462328067725,1.0100000000000002,0.1499999999999999,0.3794165297909391
2019-06-30,150.82693874457644,1.7959105553606136,-0.010156011968476264,0.96,0.04999999999999982,0.5540894446393865
2019-07-31,150.82693874457644,1.671194894390049,-0.7369328862962377,1.04,-0.10000000000000009,0.49880510560995095
2019-08-31,150.82693874457644,1.826331335037068,-1.3774541767684445,0.9900000000000002,-0.040000000000000036,0.2736686649629321
2019-09-30,152.4798324025427,1.7376412106666406,-1.3396749291328724,0.8900000000000001,-0.32000000000000006,0.2123587893333594
2019-10-31,152.4798324025427,1.6844977040391562,-1.7374573008364869,0.8800000000000003,-0.18999999999999995,0.20550229596084368
2019-11-30,152.4798324025427,1.7339736996186295,-2.4594751580988228,0.9100000000000001,0.06000000000000005,-0.08397369961862955
2019-12-31,150.9526447989013,2.092290394862917,-2.047601522464615,0.8799999999999999,0.27,-0.5522903948629168
2020-01-31,150.9526447989013,2.3195274699624457,-2.2991807373363926,0.8700000000000001,0.32000000000000006,-0.7795274699624457
2020-02-29,150.9526447989013,2.599767976845202,-2.290379015513233,0.8300000000000001,0.24,-1.079767976845202
2020-03-31,159.87811090365813,2.3413166797595197,-1.4232217750208775,0.8300000000000001,-0.020000000000000018,-0.8213166797595197
2020-04-30,159.87811090365813,1.4940399642909163,-5.315054964389065,1.27,0.5800000000000001,-1.2040399642909163
2020-05-31,159.87811090365813,0.3130472940411133,-17.318282261376304,1.6999999999999997,0.52,-0.1730472940411133
2020-06-30,128.7605100914256,0.1982013035848551,-16.047738104539413,1.4500000000000002,0.54,-0.0682013035848551
2020-07-31,128.7605100914256,0.7166562831830481,-10.586064673581452,1.2000000000000002,0.57,-0.556656283183048
2020-08-31,128.7605100914256,0.9968647625897997,-6.783544959427434,1.17,0.49,-0.8668647625897997
2020-09-30,173.12024862248975,1.2810698495523853,-6.512241935326724,1.02,0.55,-1.1810698495523853
2020-10-31,173.12024862248975,1.3910228912373812,-6.183101854793705,1.0499999999999998,0.5700000000000001,-1.2810228912373811
2020-11-30,173.12024862248975,1.2303863428671624,-4.622683457542831,1.0899999999999999,0.6900000000000001,-1.1303863428671623
2020-12-31,175.61011603295674,1.1757452138405844,-4.763324870606622,1.0,0.78,-1.0857452138405843
2021-01-31,175.61011603295674,1.3204191315779434,-3.28150457766595,0.9000000000000004,0.8400000000000001,-1.2304191315779434
2021-02-28,175.61011603295674,1.3738437137002402,-2.1295843569181794,0.79,1.0,-1.29384371370024
2021-03-31,198.25252318541632,1.6698167791706853,-5.680577271180343,0.7199999999999998,1.22,-1.6298167791706852
2021-04-30,198.25252318541632,2.6678187820641908,1.0038210492383515,0.7000000000000002,1.58,-2.637818782064191
2021-05-31,198.25252318541632,4.133077115360573,16.55213518144698,0.7000000000000002,1.6199999999999999,-4.113077115360573
2021-06-30,205.94007863869064,4.918257089467626,15.673379835366053,0.6600000000000001,1.6,-4.898257089467626
2021-07-31,205.94007863869064,5.295632620349999,8.958396565691418,0.6499999999999999,1.48,-5.255632620349999
2021-08-31,205.94007863869064,5.245169381309234,5.4998863464161385,0.6700000000000004,1.27,-5.195169381309234
2021-09-30,215.6902250542242,5.152015301793966,4.261168528131454,0.6900000000000004,1.23,-5.1020153017939665
2021-10-31,215.6902250542242,5.351215590949132,3.0124970172007215,0.7000000000000002,1.33,-5.311215590949132
2021-11-30,215.6902250542242,6.235042390298062,3.5628709708763973,0.6699999999999999,1.53,-6.1850423902980625
2021-12-31,210.81364780366448,6.901970403700863,3.897545981936834,0.6599999999999997,1.51,-6.8519704037008635
2022-01-31,210.81364780366448,7.174340285065539,2.2463731281071153,0.6499999999999999,1.41,-7.1143402850655395
2022-02-28,210.81364780366448,7.558805726967832,1.3181341030033655,0.6499999999999999,1.61,-7.408805726967832
2022-03-31,218.73502031144213,7.937278766517819,5.429593086433182,0.7200000000000002,1.5999999999999999,-7.607278766517819
2022-04-30,218.73502031144213,8.572204966013853,3.0544104015221674,0.8599999999999999,1.69,-8.132204966013854
2022-05-31,218.73502031144213,8.231750770777225,2.923435475508507,0.9000000000000004,1.99,-7.471750770777225
2022-06-30,202.9447714124483,8.538171195642065,1.9110298059100916,0.9900000000000002,1.92,-7.558171195642064
2022-07-31,202.9447714124483,8.979361103105798,1.2217594016755706,1.0299999999999994,1.6500000000000001,-7.489361103105798
2022-08-31,202.9447714124483,8.462576727730099,0.968659945597028,1.1500000000000004,0.6699999999999999,-6.232576727730098
2022-09-30,163.80383470400471,8.222579178218826,1.0521402147261716,1.08,0.27,-5.592579178218826
2022-10-31,163.80383470400471,8.192106896425821,2.462018715752601,1.1000000000000005,0.3900000000000001,-5.062106896425822
2022-11-30,163.80383470400471,7.758813957693,1.0648183730078253,1.1600000000000001,0.2599999999999998,-4.038813957693
2022-12-31,153.27629116067308,7.122856456533988,0.08902953837490735,1.17,-0.26000000000000023,-2.9728564565339877
2023-01-31,153.27629116067308,6.404600402357152,-0.8016099812473643,1.1600000000000001,-0.6299999999999999,-2.1546004023571523
2023-02-28,153.27629116067308,6.327178517960097,0.3188082918103907,1.0999999999999996,-1.0100000000000002,-1.787178517960097
2023-03-31,157.13013952589782,5.957820738137087,-0.1634816837026265,1.0300000000000002,-0.9000000000000004,-1.307820738137087
2023-04-30,157.13013952589782,4.917719362889961,-0.36512224493961964,1.1100000000000003,-1.0300000000000002,-0.2277193628899603
2023-05-31,157.13013952589782,4.950079879124369,-0.1843454258675048,1.0600000000000005,-1.46,-0.03007987912436949
2023-06-30,166.87740445161006,4.131851231385042,-0.39957171123073953,1.0999999999999996,-1.5699999999999998,1.0081487686149577
2023-07-31,166.87740445161006,3.070617072997095,-0.8893464531073647,1.0999999999999996,-1.4100000000000001,2.089382927002905
2023-08-31,166.87740445161006,3.287749268428297,-0.31247838929887584,1.08,-1.35,1.9622507315717028
2023-09-30,177.74548942964336,3.722504803505289,-0.25421306219911566,1.0699999999999994,-1.13,1.577495196494711
2023-10-31,177.74548942964336,3.687206638119256,-0.2672476942852109,1.0300000000000002,-0.9400000000000004,1.6327933618807444
2023-11-30,177.74548942964336,3.2512659098611785,-0.7742988102069082,1.0199999999999996,-0.54,2.0887340901388214
2023-12-31,167.15261412297684,3.1333462745911866,-0.09043615385835313,1.0099999999999998,-0.7699999999999996,2.136653725408813
2024-01-31,167.15261412297684,3.3159099427102934,0.8386591076755323,0.8999999999999995,-1.2200000000000006,1.9240900572897068
2024-02-29,167.15261412297684,3.0883429864855705,-1.2762549126908995,0.8099999999999996,-1.1600000000000001,2.1316570135144293
2024-03-31,182.0651544103052,3.157074141648697,-0.3543266402759926,0.7399999999999993,-1.0300000000000002,2.0829258583513033
2024-04-30,182.0651544103052,3.4868349120836584,-0.557312624665296,0.7400000000000002,-1.0300000000000002,1.7531650879163418
2024-05-31,182.0651544103052,3.3607951262196734,-0.9971062585799939,0.7199999999999998,-0.7000000000000002,1.8792048737803269
2024-06-30,197.33336454397062,3.244278584003113,-0.06499644303002983,0.7000000000000002,-0.7699999999999996,2.005721415996887
2024-07-31,197.33336454397062,2.9702579486470926,0.7734749239909133,0.6900000000000004,-0.9300000000000006,2.2697420513529076
2024-08-31,197.33336454397062,2.9414757935583014,-0.9226344732312097,0.7199999999999998,-0.9500000000000002,2.258524206441699
2024-09-30,199.65463393131733,2.607144490692037,-0.4050008280501727,0.7299999999999995,-1.1799999999999997,2.4428555093079627
2024-10-31,199.65463393131733,2.4264830315416708,-1.2004422838397089,0.7400000000000002,-0.9999999999999996,2.293516968458329
2024-11-30,199.65463393131733,2.578844053871343,-0.9947356843759692,0.6799999999999997,-0.41000000000000014,1.9311559461286567
2024-12-31,207.98576793229958,2.719472461284833,-1.5579409481489392,0.6400000000000006,-0.05999999999999961,1.7005275387151668
2025-01-31,207.98576793229958,2.870690967509981,-0.2741466217243804,0.5999999999999996,0.1200000000000001,1.3993090324900184
2025-02-28,207.98576793229958,2.9909783078999608,0.849002693950851,0.6200000000000001,0.41999999999999993,1.2190216921000392
2025-03-31,210.45316672334135,2.8015834477613355,0.8119858403550007,0.5999999999999996,0.23000000000000043,1.4184165522386643
2025-04-30,210.45316672334135,2.381981462805549,0.5802453773984029,0.6399999999999997,0.08000000000000007,1.818018537194451
2025-05-31,210.45316672334135,2.32538823025783,0.8823523543694645,0.7299999999999995,0.07000000000000028,1.88461176974217
2025-06-30,197.8174637716062,2.3772651073680873,0.10162299356553106,0.75,0.16999999999999993,1.8727348926319127
2025-07-31,197.8174637716062,2.680453865910226,0.5793208714095943,0.6900000000000004,0.14999999999999947,1.5495461340897743
2025-08-31,197.8174637716062,2.742618052167134,1.9187662602012212,0.6499999999999995,0.13999999999999968,1.507381947832866
2025-09-30,214.30794061050668,2.9385917430316155,1.1886779865559305,0.6500000000000004,0.13999999999999968,1.1814082569683846
2025-10-31,214.30794061050668,3.0225715847133294,1.8631698334008018,0.6200000000000001,0.20000000000000018,0.8974284152866705
2025-11-30,214.30794061050668,3.0225715847133294,1.7593332629600056,0.6100000000000003,0.23999999999999977,0.7974284152866704
2025-12-31,226.37199781195125,2.6964439164939513,1.7543117556713783,0.6000000000000005,0.31000000000000005,1.0835560835060485
2026-01-31,226.37199781195125,2.653304114557753,1.1629935222018384,0.5900000000000007,0.5499999999999998,0.9366958854422469
2026-02-28,226.37199781195125,2.391201432150014,0.9734701648033584,0.54,0.6400000000000001,1.1787985678499857
2026-03-31,229.11873157492172,2.4340041103732224,0.7972359848188892,0.5099999999999998,0.5299999999999998,1.1659958896267777
2026-04-30,229.11873157492172,3.2859577528651984,0.6860622087798474,0.5599999999999996,0.6400000000000001,0.32404224713480145
2026-05-31,229.11873157492172,3.7792458367415627,1.4342233943352989,0.6100000000000003,0.7100000000000004,-0.1692458367415628
2026-06-30,219.72948297639334,4.166614684049641,1.658091130138506,0.54,0.8800000000000003,-0.5666146840496409
2026-07-31,219.72948297639334,3.463530729385411,1.3436343659001704,0.4800000000000004,0.8099999999999996,0.19646927061458896
2026-08-31,219.72948297639334,3.303856050706311,1.1299978408934708,0.4300000000000006,0.8699999999999997,0.42614394929368915
2026-09-18,255.65067496938534,3.353016322755642,1.4204223973108832,0.4400000000000004,0.9599999999999995,0.3669836772443582
