specification,asset,horizon_years,metric,episode_n,episode_median,episode_mean,episode_p10,episode_p90,episode_minimum,episode_maximum,episode_negative_pct,unconditional_n,unconditional_median,unconditional_mean,unconditional_p10,unconditional_p90,unconditional_minimum,unconditional_maximum,unconditional_negative_pct,median_excess_pp
expanding_primary,US_market_total,1,nominal_cumulative_pct,8,6.723863792920248,3.2319543516660985,-17.019766042346763,18.863588534634616,-25.74785022935626,29.262512909940597,25.0,686,13.521406481474685,11.806027073848304,-11.256337074729121,31.623531553835193,-42.56738570312244,67.01839752911872,22.011661807580175,-6.7975426885544366
expanding_primary,US_market_total,1,real_cumulative_pct,8,4.571168222458599,-0.28728815849053535,-23.217905473535254,14.491949720377201,-27.898253203974555,23.512949190356245,37.5,686,9.919799503823846,7.644383979700006,-15.350413546013714,27.387806574452377,-47.47162673676524,62.98576016423052,28.134110787172013,-5.348631281365247
expanding_primary,US_market_total,3,nominal_cumulative_pct,8,34.83270399117876,29.158617802831817,-8.297640814224572,62.62104758587376,-42.31665497183978,70.86027007099402,12.5,686,39.42749725699023,38.50607694270868,-8.791236612242637,76.2397845429562,-42.31665497183978,126.59746202205642,13.119533527696792,-4.594793265811468
expanding_primary,US_market_total,3,real_cumulative_pct,8,26.497795713259997,17.10317421443282,-25.955867063026666,52.84400458857284,-46.36295813042198,57.187141968274304,25.0,686,24.224149053728993,23.654714987686862,-19.268889668956362,59.470965356310735,-47.267862053933115,111.4736903146862,21.137026239067055,2.2736466595310034
expanding_primary,US_market_total,5,nominal_cumulative_pct,8,49.32596023071676,57.55724968765561,6.012685494165842,117.2693709649803,-14.310336004676428,158.32923295270837,12.5,685,74.21161945252142,73.12303340500311,2.2267400172379626,138.8156643372064,-27.168148082666978,247.37181741627364,8.75912408759124,-24.88565922180466
expanding_primary,US_market_total,5,real_cumulative_pct,8,24.63203295326294,34.4858377985384,-20.226482131949233,90.0627955944206,-24.117387140340085,129.8358806282476,25.0,684,42.883710994577285,43.51288277422388,-16.30137248641151,104.57691154340561,-46.599571025038436,201.27307838123892,23.538011695906434,-18.251678041314346
expanding_primary,T_bill_total,1,nominal_cumulative_pct,8,3.7115663248492137,4.318476695048143,1.1271081160307395,7.885587942530361,0.02000099999999172,8.39658972734465,0.0,686,4.802490107567403,4.542594980651732,0.07002100350033125,8.714480681511915,0.0,15.21787816152489,0.0,-1.090923782718189
expanding_primary,T_bill_total,1,real_cumulative_pct,8,0.582280155450754,0.6313050390431313,-1.619283663498321,3.0654285922691105,-2.182331399967663,3.5751369674309696,37.5,686,0.4536164253041153,0.5551963896771782,-2.1323752953210984,3.6329214517993536,-8.147720826611415,6.987382759959071,40.816326530612244,0.12866373014663868
expanding_primary,T_bill_total,3,nominal_cumulative_pct,8,13.046966383566827,12.775596454077299,3.2476447147527203,22.479935667665842,0.07002100350033125,23.720038238895125,0.0,686,15.25858492739808,14.489148515140354,0.4659687126856382,28.42329295786029,0.009999999999998899,42.83989872105547,0.0,-2.2116185438312517
expanding_primary,T_bill_total,3,real_cumulative_pct,8,2.5105695808055772,1.641483067202726,-5.01327122789503,6.567875472735356,-5.0295902109324775,8.00813207648099,37.5,686,1.6150854832952644,1.6288062550295488,-5.783348919454195,9.14254868218145,-12.982384061814633,18.363688146493672,44.89795918367347,0.8954840975103129
expanding_primary,T_bill_total,5,nominal_cumulative_pct,8,19.840811527641012,19.13329237967899,3.878730569004141,32.94792996272808,0.19016709013333077,35.24281598293011,0.0,685,26.518888664759,25.72375535026212,2.1270202354523264,50.182850293804854,0.11005501650327432,69.5420921181686,0.0,-6.678077137117988
expanding_primary,T_bill_total,5,real_cumulative_pct,8,0.9417565529078575,0.4145691010831096,-9.073991538634216,10.065997184005198,-12.723307263252936,13.171526099829167,37.5,684,1.3893595452089347,2.873833022116855,-7.945866443952608,15.586952149741478,-13.006016209684624,30.918498843768294,47.22222222222222,-0.44760299230107714
expanding_primary,sector_NoDur,1,nominal_cumulative_pct,8,6.832919571723828,9.384065669652045,-3.565098238210501,25.00859072485359,-16.97948005202128,38.66388219186854,12.5,686,13.270361076374781,13.236557303549727,-7.313946140478489,35.43915508667162,-45.30344304010855,63.4335521685101,19.97084548104956,-6.437441504650954
expanding_primary,sector_NoDur,1,real_cumulative_pct,8,4.136126570369947,5.72013182003105,-7.582594714421242,20.742665269912333,-24.57387272917525,32.49614795616984,37.5,686,8.745422150713667,9.02188058286274,-10.612221933194071,30.35982382585761,-51.1406250081602,60.5951266738102,28.425655976676385,-4.60929558034372
expanding_primary,sector_NoDur,3,nominal_cumulative_pct,8,34.32222711922631,37.74590811401734,6.4756186864016545,76.44131791642909,4.753925526285552,87.48943458153389,0.0,686,37.14897036734472,44.53087778818079,5.517079454754281,99.45715240342035,-43.427141811438354,193.01296132353616,5.97667638483965,-2.8267432481184045
expanding_primary,sector_NoDur,3,real_cumulative_pct,8,23.18540511752215,24.73090131129203,-4.4182951173225735,59.679626885201706,-18.400239830683084,63.67909274425634,12.5,686,21.337295871311767,28.960990973125465,-5.086818362875229,76.03800321100667,-54.38394043293844,168.03733983989554,16.909620991253643,1.8481092462103845
expanding_primary,sector_NoDur,5,nominal_cumulative_pct,8,54.049489495737205,71.87273652222964,32.077578179279556,126.24404830729003,20.94393392141938,149.3430926786659,0.0,685,63.718331381158386,85.22473281211629,15.875891703588964,175.5622443684933,-29.850822026190883,382.31229869895884,4.233576642335766,-9.66884188542118
expanding_primary,sector_NoDur,5,real_cumulative_pct,8,33.4835457817844,47.25873893657745,4.091347172547229,100.98867122082157,-17.288733765789864,121.84089903159796,12.5,684,36.497028024323825,53.28007507307602,-5.723596610909478,126.28300961086116,-48.5665118018119,313.2289026638707,12.719298245614036,-3.0134822425394248
expanding_primary,sector_Durbl,1,nominal_cumulative_pct,8,-11.993880204782041,-7.444180219759891,-18.013410256607674,6.472202646865416,-19.64496786355975,10.127288559131475,62.5,686,8.52422933134681,13.335872058769,-17.19441486232158,46.585326876724174,-65.12117332251165,260.8320136460717,33.09037900874635,-20.51810953612885
expanding_primary,sector_Durbl,1,real_cumulative_pct,8,-14.388693554923536,-10.610015603850357,-21.027568801995326,2.6200186298416432,-26.99553213383702,8.174429737310284,75.0,686,4.639783445405499,9.19632188509256,-20.233142206174236,41.81876972262223,-65.12412491688036,251.45580954828674,42.565597667638485,-19.028477000329033
expanding_primary,sector_Durbl,3,nominal_cumulative_pct,8,17.448098116144305,17.92777790126891,-17.396938088107373,63.75322678663145,-32.21651007508226,78.12686691508743,37.5,686,25.365421127915223,39.4218321667037,-15.979960835645585,105.06839428109669,-65.55179402997071,391.5347987684198,18.075801749271136,-7.917323011770918
expanding_primary,sector_Durbl,3,real_cumulative_pct,8,0.38501886099729443,7.211393349735378,-26.731143719472485,55.32063130578358,-36.97130626883669,68.75724276676061,50.0,686,12.12327761889731,24.622705010045294,-24.88216614901347,85.46524168894547,-67.7065782636805,342.3926951887951,34.11078717201166,-11.738258757900017
expanding_primary,sector_Durbl,5,nominal_cumulative_pct,8,40.88153328359538,53.819057831216874,0.7313152319416405,112.57540235734749,-5.950009314853554,162.38575423186506,12.5,685,54.405243732534544,72.06364492436701,-7.294004676256258,174.0059036607901,-68.54218628655377,418.65460296334726,14.16058394160584,-13.523710448939163
expanding_primary,sector_Durbl,5,real_cumulative_pct,8,23.371580996124564,30.391215805258934,-16.136992215111817,84.23906324135386,-16.444432783068198,117.1464060347171,50.0,684,26.340975733679883,42.6718616523057,-27.821258126299707,126.22504551393524,-72.38817225593941,360.17272593698993,31.871345029239766,-2.9693947375553194
expanding_primary,sector_Manuf,1,nominal_cumulative_pct,8,0.09382237175459274,4.921213622405245,-7.507652519956935,23.48864403538679,-7.760884019483861,23.887953740347378,50.0,686,13.647455521598905,12.453743495617513,-10.597553316637892,34.5955342974913,-54.53872076788959,84.18216355044908,25.801749271137027,-13.553633149844313
expanding_primary,sector_Manuf,1,real_cumulative_pct,8,-1.8899079013096343,1.2962985130770752,-12.063510231955286,18.420718702037924,-15.8698908710034,19.79350960070645,50.0,686,9.489025901382176,8.279513230270473,-15.670570758803386,30.19849350768815,-54.54256789431435,80.30323451198342,31.195335276967928,-11.37893380269181
expanding_primary,sector_Manuf,3,nominal_cumulative_pct,8,40.58868397066212,34.7019085222787,-0.42487600946354753,67.72566800413578,-22.54921464164018,78.96869097480696,12.5,686,39.87694762022463,38.56956397531682,-3.703482357823634,72.09812805380815,-43.43175826187702,154.80669428903343,11.807580174927114,0.7117363504374907
expanding_primary,sector_Manuf,3,real_cumulative_pct,8,25.052938541119516,22.055362572644608,-16.385225763861566,55.30321452876537,-27.98214085764258,64.64668482874494,25.0,686,25.182777626557005,23.875347970783956,-15.94120583417551,58.292364842415665,-46.970182165056194,137.37088985082426,22.157434402332363,-0.12983908543748868
expanding_primary,sector_Manuf,5,nominal_cumulative_pct,8,48.02748179834521,57.973335707917315,27.28918449598316,101.5315018045872,13.189548912017512,126.93942934223115,0.0,685,69.64242771461444,71.97136583124806,14.954082448154374,135.5729566906964,-25.54331879127042,272.80523303049,5.109489051094891,-21.614945916269235
expanding_primary,sector_Manuf,5,real_cumulative_pct,8,26.036537837055196,35.02863961330333,2.899926004075189,72.38185747198312,-22.591810837947325,101.90832836054695,12.5,684,37.242018112056556,43.19610294192641,-10.873465601692574,108.08762754452059,-45.45689231348936,236.65271513434845,17.83625730994152,-11.20548027500136
expanding_primary,sector_Enrgy,1,nominal_cumulative_pct,8,4.43754846607124,7.178072918907165,-7.340875671772347,23.58730657020897,-8.663898424412086,31.881027380955263,25.0,686,13.034075153478286,12.643641575992046,-14.735910208453767,40.526572145413056,-54.39154298894441,125.29233704316654,26.82215743440233,-8.596526687407046
expanding_primary,sector_Enrgy,1,real_cumulative_pct,8,1.843344655741297,3.4682513515278983,-10.759511026109923,19.05057186465297,-17.018968007210145,26.01499280324795,37.5,686,9.111987383947017,8.228225157668469,-19.593888122071654,33.6894667989895,-55.06292090934382,112.06970127188596,32.50728862973761,-7.26864272820572
expanding_primary,sector_Enrgy,3,nominal_cumulative_pct,8,27.636088982742248,24.98457766753606,-17.037604864618242,68.27807136355054,-52.57651156287331,69.25999385475106,25.0,686,35.85246306546964,41.81282963323989,-7.492477391288732,102.85998377685536,-52.59565144343624,267.7794513212249,15.889212827988338,-8.216374082727395
expanding_primary,sector_Enrgy,3,real_cumulative_pct,8,19.874607807332545,12.637806941696756,-22.607525620639436,53.51443690056708,-55.07102724236492,54.42443683716161,37.5,686,21.44672694948738,25.484846718029065,-16.623007077180713,75.97603427810765,-55.20102071421811,211.19109206434774,27.259475218658892,-1.5721191421548362
expanding_primary,sector_Enrgy,5,nominal_cumulative_pct,8,56.803025229184726,57.591685096915825,25.29178597939622,97.1244084536034,-3.0133250918210064,102.60256684407824,12.5,685,64.59729496939252,75.213599829403,5.157111929433062,151.84948846023218,-54.45604937775255,340.6432097335082,7.445255474452554,-7.794269740207795
expanding_primary,sector_Enrgy,5,real_cumulative_pct,8,33.19079624142635,33.48680062264143,-6.035346258564611,74.81605358416274,-8.953683695907122,80.25578768577348,25.0,684,34.504448388939615,42.982603950469446,-8.942819483188659,103.52263947365164,-58.35614589487026,222.05210723251284,18.27485380116959,-1.3136521475132668
expanding_primary,sector_Chems,1,nominal_cumulative_pct,8,3.3639910023746222,5.336757053864846,-4.650444478269768,17.925100285646025,-8.48522422447452,32.500094657926624,37.5,686,11.362751641803026,11.337574127285313,-10.479042518473541,31.421430580517516,-40.52363706573975,61.95261292670962,23.323615160349853,-7.998760639428404
expanding_primary,sector_Chems,1,real_cumulative_pct,8,0.7495661974125711,1.7121108532160227,-8.812697981677777,14.173949865611373,-16.85663822473048,26.606524125087926,50.0,686,6.850736170429384,7.200848127245134,-14.630567661076928,26.958885116637678,-41.938107104629694,58.22023807970127,31.341107871720116,-6.1011699730168125
expanding_primary,sector_Chems,3,nominal_cumulative_pct,8,31.832559367932177,36.80104319197541,10.574666587717706,65.8443055990565,9.168643579345392,88.18815646271085,0.0,686,36.26054775395204,36.53220804408961,0.7524700828010933,72.64754974758128,-22.129002275864384,169.6678905597499,9.329446064139942,-4.427988386019862
expanding_primary,sector_Chems,3,real_cumulative_pct,8,22.01029729707861,23.827767638509677,-1.3185078803848511,50.08174381122909,-7.920250782135541,73.12836070293503,12.5,686,22.31813828140994,22.04382898423074,-13.269353533364143,56.92291540889234,-34.2439020108179,146.682138903954,26.82215743440233,-0.30784098433133167
expanding_primary,sector_Chems,5,nominal_cumulative_pct,8,48.27458912428793,57.268649948160935,7.232923540526637,117.71478977600448,4.091052037218801,146.06814633613564,0.0,685,57.353747831145085,67.83295470084587,13.855476458077058,136.9388631264041,-12.091162024369895,308.866313530776,4.087591240875913,-9.079158706857157
expanding_primary,sector_Chems,5,real_cumulative_pct,8,29.161483567167867,34.76736514654841,-14.576459571912178,84.24315109444959,-28.81410056296616,118.9271746805351,25.0,684,33.15276366953708,39.74196265840442,-15.915424985221138,105.63381073359064,-39.904214478329024,250.3028608897246,19.298245614035086,-3.9912801023692133
expanding_primary,sector_BusEq,1,nominal_cumulative_pct,8,8.617061267047532,-1.7003440275385744,-32.92368987054191,18.002125084662637,-60.48707148683376,19.147679617952583,25.0,686,13.256238932000976,13.873624619712285,-18.195242345835695,45.003800573887574,-63.43139899052528,104.96270113922219,25.218658892128282,-4.6391776649534435
expanding_primary,sector_BusEq,1,real_cumulative_pct,8,6.893351898712141,-4.947860184035064,-38.318520088918135,14.376807765901953,-61.63139820697656,16.12524181723014,37.5,686,9.051208868043203,9.715340457029354,-22.558732557633903,40.89867027794407,-64.35536701153953,100.0139035262027,31.341107871720116,-2.1578569693310614
expanding_primary,sector_BusEq,3,nominal_cumulative_pct,8,38.4595205064287,41.16154156331817,-24.72879815731308,108.66043675124419,-75.63646929946735,133.54289778837963,25.0,686,39.90799914792205,45.22795274671314,-16.404183091800967,112.06278148748424,-75.63646929946735,337.9282078682145,17.49271137026239,-1.4484786414933453
expanding_primary,sector_BusEq,3,real_cumulative_pct,8,28.727541001322763,28.679425648659997,-40.26344068016273,93.17752719924978,-77.34549347585055,114.85357956586913,25.0,686,22.433972030595015,30.1914156267738,-27.484186827302807,95.67259987204068,-77.34549347585055,309.2451907446823,29.008746355685133,6.293568970727748
expanding_primary,sector_BusEq,5,nominal_cumulative_pct,8,77.07929020874047,79.08752098427088,-12.279587527025829,167.20800806813187,-64.95945656807622,289.4739578610446,12.5,685,63.461898363469274,86.8363474243945,-9.253088487637646,196.419367269579,-64.95945656807622,605.2143516892733,14.744525547445257,13.6173918452712
expanding_primary,sector_BusEq,5,real_cumulative_pct,8,48.68475388671932,53.49171920797115,-37.889678178171245,130.7032382486874,-68.96979323221665,246.51552618959488,25.0,684,31.384880744273968,56.18911468755794,-30.059449206859174,156.7430887560593,-68.96979323221665,525.9814451171254,27.485380116959064,17.299873142445353
expanding_primary,sector_Telcm,1,nominal_cumulative_pct,8,1.9929570801409058,4.405141460630675,-17.6878281397801,31.91327652185477,-41.80587342269855,51.71439433700598,50.0,686,10.217850975402953,10.931091462950507,-12.027869431445742,35.91483275920826,-46.05562820251974,73.73133499713337,25.65597667638484,-8.224893895262047
expanding_primary,sector_Telcm,1,real_cumulative_pct,8,-0.6341928415916298,0.782938064577162,-24.12601737621956,28.681213891597803,-43.49122291471579,44.966176638139935,50.0,686,6.255774718383044,6.805272463378966,-17.082238030730945,32.53912422186298,-46.83482468403889,71.37202057124638,35.56851311953353,-6.889967559974674
expanding_primary,sector_Telcm,3,nominal_cumulative_pct,8,27.351810488287285,18.568132060607688,-28.30494690002837,55.33340696979826,-69.1835724776732,85.56783330734865,25.0,686,32.73564955103056,37.272003322749036,-17.037883458677967,94.30077430207385,-69.1835724776732,192.3070982215064,19.533527696793,-5.383839062743277
expanding_primary,sector_Telcm,3,real_cumulative_pct,8,12.203387437347802,6.989231727940789,-33.40348804454757,39.839647754188796,-71.34524683894571,76.11121688734157,25.0,686,19.33278858981151,22.552779253636807,-24.59138415195536,77.10641240785964,-71.34524683894571,173.16183798711532,33.819241982507286,-7.129401152463709
expanding_primary,sector_Telcm,5,nominal_cumulative_pct,8,39.07182504631029,49.909117888694425,-22.628045842303706,126.8787543615793,-58.36186582348445,142.7009513460851,25.0,685,61.27630426258499,70.50472625931313,-7.167246683569832,182.78580995023574,-58.36186582348445,297.56947606573345,14.306569343065693,-22.204479216274706
expanding_primary,sector_Telcm,5,real_cumulative_pct,8,5.917126352578206,27.16775303892691,-34.248144116915775,104.34401068640611,-63.12728666916541,115.93137657847916,50.0,684,25.765027406749063,41.18262580744425,-24.16021207226739,138.68820149998325,-63.12728666916541,253.5259381366504,30.409356725146196,-19.847901054170855
expanding_primary,sector_Utils,1,nominal_cumulative_pct,8,8.621571216007094,8.947738569845631,-13.350362579600304,31.128080900459818,-21.04402492314833,39.458244564330556,25.0,686,11.41744708416459,10.42213778089541,-8.582225306717895,28.255388095975654,-36.66088963106794,51.010529828454466,22.448979591836736,-2.795875868157495
expanding_primary,sector_Utils,1,real_cumulative_pct,8,5.840151964108675,5.338913925368858,-17.114326101043016,25.94480993246863,-28.266608921862403,35.41941976434144,37.5,686,7.129343959861856,6.280397147303121,-11.711620897528675,24.342085228934007,-43.42039943328597,47.77783258907811,33.09037900874635,-1.289191995753181
expanding_primary,sector_Utils,3,nominal_cumulative_pct,8,20.169260998538064,25.274640748658737,1.7304555408920221,49.7958961441663,-1.425086346642157,56.52081322691862,12.5,686,31.95050661735631,33.98827680857877,-3.1574537639147193,75.1984245024247,-30.130680898444297,127.25823602341077,13.411078717201166,-11.781245618818247
expanding_primary,sector_Utils,3,real_cumulative_pct,8,12.116371849188878,13.26036704193638,-9.984992643684063,37.47844575142747,-13.823768560457362,39.426999097917026,37.5,686,17.90116443586345,19.494383092591942,-13.50278744782754,58.898420310690824,-43.554001412471834,99.23747647694184,27.55102040816326,-5.7847925866745715
expanding_primary,sector_Utils,5,nominal_cumulative_pct,8,54.87673512647528,53.43134392901696,21.744359184407884,81.84798018232641,2.472781764601417,97.86124855288605,0.0,685,58.572493631733536,63.872560820139455,12.151743846337668,121.89622881704386,-24.326751152733085,217.48571268941203,4.671532846715328,-3.6957585052582544
expanding_primary,sector_Utils,5,real_cumulative_pct,8,31.72983257687686,30.507138051752897,-5.7888169638174665,63.402807404376105,-13.622127979947397,64.26744612786248,25.0,684,33.17065630265399,35.45085505837233,-10.290392826047063,82.92186369974227,-44.04122480031765,168.5203186287252,18.27485380116959,-1.440823725777129
expanding_primary,sector_Shops,1,nominal_cumulative_pct,8,12.613508558816799,7.488123308545919,-11.645871685595857,24.175040920786852,-16.208301974513063,25.304563200020034,37.5,686,12.762472790393854,13.321289328267339,-10.78460522046825,37.67727492262984,-47.883437455960106,106.5029189211387,24.198250728862973,-0.14896423157705563
expanding_primary,sector_Shops,1,real_cumulative_pct,8,9.754051766345095,3.9137998996628682,-15.7761577725075,20.016780123597513,-23.873239008029536,20.683488231062764,37.5,686,8.913809905718772,9.1585908666194,-15.00902774649478,33.06945301772433,-53.4452840515691,101.51693295121179,30.32069970845481,0.8402418606263229
expanding_primary,sector_Shops,3,nominal_cumulative_pct,8,25.639953848926567,31.072472571001004,-5.267496170587132,70.61911186805077,-24.939042586265835,80.66273046747018,12.5,686,41.164789023395016,44.144694995513895,-0.7876450001848168,89.6946776832577,-53.07399181359589,206.56267433710212,10.204081632653061,-15.52483517446845
expanding_primary,sector_Shops,3,real_cumulative_pct,8,16.122819869673457,19.01635874481488,-22.808870014512294,59.3989767078984,-30.204329974178677,71.15971774734189,37.5,686,26.303759136654794,28.856501240154277,-14.937764744440646,75.93216758870126,-62.838941494003684,151.0214610715745,20.262390670553938,-10.180939266981337
expanding_primary,sector_Shops,5,nominal_cumulative_pct,8,69.49565525613636,67.17190036739412,8.564819622427159,120.1802339570349,3.4691010196497896,130.4068621125588,0.0,685,80.93333843764943,84.43506289733529,7.574807614932882,164.71374457379764,-33.588890129762994,326.3300506564341,6.423357664233577,-11.437683181513066
expanding_primary,sector_Shops,5,real_cumulative_pct,8,41.4402895110689,43.08363862726111,-10.12025659775549,93.82496745463041,-29.239441086718365,102.57997037548976,25.0,684,51.15502149241637,53.149647446580914,-15.201277100634945,119.9798621293855,-52.484569393399916,265.2652015729554,19.15204678362573,-9.71473198134747
expanding_primary,sector_Hlth,1,nominal_cumulative_pct,8,9.560250498140011,13.164166466451483,1.3373919328696173,26.624265830039974,-12.733804522873115,45.865805336636825,12.5,686,13.062994692580586,13.39451461096907,-9.979042660497367,36.67905594148895,-43.60086579673419,63.4586169240557,23.760932944606413,-3.5027441944405755
expanding_primary,sector_Hlth,1,real_cumulative_pct,8,6.7751447483283105,9.366237532207581,-3.2340628328799808,23.519647071772866,-20.71657500310925,39.37773138997147,12.5,686,8.4669994660328,9.198847594059226,-14.2040581719229,31.95642518766236,-49.619745731470054,58.72754262813511,32.36151603498542,-1.691854717704489
expanding_primary,sector_Hlth,3,nominal_cumulative_pct,8,51.995927256560336,53.0765802123849,-14.003740463894532,117.23283974028406,-20.574991131726772,141.54612178901954,25.0,686,39.90280875807571,45.14967229317627,-6.980981210632537,103.97064615399844,-30.493573831955313,176.77159788325153,16.034985422740526,12.093118498484628
expanding_primary,sector_Hlth,3,real_cumulative_pct,8,42.404507803702,39.24849404736262,-23.631366075172522,96.44507888910022,-38.13060806517754,110.87081604658233,25.0,686,23.81352955060155,29.750834364054462,-15.712050441414306,85.34399160973527,-46.4062171854454,151.563295016145,24.198250728862973,18.590978253100452
expanding_primary,sector_Hlth,5,nominal_cumulative_pct,8,71.20408090553371,84.64705058001624,-2.667784808427303,180.15614884927024,-19.341595091746953,264.8333413276473,12.5,685,81.27835934743197,85.1346811737455,5.060163166898152,168.7047777369074,-32.7275968465155,329.3914555940276,7.591240875912408,-10.074278441898258
expanding_primary,sector_Hlth,5,real_cumulative_pct,8,43.10098168837608,59.53850239256522,-18.68723351405635,157.62834793738799,-44.83924421767358,224.59273512392758,25.0,684,46.4448617926064,54.25608441304148,-15.409635287463589,131.7815908188818,-53.92076112828563,283.273562608504,19.444444444444446,-3.3438801042303226
expanding_primary,sector_Money,1,nominal_cumulative_pct,8,2.535007264177125,6.5953957378616614,-4.692586225725492,21.983804128828194,-10.14292091370611,30.3213404644183,37.5,686,12.789345262449581,13.051783582289543,-11.906343356343935,41.850240773354614,-61.829057075786295,79.86940216793954,26.676384839650147,-10.254337998272456
expanding_primary,sector_Money,1,real_cumulative_pct,8,0.5640813776668696,2.9240330934920835,-8.370556617196009,17.50541274311547,-18.362695299978306,24.52468036433295,50.0,686,8.667466574068994,8.848015997363415,-16.61678497377582,36.71178596521612,-61.832287263006336,76.08130111759233,31.924198250728864,-8.103385196402124
expanding_primary,sector_Money,3,nominal_cumulative_pct,8,12.160724990541858,26.917456353207974,-5.251484085273526,77.0115546294518,-7.506967559497846,102.87850126305757,37.5,686,42.17742356788314,43.122599703298405,-7.835797287195994,95.38385356840531,-67.67742660439754,196.7068450579149,11.9533527696793,-30.01669857734128
expanding_primary,sector_Money,3,real_cumulative_pct,8,5.1341801215485035,15.367527255713378,-17.771880370259282,66.22198440578407,-27.95106029144484,86.6431076522143,50.0,686,23.45813768000321,27.795370660107363,-23.81533591610114,77.41250260897027,-69.69924950009107,177.6824850788625,17.784256559766764,-18.32395755845471
expanding_primary,sector_Money,5,nominal_cumulative_pct,8,54.96929189620239,70.69455099995945,5.780708565368709,144.36216245869585,-25.91135764322532,215.49507780489293,12.5,685,79.25974742141939,82.05189867780416,-13.07490775938796,178.4318381147052,-61.40624490585955,264.2763284492372,15.328467153284672,-24.290455525217
expanding_primary,sector_Money,5,real_cumulative_pct,8,31.585380540114414,45.97469484002987,-23.11244976520809,107.56886076385612,-34.17842477861731,180.6964129159925,25.0,684,46.77544448431361,50.867564283617725,-36.88676401599403,137.652159780828,-66.12466055769248,216.57630107575403,20.175438596491226,-15.190063944199196
expanding_primary,sector_Other,1,nominal_cumulative_pct,8,2.6562476290562076,2.30900926317405,-15.21848651278631,19.600559515704767,-15.63968398708685,33.201420704303054,37.5,686,12.478372959846741,10.40932874681381,-17.1042479569903,33.75092674914725,-53.138174212935496,83.50602219707619,27.405247813411076,-9.822125330790534
expanding_primary,sector_Other,1,real_cumulative_pct,8,0.6895674851791989,-1.193471388022615,-19.500969635706188,15.191057406759757,-22.809967435047607,27.27665536717756,37.5,686,8.206146523650805,6.260085395612102,-22.069544773469335,28.09899142411324,-53.142139859554845,79.07529329090934,34.54810495626822,-7.5165790384716065
expanding_primary,sector_Other,3,nominal_cumulative_pct,8,25.983569803926255,25.34241884998844,-10.112543347684682,60.538477574102814,-38.52257591778461,75.49084825959386,12.5,686,34.57615783199283,31.439010349593932,-18.879204904400698,70.88226659518247,-51.901182642719526,140.3372311627737,18.80466472303207,-8.592588028066576
expanding_primary,sector_Other,3,real_cumulative_pct,8,14.542380846156078,13.768857131160516,-27.197871451470363,51.28878359680571,-42.83502165275242,62.98581176684439,25.0,686,20.336309734602366,16.912105139240417,-28.033618095273233,52.26149810147989,-61.21676387001891,119.85154449951443,26.96793002915452,-5.793928888446288
expanding_primary,sector_Other,5,nominal_cumulative_pct,8,47.69058937824424,42.001136984786214,0.23559301456767334,75.40730542516827,-1.214173581099398,81.20025707301181,12.5,685,58.33282340715211,57.59349762576823,-10.7100005968814,121.55824688375827,-50.455741775488384,243.99603130062553,18.54014598540146,-10.642234028907872
expanding_primary,sector_Other,5,real_cumulative_pct,8,23.442644370754383,20.660811954704627,-13.306581325995706,53.212767263947214,-15.141796588851586,62.33311352552442,37.5,684,32.70979397303313,29.46928886382298,-29.9343535977587,83.14721239241874,-63.67407153894504,194.72419201942876,28.801169590643276,-9.267149602278746
expanding_primary,Gold_spot_price,1,nominal_cumulative_pct,8,0.838942875306492,12.799140768187048,-6.74592074592073,46.54200638071602,-8.041958041958042,89.01098901098902,37.5,686,3.789077378336403,9.69527047933996,-14.634146341463422,35.01060832976748,-36.39191290824263,197.3568281938327,38.0466472303207,-2.950134503029911
expanding_primary,Gold_spot_price,1,real_cumulative_pct,8,-0.7589134442698597,8.23968704732836,-10.46571141599238,38.38587930846041,-10.705138132736082,71.72100249023327,62.5,686,0.6467523019782262,5.307701905077213,-17.446493450936025,29.570274397681807,-42.57892902973598,161.14029142663514,48.8338192419825,-1.405665746248086
expanding_primary,Gold_spot_price,3,nominal_cumulative_pct,8,10.150143973673387,25.187102221728153,-14.996821360457734,70.81869239631337,-16.65607120152577,123.04147465437777,25.0,686,11.759749948549057,36.08907546666717,-21.342977408354628,109.78000539726088,-40.39334341906202,411.3636363636363,32.94460641399417,-1.6096059748756701
expanding_primary,Gold_spot_price,3,real_cumulative_pct,8,1.2751361467029265,12.828219404012156,-22.18363611346372,58.97437178312509,-25.17105535973463,101.77892861849416,50.0,686,0.6653675720859176,19.266604240081712,-29.30148035657608,76.67809785141753,-49.91385106740628,284.8339160839161,48.542274052478135,0.609768574617009
expanding_primary,Gold_spot_price,5,nominal_cumulative_pct,8,24.999999999999964,37.89520287946198,-16.919337347144793,111.55086848635231,-21.39037433155082,156.4516129032258,37.5,686,37.79122560816859,66.00814557271005,-24.992581602373917,184.9161280952726,-55.111111111111114,425.7142857142851,27.84256559766764,-12.791225608168624
expanding_primary,Gold_spot_price,5,real_cumulative_pct,8,4.369085107571847,15.696654318708678,-27.65731285531713,62.41738362013666,-30.06090586475575,127.8358543549567,37.5,685,15.047191603055188,33.120513202257946,-33.391849459473235,129.22487429819384,-66.87480290129298,281.87723644371,43.503649635036496,-10.678106495483341
fixed_economic_scale,US_market_total,1,nominal_cumulative_pct,8,4.485511212068294,0.22351182053485452,-29.462860979696707,28.310455520039152,-38.13121939715776,29.262512909940597,37.5,686,13.521406481474685,11.806027073848304,-11.256337074729121,31.623531553835193,-42.56738570312244,67.01839752911872,22.011661807580175,-9.03589526940639
fixed_economic_scale,US_market_total,1,real_cumulative_pct,8,2.208597666111789,-3.2680217844706174,-31.170073650123896,24.404623347898212,-38.80432135780569,26.4851963821628,50.0,686,9.919799503823846,7.644383979700006,-15.350413546013714,27.387806574452377,-47.47162673676524,62.98576016423052,28.134110787172013,-7.711201837712057
fixed_economic_scale,US_market_total,3,nominal_cumulative_pct,8,20.64405239692605,21.750952295596466,-20.387081843083262,65.75733873696419,-42.31665497183978,70.86027007099402,25.0,686,39.42749725699023,38.50607694270868,-8.791236612242637,76.2397845429562,-42.31665497183978,126.59746202205642,13.119533527696792,-18.78344486006418
fixed_economic_scale,US_market_total,3,real_cumulative_pct,8,8.868629395514084,10.374672760632274,-25.115708422069478,55.007415958648814,-46.36295813042198,57.187141968274304,50.0,686,24.224149053728993,23.654714987686862,-19.268889668956362,59.470965356310735,-47.267862053933115,111.4736903146862,21.137026239067055,-15.35551965821491
fixed_economic_scale,US_market_total,5,nominal_cumulative_pct,8,51.3888734044417,60.215214550280066,2.624681277248359,117.85494097555811,-14.310336004676428,158.32923295270837,12.5,685,74.21161945252142,73.12303340500311,2.2267400172379626,138.8156643372064,-27.168148082666978,247.37181741627364,8.75912408759124,-22.822746048079715
fixed_economic_scale,US_market_total,5,real_cumulative_pct,8,23.32561611590213,36.15446297533216,-17.746975042524436,99.97419403082557,-24.117387140340085,129.8358806282476,25.0,684,42.883710994577285,43.51288277422388,-16.30137248641151,104.57691154340561,-46.599571025038436,201.27307838123892,23.538011695906434,-19.558094878675156
fixed_economic_scale,T_bill_total,1,nominal_cumulative_pct,8,4.455840759298613,4.382602433047758,1.3058932101521603,8.065550002482961,0.0,8.39658972734465,0.0,686,4.802490107567403,4.542594980651732,0.07002100350033125,8.714480681511915,0.0,15.21787816152489,0.0,-0.34664934826879
fixed_economic_scale,T_bill_total,1,real_cumulative_pct,8,0.6245813328465522,0.6591264161746629,-1.5296576192874922,3.0654285922691105,-2.51338746620009,3.5751369674309696,25.0,686,0.4536164253041153,0.5551963896771782,-2.1323752953210984,3.6329214517993536,-8.147720826611415,6.987382759959071,40.816326530612244,0.17096490754243687
fixed_economic_scale,T_bill_total,3,nominal_cumulative_pct,8,12.881416518901833,12.111246259534447,1.4463537600137855,22.361032579540815,0.04000500019998299,23.720038238895125,0.0,686,15.25858492739808,14.489148515140354,0.4659687126856382,28.42329295786029,0.009999999999998899,42.83989872105547,0.0,-2.377168408496246
fixed_economic_scale,T_bill_total,3,real_cumulative_pct,8,0.11039554569296506,0.9800597933851367,-2.9774443470058864,6.567875472735356,-5.211336711357828,8.00813207648099,50.0,686,1.6150854832952644,1.6288062550295488,-5.783348919454195,9.14254868218145,-12.982384061814633,18.363688146493672,44.89795918367347,-1.5046899376022993
fixed_economic_scale,T_bill_total,5,nominal_cumulative_pct,8,20.263891018962376,18.409021610129592,1.8769670780751602,32.94792996272805,1.2371610394308785,35.242815982929976,0.0,685,26.518888664759,25.72375535026212,2.1270202354523264,50.182850293804854,0.11005501650327432,69.5420921181686,0.0,-6.2549976457966245
fixed_economic_scale,T_bill_total,5,real_cumulative_pct,8,-2.569169725258819,-0.7825335731414695,-9.099663215190875,10.065997184005198,-11.779845609056839,13.171526099829167,50.0,684,1.3893595452089347,2.873833022116855,-7.945866443952608,15.586952149741478,-13.006016209684624,30.918498843768294,47.22222222222222,-3.9585292704677535
fixed_economic_scale,sector_NoDur,1,nominal_cumulative_pct,8,8.284983388267499,7.309079040100636,-19.83095114378489,28.681576443262237,-24.940526060648594,38.66388219186854,25.0,686,13.270361076374781,13.236557303549727,-7.313946140478489,35.43915508667162,-45.30344304010855,63.4335521685101,19.97084548104956,-4.985377688107283
fixed_economic_scale,sector_NoDur,1,real_cumulative_pct,8,6.5649526249482175,3.590822196839616,-25.651256668544157,22.91743991252109,-25.75713628928884,32.49614795616984,37.5,686,8.745422150713667,9.02188058286274,-10.612221933194071,30.35982382585761,-51.1406250081602,60.5951266738102,28.425655976676385,-2.1804695257654494
fixed_economic_scale,sector_NoDur,3,nominal_cumulative_pct,8,22.99820761756394,34.60105917856574,7.620517976309996,76.44131791642909,4.711112028573772,87.48943458153389,0.0,686,37.14897036734472,44.53087778818079,5.517079454754281,99.45715240342035,-43.427141811438354,193.01296132353616,5.97667638483965,-14.150762749780778
fixed_economic_scale,sector_NoDur,3,real_cumulative_pct,8,12.751577692235283,22.07194962802004,-5.247582200992438,59.679626885201706,-18.496137977759076,63.67909274425634,12.5,686,21.337295871311767,28.960990973125465,-5.086818362875229,76.03800321100667,-54.38394043293844,168.03733983989554,16.909620991253643,-8.585718179076483
fixed_economic_scale,sector_NoDur,5,nominal_cumulative_pct,8,59.48493902241374,71.63607271986913,37.03891620677764,126.24404830729003,28.803374196684707,149.3430926786659,0.0,685,63.718331381158386,85.22473281211629,15.875891703588964,175.5622443684933,-29.850822026190883,382.31229869895884,4.233576642335766,-4.233392358744645
fixed_economic_scale,sector_NoDur,5,real_cumulative_pct,8,39.9562350238712,45.955671843677216,7.665474668733788,91.33560393272552,-12.33382748473707,121.84089903159796,12.5,684,36.497028024323825,53.28007507307602,-5.723596610909478,126.28300961086116,-48.5665118018119,313.2289026638707,12.719298245614036,3.4592069995473764
fixed_economic_scale,sector_Durbl,1,nominal_cumulative_pct,8,-6.4601919121321405,-5.458320754590634,-29.13613028522078,19.286714950539224,-60.42493463034479,47.7532753769363,62.5,686,8.52422933134681,13.335872058769,-17.19441486232158,46.585326876724174,-65.12117332251165,260.8320136460717,33.09037900874635,-14.98442124347895
fixed_economic_scale,sector_Durbl,1,real_cumulative_pct,8,-8.662475013013992,-8.7425981732063,-34.970222274474594,15.426535182472808,-60.85549191357433,46.11608174367498,62.5,686,4.639783445405499,9.19632188509256,-20.233142206174236,41.81876972262223,-65.12412491688036,251.45580954828674,42.565597667638485,-13.302258458419491
fixed_economic_scale,sector_Durbl,3,nominal_cumulative_pct,8,9.649084426939037,30.76489189391485,-17.396938088107373,85.67842873363819,-32.21651007508226,215.85216127713508,25.0,686,25.365421127915223,39.4218321667037,-15.979960835645585,105.06839428109669,-65.55179402997071,391.5347987684198,18.075801749271136,-15.716336700976186
fixed_economic_scale,sector_Durbl,3,real_cumulative_pct,8,-6.269801728901763,19.35618436884227,-26.731143719472485,78.49154047833386,-36.97130626883669,197.51335047446057,62.5,686,12.12327761889731,24.622705010045294,-24.88216614901347,85.46524168894547,-67.7065782636805,342.3926951887951,34.11078717201166,-18.393079347799073
fixed_economic_scale,sector_Durbl,5,nominal_cumulative_pct,8,57.03336655105011,61.033151268573675,1.0157759058258913,116.08373611952229,-5.001807068572717,174.0802001057811,12.5,685,54.405243732534544,72.06364492436701,-7.294004676256258,174.0059036607901,-68.54218628655377,418.65460296334726,14.16058394160584,2.628122818515564
fixed_economic_scale,sector_Durbl,5,real_cumulative_pct,8,31.310469168324218,35.842636469773595,-12.805999785657933,87.08654769670605,-13.388386507597684,126.63802088589105,37.5,684,26.340975733679883,42.6718616523057,-27.821258126299707,126.22504551393524,-72.38817225593941,360.17272593698993,31.871345029239766,4.969493434644335
fixed_economic_scale,sector_Manuf,1,nominal_cumulative_pct,8,1.2260802586937791,0.7453289863661423,-21.355024022147866,26.373351908911367,-46.48843104443925,33.50364665209597,50.0,686,13.647455521598905,12.453743495617513,-10.597553316637892,34.5955342974913,-54.53872076788959,84.18216355044908,25.801749271137027,-12.421375262905126
fixed_economic_scale,sector_Manuf,1,real_cumulative_pct,8,-0.9983219170305591,-2.795450630864521,-27.582765862588158,22.089970020392656,-47.07061064504513,32.02434732855557,50.0,686,9.489025901382176,8.279513230270473,-15.670570758803386,30.19849350768815,-54.54256789431435,80.30323451198342,31.195335276967928,-10.487347818412735
fixed_economic_scale,sector_Manuf,3,nominal_cumulative_pct,8,19.99952451888425,19.684274520317206,-12.69506445152717,53.946091780769095,-22.54921464164018,78.96869097480696,37.5,686,39.87694762022463,38.56956397531682,-3.703482357823634,72.09812805380815,-43.43175826187702,154.80669428903343,11.807580174927114,-19.877423101340376
fixed_economic_scale,sector_Manuf,3,real_cumulative_pct,8,3.093689114820724,8.468524712122512,-23.661732759986087,43.82851864921976,-27.98214085764258,64.64668482874494,50.0,686,25.182777626557005,23.875347970783956,-15.94120583417551,58.292364842415665,-46.970182165056194,137.37088985082426,22.157434402332363,-22.089088511736282
fixed_economic_scale,sector_Manuf,5,nominal_cumulative_pct,8,40.08019235595809,58.51950434398536,15.99769361928012,119.33802352726006,6.409448155240249,126.93942934223115,0.0,685,69.64242771461444,71.97136583124806,14.954082448154374,135.5729566906964,-25.54331879127042,272.80523303049,5.109489051094891,-29.562235358656352
fixed_economic_scale,sector_Manuf,5,real_cumulative_pct,8,19.746989005010374,35.15190095748275,-7.565011932156933,101.77117373453852,-18.25279473572795,101.90832836054695,25.0,684,37.242018112056556,43.19610294192641,-10.873465601692574,108.08762754452059,-45.45689231348936,236.65271513434845,17.83625730994152,-17.495029107046182
fixed_economic_scale,sector_Enrgy,1,nominal_cumulative_pct,8,7.26366539556762,5.805488586814927,-16.367875724743467,25.985887911613954,-25.548634766675683,31.881027380955263,25.0,686,13.034075153478286,12.643641575992046,-14.735910208453767,40.526572145413056,-54.39154298894441,125.29233704316654,26.82215743440233,-5.770409757910666
fixed_economic_scale,sector_Enrgy,1,real_cumulative_pct,8,4.344515817652217,2.0989489501083662,-22.53874560280057,20.34196159684884,-26.358629071124028,26.01499280324795,37.5,686,9.111987383947017,8.228225157668469,-19.593888122071654,33.6894667989895,-55.06292090934382,112.06970127188596,32.50728862973761,-4.7674715662948
fixed_economic_scale,sector_Enrgy,3,nominal_cumulative_pct,8,2.7649940346566817,12.252843085166479,-18.308616715449464,51.457497560417586,-23.05689509608576,67.8572474387503,50.0,686,35.85246306546964,41.81282963323989,-7.492477391288732,102.85998377685536,-52.59565144343624,267.7794513212249,15.889212827988338,-33.08746903081296
fixed_economic_scale,sector_Enrgy,3,real_cumulative_pct,8,-8.499992658331685,0.6648859804950753,-22.13934393969101,34.58835352178515,-24.48302816680541,54.42443683716161,62.5,686,21.44672694948738,25.484846718029065,-16.623007077180713,75.97603427810765,-55.20102071421811,211.19109206434774,27.259475218658892,-29.946719607819066
fixed_economic_scale,sector_Enrgy,5,nominal_cumulative_pct,8,52.713956877985915,52.66030894028969,3.7872618568343324,97.1244084536034,-3.085238979599292,102.60256684407824,12.5,685,64.59729496939252,75.213599829403,5.157111929433062,151.84948846023218,-54.45604937775255,340.6432097335082,7.445255474452554,-11.883338091406607
fixed_economic_scale,sector_Enrgy,5,real_cumulative_pct,8,22.25740854661007,28.477902720799605,-4.741750290034954,74.81605358416274,-9.529418673544631,80.25578768577348,37.5,684,34.504448388939615,42.982603950469446,-8.942819483188659,103.52263947365164,-58.35614589487026,222.05210723251284,18.27485380116959,-12.247039842329546
fixed_economic_scale,sector_Chems,1,nominal_cumulative_pct,8,7.6129414332386185,5.468986322436662,-12.508766625485274,24.028675193931043,-28.595811903678303,32.500094657926624,37.5,686,11.362751641803026,11.337574127285313,-10.479042518473541,31.421430580517516,-40.52363706573975,61.95261292670962,23.323615160349853,-3.7498102085644076
fixed_economic_scale,sector_Chems,1,real_cumulative_pct,8,4.216902886561524,1.7689676579924836,-19.131302746584907,21.326746807542886,-29.372654416780954,26.606524125087926,37.5,686,6.850736170429384,7.200848127245134,-14.630567661076928,26.958885116637678,-41.938107104629694,58.22023807970127,31.341107871720116,-2.63383328386786
fixed_economic_scale,sector_Chems,3,nominal_cumulative_pct,8,19.47166619327964,30.814425998102546,2.694498915777881,65.8443055990565,2.2925937083763115,88.18815646271085,0.0,686,36.26054775395204,36.53220804408961,0.7524700828010933,72.64754974758128,-22.129002275864384,169.6678905597499,9.329446064139942,-16.7888815606724
fixed_economic_scale,sector_Chems,3,real_cumulative_pct,8,10.199314574376427,18.48605687674425,-9.447249630801856,50.042638473488445,-12.123887031191316,73.12836070293503,37.5,686,22.31813828140994,22.04382898423074,-13.269353533364143,56.92291540889234,-34.2439020108179,146.682138903954,26.82215743440233,-12.118823707033513
fixed_economic_scale,sector_Chems,5,nominal_cumulative_pct,8,58.78052662687134,64.12480986810709,20.70615668811198,117.71478977600448,7.377691488383831,146.06814633613564,0.0,685,57.353747831145085,67.83295470084587,13.855476458077058,136.9388631264041,-12.091162024369895,308.866313530776,4.087591240875913,1.426778795726257
fixed_economic_scale,sector_Chems,5,real_cumulative_pct,8,34.150466009936686,39.69921536470959,2.6055973683373495,84.24315109444959,-26.916578971472095,118.9271746805351,12.5,684,33.15276366953708,39.74196265840442,-15.915424985221138,105.63381073359064,-39.904214478329024,250.3028608897246,19.298245614035086,0.9977023403996057
fixed_economic_scale,sector_BusEq,1,nominal_cumulative_pct,8,0.6421925082607693,-7.123069288587436,-47.842904885117306,23.218045664470484,-60.48707148683376,32.71556643967892,50.0,686,13.256238932000976,13.873624619712285,-18.195242345835695,45.003800573887574,-63.43139899052528,104.96270113922219,25.218658892128282,-12.614046423740206
fixed_economic_scale,sector_BusEq,1,real_cumulative_pct,8,-3.8573481020873546,-10.23796060871221,-48.62468211189047,20.661169125287188,-61.63139820697656,31.244999510753637,62.5,686,9.051208868043203,9.715340457029354,-22.558732557633903,40.89867027794407,-64.35536701153953,100.0139035262027,31.341107871720116,-12.908556970130558
fixed_economic_scale,sector_BusEq,3,nominal_cumulative_pct,8,8.856363921751008,26.33457823893642,-35.602034621266725,115.17501300600054,-75.63646929946735,133.54289778837963,25.0,686,39.90799914792205,45.22795274671314,-16.404183091800967,112.06278148748424,-75.63646929946735,337.9282078682145,17.49271137026239,-31.05163522617104
fixed_economic_scale,sector_BusEq,3,real_cumulative_pct,8,-0.5656230017455854,15.323637039846712,-44.43423071281802,101.14280693839903,-77.34549347585055,114.85357956586913,50.0,686,22.433972030595015,30.1914156267738,-27.484186827302807,95.67259987204068,-77.34549347585055,309.2451907446823,29.008746355685133,-22.9995950323406
fixed_economic_scale,sector_BusEq,5,nominal_cumulative_pct,8,42.4006446475087,76.0047349533023,-13.385333412148444,197.1973315515485,-64.95945656807622,289.4739578610446,12.5,685,63.461898363469274,86.8363474243945,-9.253088487637646,196.419367269579,-64.95945656807622,605.2143516892733,14.744525547445257,-21.061253715960575
fixed_economic_scale,sector_BusEq,5,real_cumulative_pct,8,22.594891733624966,51.02524047128767,-35.808794161586924,172.31739815135168,-68.96979323221665,246.51552618959488,37.5,684,31.384880744273968,56.18911468755794,-30.059449206859174,156.7430887560593,-68.96979323221665,525.9814451171254,27.485380116959064,-8.789989010649002
fixed_economic_scale,sector_Telcm,1,nominal_cumulative_pct,8,2.065483113842509,0.8699980335556949,-38.28980919621557,33.115953291423345,-41.80587342269855,51.71439433700598,50.0,686,10.217850975402953,10.931091462950507,-12.027869431445742,35.91483275920826,-46.05562820251974,73.73133499713337,25.65597667638484,-8.152367861560444
fixed_economic_scale,sector_Telcm,1,real_cumulative_pct,8,-1.6063056967291263,-2.7335086655403504,-39.27685356667122,30.120810081706484,-43.49122291471579,44.966176638139935,50.0,686,6.255774718383044,6.805272463378966,-17.082238030730945,32.53912422186298,-46.83482468403889,71.37202057124638,35.56851311953353,-7.862080415112171
fixed_economic_scale,sector_Telcm,3,nominal_cumulative_pct,8,27.759853724255976,15.025190680083,-24.832247251615026,45.34814790320327,-69.1835724776732,52.28363641869866,25.0,686,32.73564955103056,37.272003322749036,-17.037883458677967,94.30077430207385,-69.1835724776732,192.3070982215064,19.533527696793,-4.975795826774586
fixed_economic_scale,sector_Telcm,3,real_cumulative_pct,8,8.596539561149857,3.817922150614521,-28.10937678003964,36.02431753004523,-71.34524683894571,43.441839087524414,50.0,686,19.33278858981151,22.552779253636807,-24.59138415195536,77.10641240785964,-71.34524683894571,173.16183798711532,33.819241982507286,-10.736249028661653
fixed_economic_scale,sector_Telcm,5,nominal_cumulative_pct,8,48.81638659139333,52.074663112353,-8.579519838644389,126.8787543615793,-58.36186582348445,142.7009513460851,12.5,685,61.27630426258499,70.50472625931313,-7.167246683569832,182.78580995023574,-58.36186582348445,297.56947606573345,14.306569343065693,-12.459917671191661
fixed_economic_scale,sector_Telcm,5,real_cumulative_pct,8,18.518434710336773,27.990826577951754,-23.67144514037549,91.7276103407888,-63.12728666916541,115.93137657847916,25.0,684,25.765027406749063,41.18262580744425,-24.16021207226739,138.68820149998325,-63.12728666916541,253.5259381366504,30.409356725146196,-7.246592696412289
fixed_economic_scale,sector_Utils,1,nominal_cumulative_pct,8,13.21546094143884,6.45577841733313,-25.460747920405638,31.128080900459818,-26.072985856240038,39.458244564330556,37.5,686,11.41744708416459,10.42213778089541,-8.582225306717895,28.255388095975654,-36.66088963106794,51.010529828454466,22.448979591836736,1.7980138572742508
fixed_economic_scale,sector_Utils,1,real_cumulative_pct,8,10.068367772458863,2.8887915111066635,-28.543771935117032,25.94480993246863,-32.43226366781676,35.41941976434144,37.5,686,7.129343959861856,6.280397147303121,-11.711620897528675,24.342085228934007,-43.42039943328597,47.77783258907811,33.09037900874635,2.939023812597007
fixed_economic_scale,sector_Utils,3,nominal_cumulative_pct,8,17.223521641427574,18.037550621254372,-4.827450246345505,39.775368103381325,-12.76629934565332,56.52081322691862,25.0,686,31.95050661735631,33.98827680857877,-3.1574537639147193,75.1984245024247,-30.130680898444297,127.25823602341077,13.411078717201166,-14.726984975928737
fixed_economic_scale,sector_Utils,3,real_cumulative_pct,8,5.794091038041343,6.7000978469988794,-15.68951794259647,28.42292359321208,-16.244683074099342,36.643351460074804,50.0,686,17.90116443586345,19.494383092591942,-13.50278744782754,58.898420310690824,-43.554001412471834,99.23747647694184,27.55102040816326,-12.107073397822106
fixed_economic_scale,sector_Utils,5,nominal_cumulative_pct,8,48.06651664265985,52.10394036937561,21.647946261723526,81.46168269923618,12.622786060318592,97.86124855288605,0.0,685,58.572493631733536,63.872560820139455,12.151743846337668,121.89622881704386,-24.326751152733085,217.48571268941203,4.671532846715328,-10.505976989073687
fixed_economic_scale,sector_Utils,5,real_cumulative_pct,8,30.113892623808226,28.370038956937364,-0.47567992974874107,57.54515876978748,-2.5485609488370087,63.03224795145337,12.5,684,33.17065630265399,35.45085505837233,-10.290392826047063,82.92186369974227,-44.04122480031765,168.5203186287252,18.27485380116959,-3.056763678845762
fixed_economic_scale,sector_Shops,1,nominal_cumulative_pct,8,4.370448918145536,4.5648831067045155,-17.589397850123984,26.076642582490248,-27.65104408461827,27.720191667126247,50.0,686,12.762472790393854,13.321289328267339,-10.78460522046825,37.67727492262984,-47.883437455960106,106.5029189211387,24.198250728862973,-8.392023872248318
fixed_economic_scale,sector_Shops,1,real_cumulative_pct,8,2.121888641564029,0.9412091955427024,-23.696270859169182,22.580890514204015,-28.43816520779162,23.983065601878153,50.0,686,8.913809905718772,9.1585908666194,-15.00902774649478,33.06945301772433,-53.4452840515691,101.51693295121179,30.32069970845481,-6.791921264154743
fixed_economic_scale,sector_Shops,3,nominal_cumulative_pct,8,28.57017697254134,30.309882334679124,-7.882187044911928,71.40108015875883,-24.939042586265835,83.26929143649704,25.0,686,41.164789023395016,44.144694995513895,-0.7876450001848168,89.6946776832577,-53.07399181359589,206.56267433710212,10.204081632653061,-12.594612050853677
fixed_economic_scale,sector_Shops,3,real_cumulative_pct,8,14.062915508702368,18.392827398451793,-24.88720006336198,53.51238700277733,-30.204329974178677,72.6284243675357,25.0,686,26.303759136654794,28.856501240154277,-14.937764744440646,75.93216758870126,-62.838941494003684,151.0214610715745,20.262390670553938,-12.240843627952426
fixed_economic_scale,sector_Shops,5,nominal_cumulative_pct,8,82.49582752770348,73.57610013405079,9.672850191799888,118.66771080992851,7.162536250892226,130.4068621125588,0.0,685,80.93333843764943,84.43506289733529,7.574807614932882,164.71374457379764,-33.588890129762994,326.3300506564341,6.423357664233577,1.5624890900540578
fixed_economic_scale,sector_Shops,5,real_cumulative_pct,8,48.305608869348724,47.72167500676442,-9.46732966051129,90.83258752342086,-27.063017962571024,92.60537060479123,25.0,684,51.15502149241637,53.149647446580914,-15.201277100634945,119.9798621293855,-52.484569393399916,265.2652015729554,19.15204678362573,-2.849412623067643
fixed_economic_scale,sector_Hlth,1,nominal_cumulative_pct,8,9.763702097969261,10.940114225851675,-17.32169663116352,41.710739199884934,-25.64925075942317,45.865805336636825,25.0,686,13.062994692580586,13.39451461096907,-9.979042660497367,36.67905594148895,-43.60086579673419,63.4586169240557,23.760932944606413,-3.299292594611325
fixed_economic_scale,sector_Hlth,1,real_cumulative_pct,8,5.900079103855904,7.173063189136589,-23.402915279891133,38.67896206025815,-26.458150411264313,39.37773138997147,25.0,686,8.4669994660328,9.198847594059226,-14.2040581719229,31.95642518766236,-49.619745731470054,58.72754262813511,32.36151603498542,-2.5669203621768952
fixed_economic_scale,sector_Hlth,3,nominal_cumulative_pct,8,39.31013776744565,42.357118546565964,-14.91855057989165,117.23283974028406,-23.624358185050497,141.54612178901954,37.5,686,39.90280875807571,45.14967229317627,-6.980981210632537,103.97064615399844,-30.493573831955313,176.77159788325153,16.034985422740526,-0.5926709906300545
fixed_economic_scale,sector_Hlth,3,real_cumulative_pct,8,25.802026412418833,29.32126155727329,-24.357658785000734,96.44507888910022,-40.55158376460491,110.87081604658233,37.5,686,23.81352955060155,29.750834364054462,-15.712050441414306,85.34399160973527,-46.4062171854454,151.563295016145,24.198250728862973,1.988496861817282
fixed_economic_scale,sector_Hlth,5,nominal_cumulative_pct,8,78.19966602080885,83.73876427893849,-1.6836979961189895,161.38491963450554,-16.06130571738591,264.8333413276473,12.5,685,81.27835934743197,85.1346811737455,5.060163166898152,168.7047777369074,-32.7275968465155,329.3914555940276,7.591240875912408,-3.0786933266231244
fixed_economic_scale,sector_Hlth,5,real_cumulative_pct,8,44.64311538777517,57.48148173675417,-18.09635011383912,134.34803787064305,-42.86963288361615,224.59273512392758,25.0,684,46.4448617926064,54.25608441304148,-15.409635287463589,131.7815908188818,-53.92076112828563,283.273562608504,19.444444444444446,-1.8017464048312348
fixed_economic_scale,sector_Money,1,nominal_cumulative_pct,8,5.825137733373115,7.2054348594742645,-27.334359181550816,38.596890096728046,-52.559767049381826,53.28953395684772,50.0,686,12.789345262449581,13.051783582289543,-11.906343356343935,41.850240773354614,-61.829057075786295,79.86940216793954,26.676384839650147,-6.964207529076466
fixed_economic_scale,sector_Money,1,real_cumulative_pct,8,3.2808278188821265,3.41228901283545,-33.14018031241516,35.50389104338238,-53.07589349476369,46.40011670036017,50.0,686,8.667466574068994,8.848015997363415,-16.61678497377582,36.71178596521612,-61.832287263006336,76.08130111759233,31.924198250728864,-5.386638755186867
fixed_economic_scale,sector_Money,3,nominal_cumulative_pct,8,32.18172545286809,23.948647358277203,-17.477411716162138,58.84032512167519,-43.15090226000742,102.87850126305757,37.5,686,42.17742356788314,43.122599703298405,-7.835797287195994,95.38385356840531,-67.67742660439754,196.7068450579149,11.9533527696793,-9.995698115015045
fixed_economic_scale,sector_Money,3,real_cumulative_pct,8,14.806780881138693,12.324947196325368,-32.667177815450444,48.28104077190531,-45.417720875661026,86.6431076522143,37.5,686,23.45813768000321,27.795370660107363,-23.81533591610114,77.41250260897027,-69.69924950009107,177.6824850788625,17.784256559766764,-8.65135679886452
fixed_economic_scale,sector_Money,5,nominal_cumulative_pct,8,64.56792973122765,77.8020459861821,7.299459503663208,159.8010694158596,-34.00448963952546,215.49507780489293,12.5,685,79.25974742141939,82.05189867780416,-13.07490775938796,178.4318381147052,-61.40624490585955,264.2763284492372,15.328467153284672,-14.69181769019174
fixed_economic_scale,sector_Money,5,real_cumulative_pct,8,37.99918953810524,51.46055852325484,-22.39438853554568,138.3799365624236,-39.83066983493857,180.6964129159925,25.0,684,46.77544448431361,50.867564283617725,-36.88676401599403,137.652159780828,-66.12466055769248,216.57630107575403,20.175438596491226,-8.776254946208368
fixed_economic_scale,sector_Other,1,nominal_cumulative_pct,8,-2.254797636775241,0.2657354387463067,-23.89624311980827,26.55131810172984,-43.16154776282492,33.201420704303054,50.0,686,12.478372959846741,10.40932874681381,-17.1042479569903,33.75092674914725,-53.138174212935496,83.50602219707619,27.405247813411076,-14.733170596621981
fixed_economic_scale,sector_Other,1,real_cumulative_pct,8,-4.375054686733659,-3.2822504567166506,-29.21523432767833,23.81441023156714,-43.77992222031792,27.27665536717756,50.0,686,8.206146523650805,6.260085395612102,-22.069544773469335,28.09899142411324,-53.142139859554845,79.07529329090934,34.54810495626822,-12.581201210384464
fixed_economic_scale,sector_Other,3,nominal_cumulative_pct,8,18.161879054224485,10.36035080005757,-24.92737789082446,41.44342597216537,-38.52257591778461,53.85721843194777,37.5,686,34.57615783199283,31.439010349593932,-18.879204904400698,70.88226659518247,-51.901182642719526,140.3372311627737,18.80466472303207,-16.414278777768345
fixed_economic_scale,sector_Other,3,real_cumulative_pct,8,-1.257514592205344,0.037529876534940776,-32.15586204394447,31.25864103062321,-42.83502165275242,44.9240567652984,50.0,686,20.336309734602366,16.912105139240417,-28.033618095273233,52.26149810147989,-61.21676387001891,119.85154449951443,26.96793002915452,-21.59382432680771
fixed_economic_scale,sector_Other,5,nominal_cumulative_pct,8,41.50958792698657,39.06844436923002,-3.17358343705014,83.08670555757939,-7.745539767601873,87.48841868823709,25.0,685,58.33282340715211,57.59349762576823,-10.7100005968814,121.55824688375827,-50.455741775488384,243.99603130062553,18.54014598540146,-16.823235480165543
fixed_economic_scale,sector_Other,5,real_cumulative_pct,8,6.829884074573923,17.502052141008342,-14.834429283979462,57.01934321191876,-15.88989847031802,75.0217000187629,50.0,684,32.70979397303313,29.46928886382298,-29.9343535977587,83.14721239241874,-63.67407153894504,194.72419201942876,28.801169590643276,-25.879909898459207
fixed_economic_scale,Gold_spot_price,1,nominal_cumulative_pct,8,-3.697223652792725,4.7307842271860645,-11.673596673596682,29.941176470588175,-20.14742014742018,59.803921568627416,62.5,686,3.789077378336403,9.69527047933996,-14.634146341463422,35.01060832976748,-36.39191290824263,197.3568281938327,38.0466472303207,-7.486301031129128
fixed_economic_scale,Gold_spot_price,1,real_cumulative_pct,8,-5.118277217325557,0.4949838210815738,-13.80326687366001,21.619496598750413,-21.032233935815846,44.3496328572581,62.5,686,0.6467523019782262,5.307701905077213,-17.446493450936025,29.570274397681807,-42.57892902973598,161.14029142663514,48.8338192419825,-5.765029519303782
fixed_economic_scale,Gold_spot_price,3,nominal_cumulative_pct,8,12.47252747252745,13.698037558783653,-17.886977886977895,41.75481998220885,-26.289926289926314,69.97518610421831,25.0,686,11.759749948549057,36.08907546666717,-21.342977408354628,109.78000539726088,-40.39334341906202,411.3636363636363,32.94460641399417,0.7127775239783922
fixed_economic_scale,Gold_spot_price,3,real_cumulative_pct,8,-5.052022128202561,2.9467776847188105,-25.91657938306685,34.45174508017851,-27.6561354375087,63.197542634440374,62.5,686,0.6653675720859176,19.266604240081712,-29.30148035657608,76.67809785141753,-49.91385106740628,284.8339160839161,48.542274052478135,-5.717389700288479
fixed_economic_scale,Gold_spot_price,5,nominal_cumulative_pct,8,48.06280511940896,39.32417710706617,-19.187382569735526,92.09429280397009,-21.39037433155082,113.64764267990073,37.5,686,37.79122560816859,66.00814557271005,-24.992581602373917,184.9161280952726,-55.111111111111114,425.7142857142851,27.84256559766764,10.271579511240368
fixed_economic_scale,Gold_spot_price,5,real_cumulative_pct,8,18.413279730687982,16.489007639325628,-27.65731285531713,60.83595487561992,-30.06090586475575,94.7865162520668,37.5,685,15.047191603055188,33.120513202257946,-33.391849459473235,129.22487429819384,-66.87480290129298,281.87723644371,43.503649635036496,3.3660881276327945
full_sample_diagnostic,US_market_total,1,nominal_cumulative_pct,8,7.247259521371419,2.1663266959659353,-17.019766042346763,14.21663173163616,-25.74785022935626,14.406906659503482,25.0,686,13.521406481474685,11.806027073848304,-11.256337074729121,31.623531553835193,-42.56738570312244,67.01839752911872,22.011661807580175,-6.274146960103266
full_sample_diagnostic,US_market_total,1,real_cumulative_pct,8,3.4577845534499274,-2.3790754023628082,-23.217905473535254,9.49153513129264,-27.898253203974555,10.625807090386186,37.5,686,9.919799503823846,7.644383979700006,-15.350413546013714,27.387806574452377,-47.47162673676524,62.98576016423052,28.134110787172013,-6.462014950373918
full_sample_diagnostic,US_market_total,3,nominal_cumulative_pct,8,28.1382595528398,27.972973880361078,-11.488251714526509,71.16254309300011,-42.31665497183978,71.86784681101432,12.5,686,39.42749725699023,38.50607694270868,-8.791236612242637,76.2397845429562,-42.31665497183978,126.59746202205642,13.119533527696792,-11.28923770415043
full_sample_diagnostic,US_market_total,3,real_cumulative_pct,8,15.827130741093809,11.553988713774839,-25.955867063026666,52.84400458857284,-46.36295813042198,57.187141968274304,37.5,686,24.224149053728993,23.654714987686862,-19.268889668956362,59.470965356310735,-47.267862053933115,111.4736903146862,21.137026239067055,-8.397018312635185
full_sample_diagnostic,US_market_total,5,nominal_cumulative_pct,8,49.858693442692704,62.532419555696734,6.012685494165842,144.38449572924424,-14.310336004676428,158.32923295270837,12.5,685,74.21161945252142,73.12303340500311,2.2267400172379626,138.8156643372064,-27.168148082666978,247.37181741627364,8.75912408759124,-24.352926009828714
full_sample_diagnostic,US_market_total,5,real_cumulative_pct,8,22.115280933205575,32.565231091916814,-20.226482131949233,90.0627955944206,-24.117387140340085,129.8358806282476,25.0,684,42.883710994577285,43.51288277422388,-16.30137248641151,104.57691154340561,-46.599571025038436,201.27307838123892,23.538011695906434,-20.76843006137171
full_sample_diagnostic,T_bill_total,1,nominal_cumulative_pct,8,4.455840759298613,4.500447865899374,1.1271081160307395,7.8757540919036755,0.02000099999999172,8.363810225255698,0.0,686,4.802490107567403,4.542594980651732,0.07002100350033125,8.714480681511915,0.0,15.21787816152489,0.0,-0.34664934826879
full_sample_diagnostic,T_bill_total,1,real_cumulative_pct,8,-0.38235154137229443,-0.23071559644647077,-1.9987046412978415,1.5964196354768685,-2.182331399967663,2.846982145771171,50.0,686,0.4536164253041153,0.5551963896771782,-2.1323752953210984,3.6329214517993536,-8.147720826611415,6.987382759959071,40.816326530612244,-0.8359679666764097
full_sample_diagnostic,T_bill_total,3,nominal_cumulative_pct,8,14.058802940027004,14.947119170818912,3.2476447147527203,25.80225338996776,0.07002100350033125,34.794430646568195,0.0,686,15.25858492739808,14.489148515140354,0.4659687126856382,28.42329295786029,0.009999999999998899,42.83989872105547,0.0,-1.1997819873710753
full_sample_diagnostic,T_bill_total,3,real_cumulative_pct,8,0.5709769803319498,-0.15642481651716866,-5.01327122789503,3.7717888872050938,-5.0295902109324775,5.950622642558656,50.0,686,1.6150854832952644,1.6288062550295488,-5.783348919454195,9.14254868218145,-12.982384061814633,18.363688146493672,44.89795918367347,-1.0441085029633146
full_sample_diagnostic,T_bill_total,5,nominal_cumulative_pct,8,20.74038660944405,24.14301700890377,3.878730569004141,45.06493358967512,0.19016709013333077,67.9832080054135,0.0,685,26.518888664759,25.72375535026212,2.1270202354523264,50.182850293804854,0.11005501650327432,69.5420921181686,0.0,-5.778502055314949
full_sample_diagnostic,T_bill_total,5,real_cumulative_pct,8,0.9417565529078575,0.13619659538166884,-9.073991538634216,10.002964855071687,-12.723307263252936,13.171526099829167,37.5,684,1.3893595452089347,2.873833022116855,-7.945866443952608,15.586952149741478,-13.006016209684624,30.918498843768294,47.22222222222222,-0.44760299230107714
full_sample_diagnostic,sector_NoDur,1,nominal_cumulative_pct,8,6.1614183090514585,7.433635756018542,-3.565098238210501,20.73045968973661,-16.97948005202128,24.403445408145252,12.5,686,13.270361076374781,13.236557303549727,-7.313946140478489,35.43915508667162,-45.30344304010855,63.4335521685101,19.97084548104956,-7.108942767323323
full_sample_diagnostic,sector_NoDur,1,real_cumulative_pct,8,0.6253446527213491,2.80726867289848,-9.228330880754552,16.63750467977716,-24.57387272917525,18.812279322385915,50.0,686,8.745422150713667,9.02188058286274,-10.612221933194071,30.35982382585761,-51.1406250081602,60.5951266738102,28.425655976676385,-8.120077497992318
full_sample_diagnostic,sector_NoDur,3,nominal_cumulative_pct,8,23.808048420356975,31.588132215981798,6.4756186864016545,62.990832588764164,4.753925526285552,71.70641077424132,0.0,686,37.14897036734472,44.53087778818079,5.517079454754281,99.45715240342035,-43.427141811438354,193.01296132353616,5.97667638483965,-13.340921946987741
full_sample_diagnostic,sector_NoDur,3,real_cumulative_pct,8,9.006610718955688,15.01209571350613,-5.2188127568696405,47.390544117022586,-18.400239830683084,57.96557008846401,12.5,686,21.337295871311767,28.960990973125465,-5.086818362875229,76.03800321100667,-54.38394043293844,168.03733983989554,16.909620991253643,-12.330685152356079
full_sample_diagnostic,sector_NoDur,5,nominal_cumulative_pct,8,59.48493902241374,79.66354671040723,32.077578179279556,154.8801769694108,20.94393392141938,167.80004031448223,0.0,685,63.718331381158386,85.22473281211629,15.875891703588964,175.5622443684933,-29.850822026190883,382.31229869895884,4.233576642335766,-4.233392358744645
full_sample_diagnostic,sector_NoDur,5,real_cumulative_pct,8,34.52622155786658,46.9304103757633,4.091347172547229,100.98867122082157,-17.288733765789864,121.84089903159796,12.5,684,36.497028024323825,53.28007507307602,-5.723596610909478,126.28300961086116,-48.5665118018119,313.2289026638707,12.719298245614036,-1.9708064664572476
full_sample_diagnostic,sector_Durbl,1,nominal_cumulative_pct,8,-11.993880204782041,-8.0365889224055,-18.013410256607674,4.370925142869264,-19.64496786355975,7.086760482083343,62.5,686,8.52422933134681,13.335872058769,-17.19441486232158,46.585326876724174,-65.12117332251165,260.8320136460717,33.09037900874635,-20.51810953612885
full_sample_diagnostic,sector_Durbl,1,real_cumulative_pct,8,-14.388693554923536,-12.200959352102862,-21.027568801995326,-1.0893532307325757,-26.99553213383702,2.2738723705290287,87.5,686,4.639783445405499,9.19632188509256,-20.233142206174236,41.81876972262223,-65.12412491688036,251.45580954828674,42.565597667638485,-19.028477000329033
full_sample_diagnostic,sector_Durbl,3,nominal_cumulative_pct,8,17.727169117687268,21.573420533511758,-14.59171367115993,63.75322678663145,-32.21651007508226,78.12686691508743,25.0,686,25.365421127915223,39.4218321667037,-15.979960835645585,105.06839428109669,-65.55179402997071,391.5347987684198,18.075801749271136,-7.638252010227955
full_sample_diagnostic,sector_Durbl,3,real_cumulative_pct,8,-6.456960797781686,6.662982517551883,-22.22158509516446,55.32063130578358,-36.97130626883669,68.75724276676061,62.5,686,12.12327761889731,24.622705010045294,-24.88216614901347,85.46524168894547,-67.7065782636805,342.3926951887951,34.11078717201166,-18.580238416678995
full_sample_diagnostic,sector_Durbl,5,nominal_cumulative_pct,8,49.974615721037054,61.69803851270793,0.7313152319416405,132.40475696314692,-5.950009314853554,162.38575423186506,12.5,685,54.405243732534544,72.06364492436701,-7.294004676256258,174.0059036607901,-68.54218628655377,418.65460296334726,14.16058394160584,-4.43062801149749
full_sample_diagnostic,sector_Durbl,5,real_cumulative_pct,8,27.40282140951953,31.32300341121877,-16.136992215111817,84.23906324135386,-16.444432783068198,117.1464060347171,37.5,684,26.340975733679883,42.6718616523057,-27.821258126299707,126.22504551393524,-72.38817225593941,360.17272593698993,31.871345029239766,1.0618456758396455
full_sample_diagnostic,sector_Manuf,1,nominal_cumulative_pct,8,0.09382237175459274,4.103994548238417,-7.507652519956935,18.082995708035657,-7.760884019483861,23.887953740347378,50.0,686,13.647455521598905,12.453743495617513,-10.597553316637892,34.5955342974913,-54.53872076788959,84.18216355044908,25.801749271137027,-13.553633149844313
full_sample_diagnostic,sector_Manuf,1,real_cumulative_pct,8,-1.8899079013096343,-0.5884946054184588,-12.063510231955286,10.495024170658988,-15.8698908710034,19.79350960070645,50.0,686,9.489025901382176,8.279513230270473,-15.670570758803386,30.19849350768815,-54.54256789431435,80.30323451198342,31.195335276967928,-11.37893380269181
full_sample_diagnostic,sector_Manuf,3,nominal_cumulative_pct,8,30.0757292584907,31.072197486450484,-12.69506445152717,77.652488655488,-22.54921464164018,78.96869097480696,25.0,686,39.87694762022463,38.56956397531682,-3.703482357823634,72.09812805380815,-43.43175826187702,154.80669428903343,11.807580174927114,-9.801218361733927
full_sample_diagnostic,sector_Manuf,3,real_cumulative_pct,8,15.161643487833276,14.087746725198514,-23.661732759986087,51.92176998252695,-27.98214085764258,64.64668482874494,37.5,686,25.182777626557005,23.875347970783956,-15.94120583417551,58.292364842415665,-46.970182165056194,137.37088985082426,22.157434402332363,-10.02113413872373
full_sample_diagnostic,sector_Manuf,5,nominal_cumulative_pct,8,35.509033231247685,56.12343122154662,23.428878554135366,112.66136684353346,13.189548912017512,126.93942934223115,0.0,685,69.64242771461444,71.97136583124806,14.954082448154374,135.5729566906964,-25.54331879127042,272.80523303049,5.109489051094891,-34.13339448336676
full_sample_diagnostic,sector_Manuf,5,real_cumulative_pct,8,18.328528951615475,28.170422864451034,-5.199932146960108,72.38185747198312,-22.591810837947325,101.90832836054695,12.5,684,37.242018112056556,43.19610294192641,-10.873465601692574,108.08762754452059,-45.45689231348936,236.65271513434845,17.83625730994152,-18.91348916044108
full_sample_diagnostic,sector_Enrgy,1,nominal_cumulative_pct,8,7.465529549307448,9.34243280999804,-7.340875671772347,24.6770484130191,-8.663898424412086,27.518229052305742,25.0,686,13.034075153478286,12.643641575992046,-14.735910208453767,40.526572145413056,-54.39154298894441,125.29233704316654,26.82215743440233,-5.568545604170838
full_sample_diagnostic,sector_Enrgy,1,real_cumulative_pct,8,4.596339047489739,4.385183524132832,-10.759511026109923,16.619272776196212,-17.018968007210145,17.910662508392083,25.0,686,9.111987383947017,8.228225157668469,-19.593888122071654,33.6894667989895,-55.06292090934382,112.06970127188596,32.50728862973761,-4.515648336457279
full_sample_diagnostic,sector_Enrgy,3,nominal_cumulative_pct,8,24.422089028473227,34.04317030282202,-17.037604864618242,88.51113566803221,-52.57651156287331,133.43046656568825,25.0,686,35.85246306546964,41.81282963323989,-7.492477391288732,102.85998377685536,-52.59565144343624,267.7794513212249,15.889212827988338,-11.430374036996415
full_sample_diagnostic,sector_Enrgy,3,real_cumulative_pct,8,8.200559076289421,14.884613957568144,-22.607525620639436,58.320024350146056,-55.07102724236492,67.40972854710976,50.0,686,21.44672694948738,25.484846718029065,-16.623007077180713,75.97603427810765,-55.20102071421811,211.19109206434774,27.259475218658892,-13.24616787319796
full_sample_diagnostic,sector_Enrgy,5,nominal_cumulative_pct,8,58.83967088550746,65.42990908241117,25.77270342235913,112.03875390626864,-3.0133250918210064,134.05652371804626,12.5,685,64.59729496939252,75.213599829403,5.157111929433062,151.84948846023218,-54.45604937775255,340.6432097335082,7.445255474452554,-5.757624083885062
full_sample_diagnostic,sector_Enrgy,5,real_cumulative_pct,8,34.68559144874442,34.013997295729894,-6.035346258564611,74.81605358416274,-8.953683695907122,80.25578768577348,25.0,684,34.504448388939615,42.982603950469446,-8.942819483188659,103.52263947365164,-58.35614589487026,222.05210723251284,18.27485380116959,0.18114305980480339
full_sample_diagnostic,sector_Chems,1,nominal_cumulative_pct,8,3.5822531831010362,2.322307773154171,-4.650444478269768,8.209919611111319,-8.48522422447452,11.6786741260972,37.5,686,11.362751641803026,11.337574127285313,-10.479042518473541,31.421430580517516,-40.52363706573975,61.95261292670962,23.323615160349853,-7.78049845870199
full_sample_diagnostic,sector_Chems,1,real_cumulative_pct,8,-2.3665158591398616,-2.197060686537371,-8.812697981677777,5.2093627126716875,-16.85663822473048,8.845703754407142,62.5,686,6.850736170429384,7.200848127245134,-14.630567661076928,26.958885116637678,-41.938107104629694,58.22023807970127,31.341107871720116,-9.217252029569245
full_sample_diagnostic,sector_Chems,3,nominal_cumulative_pct,8,31.832559367932177,35.62376803205095,7.278073706941056,65.06891741412862,2.866744004664268,88.18815646271085,0.0,686,36.26054775395204,36.53220804408961,0.7524700828010933,72.64754974758128,-22.129002275864384,169.6678905597499,9.329446064139942,-4.427988386019862
full_sample_diagnostic,sector_Chems,3,real_cumulative_pct,8,16.50856216772497,18.762136991122237,-9.181341656852274,50.08174381122909,-12.123887031191316,73.12836070293503,25.0,686,22.31813828140994,22.04382898423074,-13.269353533364143,56.92291540889234,-34.2439020108179,146.682138903954,26.82215743440233,-5.809576113684969
full_sample_diagnostic,sector_Chems,5,nominal_cumulative_pct,8,59.159153397369735,62.28423578332301,23.468194647994622,110.64155597282826,4.091052037218801,146.06814633613564,0.0,685,57.353747831145085,67.83295470084587,13.855476458077058,136.9388631264041,-12.091162024369895,308.866313530776,4.087591240875913,1.8054055662246498
full_sample_diagnostic,sector_Chems,5,real_cumulative_pct,8,26.731053908635992,33.83713410812406,0.7440826478341052,74.44908624450763,-28.81410056296616,118.9271746805351,12.5,684,33.15276366953708,39.74196265840442,-15.915424985221138,105.63381073359064,-39.904214478329024,250.3028608897246,19.298245614035086,-6.421709760901088
full_sample_diagnostic,sector_BusEq,1,nominal_cumulative_pct,8,9.855468554910052,-0.5655085392956098,-32.92368987054191,19.876074076870033,-60.48707148683376,21.575661147677415,37.5,686,13.256238932000976,13.873624619712285,-18.195242345835695,45.003800573887574,-63.43139899052528,104.96270113922219,25.218658892128282,-3.4007703770909234
full_sample_diagnostic,sector_BusEq,1,real_cumulative_pct,8,7.741403147798875,-5.001496677952188,-38.318520088918135,14.376807765901953,-61.63139820697656,16.12524181723014,37.5,686,9.051208868043203,9.715340457029354,-22.558732557633903,40.89867027794407,-64.35536701153953,100.0139035262027,31.341107871720116,-1.3098057202443272
full_sample_diagnostic,sector_BusEq,3,nominal_cumulative_pct,8,38.4595205064287,31.959021624888717,-35.602034621266725,97.97395828608185,-75.63646929946735,133.54289778837963,37.5,686,39.90799914792205,45.22795274671314,-16.404183091800967,112.06278148748424,-75.63646929946735,337.9282078682145,17.49271137026239,-1.4484786414933453
full_sample_diagnostic,sector_BusEq,3,real_cumulative_pct,8,11.747036637454011,15.968745756211284,-44.43423071281802,85.638931145934,-77.34549347585055,114.85357956586913,37.5,686,22.433972030595015,30.1914156267738,-27.484186827302807,95.67259987204068,-77.34549347585055,309.2451907446823,29.008746355685133,-10.686935393141004
full_sample_diagnostic,sector_BusEq,5,nominal_cumulative_pct,8,61.5189896943463,76.40243792608359,-13.385333412148444,191.4952644288443,-64.95945656807622,289.4739578610446,12.5,685,63.461898363469274,86.8363474243945,-9.253088487637646,196.419367269579,-64.95945656807622,605.2143516892733,14.744525547445257,-1.9429086691229713
full_sample_diagnostic,sector_BusEq,5,real_cumulative_pct,8,40.10839272623959,44.91746876040443,-37.889678178171245,128.32484902333732,-68.96979323221665,246.51552618959488,37.5,684,31.384880744273968,56.18911468755794,-30.059449206859174,156.7430887560593,-68.96979323221665,525.9814451171254,27.485380116959064,8.723511981965625
full_sample_diagnostic,sector_Telcm,1,nominal_cumulative_pct,8,5.251591419046808,0.08162756472717736,-17.6878281397801,15.252554256284961,-41.80587342269855,23.42708317250426,37.5,686,10.217850975402953,10.931091462950507,-12.027869431445742,35.91483275920826,-46.05562820251974,73.73133499713337,25.65597667638484,-4.966259556356145
full_sample_diagnostic,sector_Telcm,1,real_cumulative_pct,8,-1.4315273764976322,-4.332439795241092,-24.12601737621956,12.833032334041324,-43.49122291471579,21.701944143079754,50.0,686,6.255774718383044,6.805272463378966,-17.082238030730945,32.53912422186298,-46.83482468403889,71.37202057124638,35.56851311953353,-7.6873020948806765
full_sample_diagnostic,sector_Telcm,3,nominal_cumulative_pct,8,26.84637863646696,19.31935667982848,-13.981634591765395,46.15492463056836,-69.1835724776732,85.56783330734865,12.5,686,32.73564955103056,37.272003322749036,-17.037883458677967,94.30077430207385,-69.1835724776732,192.3070982215064,19.533527696793,-5.889270914563603
full_sample_diagnostic,sector_Telcm,3,real_cumulative_pct,8,2.961560718310985,4.274815716086433,-27.183283343353754,36.24080198534462,-71.34524683894571,76.11121688734157,37.5,686,19.33278858981151,22.552779253636807,-24.59138415195536,77.10641240785964,-71.34524683894571,173.16183798711532,33.819241982507286,-16.371227871500526
full_sample_diagnostic,sector_Telcm,5,nominal_cumulative_pct,8,50.51210243471118,54.08496362474583,-9.37495117107119,121.48083921138988,-58.36186582348445,142.7009513460851,12.5,685,61.27630426258499,70.50472625931313,-7.167246683569832,182.78580995023574,-58.36186582348445,297.56947606573345,14.306569343065693,-10.764201827873812
full_sample_diagnostic,sector_Telcm,5,real_cumulative_pct,8,10.844359980901398,25.330520774817074,-23.24844577682927,104.34401068640611,-63.12728666916541,115.93137657847916,37.5,684,25.765027406749063,41.18262580744425,-24.16021207226739,138.68820149998325,-63.12728666916541,253.5259381366504,30.409356725146196,-14.920667425847665
full_sample_diagnostic,sector_Utils,1,nominal_cumulative_pct,8,7.295713726144593,6.643897807761046,-13.350362579600304,24.43904825346715,-21.04402492314833,39.458244564330556,25.0,686,11.41744708416459,10.42213778089541,-8.582225306717895,28.255388095975654,-36.66088963106794,51.010529828454466,22.448979591836736,-4.121733358019997
full_sample_diagnostic,sector_Utils,1,real_cumulative_pct,8,2.3655004126646615,2.1294734833411963,-17.114326101043016,22.072879479401053,-28.266608921862403,35.41941976434144,50.0,686,7.129343959861856,6.280397147303121,-11.711620897528675,24.342085228934007,-43.42039943328597,47.77783258907811,33.09037900874635,-4.763843547197195
full_sample_diagnostic,sector_Utils,3,nominal_cumulative_pct,8,20.169260998538064,22.882104016849127,7.0127626230288485,46.37022847724126,-1.425086346642157,46.91378882298673,12.5,686,31.95050661735631,33.98827680857877,-3.1574537639147193,75.1984245024247,-30.130680898444297,127.25823602341077,13.411078717201166,-11.781245618818247
full_sample_diagnostic,sector_Utils,3,real_cumulative_pct,8,1.715229669677215,7.683130101013927,-9.984992643684063,34.37230409034202,-13.823768560457362,39.426999097917026,50.0,686,17.90116443586345,19.494383092591942,-13.50278744782754,58.898420310690824,-43.554001412471834,99.23747647694184,27.55102040816326,-16.185934766186236
full_sample_diagnostic,sector_Utils,5,nominal_cumulative_pct,8,54.87673512647528,55.640075721919416,28.657286273725152,80.23600939597505,25.51587206232564,92.48801259838149,0.0,685,58.572493631733536,63.872560820139455,12.151743846337668,121.89622881704386,-24.326751152733085,217.48571268941203,4.671532846715328,-3.6957585052582544
full_sample_diagnostic,sector_Utils,5,real_cumulative_pct,8,19.99555975497558,27.444180915692684,-0.4406167464547448,57.91571822271021,-2.4316836711903544,64.26744612786248,12.5,684,33.17065630265399,35.45085505837233,-10.290392826047063,82.92186369974227,-44.04122480031765,168.5203186287252,18.27485380116959,-13.175096547678407
full_sample_diagnostic,sector_Shops,1,nominal_cumulative_pct,8,7.13936446003337,6.42154084223834,-11.645871685595857,24.899729460918717,-16.208301974513063,27.720191667126247,37.5,686,12.762472790393854,13.321289328267339,-10.78460522046825,37.67727492262984,-47.883437455960106,106.5029189211387,24.198250728862973,-5.623108330360484
full_sample_diagnostic,sector_Shops,1,real_cumulative_pct,8,0.45467241441238215,1.870068843708598,-15.7761577725075,21.07242926187561,-23.873239008029536,21.97995833377224,50.0,686,8.913809905718772,9.1585908666194,-15.00902774649478,33.06945301772433,-53.4452840515691,101.51693295121179,30.32069970845481,-8.45913749130639
full_sample_diagnostic,sector_Shops,3,nominal_cumulative_pct,8,28.57017697254134,30.20834581769492,-5.267496170587132,68.0518814375635,-24.939042586265835,80.66273046747018,12.5,686,41.164789023395016,44.144694995513895,-0.7876450001848168,89.6946776832577,-53.07399181359589,206.56267433710212,10.204081632653061,-12.594612050853677
full_sample_diagnostic,sector_Shops,3,real_cumulative_pct,8,9.905137925587383,14.116629740452952,-22.808870014512294,59.3989767078984,-30.204329974178677,71.15971774734189,37.5,686,26.303759136654794,28.856501240154277,-14.937764744440646,75.93216758870126,-62.838941494003684,151.0214610715745,20.262390670553938,-16.39862121106741
full_sample_diagnostic,sector_Shops,5,nominal_cumulative_pct,8,90.06024462030646,81.45431652279505,8.564819622427159,142.11927911149508,3.4691010196497896,203.53701262742612,0.0,685,80.93333843764943,84.43506289733529,7.574807614932882,164.71374457379764,-33.588890129762994,326.3300506564341,6.423357664233577,9.126906182657038
full_sample_diagnostic,sector_Shops,5,real_cumulative_pct,8,54.624210709528924,47.18799399106069,-10.12025659775549,98.19515077686526,-29.239441086718365,102.57997037548976,25.0,684,51.15502149241637,53.149647446580914,-15.201277100634945,119.9798621293855,-52.484569393399916,265.2652015729554,19.15204678362573,3.4691892171125573
full_sample_diagnostic,sector_Hlth,1,nominal_cumulative_pct,8,9.560250498140011,7.72966848457369,1.3373919328696173,12.693116973550858,-12.733804522873115,18.37789175578419,12.5,686,13.062994692580586,13.39451461096907,-9.979042660497367,36.67905594148895,-43.60086579673419,63.4586169240557,23.760932944606413,-3.5027441944405755
full_sample_diagnostic,sector_Hlth,1,real_cumulative_pct,8,5.543473774844476,3.0779933359439253,-6.409910572746437,9.953086131285321,-20.71657500310925,16.723325221116326,25.0,686,8.4669994660328,9.198847594059226,-14.2040581719229,31.95642518766236,-49.619745731470054,58.72754262813511,32.36151603498542,-2.923525691188323
full_sample_diagnostic,sector_Hlth,3,nominal_cumulative_pct,8,29.872973074145,40.30455118876644,-14.003740463894532,96.96302668627582,-20.574991131726772,106.81286171939743,25.0,686,39.90280875807571,45.14967229317627,-6.980981210632537,103.97064615399844,-30.493573831955313,176.77159788325153,16.034985422740526,-10.029835683930706
full_sample_diagnostic,sector_Hlth,3,real_cumulative_pct,8,17.133577938648504,23.032416716069488,-23.631366075172522,85.12241549341344,-38.13060806517754,90.26262010732218,25.0,686,23.81352955060155,29.750834364054462,-15.712050441414306,85.34399160973527,-46.4062171854454,151.563295016145,24.198250728862973,-6.679951611953047
full_sample_diagnostic,sector_Hlth,5,nominal_cumulative_pct,8,79.77691468729287,92.68043037429106,-2.667784808427303,194.36987918798175,-19.341595091746953,264.8333413276473,12.5,685,81.27835934743197,85.1346811737455,5.060163166898152,168.7047777369074,-32.7275968465155,329.3914555940276,7.591240875912408,-1.5014446601391
full_sample_diagnostic,sector_Hlth,5,real_cumulative_pct,8,46.00112307195815,59.26510558419354,-18.68723351405635,157.62834793738799,-44.83924421767358,224.59273512392758,25.0,684,46.4448617926064,54.25608441304148,-15.409635287463589,131.7815908188818,-53.92076112828563,283.273562608504,19.444444444444446,-0.4437387206482555
full_sample_diagnostic,sector_Money,1,nominal_cumulative_pct,8,8.171838993695724,11.312469995538034,-3.627009891034714,28.874262176557018,-10.14292091370611,53.28953395684772,25.0,686,12.789345262449581,13.051783582289543,-11.906343356343935,41.850240773354614,-61.829057075786295,79.86940216793954,26.676384839650147,-4.617506268753857
full_sample_diagnostic,sector_Money,1,real_cumulative_pct,8,1.6310758163046613,6.387452675618233,-7.853825332788829,24.06804364392363,-18.362695299978306,46.40011670036017,37.5,686,8.667466574068994,8.848015997363415,-16.61678497377582,36.71178596521612,-61.832287263006336,76.08130111759233,31.924198250728864,-7.036390757764333
full_sample_diagnostic,sector_Money,3,nominal_cumulative_pct,8,17.19949839702599,32.686862443418015,-5.251484085273526,80.58507283876924,-7.506967559497846,102.87850126305757,37.5,686,42.17742356788314,43.122599703298405,-7.835797287195994,95.38385356840531,-67.67742660439754,196.7068450579149,11.9533527696793,-24.977925170857148
full_sample_diagnostic,sector_Money,3,real_cumulative_pct,8,4.940862316271533,15.924675134953159,-17.771880370259282,66.22198440578407,-27.95106029144484,86.6431076522143,50.0,686,23.45813768000321,27.795370660107363,-23.81533591610114,77.41250260897027,-69.69924950009107,177.6824850788625,17.784256559766764,-18.517275363731677
full_sample_diagnostic,sector_Money,5,nominal_cumulative_pct,8,67.18290693502136,80.10317818934519,5.780708565368709,179.9514136649094,-25.91135764322532,215.49507780489293,12.5,685,79.25974742141939,82.05189867780416,-13.07490775938796,178.4318381147052,-61.40624490585955,264.2763284492372,15.328467153284672,-12.076840486398027
full_sample_diagnostic,sector_Money,5,real_cumulative_pct,8,37.99918953810524,46.950784681757455,-23.11244976520809,105.4265080770904,-34.17842477861731,180.6964129159925,25.0,684,46.77544448431361,50.867564283617725,-36.88676401599403,137.652159780828,-66.12466055769248,216.57630107575403,20.175438596491226,-8.776254946208368
full_sample_diagnostic,sector_Other,1,nominal_cumulative_pct,8,2.6562476290562076,2.625134538659574,-15.21848651278631,19.73822085026996,-15.63968398708685,23.26063862062535,37.5,686,12.478372959846741,10.40932874681381,-17.1042479569903,33.75092674914725,-53.138174212935496,83.50602219707619,27.405247813411076,-9.822125330790534
full_sample_diagnostic,sector_Other,1,real_cumulative_pct,8,0.6895674851791989,-1.997301170764798,-19.500969635706188,12.324311187909256,-22.809967435047607,17.720834637675885,37.5,686,8.206146523650805,6.260085395612102,-22.069544773469335,28.09899142411324,-53.142139859554845,79.07529329090934,34.54810495626822,-7.5165790384716065
full_sample_diagnostic,sector_Other,3,nominal_cumulative_pct,8,22.013691160429172,25.387963921561433,-22.21421838754498,74.04335143522991,-38.52257591778461,120.50709446335088,25.0,686,34.57615783199283,31.439010349593932,-18.879204904400698,70.88226659518247,-51.901182642719526,140.3372311627737,18.80466472303207,-12.562466671563659
full_sample_diagnostic,sector_Other,3,real_cumulative_pct,8,13.000144312016149,8.092139373099682,-32.15586204394447,49.83547554220061,-42.83502165275242,58.14145158482742,37.5,686,20.336309734602366,16.912105139240417,-28.033618095273233,52.26149810147989,-61.21676387001891,119.85154449951443,26.96793002915452,-7.336165422586218
full_sample_diagnostic,sector_Other,5,nominal_cumulative_pct,8,30.502686265011192,47.80393658488168,0.23559301456767334,104.76503139089567,-1.214173581099398,179.0593436254365,12.5,685,58.33282340715211,57.59349762576823,-10.7100005968814,121.55824688375827,-50.455741775488384,243.99603130062553,18.54014598540146,-27.83013714214092
full_sample_diagnostic,sector_Other,5,real_cumulative_pct,8,1.4587865926330927,18.56430344257739,-14.609998719539533,67.77860069559603,-15.141796588851586,80.4847374257631,50.0,684,32.70979397303313,29.46928886382298,-29.9343535977587,83.14721239241874,-63.67407153894504,194.72419201942876,28.801169590643276,-31.251007380400036
full_sample_diagnostic,Gold_spot_price,1,nominal_cumulative_pct,8,9.908326967150472,20.252236006282267,-5.96727491258742,52.34729670329664,-8.041958041958042,89.01098901098902,25.0,686,3.789077378336403,9.69527047933996,-14.634146341463422,35.01060832976748,-36.39191290824263,197.3568281938327,38.0466472303207,6.119249588814069
full_sample_diagnostic,Gold_spot_price,1,real_cumulative_pct,8,5.973632090278446,14.157834841786332,-8.38180697308796,38.38587930846041,-10.705138132736082,71.72100249023327,37.5,686,0.6467523019782262,5.307701905077213,-17.446493450936025,29.570274397681807,-42.57892902973598,161.14029142663514,48.8338192419825,5.32687978830022
full_sample_diagnostic,Gold_spot_price,3,nominal_cumulative_pct,8,29.945054945054984,50.61567365029954,-4.248158258853479,141.15760368663578,-16.65607120152577,183.4285714285712,12.5,686,11.759749948549057,36.08907546666717,-21.342977408354628,109.78000539726088,-40.39334341906202,411.3636363636363,32.94460641399417,18.185304996505927
full_sample_diagnostic,Gold_spot_price,3,real_cumulative_pct,8,10.217986280744206,28.562275081295837,-13.054913671794274,102.22533661303244,-20.903313579347614,103.26695526695508,37.5,686,0.6653675720859176,19.266604240081712,-29.30148035657608,76.67809785141753,-49.91385106740628,284.8339160839161,48.542274052478135,9.552618708658288
full_sample_diagnostic,Gold_spot_price,5,nominal_cumulative_pct,8,67.30269730269728,65.54996478422386,-16.919337347144793,150.13548387096762,-21.39037433155082,156.4516129032258,25.0,686,37.79122560816859,66.00814557271005,-24.992581602373917,184.9161280952726,-55.111111111111114,425.7142857142851,27.84256559766764,29.511471694528694
full_sample_diagnostic,Gold_spot_price,5,real_cumulative_pct,8,32.94824271221239,32.170144978858815,-23.164689369606325,80.36978464656788,-30.06090586475575,127.8358543549567,25.0,685,15.047191603055188,33.120513202257946,-33.391849459473235,129.22487429819384,-66.87480290129298,281.87723644371,43.503649635036496,17.9010511091572
omit_valuation_sensitivity,US_market_total,1,nominal_cumulative_pct,8,7.247259521371419,7.662917950539711,-7.427903986933364,24.29673905313452,-25.74785022935626,29.262512909940597,12.5,686,13.521406481474685,11.806027073848304,-11.256337074729121,31.623531553835193,-42.56738570312244,67.01839752911872,22.011661807580175,-6.274146960103266
omit_valuation_sensitivity,US_market_total,1,real_cumulative_pct,8,5.19344647306691,3.4273374115243653,-9.856245934800294,14.491949720377201,-27.898253203974555,23.512949190356245,25.0,686,9.919799503823846,7.644383979700006,-15.350413546013714,27.387806574452377,-47.47162673676524,62.98576016423052,28.134110787172013,-4.726353030756936
omit_valuation_sensitivity,US_market_total,3,nominal_cumulative_pct,8,43.16454689659292,36.670564935989724,1.177413016269405,67.72234064430982,-42.31665497183978,70.86027007099402,12.5,686,39.42749725699023,38.50607694270868,-8.791236612242637,76.2397845429562,-42.31665497183978,126.59746202205642,13.119533527696792,3.737049639602688
omit_valuation_sensitivity,US_market_total,3,real_cumulative_pct,8,26.497795713259997,21.72041494942199,-8.03203557843781,52.84400458857284,-46.36295813042198,57.187141968274304,12.5,686,24.224149053728993,23.654714987686862,-19.268889668956362,59.470965356310735,-47.267862053933115,111.4736903146862,21.137026239067055,2.2736466595310034
omit_valuation_sensitivity,US_market_total,5,nominal_cumulative_pct,8,72.93445444974023,73.08888655894754,6.012685494165842,147.83653369339427,-14.310336004676428,158.32923295270837,12.5,685,74.21161945252142,73.12303340500311,2.2267400172379626,138.8156643372064,-27.168148082666978,247.37181741627364,8.75912408759124,-1.2771650027811887
omit_valuation_sensitivity,US_market_total,5,real_cumulative_pct,8,48.087147275377305,44.61409844673913,-5.890227420187314,90.0627955944206,-24.117387140340085,129.8358806282476,12.5,684,42.883710994577285,43.51288277422388,-16.30137248641151,104.57691154340561,-46.599571025038436,201.27307838123892,23.538011695906434,5.20343628080002
omit_valuation_sensitivity,T_bill_total,1,nominal_cumulative_pct,8,3.7115663248492137,4.634835614607669,1.1271081160307395,8.936850369367102,0.02000099999999172,10.197458534086156,0.0,686,4.802490107567403,4.542594980651732,0.07002100350033125,8.714480681511915,0.0,15.21787816152489,0.0,-1.090923782718189
omit_valuation_sensitivity,T_bill_total,1,real_cumulative_pct,8,0.582280155450754,0.6381893111621406,-1.6027614104126986,3.0654285922691105,-2.1272572230155884,3.5751369674309696,37.5,686,0.4536164253041153,0.5551963896771782,-2.1323752953210984,3.6329214517993536,-8.147720826611415,6.987382759959071,40.816326530612244,0.12866373014663868
omit_valuation_sensitivity,T_bill_total,3,nominal_cumulative_pct,8,13.046966383566827,15.127051250081415,3.2476447147527203,28.832057218778164,0.07002100350033125,40.76010150517193,0.0,686,15.25858492739808,14.489148515140354,0.4659687126856382,28.42329295786029,0.009999999999998899,42.83989872105547,0.0,-2.2116185438312517
omit_valuation_sensitivity,T_bill_total,3,real_cumulative_pct,8,2.5105695808055772,2.4289239915864598,-2.1340218839888703,6.567875472735356,-5.0295902109324775,8.00813207648099,25.0,686,1.6150854832952644,1.6288062550295488,-5.783348919454195,9.14254868218145,-12.982384061814633,18.363688146493672,44.89795918367347,0.8954840975103129
omit_valuation_sensitivity,T_bill_total,5,nominal_cumulative_pct,8,19.840811527641012,23.416552616669577,3.878730569004141,43.22775453150548,0.19016709013333077,69.5088978788548,0.0,685,26.518888664759,25.72375535026212,2.1270202354523264,50.182850293804854,0.11005501650327432,69.5420921181686,0.0,-6.678077137117988
omit_valuation_sensitivity,T_bill_total,5,real_cumulative_pct,8,3.616795016221719,3.000018550068108,-7.979474226545774,13.172147221876555,-12.723307263252936,13.173596506653794,25.0,684,1.3893595452089347,2.873833022116855,-7.945866443952608,15.586952149741478,-13.006016209684624,30.918498843768294,47.22222222222222,2.227435471012784
omit_valuation_sensitivity,sector_NoDur,1,nominal_cumulative_pct,8,11.059387335151161,13.15904321980911,2.4381689718152555,25.00859072485359,2.183922539136973,38.66388219186854,0.0,686,13.270361076374781,13.236557303549727,-7.313946140478489,35.43915508667162,-45.30344304010855,63.4335521685101,19.97084548104956,-2.2109737412236203
omit_valuation_sensitivity,sector_NoDur,1,real_cumulative_pct,8,4.136126570369947,8.861558301923644,-0.12812369313151994,20.742665269912333,-0.30061842238381375,32.49614795616984,25.0,686,8.745422150713667,9.02188058286274,-10.612221933194071,30.35982382585761,-51.1406250081602,60.5951266738102,28.425655976676385,-4.60929558034372
omit_valuation_sensitivity,sector_NoDur,3,nominal_cumulative_pct,8,44.56020101426003,45.244511772225124,10.305128676063187,76.44131791642909,7.213487183594269,87.48943458153389,0.0,686,37.14897036734472,44.53087778818079,5.517079454754281,99.45715240342035,-43.427141811438354,193.01296132353616,5.97667638483965,7.411230646915314
omit_valuation_sensitivity,sector_NoDur,3,real_cumulative_pct,8,23.633439741548546,29.34987578433914,3.1319242257192736,59.679626885201706,1.5739669026890724,63.67909274425634,0.0,686,21.337295871311767,28.960990973125465,-5.086818362875229,76.03800321100667,-54.38394043293844,168.03733983989554,16.909620991253643,2.2961438702367793
omit_valuation_sensitivity,sector_NoDur,5,nominal_cumulative_pct,8,83.39174591875684,92.30559921541342,38.228578008776665,159.86221551513302,36.84914000407677,184.40683546688962,0.0,685,63.718331381158386,85.22473281211629,15.875891703588964,175.5622443684933,-29.850822026190883,382.31229869895884,4.233576642335766,19.673414537598454
omit_valuation_sensitivity,sector_NoDur,5,real_cumulative_pct,8,60.949610893661685,60.65556432942662,20.06402692837631,100.98867122082157,13.254239003263123,121.84089903159796,0.0,684,36.497028024323825,53.28007507307602,-5.723596610909478,126.28300961086116,-48.5665118018119,313.2289026638707,12.719298245614036,24.45258286933786
omit_valuation_sensitivity,sector_Durbl,1,nominal_cumulative_pct,8,-4.423349174296053,-4.045041678727653,-15.302427847983667,8.321884893028155,-17.31417128219964,10.127288559131475,50.0,686,8.52422933134681,13.335872058769,-17.19441486232158,46.585326876724174,-65.12117332251165,260.8320136460717,33.09037900874635,-12.947578505642863
omit_valuation_sensitivity,sector_Durbl,1,real_cumulative_pct,8,-8.372169045627349,-7.795607834872168,-17.105371401375198,2.6200186298416432,-18.46987023120603,8.174429737310284,75.0,686,4.639783445405499,9.19632188509256,-20.233142206174236,41.81876972262223,-65.12412491688036,251.45580954828674,42.565597667638485,-13.011952491032847
omit_valuation_sensitivity,sector_Durbl,3,nominal_cumulative_pct,8,22.827426282189855,19.385340404513524,-17.396938088107373,63.75322678663145,-32.21651007508226,78.12686691508743,37.5,686,25.365421127915223,39.4218321667037,-15.979960835645585,105.06839428109669,-65.55179402997071,391.5347987684198,18.075801749271136,-2.5379948457253683
omit_valuation_sensitivity,sector_Durbl,3,real_cumulative_pct,8,1.2466431560313964,7.426799423493903,-26.731143719472485,55.32063130578358,-36.97130626883669,68.75724276676061,50.0,686,12.12327761889731,24.622705010045294,-24.88216614901347,85.46524168894547,-67.7065782636805,342.3926951887951,34.11078717201166,-10.876634462865914
omit_valuation_sensitivity,sector_Durbl,5,nominal_cumulative_pct,8,70.38161255234238,70.86430018389763,0.7313152319416405,160.14359085660308,-5.950009314853554,162.38575423186506,12.5,685,54.405243732534544,72.06364492436701,-7.294004676256258,174.0059036607901,-68.54218628655377,418.65460296334726,14.16058394160584,15.976368819807831
omit_valuation_sensitivity,sector_Durbl,5,real_cumulative_pct,8,49.5113365477217,41.5224704439879,-10.716393623040563,86.27528540710594,-16.444432783068198,117.1464060347171,37.5,684,26.340975733679883,42.6718616523057,-27.821258126299707,126.22504551393524,-72.38817225593941,360.17272593698993,31.871345029239766,23.170360814041814
omit_valuation_sensitivity,sector_Manuf,1,nominal_cumulative_pct,8,6.504301422054826,7.88239923088792,-4.568952777882208,23.48864403538679,-7.760884019483861,23.887953740347378,37.5,686,13.647455521598905,12.453743495617513,-10.597553316637892,34.5955342974913,-54.53872076788959,84.18216355044908,25.801749271137027,-7.14315409954408
omit_valuation_sensitivity,sector_Manuf,1,real_cumulative_pct,8,1.6753712359761086,3.690560051237993,-7.017876000802028,18.420718702037924,-10.432204243791809,19.79350960070645,37.5,686,9.489025901382176,8.279513230270473,-15.670570758803386,30.19849350768815,-54.54256789431435,80.30323451198342,31.195335276967928,-7.813654665406068
omit_valuation_sensitivity,sector_Manuf,3,nominal_cumulative_pct,8,48.29574294754572,39.25691194454245,-0.42487600946354753,67.72566800413578,-22.54921464164018,78.96869097480696,12.5,686,39.87694762022463,38.56956397531682,-3.703482357823634,72.09812805380815,-43.43175826187702,154.80669428903343,11.807580174927114,8.418795327321092
omit_valuation_sensitivity,sector_Manuf,3,real_cumulative_pct,8,25.052938541119516,24.48954951628633,-6.070296695298506,55.30321452876537,-27.98214085764258,64.64668482874494,12.5,686,25.182777626557005,23.875347970783956,-15.94120583417551,58.292364842415665,-46.970182165056194,137.37088985082426,22.157434402332363,-0.12983908543748868
omit_valuation_sensitivity,sector_Manuf,5,nominal_cumulative_pct,8,64.33268274165741,70.7359006884545,33.4350816873777,118.78487693208986,33.331885460539866,126.93942934223115,0.0,685,69.64242771461444,71.97136583124806,14.954082448154374,135.5729566906964,-25.54331879127042,272.80523303049,5.109489051094891,-5.309744972957034
omit_valuation_sensitivity,sector_Manuf,5,real_cumulative_pct,8,38.67924180228269,43.32007348665613,16.88945080313595,72.38185747198312,13.82495607922769,101.90832836054695,0.0,684,37.242018112056556,43.19610294192641,-10.873465601692574,108.08762754452059,-45.45689231348936,236.65271513434845,17.83625730994152,1.4372236902261335
omit_valuation_sensitivity,sector_Enrgy,1,nominal_cumulative_pct,8,7.465529549307448,15.727320258872075,-0.7849542990284961,40.235743255260836,-6.773865920641031,59.7300802953072,12.5,686,13.034075153478286,12.643641575992046,-14.735910208453767,40.526572145413056,-54.39154298894441,125.29233704316654,26.82215743440233,-5.568545604170838
omit_valuation_sensitivity,sector_Enrgy,1,real_cumulative_pct,8,4.596339047489739,10.828813832582515,-2.4392688347117337,30.770154514641597,-8.0768866056384,41.86553184122679,25.0,686,9.111987383947017,8.228225157668469,-19.593888122071654,33.6894667989895,-55.06292090934382,112.06970127188596,32.50728862973761,-4.515648336457279
omit_valuation_sensitivity,sector_Enrgy,3,nominal_cumulative_pct,8,37.9159431076915,39.35716090054017,-17.037604864618242,88.20859300805857,-52.57651156287331,132.4219910324428,25.0,686,35.85246306546964,41.81282963323989,-7.492477391288732,102.85998377685536,-52.59565144343624,267.7794513212249,15.889212827988338,2.0634800422218547
omit_valuation_sensitivity,sector_Enrgy,3,real_cumulative_pct,8,25.396841036554473,22.109283976815295,-22.607525620639436,58.27349510804902,-55.07102724236492,67.254631073453,25.0,686,21.44672694948738,25.484846718029065,-16.623007077180713,75.97603427810765,-55.20102071421811,211.19109206434774,27.259475218658892,3.9501140870670923
omit_valuation_sensitivity,sector_Enrgy,5,nominal_cumulative_pct,8,75.80376286901887,69.41783593339431,25.29178597939622,111.97294870224354,-3.0133250918210064,133.8371730379626,12.5,685,64.59729496939252,75.213599829403,5.157111929433062,151.84948846023218,-54.45604937775255,340.6432097335082,7.445255474452554,11.206467899626347
omit_valuation_sensitivity,sector_Enrgy,5,real_cumulative_pct,8,45.177559034042986,41.10022210470967,8.400666749525602,74.81605358416274,-8.953683695907122,80.25578768577348,12.5,684,34.504448388939615,42.982603950469446,-8.942819483188659,103.52263947365164,-58.35614589487026,222.05210723251284,18.27485380116959,10.673110645103371
omit_valuation_sensitivity,sector_Chems,1,nominal_cumulative_pct,8,4.901932500507112,8.370524675710065,-2.190578392556499,20.799470122579034,-3.0069674441820182,32.500094657926624,25.0,686,11.362751641803026,11.337574127285313,-10.479042518473541,31.421430580517516,-40.52363706573975,61.95261292670962,23.323615160349853,-6.460819141295914
omit_valuation_sensitivity,sector_Chems,1,real_cumulative_pct,8,2.831314840138488,4.173601619209284,-4.888018234904838,14.173949865611373,-5.3652950203694765,26.606524125087926,37.5,686,6.850736170429384,7.200848127245134,-14.630567661076928,26.958885116637678,-41.938107104629694,58.22023807970127,31.341107871720116,-4.019421330290896
omit_valuation_sensitivity,sector_Chems,3,nominal_cumulative_pct,8,40.63085834421736,40.28709514621512,10.574666587717706,65.8443055990565,9.168643579345392,88.18815646271085,0.0,686,36.26054775395204,36.53220804408961,0.7524700828010933,72.64754974758128,-22.129002275864384,169.6678905597499,9.329446064139942,4.370310590265319
omit_valuation_sensitivity,sector_Chems,3,real_cumulative_pct,8,22.01029729707861,25.459435250654824,2.73176891235132,50.08174381122909,1.5108105060797294,73.12836070293503,0.0,686,22.31813828140994,22.04382898423074,-13.269353533364143,56.92291540889234,-34.2439020108179,146.682138903954,26.82215743440233,-0.30784098433133167
omit_valuation_sensitivity,sector_Chems,5,nominal_cumulative_pct,8,62.517453985620676,70.76740825037177,24.814711006555125,122.27722681927453,8.579439899087138,146.06814633613564,0.0,685,57.353747831145085,67.83295470084587,13.855476458077058,136.9388631264041,-12.091162024369895,308.866313530776,4.087591240875913,5.163706154475591
omit_valuation_sensitivity,sector_Chems,5,real_cumulative_pct,8,41.425560446268335,43.56877595592278,6.845928786857237,84.24315109444959,-8.474613432889043,118.9271746805351,12.5,684,33.15276366953708,39.74196265840442,-15.915424985221138,105.63381073359064,-39.904214478329024,250.3028608897246,19.298245614035086,8.272796776731255
omit_valuation_sensitivity,sector_BusEq,1,nominal_cumulative_pct,8,10.707727893440577,3.0083846552709406,-16.63690686761311,18.002125084662637,-60.48707148683376,19.147679617952583,12.5,686,13.256238932000976,13.873624619712285,-18.195242345835695,45.003800573887574,-63.43139899052528,104.96270113922219,25.218658892128282,-2.548511038560399
omit_valuation_sensitivity,sector_BusEq,1,real_cumulative_pct,8,6.893351898712141,-0.9665979164422227,-20.160916572609477,14.376807765901953,-61.63139820697656,16.12524181723014,25.0,686,9.051208868043203,9.715340457029354,-22.558732557633903,40.89867027794407,-64.35536701153953,100.0139035262027,31.341107871720116,-2.1578569693310614
omit_valuation_sensitivity,sector_BusEq,3,nominal_cumulative_pct,8,45.979078932375096,45.98336105471874,-11.034935683322626,108.66043675124419,-75.63646929946735,133.54289778837963,12.5,686,39.90799914792205,45.22795274671314,-16.404183091800967,112.06278148748424,-75.63646929946735,337.9282078682145,17.49271137026239,6.0710797844530475
omit_valuation_sensitivity,sector_BusEq,3,real_cumulative_pct,8,28.727541001322763,31.429008623138042,-24.8657760230857,93.17752719924978,-77.34549347585055,114.85357956586913,25.0,686,22.433972030595015,30.1914156267738,-27.484186827302807,95.67259987204068,-77.34549347585055,309.2451907446823,29.008746355685133,6.293568970727748
omit_valuation_sensitivity,sector_BusEq,5,nominal_cumulative_pct,8,92.20561934578856,94.7804440566842,4.153967354260988,181.930806007225,-64.95945656807622,289.4739578610446,12.5,685,63.461898363469274,86.8363474243945,-9.253088487637646,196.419367269579,-64.95945656807622,605.2143516892733,14.744525547445257,28.74372098231929
omit_valuation_sensitivity,sector_BusEq,5,real_cumulative_pct,8,59.48069990592237,63.74548915618636,-7.498010266359994,130.7032382486874,-68.96979323221665,246.51552618959488,12.5,684,31.384880744273968,56.18911468755794,-30.059449206859174,156.7430887560593,-68.96979323221665,525.9814451171254,27.485380116959064,28.095819161648404
omit_valuation_sensitivity,sector_Telcm,1,nominal_cumulative_pct,8,3.8402589097471407,5.424087890288584,-17.07639581180638,31.91327652185477,-41.80587342269855,51.71439433700598,37.5,686,10.217850975402953,10.931091462950507,-12.027869431445742,35.91483275920826,-46.05562820251974,73.73133499713337,25.65597667638484,-6.377592065655813
omit_valuation_sensitivity,sector_Telcm,1,real_cumulative_pct,8,-0.6341928415916298,1.4520633604473323,-20.3789157193466,28.681213891597803,-43.49122291471579,44.966176638139935,50.0,686,6.255774718383044,6.805272463378966,-17.082238030730945,32.53912422186298,-46.83482468403889,71.37202057124638,35.56851311953353,-6.889967559974674
omit_valuation_sensitivity,sector_Telcm,3,nominal_cumulative_pct,8,27.51635870889314,20.731126833829613,-28.30494690002837,58.03732785176294,-69.1835724776732,85.56783330734865,25.0,686,32.73564955103056,37.272003322749036,-17.037883458677967,94.30077430207385,-69.1835724776732,192.3070982215064,19.533527696793,-5.219290842137422
omit_valuation_sensitivity,sector_Telcm,3,real_cumulative_pct,8,12.203387437347802,7.589225563106146,-33.40348804454757,39.839647754188796,-71.34524683894571,76.11121688734157,25.0,686,19.33278858981151,22.552779253636807,-24.59138415195536,77.10641240785964,-71.34524683894571,173.16183798711532,33.819241982507286,-7.129401152463709
omit_valuation_sensitivity,sector_Telcm,5,nominal_cumulative_pct,8,54.78004464956864,53.83617278950901,-22.628045842303706,126.8787543615793,-58.36186582348445,142.7009513460851,25.0,685,61.27630426258499,70.50472625931313,-7.167246683569832,182.78580995023574,-58.36186582348445,297.56947606573345,14.306569343065693,-6.496259613016356
omit_valuation_sensitivity,sector_Telcm,5,real_cumulative_pct,8,15.068249362974484,29.455533791525987,-34.248144116915775,104.34401068640611,-63.12728666916541,115.93137657847916,50.0,684,25.765027406749063,41.18262580744425,-24.16021207226739,138.68820149998325,-63.12728666916541,253.5259381366504,30.409356725146196,-10.696778043774579
omit_valuation_sensitivity,sector_Utils,1,nominal_cumulative_pct,8,12.437725781121877,13.228178749878783,-2.723768388198701,31.128080900459818,-10.053078718079721,39.458244564330556,12.5,686,11.41744708416459,10.42213778089541,-8.582225306717895,28.255388095975654,-36.66088963106794,51.010529828454466,22.448979591836736,1.0202786969572877
omit_valuation_sensitivity,sector_Utils,1,real_cumulative_pct,8,5.840151964108675,8.939618354590783,-5.11738938240995,25.94480993246863,-12.334776320691853,35.41941976434144,25.0,686,7.129343959861856,6.280397147303121,-11.711620897528675,24.342085228934007,-43.42039943328597,47.77783258907811,33.09037900874635,-1.289191995753181
omit_valuation_sensitivity,sector_Utils,3,nominal_cumulative_pct,8,35.675243453090076,29.57700031168285,1.7304555408920221,49.7958961441663,-1.425086346642157,56.52081322691862,12.5,686,31.95050661735631,33.98827680857877,-3.1574537639147193,75.1984245024247,-30.130680898444297,127.25823602341077,13.411078717201166,3.724736835733765
omit_valuation_sensitivity,sector_Utils,3,real_cumulative_pct,8,12.116371849188878,15.535686936234079,-5.4857557272349675,37.47844575142747,-8.339802965066934,39.426999097917026,25.0,686,17.90116443586345,19.494383092591942,-13.50278744782754,58.898420310690824,-43.554001412471834,99.23747647694184,27.55102040816326,-5.7847925866745715
omit_valuation_sensitivity,sector_Utils,5,nominal_cumulative_pct,8,70.75911132851239,62.26404599831382,21.744359184407884,102.50192243212632,2.472781764601417,113.33016148368694,0.0,685,58.572493631733536,63.872560820139455,12.151743846337668,121.89622881704386,-24.326751152733085,217.48571268941203,4.671532846715328,12.186617696778853
omit_valuation_sensitivity,sector_Utils,5,real_cumulative_pct,8,45.19671379728072,36.114988100351084,5.823967004128265,63.402807404376105,-13.622127979947397,64.26744612786248,12.5,684,33.17065630265399,35.45085505837233,-10.290392826047063,82.92186369974227,-44.04122480031765,168.5203186287252,18.27485380116959,12.026057494626734
omit_valuation_sensitivity,sector_Shops,1,nominal_cumulative_pct,8,12.613508558816799,10.960881622157231,-7.9448786253903725,24.175040920786852,-9.690544418917057,25.304563200020034,25.0,686,12.762472790393854,13.321289328267339,-10.78460522046825,37.67727492262984,-47.883437455960106,106.5029189211387,24.198250728862973,-0.14896423157705563
omit_valuation_sensitivity,sector_Shops,1,real_cumulative_pct,8,9.754051766345095,6.7848447527561575,-10.377417753396262,20.016780123597513,-12.305980100140912,20.683488231062764,37.5,686,8.913809905718772,9.1585908666194,-15.00902774649478,33.06945301772433,-53.4452840515691,101.51693295121179,30.32069970845481,0.8402418606263229
omit_valuation_sensitivity,sector_Shops,3,nominal_cumulative_pct,8,42.38898598141563,37.68271492918741,-0.8659549140391363,70.61911186805077,-24.939042586265835,80.66273046747018,12.5,686,41.164789023395016,44.144694995513895,-0.7876450001848168,89.6946776832577,-53.07399181359589,206.56267433710212,10.204081632653061,1.2241969580206131
omit_valuation_sensitivity,sector_Shops,3,real_cumulative_pct,8,16.122819869673457,23.007855459214024,-9.74932210270007,59.3989767078984,-30.204329974178677,71.15971774734189,25.0,686,26.303759136654794,28.856501240154277,-14.937764744440646,75.93216758870126,-62.838941494003684,151.0214610715745,20.262390670553938,-10.180939266981337
omit_valuation_sensitivity,sector_Shops,5,nominal_cumulative_pct,8,100.20435116452717,95.54912530035917,20.252243397395027,160.4308736238022,10.748699023617458,230.48690048337016,0.0,685,80.93333843764943,84.43506289733529,7.574807614932882,164.71374457379764,-33.588890129762994,326.3300506564341,6.423357664233577,19.271012726877743
omit_valuation_sensitivity,sector_Shops,5,real_cumulative_pct,8,72.209308490517,61.820005190681876,6.73889300353753,108.00142668903716,-1.9263203881999758,120.65149142064774,12.5,684,51.15502149241637,53.149647446580914,-15.201277100634945,119.9798621293855,-52.484569393399916,265.2652015729554,19.15204678362573,21.054286998100636
omit_valuation_sensitivity,sector_Hlth,1,nominal_cumulative_pct,8,13.88186439991156,17.424992280498145,8.699804900226315,28.70670299364117,7.367904699616501,45.865805336636825,0.0,686,13.062994692580586,13.39451461096907,-9.979042660497367,36.67905594148895,-43.60086579673419,63.4586169240557,23.760932944606413,0.8188697073309736
omit_valuation_sensitivity,sector_Hlth,1,real_cumulative_pct,8,7.41600211409883,12.928365549522654,5.327399336972978,23.519647071772866,4.258442382932559,39.37773138997147,0.0,686,8.4669994660328,9.198847594059226,-14.2040581719229,31.95642518766236,-49.619745731470054,58.72754262813511,32.36151603498542,-1.0509973519339697
omit_valuation_sensitivity,sector_Hlth,3,nominal_cumulative_pct,8,69.99040467903335,64.25547959716238,4.541584267103522,117.23283974028406,-11.187490177680715,141.54612178901954,12.5,686,39.90280875807571,45.14967229317627,-6.980981210632537,103.97064615399844,-30.493573831955313,176.77159788325153,16.034985422740526,30.08759592095764
omit_valuation_sensitivity,sector_Hlth,3,real_cumulative_pct,8,42.404507803702,46.70377763331935,-4.753391294352541,96.44507888910022,-17.41740522231323,110.87081604658233,12.5,686,23.81352955060155,29.750834364054462,-15.712050441414306,85.34399160973527,-46.4062171854454,151.563295016145,24.198250728862973,18.590978253100452
omit_valuation_sensitivity,sector_Hlth,5,nominal_cumulative_pct,8,100.7141963381788,104.10265911893501,18.06123037425649,180.15614884927024,4.478133884423974,264.8333413276473,0.0,685,81.27835934743197,85.1346811737455,5.060163166898152,168.7047777369074,-32.7275968465155,329.3914555940276,7.591240875912408,19.43583699074682
omit_valuation_sensitivity,sector_Hlth,5,real_cumulative_pct,8,56.59415385523585,72.36456388209294,4.797750368602015,157.62834793738799,-7.4792289267918255,224.59273512392758,12.5,684,46.4448617926064,54.25608441304148,-15.409635287463589,131.7815908188818,-53.92076112828563,283.273562608504,19.444444444444446,10.14929206262945
omit_valuation_sensitivity,sector_Money,1,nominal_cumulative_pct,8,8.171838993695724,11.063760856789566,-1.2911521676144497,27.019202165727474,-2.3567285023052276,30.3213404644183,25.0,686,12.789345262449581,13.051783582289543,-11.906343356343935,41.850240773354614,-61.829057075786295,79.86940216793954,26.676384839650147,-4.617506268753857
omit_valuation_sensitivity,sector_Money,1,real_cumulative_pct,8,5.280819950926941,6.663893036492505,-3.5714801830249887,17.50541274311547,-4.088211467432168,24.52468036433295,37.5,686,8.667466574068994,8.848015997363415,-16.61678497377582,36.71178596521612,-61.832287263006336,76.08130111759233,31.924198250728864,-3.3866466231420533
omit_valuation_sensitivity,sector_Money,3,nominal_cumulative_pct,8,27.873026184080505,38.084470236195834,-1.9485290513314022,88.14395083200081,-4.28484831060596,102.87850126305757,25.0,686,42.17742356788314,43.122599703298405,-7.835797287195994,95.38385356840531,-67.67742660439754,196.7068450579149,11.9533527696793,-14.304397383802634
omit_valuation_sensitivity,sector_Money,3,real_cumulative_pct,8,15.000098686415665,22.717309560997055,-9.549651718744736,66.22198440578407,-13.409374689751186,86.6431076522143,37.5,686,23.45813768000321,27.795370660107363,-23.81533591610114,77.41250260897027,-69.69924950009107,177.6824850788625,17.784256559766764,-8.458038993587547
omit_valuation_sensitivity,sector_Money,5,nominal_cumulative_pct,8,70.42348907793358,89.37600874202373,26.05622956534393,182.8188025553642,-25.91135764322532,215.49507780489293,12.5,685,79.25974742141939,82.05189867780416,-13.07490775938796,178.4318381147052,-61.40624490585955,264.2763284492372,15.328467153284672,-8.83625834348581
omit_valuation_sensitivity,sector_Money,5,real_cumulative_pct,8,52.49330244102233,58.205390923584126,8.704040458531097,109.84189961107867,-34.17842477861731,180.6964129159925,12.5,684,46.77544448431361,50.867564283617725,-36.88676401599403,137.652159780828,-66.12466055769248,216.57630107575403,20.175438596491226,5.71785795670872
omit_valuation_sensitivity,sector_Other,1,nominal_cumulative_pct,8,4.328929512206692,7.812507758636354,-10.918147955624036,30.25343646921956,-15.63968398708685,33.201420704303054,25.0,686,12.478372959846741,10.40932874681381,-17.1042479569903,33.75092674914725,-53.138174212935496,83.50602219707619,27.405247813411076,-8.14944344764005
omit_valuation_sensitivity,sector_Other,1,real_cumulative_pct,8,2.4327340798630415,3.4782120235251197,-13.268849937917393,18.377446510287257,-18.08282772170272,27.27665536717756,25.0,686,8.206146523650805,6.260085395612102,-22.069544773469335,28.09899142411324,-53.142139859554845,79.07529329090934,34.54810495626822,-5.773412443787763
omit_valuation_sensitivity,sector_Other,3,nominal_cumulative_pct,8,32.77509626585184,37.42440464360581,3.4842714533802486,82.45931515539056,-38.52257591778461,98.71907124558288,12.5,686,34.57615783199283,31.439010349593932,-18.879204904400698,70.88226659518247,-51.901182642719526,140.3372311627737,18.80466472303207,-1.8010615661409872
omit_valuation_sensitivity,sector_Other,3,real_cumulative_pct,8,20.66219953721611,21.706069568704795,-5.916425874011567,51.28878359680571,-42.83502165275242,62.98581176684439,12.5,686,20.336309734602366,16.912105139240417,-28.033618095273233,52.26149810147989,-61.21676387001891,119.85154449951443,26.96793002915452,0.32588980261374445
omit_valuation_sensitivity,sector_Other,5,nominal_cumulative_pct,8,60.61805321949015,61.04714013768244,0.23559301456767334,109.77557057050117,-1.214173581099398,176.45130206464307,12.5,685,58.33282340715211,57.59349762576823,-10.7100005968814,121.55824688375827,-50.455741775488384,243.99603130062553,18.54014598540146,2.285229812338038
omit_valuation_sensitivity,sector_Other,5,real_cumulative_pct,8,39.19680928859923,33.125325461747536,-11.033948122314328,69.0054729081146,-12.520060499057472,84.57431146749168,25.0,684,32.70979397303313,29.46928886382298,-29.9343535977587,83.14721239241874,-63.67407153894504,194.72419201942876,28.801169590643276,6.487015315566104
omit_valuation_sensitivity,Gold_spot_price,1,nominal_cumulative_pct,8,0.838942875306492,12.959174908803716,-6.74592074592073,46.92608831819601,-8.041958041958042,90.29126213592235,37.5,686,3.789077378336403,9.69527047933996,-14.634146341463422,35.01060832976748,-36.39191290824263,197.3568281938327,38.0466472303207,-2.950134503029911
omit_valuation_sensitivity,Gold_spot_price,1,real_cumulative_pct,8,-0.7589134442698597,7.900647581731372,-10.46571141599238,37.572184591027636,-10.705138132736082,69.00868676545736,62.5,686,0.6467523019782262,5.307701905077213,-17.446493450936025,29.570274397681807,-42.57892902973598,161.14029142663514,48.8338192419825,-1.405665746248086
omit_valuation_sensitivity,Gold_spot_price,3,nominal_cumulative_pct,8,10.150143973673387,32.66536425096106,-14.996821360457734,107.25224822155606,-16.65607120152577,123.04147465437777,25.0,686,11.759749948549057,36.08907546666717,-21.342977408354628,109.78000539726088,-40.39334341906202,411.3636363636363,32.94460641399417,-1.6096059748756701
omit_valuation_sensitivity,Gold_spot_price,3,real_cumulative_pct,8,1.9242599174081216,17.166182739366107,-22.18363611346372,61.52447702055767,-25.17105535973463,101.77892861849416,50.0,686,0.6653675720859176,19.266604240081712,-29.30148035657608,76.67809785141753,-49.91385106740628,284.8339160839161,48.542274052478135,1.258892345322204
omit_valuation_sensitivity,Gold_spot_price,5,nominal_cumulative_pct,8,24.999999999999964,37.03635299148588,-16.919337347144793,106.74130911368611,-21.39037433155082,156.4516129032258,37.5,686,37.79122560816859,66.00814557271005,-24.992581602373917,184.9161280952726,-55.111111111111114,425.7142857142851,27.84256559766764,-12.791225608168624
omit_valuation_sensitivity,Gold_spot_price,5,real_cumulative_pct,8,4.369085107571847,14.733207504746069,-27.65731285531713,62.41738362013666,-30.06090586475575,127.8358543549567,37.5,685,15.047191603055188,33.120513202257946,-33.391849459473235,129.22487429819384,-66.87480290129298,281.87723644371,43.503649635036496,-10.678106495483341
