file,channel,date,start_sec,words,pitch_mentions,certainty,hedge,urgency,correction,oil_energy,inflation,recession_labor,debt_credit,dollar_fx,gold_silver,ai_tech,valuation_bubble,liquidity_rates,china_deglobalization,rotation_manufacturing,crypto,digital_control,housing
bravos_2026-03-20_Qwvqz6K1Dyc.txt,bravos,2026-03-20,0,195,0,1,0,0,0,6,0,0,0,1,0,0,0,0,0,0,0,0,0
bravos_2026-03-20_Qwvqz6K1Dyc.txt,bravos,2026-03-20,60,213,0,2,3,0,0,6,0,0,0,5,0,0,0,0,0,0,0,0,0
bravos_2026-03-20_Qwvqz6K1Dyc.txt,bravos,2026-03-20,120,147,0,0,2,0,0,2,0,0,0,0,0,0,0,0,0,0,0,0,0
bravos_2026-03-20_Qwvqz6K1Dyc.txt,bravos,2026-03-20,180,176,0,0,0,0,0,7,3,0,0,0,0,0,0,1,0,0,0,0,1
bravos_2026-03-20_Qwvqz6K1Dyc.txt,bravos,2026-03-20,240,186,0,0,1,0,0,5,3,0,0,0,0,0,0,0,0,0,0,0,3
bravos_2026-03-20_Qwvqz6K1Dyc.txt,bravos,2026-03-20,300,200,0,1,0,1,0,4,0,2,0,0,0,1,0,0,0,0,0,0,0
bravos_2026-03-20_Qwvqz6K1Dyc.txt,bravos,2026-03-20,360,178,0,1,0,0,0,0,0,0,0,0,0,0,0,0,0,0,1,0,0
bravos_2026-03-20_Qwvqz6K1Dyc.txt,bravos,2026-03-20,420,41,1,0,0,0,0,0,0,0,0,0,0,0,0,0,0,0,0,0,0
bravos_2026-03-26_d2xewVN_eDE.txt,bravos,2026-03-26,0,207,0,0,2,0,0,4,2,0,0,0,0,0,0,0,0,0,0,0,0
bravos_2026-03-26_d2xewVN_eDE.txt,bravos,2026-03-26,60,203,0,2,1,0,0,3,7,0,0,0,0,0,0,0,0,0,0,0,0
bravos_2026-03-26_d2xewVN_eDE.txt,bravos,2026-03-26,120,204,0,2,0,0,0,0,8,0,0,0,0,0,0,0,0,0,0,0,0
bravos_2026-03-26_d2xewVN_eDE.txt,bravos,2026-03-26,180,184,0,1,2,1,0,0,4,0,0,0,0,0,0,0,0,0,0,0,0
bravos_2026-03-26_d2xewVN_eDE.txt,bravos,2026-03-26,240,193,0,1,2,0,0,0,0,0,0,0,0,0,0,0,0,0,0,0,0
bravos_2026-03-26_d2xewVN_eDE.txt,bravos,2026-03-26,300,188,0,0,1,0,0,1,4,0,0,0,0,0,7,0,0,0,0,0,0
bravos_2026-03-26_d2xewVN_eDE.txt,bravos,2026-03-26,360,212,0,0,1,0,0,5,1,0,0,0,0,0,1,0,0,0,0,0,0
bravos_2026-03-26_d2xewVN_eDE.txt,bravos,2026-03-26,420,198,0,0,0,0,0,0,2,0,0,1,1,0,0,0,0,9,0,0,0
bravos_2026-03-26_d2xewVN_eDE.txt,bravos,2026-03-26,480,183,0,0,2,0,0,2,1,0,0,0,0,1,0,0,0,4,0,0,0
bravos_2026-03-26_d2xewVN_eDE.txt,bravos,2026-03-26,540,196,0,3,0,0,0,0,0,0,0,0,1,3,0,0,0,1,0,0,0
bravos_2026-03-26_d2xewVN_eDE.txt,bravos,2026-03-26,600,89,1,1,0,0,0,0,0,0,0,0,0,0,1,0,0,0,0,0,0
bravos_2026-04-02_XDDBhShILQA.txt,bravos,2026-04-02,0,204,0,0,3,1,0,1,0,0,0,0,0,0,0,0,0,0,0,0,0
bravos_2026-04-02_XDDBhShILQA.txt,bravos,2026-04-02,60,181,0,0,0,0,0,3,4,0,0,0,0,0,0,0,0,0,0,0,0
bravos_2026-04-02_XDDBhShILQA.txt,bravos,2026-04-02,120,194,0,0,0,0,0,0,2,0,0,0,0,0,0,6,0,0,0,0,0
bravos_2026-04-02_XDDBhShILQA.txt,bravos,2026-04-02,180,208,0,1,1,2,0,0,0,0,0,0,0,0,0,5,0,0,0,0,0
bravos_2026-04-02_XDDBhShILQA.txt,bravos,2026-04-02,240,201,0,0,3,0,0,0,1,0,1,0,0,0,0,2,0,0,0,0,0
bravos_2026-04-02_XDDBhShILQA.txt,bravos,2026-04-02,300,181,0,0,2,0,0,1,0,0,0,0,0,0,0,0,0,0,0,0,0
bravos_2026-04-02_XDDBhShILQA.txt,bravos,2026-04-02,360,190,0,0,3,0,0,0,0,0,2,0,0,0,0,3,0,0,0,0,2
bravos_2026-04-02_XDDBhShILQA.txt,bravos,2026-04-02,420,191,0,0,0,1,0,2,0,0,0,0,0,0,0,0,0,0,0,0,0
bravos_2026-04-02_XDDBhShILQA.txt,bravos,2026-04-02,480,199,0,2,1,0,0,3,1,0,0,0,0,0,1,0,0,0,0,0,0
bravos_2026-04-02_XDDBhShILQA.txt,bravos,2026-04-02,540,170,0,2,0,0,0,1,0,0,0,0,0,1,1,0,0,0,0,0,0
bravos_2026-04-02_XDDBhShILQA.txt,bravos,2026-04-02,600,136,1,0,1,0,0,0,0,0,0,0,0,0,0,0,0,0,0,0,0
bravos_2026-04-08_Nyb4yfSUlT4.txt,bravos,2026-04-08,0,225,0,1,2,0,0,6,1,1,0,0,0,0,0,0,0,0,0,0,0
bravos_2026-04-08_Nyb4yfSUlT4.txt,bravos,2026-04-08,60,191,0,0,0,1,0,8,0,3,0,0,0,0,0,0,0,0,0,0,0
bravos_2026-04-08_Nyb4yfSUlT4.txt,bravos,2026-04-08,120,184,0,0,1,0,0,3,1,2,0,0,0,0,0,0,0,0,0,0,0
bravos_2026-04-08_Nyb4yfSUlT4.txt,bravos,2026-04-08,180,183,0,0,0,0,0,3,0,2,0,0,0,0,0,1,0,0,0,0,0
bravos_2026-04-08_Nyb4yfSUlT4.txt,bravos,2026-04-08,240,180,0,0,1,0,0,1,0,2,0,0,0,0,0,0,0,0,0,0,0
bravos_2026-04-08_Nyb4yfSUlT4.txt,bravos,2026-04-08,300,188,0,1,0,1,0,2,2,0,0,0,0,0,2,0,0,0,0,0,0
bravos_2026-04-08_Nyb4yfSUlT4.txt,bravos,2026-04-08,360,182,0,0,2,0,0,0,2,0,0,0,0,0,0,0,0,0,0,0,0
bravos_2026-04-08_Nyb4yfSUlT4.txt,bravos,2026-04-08,420,173,0,0,1,0,0,0,1,0,0,0,0,0,0,0,0,0,0,0,0
bravos_2026-04-08_Nyb4yfSUlT4.txt,bravos,2026-04-08,480,184,0,0,0,0,0,0,1,0,0,0,0,1,0,0,0,0,0,0,0
bravos_2026-04-08_Nyb4yfSUlT4.txt,bravos,2026-04-08,540,44,1,0,1,0,0,0,0,0,0,0,0,0,0,0,0,0,0,0,0
bravos_2026-04-20_qaxPhSP8jbg.txt,bravos,2026-04-20,0,193,0,0,0,0,0,2,2,0,0,0,0,0,0,0,0,1,0,0,0
bravos_2026-04-20_qaxPhSP8jbg.txt,bravos,2026-04-20,60,191,0,1,0,0,0,0,3,0,0,0,1,0,0,0,0,1,0,0,0
bravos_2026-04-20_qaxPhSP8jbg.txt,bravos,2026-04-20,120,215,0,0,0,0,0,2,1,0,0,2,6,0,0,0,0,1,0,0,0
bravos_2026-04-20_qaxPhSP8jbg.txt,bravos,2026-04-20,180,197,0,2,0,0,0,1,0,0,0,3,4,0,0,0,0,6,0,0,0
bravos_2026-04-20_qaxPhSP8jbg.txt,bravos,2026-04-20,240,184,0,0,0,1,0,3,0,0,0,2,2,0,0,0,0,2,0,0,0
bravos_2026-04-20_qaxPhSP8jbg.txt,bravos,2026-04-20,300,191,0,0,0,0,0,1,2,0,0,0,2,0,0,0,0,2,0,0,0
bravos_2026-04-20_qaxPhSP8jbg.txt,bravos,2026-04-20,360,189,0,1,2,1,0,0,5,0,0,0,0,0,0,0,0,1,0,0,0
bravos_2026-04-20_qaxPhSP8jbg.txt,bravos,2026-04-20,420,179,0,0,1,0,0,0,1,1,0,0,0,0,0,0,0,0,0,0,0
bravos_2026-04-20_qaxPhSP8jbg.txt,bravos,2026-04-20,480,181,0,1,0,0,0,0,2,0,0,4,0,0,0,0,0,0,0,0,0
bravos_2026-04-20_qaxPhSP8jbg.txt,bravos,2026-04-20,540,210,0,1,0,0,0,0,1,0,0,1,0,0,0,0,0,0,0,0,0
bravos_2026-04-20_qaxPhSP8jbg.txt,bravos,2026-04-20,600,194,0,0,2,0,0,0,0,0,0,0,0,0,0,0,0,1,0,0,0
bravos_2026-04-20_qaxPhSP8jbg.txt,bravos,2026-04-20,660,188,2,0,0,0,0,0,0,1,0,0,0,0,0,0,0,1,0,0,0
bravos_2026-04-20_qaxPhSP8jbg.txt,bravos,2026-04-20,720,199,0,1,0,0,0,0,0,0,0,0,0,0,0,0,0,0,0,0,0
bravos_2026-04-20_qaxPhSP8jbg.txt,bravos,2026-04-20,780,194,1,0,1,0,0,0,0,0,0,0,0,0,0,0,0,0,0,0,0
bravos_2026-04-20_qaxPhSP8jbg.txt,bravos,2026-04-20,840,38,2,0,0,0,0,0,0,0,0,0,0,0,0,0,0,0,0,0,0
bravos_2026-04-23_iq599kyAjVA.txt,bravos,2026-04-23,0,218,0,0,1,0,0,3,1,0,0,2,0,0,0,3,0,0,0,0,0
bravos_2026-04-23_iq599kyAjVA.txt,bravos,2026-04-23,60,204,0,0,1,0,0,0,6,0,1,4,0,0,0,1,0,0,0,0,0
bravos_2026-04-23_iq599kyAjVA.txt,bravos,2026-04-23,120,171,0,0,0,0,0,0,6,0,0,0,0,0,0,0,0,0,0,0,0
bravos_2026-04-23_iq599kyAjVA.txt,bravos,2026-04-23,180,197,0,0,0,0,0,0,3,0,0,3,0,0,0,0,0,0,0,0,0
bravos_2026-04-23_iq599kyAjVA.txt,bravos,2026-04-23,240,203,0,0,0,0,0,0,3,1,0,1,0,0,0,1,0,0,0,0,0
bravos_2026-04-23_iq599kyAjVA.txt,bravos,2026-04-23,300,195,0,0,3,0,0,1,0,2,0,1,0,0,0,2,0,0,0,0,0
bravos_2026-04-23_iq599kyAjVA.txt,bravos,2026-04-23,360,191,0,0,3,0,0,0,2,1,0,0,0,0,0,1,0,0,0,0,0
bravos_2026-04-23_iq599kyAjVA.txt,bravos,2026-04-23,420,190,0,1,0,0,0,0,3,0,0,0,0,0,0,0,0,1,0,0,0
bravos_2026-04-23_iq599kyAjVA.txt,bravos,2026-04-23,480,168,0,0,3,0,0,0,0,0,0,0,0,0,0,0,0,2,0,0,0
bravos_2026-04-23_iq599kyAjVA.txt,bravos,2026-04-23,540,139,2,1,2,0,0,0,0,0,0,0,0,0,0,0,0,1,0,0,0
bravos_2026-04-27_PN8bHAr0f1M.txt,bravos,2026-04-27,0,186,0,1,1,1,0,0,0,0,0,0,0,0,0,0,0,0,0,0,0
bravos_2026-04-27_PN8bHAr0f1M.txt,bravos,2026-04-27,60,194,0,1,2,0,0,3,0,4,0,0,0,0,0,0,0,0,0,0,0
bravos_2026-04-27_PN8bHAr0f1M.txt,bravos,2026-04-27,120,201,0,1,0,0,0,3,0,7,0,0,0,0,0,0,0,0,0,0,0
bravos_2026-04-27_PN8bHAr0f1M.txt,bravos,2026-04-27,180,191,0,0,1,0,0,3,0,4,0,1,0,0,0,3,0,0,0,0,0
bravos_2026-04-27_PN8bHAr0f1M.txt,bravos,2026-04-27,240,213,0,0,0,0,0,0,0,5,0,0,0,0,0,11,0,0,0,0,0
bravos_2026-04-27_PN8bHAr0f1M.txt,bravos,2026-04-27,300,206,0,1,1,0,0,0,0,2,0,0,0,0,0,1,0,0,0,0,0
bravos_2026-04-27_PN8bHAr0f1M.txt,bravos,2026-04-27,360,208,0,0,0,1,0,5,0,3,0,0,0,0,0,0,0,0,0,0,0
bravos_2026-04-27_PN8bHAr0f1M.txt,bravos,2026-04-27,420,203,0,0,2,0,0,1,2,4,0,0,0,0,0,0,0,2,0,0,0
bravos_2026-04-27_PN8bHAr0f1M.txt,bravos,2026-04-27,480,192,0,2,1,0,0,0,2,0,0,0,0,0,0,2,0,1,0,0,0
bravos_2026-04-27_PN8bHAr0f1M.txt,bravos,2026-04-27,540,199,0,0,2,0,0,0,0,0,0,0,0,0,0,0,0,0,0,0,0
bravos_2026-04-27_PN8bHAr0f1M.txt,bravos,2026-04-27,600,203,1,1,0,1,0,0,0,0,0,0,0,0,0,0,0,0,0,0,0
bravos_2026-05-01_YUwjueXzffE.txt,bravos,2026-05-01,0,199,0,0,0,1,0,0,1,0,0,0,0,0,0,0,0,1,0,0,0
bravos_2026-05-01_YUwjueXzffE.txt,bravos,2026-05-01,60,193,0,0,0,0,0,1,0,0,0,0,0,0,0,0,0,0,0,0,0
bravos_2026-05-01_YUwjueXzffE.txt,bravos,2026-05-01,120,204,0,0,1,1,0,1,0,0,1,0,0,0,0,0,0,0,0,0,0
bravos_2026-05-01_YUwjueXzffE.txt,bravos,2026-05-01,180,182,0,2,1,0,0,0,0,0,0,0,0,0,0,0,0,0,0,0,0
bravos_2026-05-01_YUwjueXzffE.txt,bravos,2026-05-01,240,189,0,2,0,0,0,0,0,0,0,0,0,0,0,0,0,0,0,0,0
bravos_2026-05-01_YUwjueXzffE.txt,bravos,2026-05-01,300,190,0,1,2,2,0,0,0,0,0,0,0,0,0,6,0,0,0,0,0
bravos_2026-05-01_YUwjueXzffE.txt,bravos,2026-05-01,360,192,0,0,0,2,0,0,5,0,0,0,0,0,0,7,0,0,0,0,0
bravos_2026-05-01_YUwjueXzffE.txt,bravos,2026-05-01,420,198,0,0,2,2,0,0,1,0,0,0,0,0,0,3,0,0,0,0,0
bravos_2026-05-01_YUwjueXzffE.txt,bravos,2026-05-01,480,190,0,0,0,0,0,0,0,0,0,0,0,2,0,0,0,0,0,0,0
bravos_2026-05-01_YUwjueXzffE.txt,bravos,2026-05-01,540,122,1,1,0,0,0,0,1,0,0,1,0,1,0,0,0,0,0,0,0
bravos_2026-05-07_opuHyONlqjY.txt,bravos,2026-05-07,0,175,0,0,1,1,0,0,0,0,0,0,0,3,0,0,0,0,0,0,0
bravos_2026-05-07_opuHyONlqjY.txt,bravos,2026-05-07,60,178,0,0,0,0,0,0,0,0,1,0,0,2,1,0,0,0,0,0,0
bravos_2026-05-07_opuHyONlqjY.txt,bravos,2026-05-07,120,193,0,0,1,0,0,0,0,0,0,0,0,2,0,0,0,0,0,0,0
bravos_2026-05-07_opuHyONlqjY.txt,bravos,2026-05-07,180,177,0,0,1,1,0,0,0,0,0,0,0,0,1,0,0,5,0,0,0
bravos_2026-05-07_opuHyONlqjY.txt,bravos,2026-05-07,240,185,0,0,1,1,0,0,0,0,0,0,0,2,0,0,0,3,0,0,0
bravos_2026-05-07_opuHyONlqjY.txt,bravos,2026-05-07,300,181,0,0,1,0,0,0,0,0,0,0,0,1,1,0,0,0,0,0,0
bravos_2026-05-07_opuHyONlqjY.txt,bravos,2026-05-07,360,181,0,3,0,1,0,0,0,0,0,0,1,4,0,0,0,0,0,0,0
bravos_2026-05-07_opuHyONlqjY.txt,bravos,2026-05-07,420,118,0,1,1,0,0,0,0,0,0,0,0,0,1,0,0,0,0,0,0
bravos_2026-05-11_ZyC3GRY5e1M.txt,bravos,2026-05-11,0,175,0,0,0,1,0,0,0,3,0,0,0,0,0,6,0,0,0,0,0
bravos_2026-05-11_ZyC3GRY5e1M.txt,bravos,2026-05-11,60,200,0,0,2,1,0,0,0,4,0,0,0,0,0,7,0,0,0,0,0
bravos_2026-05-11_ZyC3GRY5e1M.txt,bravos,2026-05-11,120,188,0,1,1,0,0,0,1,7,0,0,0,0,0,1,0,0,0,0,0
bravos_2026-05-11_ZyC3GRY5e1M.txt,bravos,2026-05-11,180,191,0,0,1,2,0,0,0,1,0,0,0,0,0,3,0,0,0,0,0
bravos_2026-05-11_ZyC3GRY5e1M.txt,bravos,2026-05-11,240,195,0,0,0,0,0,1,6,0,0,0,0,0,0,6,0,0,0,0,0
bravos_2026-05-11_ZyC3GRY5e1M.txt,bravos,2026-05-11,300,196,0,2,2,1,0,4,4,1,0,0,0,0,0,6,0,0,0,0,2
bravos_2026-05-11_ZyC3GRY5e1M.txt,bravos,2026-05-11,360,187,0,2,1,0,0,0,0,2,0,0,0,0,0,2,0,0,0,0,0
bravos_2026-05-11_ZyC3GRY5e1M.txt,bravos,2026-05-11,420,186,0,0,4,0,0,0,0,1,0,0,0,2,0,4,0,0,0,0,0
bravos_2026-05-11_ZyC3GRY5e1M.txt,bravos,2026-05-11,480,162,0,0,0,0,0,0,0,0,0,0,0,4,0,0,0,0,0,0,0
bravos_2026-05-11_ZyC3GRY5e1M.txt,bravos,2026-05-11,540,157,3,1,0,0,0,0,0,0,0,0,0,0,0,0,0,0,0,0,0
bravos_2026-05-13_HUSPFNHI6PY.txt,bravos,2026-05-13,0,179,0,0,0,0,0,0,0,0,0,0,0,0,9,0,0,0,0,0,0
bravos_2026-05-13_HUSPFNHI6PY.txt,bravos,2026-05-13,60,178,0,1,1,0,0,0,0,0,0,0,0,0,3,0,0,0,0,0,0
bravos_2026-05-13_HUSPFNHI6PY.txt,bravos,2026-05-13,120,178,0,0,0,0,0,0,1,0,0,0,0,0,0,0,0,0,0,0,0
bravos_2026-05-13_HUSPFNHI6PY.txt,bravos,2026-05-13,180,186,0,0,2,1,0,0,0,0,0,0,0,0,2,0,0,0,0,0,0
bravos_2026-05-13_HUSPFNHI6PY.txt,bravos,2026-05-13,240,161,0,0,3,1,0,0,0,0,0,0,0,0,1,0,0,0,0,0,0
bravos_2026-05-13_HUSPFNHI6PY.txt,bravos,2026-05-13,300,177,0,0,5,0,0,0,0,0,2,0,0,0,1,0,0,0,0,0,0
bravos_2026-05-13_HUSPFNHI6PY.txt,bravos,2026-05-13,360,182,0,2,4,0,0,1,0,0,2,0,0,0,1,0,0,0,0,0,0
bravos_2026-05-13_HUSPFNHI6PY.txt,bravos,2026-05-13,420,171,0,0,0,0,0,0,0,0,0,0,0,2,0,0,0,0,0,0,0
bravos_2026-05-15_7830S4NkFe8.txt,bravos,2026-05-15,0,192,0,0,0,0,0,0,0,0,0,0,0,0,0,0,0,0,0,0,0
bravos_2026-05-15_7830S4NkFe8.txt,bravos,2026-05-15,60,183,0,2,0,0,0,0,0,0,0,0,0,0,1,0,0,0,0,0,0
bravos_2026-05-15_7830S4NkFe8.txt,bravos,2026-05-15,120,178,0,1,0,0,0,0,0,0,0,0,0,0,0,0,0,1,0,0,0
bravos_2026-05-15_7830S4NkFe8.txt,bravos,2026-05-15,180,167,0,0,0,0,0,0,2,0,0,2,0,0,0,0,0,0,0,0,0
bravos_2026-05-15_7830S4NkFe8.txt,bravos,2026-05-15,240,200,0,2,0,0,0,0,7,0,0,1,0,0,0,0,0,0,0,0,0
bravos_2026-05-15_7830S4NkFe8.txt,bravos,2026-05-15,300,177,0,0,0,0,0,0,3,0,0,0,0,0,0,0,0,5,0,0,0
bravos_2026-05-15_7830S4NkFe8.txt,bravos,2026-05-15,360,170,0,0,0,0,0,1,0,0,1,0,0,3,0,0,0,0,0,0,0
bravos_2026-05-15_7830S4NkFe8.txt,bravos,2026-05-15,420,195,0,0,1,1,0,0,0,0,0,0,0,5,0,0,0,0,0,0,0
bravos_2026-05-15_7830S4NkFe8.txt,bravos,2026-05-15,480,206,0,0,2,0,0,0,0,0,0,0,0,0,0,0,0,0,0,0,0
bravos_2026-05-15_7830S4NkFe8.txt,bravos,2026-05-15,540,184,0,0,0,0,0,0,0,0,0,0,0,0,0,0,0,0,0,0,0
bravos_2026-05-15_7830S4NkFe8.txt,bravos,2026-05-15,600,188,2,0,1,1,0,0,0,0,0,0,0,0,1,0,0,0,1,0,0
bravos_2026-05-29_eKomHGJgJEU.txt,bravos,2026-05-29,0,186,0,0,0,0,0,0,0,0,0,0,0,0,1,0,0,0,0,0,0
bravos_2026-05-29_eKomHGJgJEU.txt,bravos,2026-05-29,60,177,0,0,0,0,0,0,0,0,0,0,0,0,1,1,0,0,0,0,0
bravos_2026-05-29_eKomHGJgJEU.txt,bravos,2026-05-29,120,190,0,0,2,0,0,0,0,2,0,0,0,0,0,1,0,0,0,0,0
bravos_2026-05-29_eKomHGJgJEU.txt,bravos,2026-05-29,180,194,0,0,0,0,0,0,0,1,0,0,0,0,0,0,0,0,0,0,0
bravos_2026-05-29_eKomHGJgJEU.txt,bravos,2026-05-29,240,201,0,0,0,0,0,0,0,1,0,0,0,0,0,3,0,0,0,0,0
bravos_2026-05-29_eKomHGJgJEU.txt,bravos,2026-05-29,300,171,0,0,0,0,0,0,5,0,0,0,0,0,0,11,0,0,0,0,0
bravos_2026-05-29_eKomHGJgJEU.txt,bravos,2026-05-29,360,184,0,0,2,0,0,0,2,2,0,0,0,0,0,3,0,0,0,0,0
bravos_2026-05-29_eKomHGJgJEU.txt,bravos,2026-05-29,420,190,0,0,1,1,0,0,0,0,0,0,0,0,0,11,0,0,0,0,0
bravos_2026-05-29_eKomHGJgJEU.txt,bravos,2026-05-29,480,202,0,1,0,0,0,0,0,0,0,0,0,1,0,3,0,0,0,0,0
bravos_2026-05-29_eKomHGJgJEU.txt,bravos,2026-05-29,540,198,1,1,2,0,0,0,0,0,0,0,0,0,0,1,0,0,0,0,1
bravos_2026-05-29_eKomHGJgJEU.txt,bravos,2026-05-29,600,2,0,0,0,0,0,0,0,0,0,0,0,0,0,0,0,0,0,0,0
bravos_2026-06-02_bgAmexfyVOI.txt,bravos,2026-06-02,0,163,0,1,0,0,0,0,0,0,0,0,0,5,6,0,0,0,0,0,0
bravos_2026-06-02_bgAmexfyVOI.txt,bravos,2026-06-02,60,174,0,0,0,1,0,0,0,0,0,0,0,3,3,0,0,0,0,0,0
bravos_2026-06-02_bgAmexfyVOI.txt,bravos,2026-06-02,120,174,0,0,0,0,0,0,0,0,0,0,0,3,2,0,0,0,0,0,0
bravos_2026-06-02_bgAmexfyVOI.txt,bravos,2026-06-02,180,187,0,0,1,0,0,0,0,0,0,0,0,6,0,0,0,0,0,0,0
bravos_2026-06-02_bgAmexfyVOI.txt,bravos,2026-06-02,240,183,0,1,1,0,0,0,0,0,0,0,0,3,4,3,0,0,0,0,0
bravos_2026-06-02_bgAmexfyVOI.txt,bravos,2026-06-02,300,175,0,0,1,0,0,0,1,0,0,0,0,1,1,6,0,0,0,0,0
bravos_2026-06-02_bgAmexfyVOI.txt,bravos,2026-06-02,360,174,0,0,0,0,0,0,0,0,0,0,0,2,3,8,0,0,0,0,0
bravos_2026-06-02_bgAmexfyVOI.txt,bravos,2026-06-02,420,179,0,0,0,0,0,0,0,0,0,0,0,0,0,7,0,0,0,0,0
bravos_2026-06-02_bgAmexfyVOI.txt,bravos,2026-06-02,480,177,0,2,2,0,0,0,1,0,0,0,0,2,3,6,0,0,0,0,0
bravos_2026-06-02_bgAmexfyVOI.txt,bravos,2026-06-02,540,181,0,0,0,0,0,0,0,0,0,0,0,0,2,0,0,0,1,0,0
bravos_2026-06-02_bgAmexfyVOI.txt,bravos,2026-06-02,600,171,0,0,1,1,0,0,0,0,0,0,0,1,2,0,0,0,0,0,2
bravos_2026-06-02_bgAmexfyVOI.txt,bravos,2026-06-02,660,182,0,0,1,0,0,0,0,0,0,0,0,2,0,1,0,0,0,0,0
bravos_2026-06-02_bgAmexfyVOI.txt,bravos,2026-06-02,720,21,1,0,0,0,0,0,0,0,0,0,0,0,0,0,0,0,0,0,0
bravos_2026-06-05_inUGgMv9Zq0.txt,bravos,2026-06-05,0,185,0,0,0,0,0,0,0,2,0,0,0,0,0,0,0,1,0,0,0
bravos_2026-06-05_inUGgMv9Zq0.txt,bravos,2026-06-05,60,182,0,0,0,1,0,0,0,1,0,0,0,5,0,0,0,0,0,0,0
bravos_2026-06-05_inUGgMv9Zq0.txt,bravos,2026-06-05,120,168,0,0,1,0,0,0,0,0,0,0,0,3,0,0,0,0,0,0,0
bravos_2026-06-05_inUGgMv9Zq0.txt,bravos,2026-06-05,180,191,0,0,1,0,0,0,0,2,0,0,0,7,0,0,0,0,0,0,1
bravos_2026-06-05_inUGgMv9Zq0.txt,bravos,2026-06-05,240,166,0,0,1,0,0,0,0,0,0,0,0,5,0,0,0,0,0,0,0
bravos_2026-06-05_inUGgMv9Zq0.txt,bravos,2026-06-05,300,193,0,2,0,0,0,0,0,5,0,0,0,2,0,0,0,0,0,0,0
bravos_2026-06-05_inUGgMv9Zq0.txt,bravos,2026-06-05,360,170,0,1,0,0,0,0,0,1,0,0,0,5,0,0,0,0,0,0,0
bravos_2026-06-05_inUGgMv9Zq0.txt,bravos,2026-06-05,420,184,0,1,5,0,0,0,0,3,0,0,0,3,0,0,0,0,0,0,0
bravos_2026-06-05_inUGgMv9Zq0.txt,bravos,2026-06-05,480,199,1,1,1,0,0,0,0,0,0,0,0,0,0,0,0,0,0,0,0
bravos_2026-06-05_inUGgMv9Zq0.txt,bravos,2026-06-05,540,4,0,0,0,0,0,0,0,0,0,0,0,0,0,0,0,0,0,0,0
bravos_2026-06-11_zmIhCFYlBP0.txt,bravos,2026-06-11,0,176,0,1,0,0,0,0,0,0,0,0,0,0,0,0,0,0,0,0,0
bravos_2026-06-11_zmIhCFYlBP0.txt,bravos,2026-06-11,60,179,0,0,0,0,0,0,0,0,0,0,0,1,1,0,0,0,0,0,0
bravos_2026-06-11_zmIhCFYlBP0.txt,bravos,2026-06-11,120,183,0,0,0,0,0,0,1,0,0,0,0,2,1,0,0,0,0,0,0
bravos_2026-06-11_zmIhCFYlBP0.txt,bravos,2026-06-11,180,185,0,0,2,0,0,0,0,0,0,0,0,3,1,0,0,0,0,0,0
bravos_2026-06-11_zmIhCFYlBP0.txt,bravos,2026-06-11,240,190,0,0,2,0,0,0,0,0,0,0,0,2,1,0,0,0,0,0,0
bravos_2026-06-11_zmIhCFYlBP0.txt,bravos,2026-06-11,300,192,0,2,1,0,0,0,0,0,0,0,0,0,0,0,0,0,0,0,0
bravos_2026-06-11_zmIhCFYlBP0.txt,bravos,2026-06-11,360,179,0,2,1,0,0,0,0,0,0,0,0,2,0,3,0,0,0,0,0
bravos_2026-06-11_zmIhCFYlBP0.txt,bravos,2026-06-11,420,182,0,0,3,0,0,0,0,0,0,0,0,0,0,9,0,0,0,0,0
bravos_2026-06-11_zmIhCFYlBP0.txt,bravos,2026-06-11,480,189,0,4,2,0,0,0,0,0,0,2,0,0,0,2,0,0,0,0,0
bravos_2026-06-11_zmIhCFYlBP0.txt,bravos,2026-06-11,540,181,0,1,1,0,0,0,0,0,0,1,4,0,0,0,0,0,0,0,0
bravos_2026-06-11_zmIhCFYlBP0.txt,bravos,2026-06-11,600,177,0,1,0,0,0,0,0,1,0,0,0,0,0,1,0,0,0,0,1
bravos_2026-06-11_zmIhCFYlBP0.txt,bravos,2026-06-11,660,7,1,0,0,0,0,0,0,0,0,0,0,0,0,0,0,0,0,0,0
bravos_2026-06-15_Ev6e1dJCelc.txt,bravos,2026-06-15,0,181,0,0,0,1,0,0,0,4,0,0,0,0,0,0,0,0,0,0,0
bravos_2026-06-15_Ev6e1dJCelc.txt,bravos,2026-06-15,60,186,0,0,0,0,0,0,0,4,0,0,0,0,0,1,0,0,0,0,0
bravos_2026-06-15_Ev6e1dJCelc.txt,bravos,2026-06-15,120,188,0,0,0,1,0,0,0,2,2,0,0,0,0,3,0,0,0,0,0
bravos_2026-06-15_Ev6e1dJCelc.txt,bravos,2026-06-15,180,196,0,0,0,0,0,0,1,1,0,0,0,0,0,0,0,0,0,0,0
bravos_2026-06-15_Ev6e1dJCelc.txt,bravos,2026-06-15,240,181,0,0,1,0,0,0,0,4,0,0,0,0,0,0,0,0,0,0,0
bravos_2026-06-15_Ev6e1dJCelc.txt,bravos,2026-06-15,300,179,0,0,0,0,0,0,0,6,1,0,0,0,0,0,0,0,0,0,0
bravos_2026-06-15_Ev6e1dJCelc.txt,bravos,2026-06-15,360,190,0,0,2,1,0,0,0,3,1,0,0,0,0,0,0,0,0,0,0
bravos_2026-06-15_Ev6e1dJCelc.txt,bravos,2026-06-15,420,186,0,0,2,1,0,1,1,2,0,0,0,0,0,2,0,0,0,0,0
bravos_2026-06-15_Ev6e1dJCelc.txt,bravos,2026-06-15,480,183,0,0,0,1,0,0,0,1,0,0,0,1,0,0,0,0,0,0,1
bravos_2026-06-15_Ev6e1dJCelc.txt,bravos,2026-06-15,540,26,1,0,0,0,0,0,0,0,0,0,0,0,0,0,0,0,0,0,0
bravos_2026-06-18_ArL4djz-76c.txt,bravos,2026-06-18,0,185,0,0,1,0,0,0,0,0,0,0,0,0,0,0,0,0,0,0,0
bravos_2026-06-18_ArL4djz-76c.txt,bravos,2026-06-18,60,179,0,0,0,0,0,0,0,0,0,5,0,0,0,0,0,0,0,0,0
bravos_2026-06-18_ArL4djz-76c.txt,bravos,2026-06-18,120,185,0,0,0,0,0,0,3,0,0,3,0,0,0,0,0,0,0,0,0
bravos_2026-06-18_ArL4djz-76c.txt,bravos,2026-06-18,180,183,0,0,0,0,0,0,1,0,0,4,0,0,0,0,0,0,0,0,0
bravos_2026-06-18_ArL4djz-76c.txt,bravos,2026-06-18,240,200,0,1,0,0,0,0,1,0,0,3,0,0,0,0,0,0,0,0,0
bravos_2026-06-18_ArL4djz-76c.txt,bravos,2026-06-18,300,185,0,1,1,0,0,0,1,0,0,1,0,0,0,0,0,0,0,0,0
bravos_2026-06-18_ArL4djz-76c.txt,bravos,2026-06-18,360,176,0,0,1,0,0,0,1,0,0,1,0,0,0,0,0,0,0,0,0
bravos_2026-06-18_ArL4djz-76c.txt,bravos,2026-06-18,420,59,2,1,0,0,0,0,0,0,0,0,0,0,0,0,0,0,0,0,0
bravos_2026-06-29_OZhbi8m1Mw8.txt,bravos,2026-06-29,0,175,0,0,0,0,0,0,0,0,1,0,0,3,0,0,0,0,0,0,0
bravos_2026-06-29_OZhbi8m1Mw8.txt,bravos,2026-06-29,60,196,0,0,0,0,0,0,0,0,0,0,0,4,0,0,0,0,0,0,0
bravos_2026-06-29_OZhbi8m1Mw8.txt,bravos,2026-06-29,120,212,0,0,0,0,0,0,0,0,0,0,0,2,2,0,0,0,0,0,0
bravos_2026-06-29_OZhbi8m1Mw8.txt,bravos,2026-06-29,180,183,0,0,0,1,0,0,0,0,1,0,0,1,5,0,0,0,0,0,0
bravos_2026-06-29_OZhbi8m1Mw8.txt,bravos,2026-06-29,240,195,0,1,0,1,0,0,0,0,0,0,0,5,2,0,0,0,0,0,0
bravos_2026-06-29_OZhbi8m1Mw8.txt,bravos,2026-06-29,300,197,0,0,0,0,0,0,0,0,0,0,0,3,1,0,0,1,0,0,0
bravos_2026-06-29_OZhbi8m1Mw8.txt,bravos,2026-06-29,360,217,0,1,2,0,0,0,0,0,0,0,0,4,0,0,0,1,0,0,0
bravos_2026-06-29_OZhbi8m1Mw8.txt,bravos,2026-06-29,420,194,1,2,0,1,0,0,0,0,0,0,0,0,0,0,0,0,0,0,0
bravos_2026-06-29_OZhbi8m1Mw8.txt,bravos,2026-06-29,480,29,1,0,0,0,0,0,0,0,0,0,0,0,0,0,0,0,0,0,0
bravos_2026-07-07_J0qxWVhXd4o.txt,bravos,2026-07-07,0,206,0,0,0,0,0,6,0,0,0,0,0,0,0,0,0,0,0,0,0
bravos_2026-07-07_J0qxWVhXd4o.txt,bravos,2026-07-07,60,199,0,0,0,0,0,5,0,0,0,0,3,1,0,0,0,0,2,0,0
bravos_2026-07-07_J0qxWVhXd4o.txt,bravos,2026-07-07,120,197,0,1,0,0,0,2,0,2,0,3,1,0,0,0,0,0,2,0,0
bravos_2026-07-07_J0qxWVhXd4o.txt,bravos,2026-07-07,180,190,0,0,0,0,0,1,0,0,0,10,2,0,0,0,0,4,0,0,0
bravos_2026-07-07_J0qxWVhXd4o.txt,bravos,2026-07-07,240,191,0,1,1,0,0,2,0,0,0,8,4,0,0,1,0,1,0,0,0
bravos_2026-07-07_J0qxWVhXd4o.txt,bravos,2026-07-07,300,206,0,0,3,0,0,0,0,0,0,4,0,0,0,10,0,0,0,0,0
bravos_2026-07-07_J0qxWVhXd4o.txt,bravos,2026-07-07,360,183,0,0,3,0,0,0,6,0,0,2,0,0,0,9,0,1,0,0,0
bravos_2026-07-07_J0qxWVhXd4o.txt,bravos,2026-07-07,420,194,0,0,1,0,0,0,3,0,0,3,1,0,0,6,0,0,0,0,0
bravos_2026-07-07_J0qxWVhXd4o.txt,bravos,2026-07-07,480,198,0,1,2,0,0,0,0,0,1,0,5,0,0,2,0,0,0,0,0
bravos_2026-07-07_J0qxWVhXd4o.txt,bravos,2026-07-07,540,13,1,0,0,0,0,0,0,0,0,0,0,0,0,0,0,0,0,0,0
bravos_2026-07-23_QNFLN6IvB88.txt,bravos,2026-07-23,0,196,0,0,1,0,0,0,0,0,0,0,0,3,1,0,0,0,0,0,0
bravos_2026-07-23_QNFLN6IvB88.txt,bravos,2026-07-23,60,180,0,0,0,0,0,0,0,0,0,0,0,2,2,0,0,0,0,0,0
bravos_2026-07-23_QNFLN6IvB88.txt,bravos,2026-07-23,120,172,0,0,2,0,0,0,0,0,0,0,0,2,0,0,0,0,0,0,0
bravos_2026-07-23_QNFLN6IvB88.txt,bravos,2026-07-23,180,174,0,0,1,0,0,0,0,2,0,0,0,2,0,0,0,0,0,0,0
bravos_2026-07-23_QNFLN6IvB88.txt,bravos,2026-07-23,240,175,0,0,0,1,0,0,0,1,2,0,0,0,1,0,0,0,0,0,0
bravos_2026-07-23_QNFLN6IvB88.txt,bravos,2026-07-23,300,171,0,0,0,2,0,0,0,2,3,0,0,0,1,0,0,0,0,0,1
bravos_2026-07-23_QNFLN6IvB88.txt,bravos,2026-07-23,360,172,0,0,3,1,0,0,0,2,1,0,0,1,0,0,0,1,0,0,0
bravos_2026-07-23_QNFLN6IvB88.txt,bravos,2026-07-23,420,183,0,1,0,1,0,0,0,0,2,0,0,0,0,0,0,0,0,0,0
bravos_2026-07-23_QNFLN6IvB88.txt,bravos,2026-07-23,480,73,2,0,0,0,0,0,0,0,0,0,0,0,0,0,0,0,0,0,0
bravos_2026-08-04_VygtuX3arJA.txt,bravos,2026-08-04,0,185,0,0,0,0,0,0,0,0,0,0,0,0,1,0,0,0,0,0,0
bravos_2026-08-04_VygtuX3arJA.txt,bravos,2026-08-04,60,171,0,0,0,0,0,0,2,0,0,0,0,0,0,0,0,0,0,0,0
bravos_2026-08-04_VygtuX3arJA.txt,bravos,2026-08-04,120,175,0,0,0,0,0,0,0,0,0,0,0,0,0,0,0,0,0,0,0
bravos_2026-08-04_VygtuX3arJA.txt,bravos,2026-08-04,180,177,0,0,0,0,0,0,1,0,0,0,0,0,0,0,0,0,0,0,0
bravos_2026-08-04_VygtuX3arJA.txt,bravos,2026-08-04,240,175,0,0,1,0,0,0,0,0,0,0,0,0,0,0,0,0,0,0,0
bravos_2026-08-04_VygtuX3arJA.txt,bravos,2026-08-04,300,187,0,0,1,0,0,0,0,0,0,0,0,0,0,0,0,0,0,0,0
bravos_2026-08-04_VygtuX3arJA.txt,bravos,2026-08-04,360,158,0,0,1,0,0,0,0,0,0,0,0,0,0,0,0,0,0,0,0
bravos_2026-08-04_VygtuX3arJA.txt,bravos,2026-08-04,420,183,0,2,1,0,0,0,0,0,1,0,0,0,0,0,0,0,0,0,0
bravos_2026-08-04_VygtuX3arJA.txt,bravos,2026-08-04,480,156,4,0,0,0,0,0,0,0,0,0,0,0,0,0,0,0,0,0,0
bravos_2026-08-09_rv4PIOsQq_g.txt,bravos,2026-08-09,0,176,0,0,0,0,0,0,0,0,0,0,0,0,0,0,0,0,0,0,0
bravos_2026-08-09_rv4PIOsQq_g.txt,bravos,2026-08-09,60,190,0,0,3,0,0,0,0,0,0,0,0,0,0,0,0,0,0,0,0
bravos_2026-08-09_rv4PIOsQq_g.txt,bravos,2026-08-09,120,186,0,1,1,0,0,0,0,0,0,0,0,0,0,1,0,0,0,0,0
bravos_2026-08-09_rv4PIOsQq_g.txt,bravos,2026-08-09,180,189,0,0,0,0,0,0,0,2,0,0,0,0,0,2,0,0,0,0,0
bravos_2026-08-09_rv4PIOsQq_g.txt,bravos,2026-08-09,240,184,0,0,0,1,0,0,0,3,0,0,0,0,1,0,0,0,0,0,0
bravos_2026-08-09_rv4PIOsQq_g.txt,bravos,2026-08-09,300,200,0,0,0,0,0,0,0,0,0,0,0,0,0,0,0,0,0,0,0
bravos_2026-08-09_rv4PIOsQq_g.txt,bravos,2026-08-09,360,205,0,0,2,0,0,0,0,0,0,0,0,0,0,2,0,0,0,0,0
bravos_2026-08-09_rv4PIOsQq_g.txt,bravos,2026-08-09,420,203,1,2,3,0,0,0,0,0,0,0,0,0,0,0,0,0,0,0,0
bravos_2026-08-09_rv4PIOsQq_g.txt,bravos,2026-08-09,480,41,1,0,0,0,0,0,0,0,0,0,0,0,0,0,0,0,0,0,0
bravos_2026-08-11_ZZ7HyZu8FbE.txt,bravos,2026-08-11,0,167,0,0,1,0,0,0,0,0,0,1,4,0,0,0,3,0,0,0,0
bravos_2026-08-11_ZZ7HyZu8FbE.txt,bravos,2026-08-11,60,174,0,1,1,0,0,0,0,0,0,1,4,0,0,0,1,0,0,0,0
bravos_2026-08-11_ZZ7HyZu8FbE.txt,bravos,2026-08-11,120,180,0,0,0,0,0,0,0,0,1,1,0,0,0,1,1,0,0,0,0
bravos_2026-08-11_ZZ7HyZu8FbE.txt,bravos,2026-08-11,180,166,0,0,0,0,0,0,0,0,1,2,1,0,0,0,1,0,0,0,1
bravos_2026-08-11_ZZ7HyZu8FbE.txt,bravos,2026-08-11,240,172,0,0,0,0,0,0,0,0,0,0,0,0,0,0,0,3,0,0,1
bravos_2026-08-11_ZZ7HyZu8FbE.txt,bravos,2026-08-11,300,178,0,0,0,0,0,0,0,0,1,2,1,0,0,0,1,1,0,0,0
bravos_2026-08-11_ZZ7HyZu8FbE.txt,bravos,2026-08-11,360,173,0,0,3,1,0,0,0,0,1,4,1,0,0,1,0,0,0,0,0
bravos_2026-08-11_ZZ7HyZu8FbE.txt,bravos,2026-08-11,420,173,0,0,4,0,0,0,0,0,0,4,0,0,0,0,0,1,0,0,0
bravos_2026-08-11_ZZ7HyZu8FbE.txt,bravos,2026-08-11,480,186,0,0,1,0,0,0,0,0,0,1,0,0,0,0,0,0,0,0,0
bravos_2026-08-11_ZZ7HyZu8FbE.txt,bravos,2026-08-11,540,192,2,1,0,0,0,0,0,0,0,0,0,0,0,0,0,0,0,0,0
bravos_2026-08-13_4AkB4c0tTfU.txt,bravos,2026-08-13,0,183,0,0,0,2,0,0,0,0,0,0,0,0,0,0,0,0,0,0,0
bravos_2026-08-13_4AkB4c0tTfU.txt,bravos,2026-08-13,60,167,0,0,0,0,0,0,0,0,0,0,0,0,1,0,0,0,0,0,0
bravos_2026-08-13_4AkB4c0tTfU.txt,bravos,2026-08-13,120,189,0,0,1,0,0,0,0,0,0,0,0,0,0,0,0,0,0,0,0
bravos_2026-08-13_4AkB4c0tTfU.txt,bravos,2026-08-13,180,171,0,2,1,0,0,0,0,0,0,0,0,0,1,0,0,0,0,0,0
bravos_2026-08-13_4AkB4c0tTfU.txt,bravos,2026-08-13,240,163,0,0,1,1,0,0,0,0,0,0,0,0,0,0,0,0,0,0,0
bravos_2026-08-13_4AkB4c0tTfU.txt,bravos,2026-08-13,300,189,0,0,2,0,0,0,0,0,0,0,0,1,0,0,0,0,0,0,0
bravos_2026-08-13_4AkB4c0tTfU.txt,bravos,2026-08-13,360,183,0,0,0,0,0,0,0,0,0,0,0,0,0,0,0,0,0,0,0
bravos_2026-08-13_4AkB4c0tTfU.txt,bravos,2026-08-13,420,181,0,0,0,0,0,0,0,0,0,0,0,0,0,0,0,0,0,0,0
bravos_2026-08-13_4AkB4c0tTfU.txt,bravos,2026-08-13,480,200,0,1,3,0,0,0,0,0,0,0,0,0,0,0,0,0,0,0,0
bravos_2026-08-13_4AkB4c0tTfU.txt,bravos,2026-08-13,540,189,1,2,0,0,0,0,0,0,0,0,0,0,0,0,0,0,0,0,0
bravos_2026-08-13_4AkB4c0tTfU.txt,bravos,2026-08-13,600,124,2,0,1,0,0,0,0,0,0,0,0,0,0,0,0,0,0,0,0
bravos_2026-08-18_nB1eXWQlW58.txt,bravos,2026-08-18,0,183,0,0,0,1,0,0,0,0,0,9,0,0,0,0,0,0,0,0,0
bravos_2026-08-18_nB1eXWQlW58.txt,bravos,2026-08-18,60,177,0,0,0,3,0,0,0,0,0,7,0,0,0,0,0,0,0,0,0
bravos_2026-08-18_nB1eXWQlW58.txt,bravos,2026-08-18,120,195,0,1,3,0,0,0,0,0,0,3,0,0,0,3,0,0,0,0,0
bravos_2026-08-18_nB1eXWQlW58.txt,bravos,2026-08-18,180,183,0,1,0,0,0,0,0,0,1,10,0,0,0,0,0,0,0,0,0
bravos_2026-08-18_nB1eXWQlW58.txt,bravos,2026-08-18,240,192,0,2,0,0,0,1,1,0,0,5,0,0,0,0,0,0,0,0,0
bravos_2026-08-18_nB1eXWQlW58.txt,bravos,2026-08-18,300,185,0,0,1,1,0,0,0,0,2,4,0,0,0,0,1,0,0,0,0
bravos_2026-08-18_nB1eXWQlW58.txt,bravos,2026-08-18,360,214,0,1,1,0,0,0,0,0,1,2,0,0,0,1,0,0,0,0,0
bravos_2026-08-18_nB1eXWQlW58.txt,bravos,2026-08-18,420,191,0,0,1,0,0,0,0,0,0,5,0,0,0,0,0,0,0,0,0
bravos_2026-08-18_nB1eXWQlW58.txt,bravos,2026-08-18,480,194,0,0,1,1,0,0,0,0,0,2,0,0,0,2,0,0,0,0,0
bravos_2026-08-18_nB1eXWQlW58.txt,bravos,2026-08-18,540,209,1,0,1,0,0,0,0,0,0,0,0,0,0,0,0,0,0,0,0
bravos_2026-08-18_nB1eXWQlW58.txt,bravos,2026-08-18,600,102,2,0,0,0,0,0,0,0,0,0,0,0,0,0,0,0,0,0,0
bravos_2026-08-21_Jw8ykhoOVBQ.txt,bravos,2026-08-21,0,180,0,1,0,0,0,0,0,0,0,0,0,5,0,0,0,0,0,0,0
bravos_2026-08-21_Jw8ykhoOVBQ.txt,bravos,2026-08-21,60,191,0,0,1,0,0,0,0,0,0,0,0,7,0,0,0,0,0,0,0
bravos_2026-08-21_Jw8ykhoOVBQ.txt,bravos,2026-08-21,120,183,0,1,0,0,0,0,0,0,0,0,0,5,0,0,0,0,0,0,0
bravos_2026-08-21_Jw8ykhoOVBQ.txt,bravos,2026-08-21,180,199,0,0,1,0,0,0,0,0,0,0,0,0,0,0,0,0,0,0,0
bravos_2026-08-21_Jw8ykhoOVBQ.txt,bravos,2026-08-21,240,179,0,0,0,2,0,0,0,0,0,0,0,5,0,0,0,0,0,0,0
bravos_2026-08-21_Jw8ykhoOVBQ.txt,bravos,2026-08-21,300,168,0,0,1,0,0,0,0,0,0,0,0,3,1,0,0,0,0,0,0
bravos_2026-08-21_Jw8ykhoOVBQ.txt,bravos,2026-08-21,360,195,0,1,0,1,0,0,0,0,0,0,0,4,0,0,0,0,0,0,0
bravos_2026-08-21_Jw8ykhoOVBQ.txt,bravos,2026-08-21,420,198,0,0,1,0,0,0,0,0,0,1,0,5,3,0,0,0,0,0,0
bravos_2026-08-21_Jw8ykhoOVBQ.txt,bravos,2026-08-21,480,172,0,0,0,0,0,0,0,0,0,0,0,2,1,0,0,0,0,0,0
bravos_2026-08-21_Jw8ykhoOVBQ.txt,bravos,2026-08-21,540,190,0,0,0,0,0,0,0,0,1,0,0,0,0,4,0,0,0,0,0
bravos_2026-08-21_Jw8ykhoOVBQ.txt,bravos,2026-08-21,600,179,0,0,0,1,0,0,0,0,1,0,0,2,2,6,0,0,0,0,0
bravos_2026-08-21_Jw8ykhoOVBQ.txt,bravos,2026-08-21,660,156,0,0,1,0,0,0,0,0,1,0,0,1,0,4,0,0,0,0,0
bravos_2026-08-21_Jw8ykhoOVBQ.txt,bravos,2026-08-21,720,197,0,2,1,0,0,0,0,0,0,0,0,1,0,2,0,0,0,0,0
bravos_2026-08-21_Jw8ykhoOVBQ.txt,bravos,2026-08-21,780,198,1,0,0,0,0,0,0,0,0,0,0,0,0,0,0,0,0,0,0
bravos_2026-08-21_Jw8ykhoOVBQ.txt,bravos,2026-08-21,840,68,2,0,1,0,0,0,0,0,0,0,0,0,0,0,0,0,0,0,0
bravos_2026-08-25_PWMhM2_dj3s.txt,bravos,2026-08-25,0,176,0,0,3,0,0,0,0,0,1,0,0,0,0,0,0,0,0,0,0
bravos_2026-08-25_PWMhM2_dj3s.txt,bravos,2026-08-25,60,185,0,0,0,4,0,0,0,0,2,0,0,0,0,0,0,0,0,0,0
bravos_2026-08-25_PWMhM2_dj3s.txt,bravos,2026-08-25,120,190,0,1,0,0,0,0,0,0,2,0,0,0,0,0,0,0,0,0,0
bravos_2026-08-25_PWMhM2_dj3s.txt,bravos,2026-08-25,180,191,0,1,0,0,0,0,0,0,1,0,0,0,0,1,0,0,0,0,0
bravos_2026-08-25_PWMhM2_dj3s.txt,bravos,2026-08-25,240,182,0,0,0,1,0,0,0,0,2,0,0,0,0,0,0,0,0,0,0
bravos_2026-08-25_PWMhM2_dj3s.txt,bravos,2026-08-25,300,177,0,0,0,0,0,0,0,0,2,0,0,0,0,0,0,0,0,0,0
bravos_2026-08-25_PWMhM2_dj3s.txt,bravos,2026-08-25,360,175,0,0,0,1,0,0,0,0,4,1,1,0,0,0,0,0,0,0,0
bravos_2026-08-25_PWMhM2_dj3s.txt,bravos,2026-08-25,420,172,0,0,0,0,0,0,0,0,3,5,5,0,0,0,0,0,0,0,0
bravos_2026-08-25_PWMhM2_dj3s.txt,bravos,2026-08-25,480,177,0,0,2,0,0,0,1,0,4,0,0,0,0,0,0,0,0,0,0
bravos_2026-08-25_PWMhM2_dj3s.txt,bravos,2026-08-25,540,169,0,0,0,0,0,0,6,0,2,0,0,0,0,2,0,0,0,0,0
bravos_2026-08-25_PWMhM2_dj3s.txt,bravos,2026-08-25,600,186,0,0,0,0,0,0,3,0,3,0,0,0,0,0,0,0,0,0,0
bravos_2026-08-25_PWMhM2_dj3s.txt,bravos,2026-08-25,660,172,0,1,0,0,0,0,0,0,4,1,1,0,0,0,0,0,0,0,0
bravos_2026-08-25_PWMhM2_dj3s.txt,bravos,2026-08-25,720,177,0,0,2,0,0,0,0,1,5,0,0,0,0,0,0,0,0,0,0
bravos_2026-08-25_PWMhM2_dj3s.txt,bravos,2026-08-25,780,177,0,0,2,0,0,0,1,0,2,0,0,0,0,3,0,0,0,0,0
bravos_2026-08-25_PWMhM2_dj3s.txt,bravos,2026-08-25,840,180,0,1,0,1,0,0,0,0,1,3,0,0,0,3,0,0,0,0,0
bravos_2026-08-25_PWMhM2_dj3s.txt,bravos,2026-08-25,900,181,0,2,1,0,0,0,0,0,1,7,0,0,0,0,1,0,0,0,0
bravos_2026-08-25_PWMhM2_dj3s.txt,bravos,2026-08-25,960,194,0,0,0,1,0,0,0,0,1,5,0,0,0,0,0,0,0,0,0
bravos_2026-08-25_PWMhM2_dj3s.txt,bravos,2026-08-25,1020,186,0,0,1,0,0,0,0,1,0,1,0,0,0,0,0,0,0,0,0
bravos_2026-08-25_PWMhM2_dj3s.txt,bravos,2026-08-25,1080,126,3,0,0,0,0,0,0,0,0,0,0,0,0,0,0,0,0,0,0
bravos_2026-08-27_cbknsJEshD8.txt,bravos,2026-08-27,0,187,0,0,0,0,0,0,0,0,0,0,6,0,0,0,7,1,0,0,0
bravos_2026-08-27_cbknsJEshD8.txt,bravos,2026-08-27,60,189,2,0,2,0,0,0,0,0,0,0,1,0,0,0,3,0,0,0,0
bravos_2026-08-27_cbknsJEshD8.txt,bravos,2026-08-27,120,179,2,0,0,0,0,0,0,0,0,3,4,0,0,0,1,0,0,0,0
bravos_2026-08-27_cbknsJEshD8.txt,bravos,2026-08-27,180,192,0,0,2,0,0,0,0,0,0,3,5,0,0,0,1,0,0,0,0
bravos_2026-08-27_cbknsJEshD8.txt,bravos,2026-08-27,240,169,0,0,0,0,0,0,0,0,0,2,4,0,0,0,0,0,0,0,0
bravos_2026-08-27_cbknsJEshD8.txt,bravos,2026-08-27,300,166,0,0,0,0,0,0,0,0,0,2,8,0,0,0,0,0,0,0,0
bravos_2026-08-27_cbknsJEshD8.txt,bravos,2026-08-27,360,184,0,0,1,0,0,0,0,0,0,0,9,0,0,0,1,0,0,0,0
bravos_2026-08-27_cbknsJEshD8.txt,bravos,2026-08-27,420,172,0,0,2,0,0,0,0,0,0,1,9,0,0,0,0,0,0,0,0
bravos_2026-08-27_cbknsJEshD8.txt,bravos,2026-08-27,480,173,0,0,0,0,0,0,0,0,0,0,8,0,0,0,0,0,0,0,0
bravos_2026-08-27_cbknsJEshD8.txt,bravos,2026-08-27,540,180,0,0,0,0,0,0,0,0,0,0,7,0,0,0,1,0,0,0,0
bravos_2026-08-27_cbknsJEshD8.txt,bravos,2026-08-27,600,168,0,0,3,0,0,0,0,0,0,0,4,0,0,0,5,0,0,0,0
bravos_2026-08-27_cbknsJEshD8.txt,bravos,2026-08-27,660,184,0,3,0,0,0,0,0,0,0,0,10,0,0,0,4,0,0,0,0
bravos_2026-08-27_cbknsJEshD8.txt,bravos,2026-08-27,720,182,0,0,1,0,0,0,0,0,0,0,8,0,0,0,4,0,0,0,0
bravos_2026-08-27_cbknsJEshD8.txt,bravos,2026-08-27,780,176,0,0,2,0,0,0,0,0,0,0,3,0,0,0,1,0,0,0,0
bravos_2026-08-27_cbknsJEshD8.txt,bravos,2026-08-27,840,184,0,0,2,0,0,0,0,0,1,4,8,0,0,0,4,0,0,0,0
bravos_2026-08-27_cbknsJEshD8.txt,bravos,2026-08-27,900,181,0,0,0,0,0,0,0,0,0,7,3,0,0,0,3,0,0,0,0
bravos_2026-08-27_cbknsJEshD8.txt,bravos,2026-08-27,960,184,0,2,3,1,0,0,0,0,0,7,2,0,0,0,2,0,0,0,0
bravos_2026-08-27_cbknsJEshD8.txt,bravos,2026-08-27,1020,201,1,3,1,0,0,0,0,0,0,0,0,0,0,0,0,0,0,0,0
bravos_2026-08-27_cbknsJEshD8.txt,bravos,2026-08-27,1080,84,1,0,0,0,0,0,0,0,0,0,0,0,0,0,0,0,0,0,0
bravos_2026-09-05__rwFYNlKtEc.txt,bravos,2026-09-05,0,183,0,0,0,1,0,0,0,0,2,0,0,0,0,1,0,0,0,0,0
bravos_2026-09-05__rwFYNlKtEc.txt,bravos,2026-09-05,60,163,0,0,2,0,0,0,0,0,1,0,1,0,0,0,0,0,0,0,0
bravos_2026-09-05__rwFYNlKtEc.txt,bravos,2026-09-05,120,184,0,0,1,0,0,0,0,0,4,0,0,0,0,1,0,0,0,0,0
bravos_2026-09-05__rwFYNlKtEc.txt,bravos,2026-09-05,180,180,0,0,0,0,0,0,0,0,4,0,0,0,0,0,0,0,0,0,0
bravos_2026-09-05__rwFYNlKtEc.txt,bravos,2026-09-05,240,159,0,0,2,0,0,0,0,0,1,0,0,0,0,0,0,0,0,0,0
bravos_2026-09-05__rwFYNlKtEc.txt,bravos,2026-09-05,300,192,0,0,0,0,0,0,1,0,0,0,0,0,0,4,0,0,0,0,0
bravos_2026-09-05__rwFYNlKtEc.txt,bravos,2026-09-05,360,173,0,0,0,0,0,0,0,0,2,0,0,0,0,2,0,0,0,0,0
bravos_2026-09-05__rwFYNlKtEc.txt,bravos,2026-09-05,420,220,1,0,4,0,0,0,0,0,0,0,0,0,0,3,0,0,0,0,0
bravos_2026-09-05__rwFYNlKtEc.txt,bravos,2026-09-05,480,186,3,0,0,0,0,0,0,0,0,0,0,0,0,2,0,0,0,0,0
bravos_2026-09-05__rwFYNlKtEc.txt,bravos,2026-09-05,540,153,0,0,0,0,0,0,0,0,1,0,0,0,0,5,0,0,0,0,0
bravos_2026-09-05__rwFYNlKtEc.txt,bravos,2026-09-05,600,163,0,0,1,0,0,0,0,0,4,1,0,0,0,1,0,0,0,0,0
bravos_2026-09-05__rwFYNlKtEc.txt,bravos,2026-09-05,660,190,0,0,0,0,0,0,1,0,1,1,0,0,0,4,0,0,0,0,0
bravos_2026-09-05__rwFYNlKtEc.txt,bravos,2026-09-05,720,159,0,0,2,0,0,0,0,0,3,0,0,0,0,1,0,0,0,0,0
bravos_2026-09-05__rwFYNlKtEc.txt,bravos,2026-09-05,780,181,0,0,0,0,0,0,0,0,4,0,0,0,0,0,0,0,0,0,0
bravos_2026-09-05__rwFYNlKtEc.txt,bravos,2026-09-05,840,170,0,0,0,0,0,0,0,1,2,0,0,0,0,0,0,0,0,0,0
bravos_2026-09-05__rwFYNlKtEc.txt,bravos,2026-09-05,900,178,0,0,2,0,0,0,0,0,3,0,0,0,0,0,0,0,0,0,0
bravos_2026-09-05__rwFYNlKtEc.txt,bravos,2026-09-05,960,156,0,1,0,1,0,0,0,0,4,1,0,0,0,2,0,0,0,0,0
bravos_2026-09-05__rwFYNlKtEc.txt,bravos,2026-09-05,1020,177,0,0,1,0,0,0,0,0,1,0,0,0,0,3,0,0,0,0,0
bravos_2026-09-05__rwFYNlKtEc.txt,bravos,2026-09-05,1080,180,0,0,1,0,0,0,0,0,0,0,0,0,0,3,0,0,0,0,0
bravos_2026-09-05__rwFYNlKtEc.txt,bravos,2026-09-05,1140,164,0,0,0,0,0,0,0,0,1,0,0,0,0,1,0,0,0,0,0
bravos_2026-09-05__rwFYNlKtEc.txt,bravos,2026-09-05,1200,191,0,1,1,1,0,0,1,1,1,0,0,0,0,2,0,0,0,0,0
bravos_2026-09-05__rwFYNlKtEc.txt,bravos,2026-09-05,1260,120,1,0,0,0,0,0,0,0,0,0,0,0,0,0,0,0,0,0,0
bravos_2026-09-09_1ZS5_txbOsc.txt,bravos,2026-09-09,0,183,0,1,0,1,0,2,0,1,0,0,0,0,0,0,5,0,0,0,0
bravos_2026-09-09_1ZS5_txbOsc.txt,bravos,2026-09-09,60,189,0,0,0,2,0,4,0,2,0,0,0,0,0,0,0,0,0,0,0
bravos_2026-09-09_1ZS5_txbOsc.txt,bravos,2026-09-09,120,194,0,0,0,0,0,9,0,0,2,0,0,0,0,0,0,0,0,0,0
bravos_2026-09-09_1ZS5_txbOsc.txt,bravos,2026-09-09,180,161,0,0,0,1,0,4,0,0,2,0,0,0,0,0,0,0,0,0,0
bravos_2026-09-09_1ZS5_txbOsc.txt,bravos,2026-09-09,240,181,0,0,0,1,0,4,0,1,1,0,0,0,0,0,3,0,0,0,0
bravos_2026-09-09_1ZS5_txbOsc.txt,bravos,2026-09-09,300,178,0,0,1,1,0,7,0,0,2,0,0,0,0,0,2,0,0,0,0
bravos_2026-09-09_1ZS5_txbOsc.txt,bravos,2026-09-09,360,204,4,0,0,0,0,1,0,0,0,0,0,0,0,0,2,0,0,0,0
bravos_2026-09-09_1ZS5_txbOsc.txt,bravos,2026-09-09,420,170,0,0,0,0,0,5,0,0,0,0,0,0,0,0,4,0,0,0,0
bravos_2026-09-09_1ZS5_txbOsc.txt,bravos,2026-09-09,480,156,0,0,2,0,0,6,0,0,0,0,0,0,0,0,4,0,0,0,0
bravos_2026-09-09_1ZS5_txbOsc.txt,bravos,2026-09-09,540,169,0,0,1,0,0,8,0,0,0,0,0,0,0,0,0,1,0,0,0
bravos_2026-09-09_1ZS5_txbOsc.txt,bravos,2026-09-09,600,180,0,0,1,0,0,6,0,0,0,2,0,0,0,0,0,0,0,0,0
bravos_2026-09-09_1ZS5_txbOsc.txt,bravos,2026-09-09,660,182,0,0,2,0,0,4,0,0,0,3,0,0,0,0,4,0,0,0,0
bravos_2026-09-09_1ZS5_txbOsc.txt,bravos,2026-09-09,720,163,0,1,3,0,0,10,0,0,0,0,0,0,0,0,4,0,0,0,0
bravos_2026-09-09_1ZS5_txbOsc.txt,bravos,2026-09-09,780,187,0,0,0,0,0,7,0,0,0,0,0,0,0,0,1,0,0,0,0
bravos_2026-09-09_1ZS5_txbOsc.txt,bravos,2026-09-09,840,182,0,0,1,0,0,5,0,0,0,1,0,0,0,0,7,2,0,0,0
bravos_2026-09-09_1ZS5_txbOsc.txt,bravos,2026-09-09,900,163,0,0,1,1,0,1,0,0,0,0,0,0,0,0,4,0,0,0,0
bravos_2026-09-09_1ZS5_txbOsc.txt,bravos,2026-09-09,960,177,0,0,1,0,0,1,0,0,1,0,0,0,0,1,3,0,0,0,0
bravos_2026-09-09_1ZS5_txbOsc.txt,bravos,2026-09-09,1020,188,0,1,1,0,0,0,0,0,0,0,0,0,0,0,3,0,0,0,0
bravos_2026-09-09_1ZS5_txbOsc.txt,bravos,2026-09-09,1080,174,0,1,4,1,0,0,0,0,0,0,0,0,0,0,1,0,0,0,0
bravos_2026-09-09_1ZS5_txbOsc.txt,bravos,2026-09-09,1140,179,3,0,0,0,0,0,0,0,0,0,0,0,0,0,0,0,0,0,0
bravos_2026-09-12_RUH3BPQ5fTo.txt,bravos,2026-09-12,0,160,0,0,0,1,0,0,0,0,3,0,0,5,0,0,0,0,0,0,0
bravos_2026-09-12_RUH3BPQ5fTo.txt,bravos,2026-09-12,60,177,0,0,2,1,0,0,0,0,6,0,0,3,1,0,0,0,0,0,1
bravos_2026-09-12_RUH3BPQ5fTo.txt,bravos,2026-09-12,120,194,0,0,1,1,0,0,0,0,10,0,0,2,0,0,0,0,0,0,0
bravos_2026-09-12_RUH3BPQ5fTo.txt,bravos,2026-09-12,180,183,2,0,0,0,0,0,0,0,3,0,0,1,0,0,0,0,0,0,0
bravos_2026-09-12_RUH3BPQ5fTo.txt,bravos,2026-09-12,240,199,2,0,1,0,0,0,0,0,3,0,0,0,0,1,0,0,0,0,0
bravos_2026-09-12_RUH3BPQ5fTo.txt,bravos,2026-09-12,300,179,0,0,0,1,0,0,0,0,4,0,0,0,0,1,0,0,0,0,0
bravos_2026-09-12_RUH3BPQ5fTo.txt,bravos,2026-09-12,360,186,0,0,0,0,0,0,0,0,5,0,0,0,1,2,0,0,0,0,3
bravos_2026-09-12_RUH3BPQ5fTo.txt,bravos,2026-09-12,420,177,0,0,1,2,0,0,0,1,6,0,0,0,2,0,0,0,0,0,0
bravos_2026-09-12_RUH3BPQ5fTo.txt,bravos,2026-09-12,480,171,0,0,0,1,0,0,0,0,6,0,0,5,1,0,0,0,0,0,0
bravos_2026-09-12_RUH3BPQ5fTo.txt,bravos,2026-09-12,540,183,0,3,2,0,0,0,0,0,4,0,0,5,1,0,0,0,0,0,0
bravos_2026-09-12_RUH3BPQ5fTo.txt,bravos,2026-09-12,600,173,0,0,0,0,0,0,0,0,2,1,0,5,0,0,0,0,0,0,0
bravos_2026-09-12_RUH3BPQ5fTo.txt,bravos,2026-09-12,660,159,0,0,0,0,0,0,0,0,2,0,0,6,1,0,0,0,0,0,0
bravos_2026-09-12_RUH3BPQ5fTo.txt,bravos,2026-09-12,720,165,0,1,1,0,0,0,0,0,1,0,0,5,1,0,0,0,0,0,0
bravos_2026-09-12_RUH3BPQ5fTo.txt,bravos,2026-09-12,780,178,0,0,4,0,0,0,0,0,1,0,0,5,0,0,0,0,0,0,0
bravos_2026-09-12_RUH3BPQ5fTo.txt,bravos,2026-09-12,840,160,0,0,4,0,0,0,0,0,1,0,0,5,1,0,0,0,0,0,0
bravos_2026-09-12_RUH3BPQ5fTo.txt,bravos,2026-09-12,900,175,0,0,0,1,0,0,0,0,5,0,0,0,0,4,0,0,0,0,0
bravos_2026-09-12_RUH3BPQ5fTo.txt,bravos,2026-09-12,960,178,0,1,1,0,0,0,0,0,3,0,0,3,1,10,0,0,0,0,0
bravos_2026-09-12_RUH3BPQ5fTo.txt,bravos,2026-09-12,1020,175,0,0,4,0,0,0,1,0,2,1,0,6,2,4,0,0,0,0,0
bravos_2026-09-12_RUH3BPQ5fTo.txt,bravos,2026-09-12,1080,181,0,1,1,1,0,0,0,0,1,0,0,0,4,2,0,0,0,0,0
bravos_2026-09-12_RUH3BPQ5fTo.txt,bravos,2026-09-12,1140,193,4,0,1,0,0,0,0,0,0,0,0,0,0,0,0,0,0,0,0
bravos_2026-09-16_jx3Ll-GJtMY.txt,bravos,2026-09-16,0,158,0,0,1,0,0,0,0,0,0,0,0,5,1,0,0,1,0,0,0
bravos_2026-09-16_jx3Ll-GJtMY.txt,bravos,2026-09-16,60,164,0,1,2,0,0,0,0,0,0,0,0,3,0,0,0,0,0,0,0
bravos_2026-09-16_jx3Ll-GJtMY.txt,bravos,2026-09-16,120,165,0,0,0,0,0,0,0,0,0,0,0,0,0,0,0,0,0,0,0
bravos_2026-09-16_jx3Ll-GJtMY.txt,bravos,2026-09-16,180,159,0,0,2,0,0,0,0,0,0,0,0,3,0,0,0,0,0,0,0
bravos_2026-09-16_jx3Ll-GJtMY.txt,bravos,2026-09-16,240,160,0,0,0,1,0,0,0,0,0,0,0,0,0,0,0,1,0,0,0
bravos_2026-09-16_jx3Ll-GJtMY.txt,bravos,2026-09-16,300,167,0,0,1,0,0,0,0,0,0,0,0,1,1,0,0,0,0,0,0
bravos_2026-09-16_jx3Ll-GJtMY.txt,bravos,2026-09-16,360,196,0,0,0,1,0,0,0,0,0,0,0,1,0,4,0,0,0,0,0
bravos_2026-09-16_jx3Ll-GJtMY.txt,bravos,2026-09-16,420,181,1,0,0,0,0,0,0,0,0,1,0,1,0,0,0,0,0,0,0
bravos_2026-09-16_jx3Ll-GJtMY.txt,bravos,2026-09-16,480,170,0,0,0,0,0,0,0,0,0,0,0,4,0,0,0,0,0,0,0
bravos_2026-09-16_jx3Ll-GJtMY.txt,bravos,2026-09-16,540,177,0,0,1,1,0,0,0,0,0,0,0,1,0,0,0,0,0,0,0
bravos_2026-09-16_jx3Ll-GJtMY.txt,bravos,2026-09-16,600,158,0,0,2,0,0,0,0,0,1,0,0,2,0,0,0,0,0,0,0
bravos_2026-09-16_jx3Ll-GJtMY.txt,bravos,2026-09-16,660,193,0,0,3,0,0,0,0,0,0,0,0,0,0,0,0,0,0,0,0
bravos_2026-09-16_jx3Ll-GJtMY.txt,bravos,2026-09-16,720,182,0,0,2,2,0,0,0,0,0,0,0,1,0,0,0,3,0,0,0
bravos_2026-09-16_jx3Ll-GJtMY.txt,bravos,2026-09-16,780,169,0,0,0,0,0,0,0,0,0,0,0,2,0,0,0,2,0,0,0
bravos_2026-09-16_jx3Ll-GJtMY.txt,bravos,2026-09-16,840,166,0,1,0,0,0,0,0,1,0,0,0,2,0,0,0,2,0,0,0
bravos_2026-09-16_jx3Ll-GJtMY.txt,bravos,2026-09-16,900,199,0,1,1,2,0,0,0,0,0,0,0,4,0,0,0,1,0,0,0
bravos_2026-09-16_jx3Ll-GJtMY.txt,bravos,2026-09-16,960,196,0,0,0,0,0,0,0,0,0,0,0,0,0,5,0,1,0,0,0
bravos_2026-09-16_jx3Ll-GJtMY.txt,bravos,2026-09-16,1020,175,0,0,1,0,0,0,0,0,0,0,0,0,0,1,0,1,0,0,0
bravos_2026-09-16_jx3Ll-GJtMY.txt,bravos,2026-09-16,1080,183,0,1,3,1,0,0,0,0,0,0,0,1,0,1,0,0,0,0,0
bravos_2026-09-16_jx3Ll-GJtMY.txt,bravos,2026-09-16,1140,197,0,3,2,0,0,0,0,0,0,0,0,1,0,3,0,0,0,0,0
bravos_2026-09-16_jx3Ll-GJtMY.txt,bravos,2026-09-16,1200,203,3,1,1,0,0,0,0,0,0,0,0,0,0,0,0,0,0,0,0
bravos_2026-09-16_jx3Ll-GJtMY.txt,bravos,2026-09-16,1260,10,0,0,0,0,0,0,0,0,0,0,0,0,0,0,0,0,0,0,0
jikh_2026-03-16_jQUUAEemvSE.txt,jikh,2026-03-16,0,179,0,0,1,0,0,0,0,0,3,0,0,0,0,0,0,0,0,0,1
jikh_2026-03-16_jQUUAEemvSE.txt,jikh,2026-03-16,60,169,0,0,3,1,0,0,0,0,4,0,0,0,0,2,0,0,0,0,0
jikh_2026-03-16_jQUUAEemvSE.txt,jikh,2026-03-16,120,171,0,0,0,0,0,0,0,0,1,0,0,0,0,0,0,0,0,0,0
jikh_2026-03-16_jQUUAEemvSE.txt,jikh,2026-03-16,180,151,0,1,0,0,0,3,0,1,2,0,0,0,0,0,0,0,0,0,0
jikh_2026-03-16_jQUUAEemvSE.txt,jikh,2026-03-16,240,206,0,0,4,1,0,0,0,3,1,0,0,0,0,0,0,0,0,0,0
jikh_2026-03-16_jQUUAEemvSE.txt,jikh,2026-03-16,300,155,0,0,0,0,0,0,0,0,0,0,0,0,0,0,0,0,0,0,3
jikh_2026-03-16_jQUUAEemvSE.txt,jikh,2026-03-16,360,162,0,0,3,3,0,1,0,1,0,0,0,2,0,0,0,0,0,0,0
jikh_2026-03-16_jQUUAEemvSE.txt,jikh,2026-03-16,420,170,0,0,0,0,0,0,0,0,2,0,0,0,0,0,0,0,0,0,2
jikh_2026-03-16_jQUUAEemvSE.txt,jikh,2026-03-16,480,160,0,0,1,0,0,0,0,0,1,0,0,2,0,0,0,0,0,0,0
jikh_2026-03-16_jQUUAEemvSE.txt,jikh,2026-03-16,540,221,2,0,0,0,0,0,0,0,0,0,0,0,0,0,0,0,0,0,0
jikh_2026-03-16_jQUUAEemvSE.txt,jikh,2026-03-16,600,157,1,1,1,0,0,4,0,3,0,0,0,0,0,0,0,0,0,0,0
jikh_2026-03-16_jQUUAEemvSE.txt,jikh,2026-03-16,660,144,0,0,1,0,0,8,0,5,0,0,0,0,0,0,0,0,0,0,0
jikh_2026-03-16_jQUUAEemvSE.txt,jikh,2026-03-16,720,151,0,0,1,1,0,5,0,1,0,0,0,0,0,2,0,1,0,0,0
jikh_2026-03-16_jQUUAEemvSE.txt,jikh,2026-03-16,780,167,0,0,0,0,0,3,4,3,0,0,0,0,0,2,0,0,0,0,0
jikh_2026-03-16_jQUUAEemvSE.txt,jikh,2026-03-16,840,174,0,1,6,0,0,2,2,3,0,0,0,0,0,0,0,0,0,0,0
jikh_2026-03-16_jQUUAEemvSE.txt,jikh,2026-03-16,900,176,0,0,0,0,0,0,0,0,3,0,0,0,0,0,0,0,0,0,0
jikh_2026-03-16_jQUUAEemvSE.txt,jikh,2026-03-16,960,166,0,2,0,0,0,0,0,0,3,2,0,0,0,1,0,0,0,0,0
jikh_2026-03-16_jQUUAEemvSE.txt,jikh,2026-03-16,1020,144,0,0,0,0,0,1,0,1,2,0,0,1,0,0,0,0,0,0,0
jikh_2026-03-16_jQUUAEemvSE.txt,jikh,2026-03-16,1080,163,0,0,2,0,0,0,0,0,3,0,0,0,0,1,0,0,0,0,1
jikh_2026-03-16_jQUUAEemvSE.txt,jikh,2026-03-16,1140,168,0,0,2,0,0,1,0,0,2,0,5,0,0,3,0,0,0,0,0
jikh_2026-03-16_jQUUAEemvSE.txt,jikh,2026-03-16,1200,133,0,0,0,0,0,0,0,0,1,0,9,0,0,0,0,0,0,0,0
jikh_2026-03-16_jQUUAEemvSE.txt,jikh,2026-03-16,1260,151,0,0,2,0,0,0,0,0,1,1,4,0,0,0,0,0,0,0,0
jikh_2026-03-16_jQUUAEemvSE.txt,jikh,2026-03-16,1320,151,0,0,1,0,0,0,0,0,1,1,4,0,0,0,0,0,0,0,0
jikh_2026-03-16_jQUUAEemvSE.txt,jikh,2026-03-16,1380,151,0,0,2,1,0,3,0,0,0,0,3,0,0,0,0,0,0,0,0
jikh_2026-03-16_jQUUAEemvSE.txt,jikh,2026-03-16,1440,172,0,0,2,0,0,4,0,0,0,2,4,0,0,0,0,0,0,0,0
jikh_2026-03-16_jQUUAEemvSE.txt,jikh,2026-03-16,1500,166,0,1,3,0,0,5,3,1,0,1,3,0,0,0,0,0,1,0,0
jikh_2026-03-16_jQUUAEemvSE.txt,jikh,2026-03-16,1560,63,0,0,0,0,0,0,0,0,0,0,0,0,0,0,0,0,0,0,0
jikh_2026-03-31_Dt45p4wuNow.txt,jikh,2026-03-31,0,161,0,1,3,0,0,0,0,0,0,1,0,0,0,0,0,0,0,0,0
jikh_2026-03-31_Dt45p4wuNow.txt,jikh,2026-03-31,60,168,0,0,0,0,0,0,0,0,2,0,0,1,0,1,0,0,0,0,0
jikh_2026-03-31_Dt45p4wuNow.txt,jikh,2026-03-31,120,163,0,2,2,0,0,0,0,0,3,0,0,1,0,1,0,0,0,0,0
jikh_2026-03-31_Dt45p4wuNow.txt,jikh,2026-03-31,180,190,0,0,2,0,0,1,0,0,0,1,0,0,0,0,1,0,0,0,0
jikh_2026-03-31_Dt45p4wuNow.txt,jikh,2026-03-31,240,169,0,0,0,0,0,1,0,0,0,1,0,0,0,0,0,2,0,0,0
jikh_2026-03-31_Dt45p4wuNow.txt,jikh,2026-03-31,300,158,0,0,1,0,0,1,0,0,0,0,0,0,0,0,0,0,0,0,0
jikh_2026-03-31_Dt45p4wuNow.txt,jikh,2026-03-31,360,156,0,1,0,0,0,0,0,0,0,0,0,0,0,0,0,0,0,0,0
jikh_2026-03-31_Dt45p4wuNow.txt,jikh,2026-03-31,420,191,0,1,1,0,0,2,0,0,0,2,1,0,0,0,1,0,0,0,0
jikh_2026-03-31_Dt45p4wuNow.txt,jikh,2026-03-31,480,152,0,0,0,0,0,5,0,0,0,3,0,0,0,0,2,0,0,0,0
jikh_2026-03-31_Dt45p4wuNow.txt,jikh,2026-03-31,540,157,0,0,0,0,0,2,0,0,0,5,5,0,0,0,5,0,0,0,0
jikh_2026-03-31_Dt45p4wuNow.txt,jikh,2026-03-31,600,158,0,0,0,0,0,1,0,0,0,4,4,0,0,0,2,0,0,0,0
jikh_2026-03-31_Dt45p4wuNow.txt,jikh,2026-03-31,660,157,0,0,1,0,0,5,0,0,1,1,10,0,0,0,0,0,0,0,0
jikh_2026-03-31_Dt45p4wuNow.txt,jikh,2026-03-31,720,201,0,0,1,0,0,0,0,0,0,0,1,0,0,2,0,0,0,0,0
jikh_2026-03-31_Dt45p4wuNow.txt,jikh,2026-03-31,780,162,0,0,0,0,0,0,0,0,1,0,0,0,0,2,0,0,0,0,0
jikh_2026-03-31_Dt45p4wuNow.txt,jikh,2026-03-31,840,164,0,0,2,0,0,0,0,0,0,0,0,0,0,0,0,0,0,0,0
jikh_2026-03-31_Dt45p4wuNow.txt,jikh,2026-03-31,900,178,0,0,2,1,0,0,0,0,0,0,0,0,0,0,0,0,0,0,0
jikh_2026-03-31_Dt45p4wuNow.txt,jikh,2026-03-31,960,169,0,1,0,0,0,1,1,0,0,0,0,0,1,0,0,0,0,0,0
jikh_2026-03-31_Dt45p4wuNow.txt,jikh,2026-03-31,1020,156,0,0,1,0,0,0,0,0,1,0,0,1,0,0,0,1,0,0,0
jikh_2026-03-31_Dt45p4wuNow.txt,jikh,2026-03-31,1080,146,0,4,0,0,0,0,0,0,0,0,0,3,0,0,0,0,0,0,0
jikh_2026-03-31_Dt45p4wuNow.txt,jikh,2026-03-31,1140,177,0,1,0,0,0,2,2,2,2,0,0,0,0,2,0,0,0,0,0
jikh_2026-03-31_Dt45p4wuNow.txt,jikh,2026-03-31,1200,170,0,0,4,1,0,3,3,1,0,0,0,0,0,0,0,0,0,0,0
jikh_2026-03-31_Dt45p4wuNow.txt,jikh,2026-03-31,1260,192,0,0,3,0,0,1,0,0,0,2,2,0,0,0,1,0,0,0,0
jikh_2026-03-31_Dt45p4wuNow.txt,jikh,2026-03-31,1320,170,0,1,0,2,0,0,0,1,2,0,1,0,0,3,0,0,0,0,0
jikh_2026-03-31_Dt45p4wuNow.txt,jikh,2026-03-31,1380,146,0,1,1,1,0,4,0,0,1,0,1,0,0,1,0,0,1,0,0
jikh_2026-03-31_Dt45p4wuNow.txt,jikh,2026-03-31,1440,200,0,0,3,0,0,1,1,0,0,0,2,0,0,0,0,1,0,0,0
jikh_2026-03-31_Dt45p4wuNow.txt,jikh,2026-03-31,1500,187,0,0,2,0,0,0,0,0,3,0,5,0,0,0,0,4,0,0,0
jikh_2026-03-31_Dt45p4wuNow.txt,jikh,2026-03-31,1560,207,1,0,2,0,0,0,0,0,2,0,0,0,0,0,0,0,1,0,1
jikh_2026-03-31_Dt45p4wuNow.txt,jikh,2026-03-31,1620,71,0,0,0,0,0,0,0,0,0,0,0,0,0,0,0,0,0,0,0
jikh_2026-04-07_38qyqO44qrk.txt,jikh,2026-04-07,0,168,0,2,1,1,0,2,0,0,0,0,0,0,0,0,0,0,1,0,0
jikh_2026-04-07_38qyqO44qrk.txt,jikh,2026-04-07,60,173,0,4,2,5,0,0,0,0,0,0,0,0,0,0,0,0,0,0,0
jikh_2026-04-07_38qyqO44qrk.txt,jikh,2026-04-07,120,141,0,1,0,2,0,0,0,0,0,1,0,0,0,1,0,0,0,0,0
jikh_2026-04-07_38qyqO44qrk.txt,jikh,2026-04-07,180,146,0,0,0,3,0,0,0,0,0,0,0,0,0,0,0,0,0,0,0
jikh_2026-04-07_38qyqO44qrk.txt,jikh,2026-04-07,240,176,0,0,2,1,0,0,0,0,0,0,0,0,0,0,0,0,0,0,0
jikh_2026-04-07_38qyqO44qrk.txt,jikh,2026-04-07,300,155,0,0,1,1,0,0,0,0,0,1,0,0,0,0,2,0,0,0,1
jikh_2026-04-07_38qyqO44qrk.txt,jikh,2026-04-07,360,148,0,0,1,0,0,3,0,0,0,1,0,0,0,0,0,0,0,0,0
jikh_2026-04-07_38qyqO44qrk.txt,jikh,2026-04-07,420,189,0,0,1,1,0,0,0,0,5,0,0,0,0,0,0,0,0,0,0
jikh_2026-04-07_38qyqO44qrk.txt,jikh,2026-04-07,480,162,0,1,0,0,0,0,0,1,0,0,0,0,0,0,0,0,0,0,1
jikh_2026-04-07_38qyqO44qrk.txt,jikh,2026-04-07,540,152,0,0,2,0,0,2,2,1,1,0,0,0,0,2,0,0,0,0,0
jikh_2026-04-07_38qyqO44qrk.txt,jikh,2026-04-07,600,158,0,1,0,0,0,0,0,0,0,0,0,0,0,0,0,0,0,0,0
jikh_2026-04-07_38qyqO44qrk.txt,jikh,2026-04-07,660,171,0,1,1,1,0,2,2,0,0,3,0,0,0,0,0,0,0,0,0
jikh_2026-04-07_38qyqO44qrk.txt,jikh,2026-04-07,720,177,0,2,1,0,0,0,1,0,0,0,0,0,0,1,0,0,0,0,1
jikh_2026-04-07_38qyqO44qrk.txt,jikh,2026-04-07,780,126,0,0,0,0,0,0,2,0,0,0,0,0,0,0,0,0,0,0,0
jikh_2026-04-07_38qyqO44qrk.txt,jikh,2026-04-07,840,161,0,0,0,0,0,0,3,0,0,0,0,0,0,0,0,0,0,0,0
jikh_2026-04-07_38qyqO44qrk.txt,jikh,2026-04-07,900,161,0,1,2,0,0,1,2,0,0,0,0,2,0,0,0,0,0,0,0
jikh_2026-04-07_38qyqO44qrk.txt,jikh,2026-04-07,960,181,0,3,0,0,0,0,0,0,1,0,0,1,0,0,0,0,0,0,0
jikh_2026-04-07_38qyqO44qrk.txt,jikh,2026-04-07,1020,153,0,2,0,0,0,0,1,0,4,0,0,0,0,0,0,0,0,0,0
jikh_2026-04-07_38qyqO44qrk.txt,jikh,2026-04-07,1080,157,0,3,0,0,0,0,0,0,1,1,0,2,0,0,0,0,0,0,0
jikh_2026-04-07_38qyqO44qrk.txt,jikh,2026-04-07,1140,142,0,2,0,0,0,0,0,0,2,1,0,0,0,0,0,0,0,0,0
jikh_2026-04-07_38qyqO44qrk.txt,jikh,2026-04-07,1200,156,0,1,0,0,0,0,0,0,2,2,0,0,0,0,0,0,1,0,0
jikh_2026-04-07_38qyqO44qrk.txt,jikh,2026-04-07,1260,144,0,1,0,0,0,0,0,0,1,0,0,0,0,0,0,0,0,2,0
jikh_2026-04-07_38qyqO44qrk.txt,jikh,2026-04-07,1320,153,0,1,1,0,0,0,0,0,0,0,0,0,0,0,0,0,0,0,0
jikh_2026-04-07_38qyqO44qrk.txt,jikh,2026-04-07,1380,194,0,2,0,1,0,0,0,0,0,0,0,0,0,0,0,0,0,2,0
jikh_2026-04-07_38qyqO44qrk.txt,jikh,2026-04-07,1440,151,0,2,1,0,0,0,0,0,0,0,5,0,0,0,0,0,1,0,0
jikh_2026-04-07_38qyqO44qrk.txt,jikh,2026-04-07,1500,211,1,2,0,1,0,0,0,0,0,0,0,0,0,0,0,0,0,0,0
jikh_2026-04-07_38qyqO44qrk.txt,jikh,2026-04-07,1560,75,0,0,0,0,0,0,0,0,0,0,0,0,0,0,0,0,0,0,0
jikh_2026-04-20_f353QO5Dgus.txt,jikh,2026-04-20,0,228,0,0,1,1,0,3,0,0,0,0,0,0,0,0,0,0,0,0,0
jikh_2026-04-20_f353QO5Dgus.txt,jikh,2026-04-20,60,181,0,2,0,2,0,3,0,2,0,0,0,0,0,0,0,0,0,0,0
jikh_2026-04-20_f353QO5Dgus.txt,jikh,2026-04-20,120,146,0,0,0,0,0,2,0,0,0,0,0,0,0,0,0,2,0,0,0
jikh_2026-04-20_f353QO5Dgus.txt,jikh,2026-04-20,180,156,0,0,0,0,0,8,0,0,0,0,0,0,0,0,0,0,0,0,0
jikh_2026-04-20_f353QO5Dgus.txt,jikh,2026-04-20,240,179,0,0,0,3,0,4,0,0,0,1,0,0,0,0,0,0,0,0,0
jikh_2026-04-20_f353QO5Dgus.txt,jikh,2026-04-20,300,213,0,0,1,0,0,1,0,0,0,0,0,0,0,0,0,0,0,0,0
jikh_2026-04-20_f353QO5Dgus.txt,jikh,2026-04-20,360,174,0,1,0,0,0,9,0,0,0,0,0,0,0,0,0,0,0,0,0
jikh_2026-04-20_f353QO5Dgus.txt,jikh,2026-04-20,420,132,0,1,0,1,0,1,0,0,0,0,0,0,0,0,0,0,0,0,0
jikh_2026-04-20_f353QO5Dgus.txt,jikh,2026-04-20,480,162,0,2,1,1,0,2,0,0,0,0,0,0,0,0,0,0,0,0,0
jikh_2026-04-20_f353QO5Dgus.txt,jikh,2026-04-20,540,174,0,0,0,1,0,1,0,0,0,0,0,0,0,0,0,0,0,0,0
jikh_2026-04-20_f353QO5Dgus.txt,jikh,2026-04-20,600,143,0,0,0,0,0,0,0,0,0,0,0,0,0,0,0,0,0,0,0
jikh_2026-04-20_f353QO5Dgus.txt,jikh,2026-04-20,660,170,0,2,0,0,0,4,0,0,0,0,0,0,0,0,0,0,0,0,0
jikh_2026-04-20_f353QO5Dgus.txt,jikh,2026-04-20,720,155,0,0,1,0,0,6,0,0,0,0,0,0,0,0,0,0,0,0,0
jikh_2026-04-20_f353QO5Dgus.txt,jikh,2026-04-20,780,162,0,3,0,0,0,6,0,0,0,0,0,0,0,0,0,0,0,0,0
jikh_2026-04-20_f353QO5Dgus.txt,jikh,2026-04-20,840,177,0,1,0,1,0,2,0,0,0,0,0,0,0,0,0,0,0,0,0
jikh_2026-04-20_f353QO5Dgus.txt,jikh,2026-04-20,900,129,0,0,0,0,0,6,2,1,0,0,0,0,0,0,0,0,0,0,0
jikh_2026-04-20_f353QO5Dgus.txt,jikh,2026-04-20,960,140,0,1,0,0,0,0,0,1,0,0,0,0,0,0,0,0,0,0,0
jikh_2026-04-20_f353QO5Dgus.txt,jikh,2026-04-20,1020,167,0,1,0,0,0,1,0,0,0,0,0,0,0,0,0,0,0,0,0
jikh_2026-04-20_f353QO5Dgus.txt,jikh,2026-04-20,1080,170,0,1,0,0,0,7,0,0,0,0,0,0,0,0,0,0,0,0,0
jikh_2026-04-20_f353QO5Dgus.txt,jikh,2026-04-20,1140,212,0,0,1,0,0,1,0,0,1,0,0,0,0,1,1,0,0,0,0
jikh_2026-04-20_f353QO5Dgus.txt,jikh,2026-04-20,1200,163,0,0,0,1,0,0,0,0,1,0,0,0,0,1,6,0,0,0,1
jikh_2026-04-20_f353QO5Dgus.txt,jikh,2026-04-20,1260,168,0,0,2,2,0,2,2,0,4,0,0,0,0,1,0,0,0,0,0
jikh_2026-04-20_f353QO5Dgus.txt,jikh,2026-04-20,1320,161,0,0,2,0,0,4,0,0,0,0,0,0,0,0,2,0,0,0,0
jikh_2026-04-20_f353QO5Dgus.txt,jikh,2026-04-20,1380,158,0,0,0,0,0,1,0,0,0,0,0,0,0,0,3,0,0,0,0
jikh_2026-04-20_f353QO5Dgus.txt,jikh,2026-04-20,1440,183,0,0,1,0,0,0,1,0,0,0,0,0,0,0,0,0,0,0,0
jikh_2026-05-04_HcjbJvpKZIU.txt,jikh,2026-05-04,0,176,0,1,1,1,0,3,0,0,0,0,0,0,0,0,0,0,0,0,0
jikh_2026-05-04_HcjbJvpKZIU.txt,jikh,2026-05-04,60,157,0,0,2,2,0,1,0,0,0,4,0,0,0,1,0,0,0,0,0
jikh_2026-05-04_HcjbJvpKZIU.txt,jikh,2026-05-04,120,140,0,0,1,0,0,0,0,0,0,1,0,0,0,0,0,0,0,0,0
jikh_2026-05-04_HcjbJvpKZIU.txt,jikh,2026-05-04,180,178,0,0,0,1,0,1,0,0,0,2,1,0,0,0,0,0,1,0,0
jikh_2026-05-04_HcjbJvpKZIU.txt,jikh,2026-05-04,240,166,0,0,0,0,0,2,0,0,0,2,2,0,0,0,0,0,0,0,0
jikh_2026-05-04_HcjbJvpKZIU.txt,jikh,2026-05-04,300,157,0,0,0,0,0,4,0,0,0,3,1,0,0,0,0,0,0,0,0
jikh_2026-05-04_HcjbJvpKZIU.txt,jikh,2026-05-04,360,147,0,0,0,0,0,5,0,0,0,6,1,0,0,0,0,0,0,0,0
jikh_2026-05-04_HcjbJvpKZIU.txt,jikh,2026-05-04,420,143,0,0,0,0,0,3,0,0,0,2,1,0,0,0,0,0,0,0,0
jikh_2026-05-04_HcjbJvpKZIU.txt,jikh,2026-05-04,480,172,0,0,0,1,0,3,0,0,0,1,0,0,0,0,0,0,0,0,0
jikh_2026-05-04_HcjbJvpKZIU.txt,jikh,2026-05-04,540,149,0,0,0,0,0,4,0,0,0,0,0,0,0,0,0,0,0,0,0
jikh_2026-05-04_HcjbJvpKZIU.txt,jikh,2026-05-04,600,154,0,0,0,0,0,4,0,0,0,3,0,0,0,0,0,0,0,0,0
jikh_2026-05-04_HcjbJvpKZIU.txt,jikh,2026-05-04,660,196,3,0,1,0,0,3,0,0,0,1,0,0,0,0,1,0,0,0,0
jikh_2026-05-04_HcjbJvpKZIU.txt,jikh,2026-05-04,720,198,4,0,0,1,0,1,0,0,0,0,0,0,0,0,3,0,0,0,0
jikh_2026-05-04_HcjbJvpKZIU.txt,jikh,2026-05-04,780,174,0,0,1,0,0,0,0,0,0,2,0,0,0,0,1,0,0,0,0
jikh_2026-05-04_HcjbJvpKZIU.txt,jikh,2026-05-04,840,190,0,0,1,0,0,0,0,0,0,2,0,0,0,0,1,0,0,0,0
jikh_2026-05-04_HcjbJvpKZIU.txt,jikh,2026-05-04,900,200,0,0,1,0,0,0,0,0,0,0,0,0,0,0,6,0,0,0,0
jikh_2026-05-04_HcjbJvpKZIU.txt,jikh,2026-05-04,960,154,0,0,2,0,0,0,0,0,0,0,0,0,0,0,1,0,0,0,0
jikh_2026-05-04_HcjbJvpKZIU.txt,jikh,2026-05-04,1020,176,0,0,0,0,0,0,0,0,0,6,1,0,0,0,2,0,0,0,0
jikh_2026-05-04_HcjbJvpKZIU.txt,jikh,2026-05-04,1080,155,0,0,1,0,0,0,0,0,1,0,2,0,0,0,0,0,0,0,0
jikh_2026-05-04_HcjbJvpKZIU.txt,jikh,2026-05-04,1140,170,0,0,0,0,0,1,0,0,1,3,1,0,0,1,3,1,0,0,0
jikh_2026-05-04_HcjbJvpKZIU.txt,jikh,2026-05-04,1200,142,0,0,0,1,0,0,0,0,0,0,0,0,0,0,0,0,0,0,0
jikh_2026-05-04_HcjbJvpKZIU.txt,jikh,2026-05-04,1260,153,0,0,1,1,0,0,2,0,0,0,0,0,0,1,0,2,0,0,0
jikh_2026-05-04_HcjbJvpKZIU.txt,jikh,2026-05-04,1320,161,0,1,0,0,0,3,2,2,0,0,0,0,0,0,1,0,0,0,0
jikh_2026-05-04_HcjbJvpKZIU.txt,jikh,2026-05-04,1380,164,0,0,2,0,0,0,1,0,1,0,0,0,1,0,0,0,0,0,0
jikh_2026-05-04_HcjbJvpKZIU.txt,jikh,2026-05-04,1440,147,0,0,0,0,0,0,1,0,1,2,1,0,2,0,1,1,0,0,0
jikh_2026-05-04_HcjbJvpKZIU.txt,jikh,2026-05-04,1500,179,1,0,0,0,0,0,0,0,0,0,0,1,0,0,0,0,0,0,0
jikh_2026-05-04_HcjbJvpKZIU.txt,jikh,2026-05-04,1560,88,0,1,0,0,0,0,0,0,0,0,0,0,0,0,0,0,0,0,0
jikh_2026-05-15_yNHYpCLBffw.txt,jikh,2026-05-15,0,164,0,1,2,1,0,0,0,0,0,0,0,1,0,0,0,0,0,0,0
jikh_2026-05-15_yNHYpCLBffw.txt,jikh,2026-05-15,60,120,0,3,0,0,0,0,0,0,0,0,1,0,0,0,0,1,0,1,0
jikh_2026-05-15_yNHYpCLBffw.txt,jikh,2026-05-15,120,175,0,2,0,0,0,0,0,0,0,0,0,1,0,0,0,0,0,1,0
jikh_2026-05-15_yNHYpCLBffw.txt,jikh,2026-05-15,180,177,0,0,0,0,0,0,0,0,0,0,0,0,0,0,0,0,0,0,0
jikh_2026-05-15_yNHYpCLBffw.txt,jikh,2026-05-15,240,181,0,0,0,0,0,0,0,0,0,0,0,2,0,0,0,0,0,3,1
jikh_2026-05-15_yNHYpCLBffw.txt,jikh,2026-05-15,300,146,0,3,1,0,0,0,0,0,0,0,0,0,0,0,0,0,0,4,0
jikh_2026-05-15_yNHYpCLBffw.txt,jikh,2026-05-15,360,191,0,0,2,0,0,0,0,0,0,1,0,0,0,0,0,0,0,3,0
jikh_2026-05-15_yNHYpCLBffw.txt,jikh,2026-05-15,420,193,0,0,1,0,0,0,0,0,0,0,0,1,0,0,0,0,0,1,0
jikh_2026-05-15_yNHYpCLBffw.txt,jikh,2026-05-15,480,151,0,0,2,1,0,0,0,0,0,0,0,1,0,0,0,0,0,0,0
jikh_2026-05-15_yNHYpCLBffw.txt,jikh,2026-05-15,540,175,0,1,0,0,0,0,0,0,0,0,0,1,0,0,0,0,0,3,0
jikh_2026-05-15_yNHYpCLBffw.txt,jikh,2026-05-15,600,217,4,0,0,0,0,0,0,0,1,0,0,0,0,0,0,0,0,1,0
jikh_2026-05-15_yNHYpCLBffw.txt,jikh,2026-05-15,660,186,2,0,1,0,0,0,0,0,0,2,0,0,0,0,0,0,1,1,0
jikh_2026-05-15_yNHYpCLBffw.txt,jikh,2026-05-15,720,169,0,1,0,0,0,0,0,0,3,0,0,1,0,0,0,0,0,0,0
jikh_2026-05-15_yNHYpCLBffw.txt,jikh,2026-05-15,780,149,0,1,0,0,0,0,0,0,0,0,0,0,0,0,1,0,0,0,0
jikh_2026-05-15_yNHYpCLBffw.txt,jikh,2026-05-15,840,153,0,0,0,0,0,0,0,0,2,0,0,0,0,0,0,0,0,0,0
jikh_2026-05-15_yNHYpCLBffw.txt,jikh,2026-05-15,900,135,0,1,0,0,0,0,0,0,4,0,0,0,0,0,0,0,0,0,0
jikh_2026-05-15_yNHYpCLBffw.txt,jikh,2026-05-15,960,164,0,4,0,0,0,0,0,0,1,2,0,0,0,0,0,0,0,0,0
jikh_2026-05-15_yNHYpCLBffw.txt,jikh,2026-05-15,1020,175,0,1,0,0,0,0,0,0,0,0,0,1,0,0,0,0,0,3,0
jikh_2026-05-15_yNHYpCLBffw.txt,jikh,2026-05-15,1080,203,0,0,1,1,0,0,0,0,1,0,0,1,0,0,0,0,0,1,0
jikh_2026-05-15_yNHYpCLBffw.txt,jikh,2026-05-15,1140,153,0,1,1,0,0,0,0,0,0,0,0,0,0,0,0,0,0,2,0
jikh_2026-05-15_yNHYpCLBffw.txt,jikh,2026-05-15,1200,186,0,3,1,0,0,0,0,0,0,0,0,0,0,0,0,0,0,0,0
jikh_2026-05-15_yNHYpCLBffw.txt,jikh,2026-05-15,1260,142,0,0,3,0,0,0,0,0,0,0,0,1,0,0,0,0,0,1,0
jikh_2026-05-15_yNHYpCLBffw.txt,jikh,2026-05-15,1320,191,0,1,1,0,0,0,0,0,0,0,0,0,0,0,0,0,0,0,0
jikh_2026-05-15_yNHYpCLBffw.txt,jikh,2026-05-15,1380,156,0,2,0,0,0,0,0,0,1,0,0,0,0,0,0,0,0,0,0
jikh_2026-05-15_yNHYpCLBffw.txt,jikh,2026-05-15,1440,162,0,0,0,0,0,0,0,0,0,0,0,1,0,0,0,0,0,0,0
jikh_2026-05-15_yNHYpCLBffw.txt,jikh,2026-05-15,1500,169,0,0,1,2,0,0,0,0,1,0,0,0,0,0,0,0,0,1,0
jikh_2026-05-15_yNHYpCLBffw.txt,jikh,2026-05-15,1560,155,0,1,0,0,0,0,0,0,0,0,0,0,0,0,0,1,0,0,0
jikh_2026-05-15_yNHYpCLBffw.txt,jikh,2026-05-15,1620,145,0,0,0,1,0,0,0,0,2,0,0,0,0,0,0,0,0,0,0
jikh_2026-05-15_yNHYpCLBffw.txt,jikh,2026-05-15,1680,173,0,0,1,0,0,0,0,0,1,6,0,0,0,0,0,0,0,2,0
jikh_2026-05-15_yNHYpCLBffw.txt,jikh,2026-05-15,1740,178,1,1,0,0,0,0,0,0,0,0,0,0,0,0,0,0,0,0,0
jikh_2026-05-20_3DYnQMmQk8k.txt,jikh,2026-05-20,0,183,0,0,1,0,0,0,0,0,0,0,0,0,0,0,2,0,0,0,0
jikh_2026-05-20_3DYnQMmQk8k.txt,jikh,2026-05-20,60,131,0,0,1,0,0,0,0,0,1,1,0,0,0,0,0,0,0,0,0
jikh_2026-05-20_3DYnQMmQk8k.txt,jikh,2026-05-20,120,144,0,0,0,0,0,0,0,0,1,5,0,0,0,0,0,1,0,0,1
jikh_2026-05-20_3DYnQMmQk8k.txt,jikh,2026-05-20,180,174,0,0,0,0,0,0,0,0,0,4,0,0,1,0,6,0,0,0,1
jikh_2026-05-20_3DYnQMmQk8k.txt,jikh,2026-05-20,240,163,0,0,4,0,0,0,1,0,0,1,1,0,0,0,2,0,0,0,0
jikh_2026-05-20_3DYnQMmQk8k.txt,jikh,2026-05-20,300,141,0,1,0,0,0,0,0,0,0,0,0,0,0,0,1,0,0,0,0
jikh_2026-05-20_3DYnQMmQk8k.txt,jikh,2026-05-20,360,168,0,4,0,1,0,2,0,0,0,0,0,0,0,0,0,0,0,0,0
jikh_2026-05-20_3DYnQMmQk8k.txt,jikh,2026-05-20,420,149,0,1,0,0,0,2,0,0,2,0,0,0,0,0,0,1,0,0,0
jikh_2026-05-20_3DYnQMmQk8k.txt,jikh,2026-05-20,480,170,0,0,1,0,0,4,0,0,0,0,0,0,0,0,1,0,0,0,0
jikh_2026-05-20_3DYnQMmQk8k.txt,jikh,2026-05-20,540,139,0,0,1,0,0,3,0,0,0,0,0,2,0,0,3,0,0,0,0
jikh_2026-05-20_3DYnQMmQk8k.txt,jikh,2026-05-20,600,175,0,0,2,1,0,1,0,0,0,0,0,0,0,0,5,0,0,0,0
jikh_2026-05-20_3DYnQMmQk8k.txt,jikh,2026-05-20,660,170,0,2,0,0,0,0,0,0,0,0,0,0,0,0,3,2,0,0,0
jikh_2026-05-20_3DYnQMmQk8k.txt,jikh,2026-05-20,720,146,0,0,2,0,0,0,0,0,0,0,0,0,0,0,8,0,0,0,0
jikh_2026-05-20_3DYnQMmQk8k.txt,jikh,2026-05-20,780,145,0,1,2,0,0,0,0,0,0,1,2,1,0,0,3,0,0,0,0
jikh_2026-05-20_3DYnQMmQk8k.txt,jikh,2026-05-20,840,177,0,1,1,0,0,0,0,0,0,3,5,0,0,0,4,0,0,0,0
jikh_2026-05-20_3DYnQMmQk8k.txt,jikh,2026-05-20,900,147,0,0,0,0,0,1,0,0,0,0,7,0,0,0,3,0,0,0,0
jikh_2026-05-20_3DYnQMmQk8k.txt,jikh,2026-05-20,960,159,0,0,1,0,0,0,0,0,0,3,6,0,0,0,4,0,0,0,0
jikh_2026-05-20_3DYnQMmQk8k.txt,jikh,2026-05-20,1020,150,0,0,5,0,0,0,0,0,1,5,4,0,0,0,7,2,0,0,0
jikh_2026-05-20_3DYnQMmQk8k.txt,jikh,2026-05-20,1080,170,0,0,7,0,0,0,0,0,0,4,0,0,0,0,4,0,0,0,0
jikh_2026-05-20_3DYnQMmQk8k.txt,jikh,2026-05-20,1140,140,0,0,1,0,0,0,0,0,0,1,1,0,0,0,3,1,0,0,0
jikh_2026-05-20_3DYnQMmQk8k.txt,jikh,2026-05-20,1200,162,0,0,1,0,0,0,5,0,3,1,2,0,0,0,0,0,1,0,1
jikh_2026-05-20_3DYnQMmQk8k.txt,jikh,2026-05-20,1260,167,0,0,0,0,0,0,1,0,0,1,0,2,0,0,0,1,0,0,0
jikh_2026-05-20_3DYnQMmQk8k.txt,jikh,2026-05-20,1320,169,0,0,3,0,0,1,0,0,0,1,0,0,0,0,0,0,0,4,0
jikh_2026-05-20_3DYnQMmQk8k.txt,jikh,2026-05-20,1380,170,0,3,1,1,0,0,2,0,0,1,3,0,0,0,0,0,0,1,0
jikh_2026-05-20_3DYnQMmQk8k.txt,jikh,2026-05-20,1440,197,1,0,1,1,0,1,0,0,0,0,0,0,0,0,0,0,1,0,0
jikh_2026-05-20_3DYnQMmQk8k.txt,jikh,2026-05-20,1500,49,0,0,0,0,0,0,0,0,0,0,0,0,0,0,0,0,0,0,0
jikh_2026-05-26_w8yTmTdF1Kw.txt,jikh,2026-05-26,0,173,0,0,1,1,0,0,0,0,2,0,0,0,0,2,0,0,0,0,0
jikh_2026-05-26_w8yTmTdF1Kw.txt,jikh,2026-05-26,60,183,0,2,0,2,0,0,3,0,0,0,0,0,0,4,0,0,0,0,0
jikh_2026-05-26_w8yTmTdF1Kw.txt,jikh,2026-05-26,120,148,0,0,1,0,0,1,1,0,2,0,0,0,0,2,0,0,0,0,0
jikh_2026-05-26_w8yTmTdF1Kw.txt,jikh,2026-05-26,180,162,0,0,0,0,0,0,3,0,1,0,0,0,0,3,0,0,0,0,1
jikh_2026-05-26_w8yTmTdF1Kw.txt,jikh,2026-05-26,240,199,0,0,0,1,0,0,0,0,1,2,1,0,0,1,0,0,1,0,0
jikh_2026-05-26_w8yTmTdF1Kw.txt,jikh,2026-05-26,300,189,0,0,0,1,0,0,0,0,3,0,0,0,0,0,0,0,0,0,0
jikh_2026-05-26_w8yTmTdF1Kw.txt,jikh,2026-05-26,360,182,0,1,1,1,0,0,1,0,2,0,0,0,0,3,0,0,0,0,0
jikh_2026-05-26_w8yTmTdF1Kw.txt,jikh,2026-05-26,420,175,0,0,0,0,0,0,0,0,2,0,0,0,0,1,0,0,0,0,1
jikh_2026-05-26_w8yTmTdF1Kw.txt,jikh,2026-05-26,480,217,4,0,0,0,0,0,0,0,7,1,0,0,0,1,0,0,0,0,1
jikh_2026-05-26_w8yTmTdF1Kw.txt,jikh,2026-05-26,540,198,4,0,0,0,0,0,2,0,2,1,0,0,0,0,0,0,0,0,0
jikh_2026-05-26_w8yTmTdF1Kw.txt,jikh,2026-05-26,600,192,0,0,1,0,0,7,1,0,0,0,0,0,0,0,0,1,0,0,0
jikh_2026-05-26_w8yTmTdF1Kw.txt,jikh,2026-05-26,660,158,0,0,0,0,0,2,0,0,0,0,0,0,0,0,0,2,0,0,0
jikh_2026-05-26_w8yTmTdF1Kw.txt,jikh,2026-05-26,720,194,0,0,1,1,0,0,5,0,1,0,0,0,0,0,0,1,0,0,0
jikh_2026-05-26_w8yTmTdF1Kw.txt,jikh,2026-05-26,780,162,0,0,0,1,0,0,0,0,0,0,0,0,0,0,4,0,0,0,0
jikh_2026-05-26_w8yTmTdF1Kw.txt,jikh,2026-05-26,840,158,0,0,0,0,0,1,0,0,0,5,0,0,0,0,1,0,0,0,0
jikh_2026-05-26_w8yTmTdF1Kw.txt,jikh,2026-05-26,900,173,0,0,1,0,0,1,0,0,0,2,0,0,0,2,0,0,0,0,0
jikh_2026-05-26_w8yTmTdF1Kw.txt,jikh,2026-05-26,960,143,0,0,0,0,0,0,0,0,1,2,0,0,0,1,0,0,0,0,0
jikh_2026-05-26_w8yTmTdF1Kw.txt,jikh,2026-05-26,1020,165,0,0,1,0,0,0,0,0,5,1,0,0,0,1,1,0,0,0,0
jikh_2026-05-26_w8yTmTdF1Kw.txt,jikh,2026-05-26,1080,173,0,1,0,0,0,0,0,0,1,2,0,0,0,0,0,0,0,0,0
jikh_2026-05-26_w8yTmTdF1Kw.txt,jikh,2026-05-26,1140,174,0,0,1,0,0,0,1,0,2,0,0,0,0,0,0,0,0,0,0
jikh_2026-05-26_w8yTmTdF1Kw.txt,jikh,2026-05-26,1200,152,0,0,0,0,0,0,1,0,0,3,1,0,0,0,0,0,0,0,0
jikh_2026-05-26_w8yTmTdF1Kw.txt,jikh,2026-05-26,1260,195,0,0,0,1,0,0,1,0,1,0,0,0,0,2,0,0,0,0,0
jikh_2026-05-26_w8yTmTdF1Kw.txt,jikh,2026-05-26,1320,167,0,0,1,0,0,1,3,0,0,0,0,0,0,2,0,0,0,0,0
jikh_2026-05-26_w8yTmTdF1Kw.txt,jikh,2026-05-26,1380,174,0,0,0,0,0,0,1,0,3,0,0,0,0,0,0,0,0,0,0
jikh_2026-05-26_w8yTmTdF1Kw.txt,jikh,2026-05-26,1440,154,0,0,0,0,0,0,0,0,2,0,0,0,1,0,0,0,0,0,1
jikh_2026-05-26_w8yTmTdF1Kw.txt,jikh,2026-05-26,1500,176,0,2,2,0,0,1,2,0,0,0,1,0,0,0,0,0,1,0,0
jikh_2026-05-26_w8yTmTdF1Kw.txt,jikh,2026-05-26,1560,187,0,0,2,1,0,0,0,0,0,0,0,0,1,0,0,0,0,0,0
jikh_2026-05-26_w8yTmTdF1Kw.txt,jikh,2026-05-26,1620,187,0,0,1,0,0,0,0,0,1,0,0,0,0,0,0,0,0,0,0
jikh_2026-05-26_w8yTmTdF1Kw.txt,jikh,2026-05-26,1680,154,0,0,1,0,0,0,0,0,0,0,5,0,2,1,0,0,0,0,0
jikh_2026-05-26_w8yTmTdF1Kw.txt,jikh,2026-05-26,1740,178,0,0,0,0,0,1,0,0,0,2,3,0,0,1,0,0,4,0,0
jikh_2026-05-26_w8yTmTdF1Kw.txt,jikh,2026-05-26,1800,149,1,0,1,0,0,0,0,0,0,0,0,0,0,0,0,0,1,0,0
jikh_2026-06-05_yhRjvX_t4hc.txt,jikh,2026-06-05,0,204,0,1,2,0,0,0,0,0,0,0,0,1,0,0,0,0,0,0,0
jikh_2026-06-05_yhRjvX_t4hc.txt,jikh,2026-06-05,60,165,0,0,1,0,0,0,0,0,0,0,0,0,0,0,0,0,0,0,0
jikh_2026-06-05_yhRjvX_t4hc.txt,jikh,2026-06-05,120,157,0,1,1,0,0,0,0,0,0,0,0,0,0,1,0,0,0,0,0
jikh_2026-06-05_yhRjvX_t4hc.txt,jikh,2026-06-05,180,197,0,0,1,0,0,0,0,0,0,0,0,2,3,0,0,1,0,0,0
jikh_2026-06-05_yhRjvX_t4hc.txt,jikh,2026-06-05,240,163,0,0,0,0,0,0,0,0,0,0,1,2,0,0,0,0,0,0,0
jikh_2026-06-05_yhRjvX_t4hc.txt,jikh,2026-06-05,300,167,0,0,3,0,0,0,0,0,0,0,0,0,0,0,0,0,0,0,0
jikh_2026-06-05_yhRjvX_t4hc.txt,jikh,2026-06-05,360,161,0,0,0,0,0,0,0,0,0,0,0,0,0,0,0,0,0,0,0
jikh_2026-06-05_yhRjvX_t4hc.txt,jikh,2026-06-05,420,171,0,1,2,0,0,0,0,0,0,0,0,0,0,0,0,0,0,0,0
jikh_2026-06-05_yhRjvX_t4hc.txt,jikh,2026-06-05,480,206,2,0,0,0,0,0,0,0,0,0,0,0,0,0,0,0,0,0,0
jikh_2026-06-05_yhRjvX_t4hc.txt,jikh,2026-06-05,540,155,0,1,0,0,0,0,0,0,0,0,0,0,0,0,0,0,0,0,0
jikh_2026-06-05_yhRjvX_t4hc.txt,jikh,2026-06-05,600,160,0,1,1,0,0,0,0,0,0,0,0,0,0,0,0,0,0,0,0
jikh_2026-06-05_yhRjvX_t4hc.txt,jikh,2026-06-05,660,178,0,0,1,0,0,0,0,0,0,0,0,3,0,0,0,0,0,0,0
jikh_2026-06-05_yhRjvX_t4hc.txt,jikh,2026-06-05,720,181,0,1,1,0,0,0,0,0,1,0,0,2,1,0,0,0,0,0,0
jikh_2026-06-05_yhRjvX_t4hc.txt,jikh,2026-06-05,780,189,0,0,2,0,0,0,0,0,0,0,0,1,0,0,0,0,0,0,0
jikh_2026-06-05_yhRjvX_t4hc.txt,jikh,2026-06-05,840,137,0,0,0,0,0,0,0,0,0,0,0,2,0,0,0,0,0,0,0
jikh_2026-06-05_yhRjvX_t4hc.txt,jikh,2026-06-05,900,148,0,2,0,1,0,0,0,0,0,0,0,3,0,0,0,0,0,0,0
jikh_2026-06-05_yhRjvX_t4hc.txt,jikh,2026-06-05,960,139,0,0,0,0,0,0,0,0,0,0,0,5,0,0,0,0,0,0,0
jikh_2026-06-05_yhRjvX_t4hc.txt,jikh,2026-06-05,1020,166,0,0,0,0,0,0,0,0,0,0,0,0,2,0,0,0,0,0,0
jikh_2026-06-05_yhRjvX_t4hc.txt,jikh,2026-06-05,1080,178,0,0,1,0,0,0,0,0,0,0,0,0,0,0,0,0,0,0,0
jikh_2026-06-05_yhRjvX_t4hc.txt,jikh,2026-06-05,1140,156,0,1,0,0,0,0,1,0,0,0,0,1,3,0,0,0,0,0,0
jikh_2026-06-05_yhRjvX_t4hc.txt,jikh,2026-06-05,1200,155,0,0,2,1,0,0,0,0,0,0,0,2,10,0,0,0,0,0,0
jikh_2026-06-05_yhRjvX_t4hc.txt,jikh,2026-06-05,1260,162,0,0,2,1,0,0,0,0,0,0,0,0,0,0,0,0,0,0,0
jikh_2026-06-05_yhRjvX_t4hc.txt,jikh,2026-06-05,1320,154,0,0,1,1,0,0,0,0,0,0,0,3,0,0,0,0,0,0,0
jikh_2026-06-05_yhRjvX_t4hc.txt,jikh,2026-06-05,1380,140,0,0,0,0,0,0,0,0,0,0,0,1,0,0,0,0,0,0,0
jikh_2026-06-05_yhRjvX_t4hc.txt,jikh,2026-06-05,1440,172,0,1,0,1,0,0,0,1,0,0,0,3,0,0,0,0,0,0,0
jikh_2026-06-05_yhRjvX_t4hc.txt,jikh,2026-06-05,1500,166,0,0,1,0,0,0,0,0,0,0,0,3,0,0,0,0,0,0,0
jikh_2026-06-05_yhRjvX_t4hc.txt,jikh,2026-06-05,1560,161,0,0,1,0,0,4,0,0,0,2,0,0,0,0,0,0,0,0,0
jikh_2026-06-05_yhRjvX_t4hc.txt,jikh,2026-06-05,1620,153,0,0,1,2,0,2,0,0,0,0,0,0,0,2,0,0,0,0,0
jikh_2026-06-05_yhRjvX_t4hc.txt,jikh,2026-06-05,1680,157,0,1,0,0,0,1,2,0,0,1,0,1,0,6,0,0,0,0,0
jikh_2026-06-05_yhRjvX_t4hc.txt,jikh,2026-06-05,1740,176,0,0,3,0,0,0,0,0,0,0,0,3,0,0,0,0,0,0,0
jikh_2026-06-05_yhRjvX_t4hc.txt,jikh,2026-06-05,1800,167,0,0,0,0,0,0,0,0,2,1,0,3,0,0,0,1,0,0,0
jikh_2026-06-05_yhRjvX_t4hc.txt,jikh,2026-06-05,1860,170,0,3,1,1,0,0,0,0,1,0,0,3,1,0,0,0,0,0,0
jikh_2026-06-05_yhRjvX_t4hc.txt,jikh,2026-06-05,1920,180,0,1,5,0,0,0,0,0,0,0,0,2,1,0,0,0,0,0,0
jikh_2026-06-05_yhRjvX_t4hc.txt,jikh,2026-06-05,1980,130,1,0,0,0,0,0,0,0,0,0,0,0,0,0,0,0,0,0,0
jikh_2026-06-12_dg9Ezg_RS6E.txt,jikh,2026-06-12,0,158,0,3,0,1,0,0,0,0,1,2,0,0,0,0,0,0,0,0,0
jikh_2026-06-12_dg9Ezg_RS6E.txt,jikh,2026-06-12,60,182,0,2,0,0,0,0,0,0,1,2,1,0,0,0,0,0,0,0,0
jikh_2026-06-12_dg9Ezg_RS6E.txt,jikh,2026-06-12,120,157,0,0,1,0,0,0,1,0,0,1,0,2,0,0,0,0,0,0,0
jikh_2026-06-12_dg9Ezg_RS6E.txt,jikh,2026-06-12,180,170,0,0,0,0,0,0,0,0,0,1,1,1,0,0,0,0,0,0,0
jikh_2026-06-12_dg9Ezg_RS6E.txt,jikh,2026-06-12,240,194,0,0,2,0,0,0,4,0,0,0,0,0,0,1,0,0,0,0,0
jikh_2026-06-12_dg9Ezg_RS6E.txt,jikh,2026-06-12,300,141,0,0,0,0,0,2,1,0,0,1,1,0,0,0,0,1,0,0,0
jikh_2026-06-12_dg9Ezg_RS6E.txt,jikh,2026-06-12,360,148,0,0,0,0,0,1,0,1,0,3,0,0,0,0,0,0,0,0,0
jikh_2026-06-12_dg9Ezg_RS6E.txt,jikh,2026-06-12,420,196,0,4,1,0,0,0,1,0,1,1,1,2,0,0,0,0,0,0,0
jikh_2026-06-12_dg9Ezg_RS6E.txt,jikh,2026-06-12,480,133,0,0,0,0,0,0,0,0,1,0,1,4,1,0,0,0,0,0,0
jikh_2026-06-12_dg9Ezg_RS6E.txt,jikh,2026-06-12,540,204,2,0,1,0,0,0,0,0,0,0,0,0,0,0,0,0,0,0,0
jikh_2026-06-12_dg9Ezg_RS6E.txt,jikh,2026-06-12,600,176,1,0,0,0,0,0,0,0,1,1,0,0,0,0,0,0,0,0,0
jikh_2026-06-12_dg9Ezg_RS6E.txt,jikh,2026-06-12,660,181,0,1,1,0,0,0,0,0,0,0,9,0,0,0,0,0,0,0,0
jikh_2026-06-12_dg9Ezg_RS6E.txt,jikh,2026-06-12,720,142,0,0,1,0,0,0,0,0,0,0,7,0,0,0,0,0,0,0,0
jikh_2026-06-12_dg9Ezg_RS6E.txt,jikh,2026-06-12,780,146,0,0,0,0,0,0,0,0,0,0,6,0,0,0,0,0,0,0,0
jikh_2026-06-12_dg9Ezg_RS6E.txt,jikh,2026-06-12,840,143,0,0,0,0,0,0,0,0,0,0,4,0,0,0,2,0,0,0,0
jikh_2026-06-12_dg9Ezg_RS6E.txt,jikh,2026-06-12,900,172,0,0,0,0,0,0,0,0,0,0,6,0,0,0,2,0,0,0,0
jikh_2026-06-12_dg9Ezg_RS6E.txt,jikh,2026-06-12,960,175,0,0,0,0,0,0,0,0,0,0,8,0,0,0,1,0,0,0,0
jikh_2026-06-12_dg9Ezg_RS6E.txt,jikh,2026-06-12,1020,187,0,0,1,0,0,0,0,0,0,0,8,0,0,0,4,0,0,0,0
jikh_2026-06-12_dg9Ezg_RS6E.txt,jikh,2026-06-12,1080,147,0,0,0,0,0,0,0,0,0,0,4,0,0,0,7,0,0,0,0
jikh_2026-06-12_dg9Ezg_RS6E.txt,jikh,2026-06-12,1140,147,0,1,1,0,0,0,0,0,0,1,5,0,0,0,2,1,0,0,0
jikh_2026-06-12_dg9Ezg_RS6E.txt,jikh,2026-06-12,1200,151,0,1,1,0,0,0,0,0,0,1,6,0,0,0,2,0,0,0,0
jikh_2026-06-12_dg9Ezg_RS6E.txt,jikh,2026-06-12,1260,157,0,0,0,0,0,0,0,0,0,1,5,0,1,0,3,0,0,0,0
jikh_2026-06-12_dg9Ezg_RS6E.txt,jikh,2026-06-12,1320,167,0,0,0,0,0,0,0,0,1,1,3,0,0,0,4,1,0,0,0
jikh_2026-06-12_dg9Ezg_RS6E.txt,jikh,2026-06-12,1380,145,0,0,1,0,0,0,0,0,1,0,0,0,0,0,0,0,0,0,0
jikh_2026-06-12_dg9Ezg_RS6E.txt,jikh,2026-06-12,1440,164,0,0,0,0,0,0,0,0,5,1,2,0,0,0,1,0,0,0,0
jikh_2026-06-12_dg9Ezg_RS6E.txt,jikh,2026-06-12,1500,169,0,1,0,0,0,0,0,0,1,3,0,0,0,0,0,0,0,0,0
jikh_2026-06-12_dg9Ezg_RS6E.txt,jikh,2026-06-12,1560,162,0,2,0,0,0,0,0,0,0,2,0,0,0,1,0,0,0,0,0
jikh_2026-06-12_dg9Ezg_RS6E.txt,jikh,2026-06-12,1620,178,0,2,0,0,0,0,0,0,0,1,0,0,0,0,0,0,0,0,0
jikh_2026-06-12_dg9Ezg_RS6E.txt,jikh,2026-06-12,1680,176,0,0,0,0,0,0,0,0,0,1,2,0,1,0,2,0,0,0,0
jikh_2026-06-12_dg9Ezg_RS6E.txt,jikh,2026-06-12,1740,184,0,1,3,0,0,0,0,0,0,0,0,2,1,1,0,0,0,0,0
jikh_2026-06-12_dg9Ezg_RS6E.txt,jikh,2026-06-12,1800,171,0,1,2,0,0,0,0,0,0,0,4,0,0,0,0,1,1,0,1
jikh_2026-06-12_dg9Ezg_RS6E.txt,jikh,2026-06-12,1860,96,1,0,0,0,0,0,0,0,0,0,0,0,0,0,0,0,0,0,0
jikh_2026-06-15_HIBozcOlQPY.txt,jikh,2026-06-15,0,213,0,3,1,0,0,0,0,0,0,0,0,0,0,3,0,0,0,0,0
jikh_2026-06-15_HIBozcOlQPY.txt,jikh,2026-06-15,60,176,0,1,0,1,0,0,0,0,0,0,3,0,0,2,0,0,0,0,0
jikh_2026-06-15_HIBozcOlQPY.txt,jikh,2026-06-15,120,212,0,1,2,0,0,0,0,0,1,0,1,0,0,2,0,0,0,0,0
jikh_2026-06-15_HIBozcOlQPY.txt,jikh,2026-06-15,180,147,0,1,0,1,0,0,0,0,1,0,0,0,0,3,0,0,0,0,0
jikh_2026-06-15_HIBozcOlQPY.txt,jikh,2026-06-15,240,163,0,0,0,1,0,0,0,0,0,0,0,0,0,1,0,0,0,0,0
jikh_2026-06-15_HIBozcOlQPY.txt,jikh,2026-06-15,300,164,0,0,0,0,0,0,0,0,0,0,0,0,0,0,0,0,0,0,0
jikh_2026-06-15_HIBozcOlQPY.txt,jikh,2026-06-15,360,144,0,3,0,0,0,0,0,0,0,0,0,0,0,1,0,0,0,0,0
jikh_2026-06-15_HIBozcOlQPY.txt,jikh,2026-06-15,420,167,0,1,0,0,0,0,1,0,0,0,0,2,0,1,0,0,0,0,0
jikh_2026-06-15_HIBozcOlQPY.txt,jikh,2026-06-15,480,182,2,1,0,0,0,0,2,0,1,0,0,4,0,1,0,0,0,0,0
jikh_2026-06-15_HIBozcOlQPY.txt,jikh,2026-06-15,540,180,1,1,0,0,0,0,0,0,0,0,0,2,0,0,0,0,0,0,0
jikh_2026-06-15_HIBozcOlQPY.txt,jikh,2026-06-15,600,217,0,0,0,0,0,3,2,0,0,0,0,1,0,2,0,0,0,0,0
jikh_2026-06-15_HIBozcOlQPY.txt,jikh,2026-06-15,660,177,0,0,0,0,0,0,1,0,0,0,0,0,0,1,0,0,0,0,1
jikh_2026-06-15_HIBozcOlQPY.txt,jikh,2026-06-15,720,155,0,3,0,1,0,0,0,0,0,0,0,0,0,3,0,0,0,0,0
jikh_2026-06-15_HIBozcOlQPY.txt,jikh,2026-06-15,780,170,0,1,1,0,0,0,2,2,0,0,1,0,0,0,0,0,1,0,0
jikh_2026-06-15_HIBozcOlQPY.txt,jikh,2026-06-15,840,158,0,0,1,0,0,1,1,0,0,0,1,0,0,0,0,0,1,0,0
jikh_2026-06-15_HIBozcOlQPY.txt,jikh,2026-06-15,900,162,0,1,1,0,0,0,0,0,0,0,1,0,0,1,0,0,0,0,0
jikh_2026-06-15_HIBozcOlQPY.txt,jikh,2026-06-15,960,165,0,1,1,2,0,3,2,0,0,0,0,0,0,0,0,0,0,0,0
jikh_2026-06-15_HIBozcOlQPY.txt,jikh,2026-06-15,1020,176,0,2,0,0,0,1,0,0,0,0,0,0,0,0,0,0,0,0,0
jikh_2026-06-15_HIBozcOlQPY.txt,jikh,2026-06-15,1080,178,0,1,3,1,0,0,0,0,1,1,0,1,1,2,2,0,1,0,0
jikh_2026-06-15_HIBozcOlQPY.txt,jikh,2026-06-15,1140,170,0,1,0,0,0,0,2,0,0,1,0,1,1,0,3,0,0,0,0
jikh_2026-06-15_HIBozcOlQPY.txt,jikh,2026-06-15,1200,161,0,4,2,0,0,0,1,0,0,3,1,0,0,1,0,0,1,0,0
jikh_2026-06-15_HIBozcOlQPY.txt,jikh,2026-06-15,1260,148,0,0,0,0,0,0,0,0,0,0,5,0,0,0,0,0,0,0,0
jikh_2026-06-15_HIBozcOlQPY.txt,jikh,2026-06-15,1320,125,0,0,0,0,0,2,1,0,1,0,2,0,0,0,1,2,1,0,0
jikh_2026-06-15_HIBozcOlQPY.txt,jikh,2026-06-15,1380,140,1,2,1,0,0,0,0,0,0,1,0,0,0,0,0,1,0,0,0
jikh_2026-06-22_nHy5u06we_s.txt,jikh,2026-06-22,0,173,0,0,0,1,0,1,0,0,0,0,0,3,0,0,0,3,0,1,0
jikh_2026-06-22_nHy5u06we_s.txt,jikh,2026-06-22,60,190,1,0,1,0,0,2,0,0,0,0,0,0,0,1,0,0,0,0,0
jikh_2026-06-22_nHy5u06we_s.txt,jikh,2026-06-22,120,194,0,0,0,0,0,0,0,0,0,0,0,0,0,4,0,0,0,0,0
jikh_2026-06-22_nHy5u06we_s.txt,jikh,2026-06-22,180,148,0,1,1,0,0,0,1,0,0,0,0,0,0,0,0,0,0,0,0
jikh_2026-06-22_nHy5u06we_s.txt,jikh,2026-06-22,240,191,0,1,1,0,0,0,1,0,0,0,0,0,0,2,0,0,0,0,0
jikh_2026-06-22_nHy5u06we_s.txt,jikh,2026-06-22,300,178,0,1,0,0,0,1,4,0,0,0,0,0,0,2,0,0,0,0,0
jikh_2026-06-22_nHy5u06we_s.txt,jikh,2026-06-22,360,165,0,0,0,0,0,1,2,0,0,0,0,0,0,5,0,0,0,0,0
jikh_2026-06-22_nHy5u06we_s.txt,jikh,2026-06-22,420,208,1,1,0,0,0,0,1,0,0,0,0,1,0,0,0,0,0,0,0
jikh_2026-06-22_nHy5u06we_s.txt,jikh,2026-06-22,480,189,1,1,0,0,0,0,1,0,0,0,0,0,0,0,0,0,0,0,0
jikh_2026-06-22_nHy5u06we_s.txt,jikh,2026-06-22,540,161,0,0,0,0,0,0,4,1,0,0,0,1,0,0,0,0,0,0,0
jikh_2026-06-22_nHy5u06we_s.txt,jikh,2026-06-22,600,134,0,1,0,1,0,1,2,0,0,0,0,0,0,2,0,0,0,0,0
jikh_2026-06-22_nHy5u06we_s.txt,jikh,2026-06-22,660,178,0,1,1,0,0,1,5,0,0,0,0,0,0,1,0,0,0,0,0
jikh_2026-06-22_nHy5u06we_s.txt,jikh,2026-06-22,720,209,0,1,3,0,0,0,1,0,0,0,0,0,0,1,0,0,0,0,0
jikh_2026-06-22_nHy5u06we_s.txt,jikh,2026-06-22,780,160,0,0,0,1,0,0,0,0,0,1,0,0,0,0,0,0,0,0,0
jikh_2026-06-22_nHy5u06we_s.txt,jikh,2026-06-22,840,189,0,3,0,0,0,0,1,0,0,0,0,0,0,1,0,0,0,0,0
jikh_2026-06-22_nHy5u06we_s.txt,jikh,2026-06-22,900,186,0,5,0,0,0,0,1,0,0,2,0,0,0,1,0,0,0,0,0
jikh_2026-06-22_nHy5u06we_s.txt,jikh,2026-06-22,960,174,0,1,0,0,0,0,0,0,0,0,0,0,0,1,0,0,0,0,0
jikh_2026-06-22_nHy5u06we_s.txt,jikh,2026-06-22,1020,189,0,0,0,0,0,0,1,0,0,0,0,0,0,2,0,0,0,0,0
jikh_2026-06-22_nHy5u06we_s.txt,jikh,2026-06-22,1080,161,0,0,1,0,0,0,0,0,1,0,0,0,0,1,0,0,0,0,0
jikh_2026-06-22_nHy5u06we_s.txt,jikh,2026-06-22,1140,153,0,0,1,0,0,0,0,0,0,0,0,0,0,0,0,0,0,0,0
jikh_2026-06-22_nHy5u06we_s.txt,jikh,2026-06-22,1200,189,0,0,1,1,0,8,2,0,0,0,0,0,0,1,0,0,0,0,0
jikh_2026-06-22_nHy5u06we_s.txt,jikh,2026-06-22,1260,168,0,0,0,0,0,1,0,0,0,1,0,0,0,0,0,0,0,0,0
jikh_2026-06-22_nHy5u06we_s.txt,jikh,2026-06-22,1320,190,0,1,1,0,0,1,0,0,0,0,0,0,0,0,0,0,0,0,0
jikh_2026-06-22_nHy5u06we_s.txt,jikh,2026-06-22,1380,164,0,0,1,0,0,0,1,0,0,0,0,0,0,0,0,0,0,0,0
jikh_2026-06-22_nHy5u06we_s.txt,jikh,2026-06-22,1440,178,2,2,0,0,0,0,0,0,0,2,2,0,0,0,0,0,2,0,0
jikh_2026-06-24_r4xoOQ32KNM.txt,jikh,2026-06-24,0,161,0,0,0,0,0,0,0,0,0,1,0,1,0,0,0,0,0,0,0
jikh_2026-06-24_r4xoOQ32KNM.txt,jikh,2026-06-24,60,173,0,0,1,0,0,0,0,0,0,0,0,0,0,0,0,0,0,0,0
jikh_2026-06-24_r4xoOQ32KNM.txt,jikh,2026-06-24,120,161,0,0,0,1,0,1,0,0,0,0,0,0,0,0,0,0,0,0,0
jikh_2026-06-24_r4xoOQ32KNM.txt,jikh,2026-06-24,180,155,0,0,0,0,0,0,0,0,0,0,0,0,0,0,0,0,0,0,1
jikh_2026-06-24_r4xoOQ32KNM.txt,jikh,2026-06-24,240,145,0,0,0,0,0,0,0,0,0,0,0,0,0,0,0,0,0,0,0
jikh_2026-06-24_r4xoOQ32KNM.txt,jikh,2026-06-24,300,184,0,0,0,0,0,0,0,0,0,0,0,0,0,0,0,0,0,0,0
jikh_2026-06-24_r4xoOQ32KNM.txt,jikh,2026-06-24,360,171,0,0,1,0,0,0,0,0,0,0,0,0,0,0,0,0,0,0,0
jikh_2026-06-24_r4xoOQ32KNM.txt,jikh,2026-06-24,420,140,0,0,0,0,0,0,0,0,0,0,0,0,0,0,0,0,0,0,0
jikh_2026-06-24_r4xoOQ32KNM.txt,jikh,2026-06-24,480,154,0,0,0,0,0,0,0,0,0,0,0,0,0,0,2,0,0,0,0
jikh_2026-06-24_r4xoOQ32KNM.txt,jikh,2026-06-24,540,152,0,0,0,0,0,0,0,0,0,0,0,0,0,0,0,1,0,0,0
jikh_2026-06-24_r4xoOQ32KNM.txt,jikh,2026-06-24,600,191,2,0,0,0,0,1,1,0,0,0,1,2,0,0,0,2,1,1,0
jikh_2026-06-24_r4xoOQ32KNM.txt,jikh,2026-06-24,660,201,3,0,0,0,0,0,0,0,0,1,0,0,0,0,0,0,1,0,0
jikh_2026-06-24_r4xoOQ32KNM.txt,jikh,2026-06-24,720,182,0,0,0,0,0,0,0,0,0,1,0,0,0,0,0,0,0,0,0
jikh_2026-06-24_r4xoOQ32KNM.txt,jikh,2026-06-24,780,171,0,2,0,0,0,0,2,0,0,1,0,0,0,1,0,0,0,0,0
jikh_2026-06-24_r4xoOQ32KNM.txt,jikh,2026-06-24,840,160,0,0,0,1,0,0,0,0,0,0,0,0,0,0,0,1,0,0,0
jikh_2026-06-24_r4xoOQ32KNM.txt,jikh,2026-06-24,900,149,0,1,0,0,0,0,0,0,0,2,0,0,0,0,0,0,0,0,0
jikh_2026-06-24_r4xoOQ32KNM.txt,jikh,2026-06-24,960,166,0,0,1,0,0,0,0,0,0,1,0,1,0,0,0,0,0,0,0
jikh_2026-06-24_r4xoOQ32KNM.txt,jikh,2026-06-24,1020,159,0,0,0,2,0,0,0,0,0,0,0,0,0,0,0,0,0,0,0
jikh_2026-06-24_r4xoOQ32KNM.txt,jikh,2026-06-24,1080,152,0,2,0,0,0,0,0,0,0,0,0,0,0,0,0,0,0,0,0
jikh_2026-06-24_r4xoOQ32KNM.txt,jikh,2026-06-24,1140,160,0,2,0,0,0,0,0,0,0,0,0,3,0,0,0,1,0,0,0
jikh_2026-06-24_r4xoOQ32KNM.txt,jikh,2026-06-24,1200,143,0,0,1,0,0,0,0,0,0,0,0,2,0,0,0,0,0,0,0
jikh_2026-06-24_r4xoOQ32KNM.txt,jikh,2026-06-24,1260,182,0,0,1,1,0,1,0,0,0,0,0,0,0,0,0,3,0,1,0
jikh_2026-06-24_r4xoOQ32KNM.txt,jikh,2026-06-24,1320,150,0,0,1,0,0,0,0,0,1,1,0,4,0,0,0,2,0,1,0
jikh_2026-06-24_r4xoOQ32KNM.txt,jikh,2026-06-24,1380,139,0,1,0,0,0,0,0,0,0,0,0,0,0,0,0,2,0,0,0
jikh_2026-06-24_r4xoOQ32KNM.txt,jikh,2026-06-24,1440,162,0,1,0,0,0,0,0,0,0,0,0,2,0,0,0,4,0,2,0
jikh_2026-06-24_r4xoOQ32KNM.txt,jikh,2026-06-24,1500,154,0,1,0,0,0,0,0,0,0,0,1,1,0,1,1,1,0,0,0
jikh_2026-06-24_r4xoOQ32KNM.txt,jikh,2026-06-24,1560,167,1,5,1,0,0,0,0,0,0,0,0,1,0,0,0,0,0,0,0
jikh_2026-06-30_Z_xvkbGWauU.txt,jikh,2026-06-30,0,177,0,1,1,0,0,0,0,0,0,0,4,0,0,0,6,1,0,0,0
jikh_2026-06-30_Z_xvkbGWauU.txt,jikh,2026-06-30,60,160,0,0,0,0,0,0,0,0,0,0,4,0,0,0,2,0,0,0,0
jikh_2026-06-30_Z_xvkbGWauU.txt,jikh,2026-06-30,120,151,0,0,2,0,0,0,0,0,0,0,5,0,0,0,2,0,0,0,0
jikh_2026-06-30_Z_xvkbGWauU.txt,jikh,2026-06-30,180,159,0,0,2,0,0,0,0,0,0,0,4,0,0,0,3,0,0,0,0
jikh_2026-06-30_Z_xvkbGWauU.txt,jikh,2026-06-30,240,185,0,0,1,0,0,0,0,0,0,1,5,0,0,0,4,0,0,0,0
jikh_2026-06-30_Z_xvkbGWauU.txt,jikh,2026-06-30,300,170,0,1,1,0,0,0,0,0,0,0,0,0,0,0,0,0,0,0,0
jikh_2026-06-30_Z_xvkbGWauU.txt,jikh,2026-06-30,360,165,0,0,0,0,0,0,0,0,0,0,2,0,0,0,0,0,0,0,0
jikh_2026-06-30_Z_xvkbGWauU.txt,jikh,2026-06-30,420,153,0,0,1,0,0,0,0,0,0,0,6,0,0,0,0,0,0,0,0
jikh_2026-06-30_Z_xvkbGWauU.txt,jikh,2026-06-30,480,158,0,0,3,0,0,0,0,0,0,0,0,0,0,0,0,0,0,0,0
jikh_2026-06-30_Z_xvkbGWauU.txt,jikh,2026-06-30,540,150,0,0,2,0,0,0,0,0,0,0,3,0,0,0,1,0,0,0,0
jikh_2026-06-30_Z_xvkbGWauU.txt,jikh,2026-06-30,600,168,2,0,0,0,0,0,0,0,0,0,0,0,0,0,0,0,0,0,0
jikh_2026-06-30_Z_xvkbGWauU.txt,jikh,2026-06-30,660,189,1,0,1,0,0,0,0,0,0,0,0,0,0,0,0,0,0,0,0
jikh_2026-06-30_Z_xvkbGWauU.txt,jikh,2026-06-30,720,163,0,0,0,0,0,0,0,0,0,1,4,0,0,0,0,0,0,0,0
jikh_2026-06-30_Z_xvkbGWauU.txt,jikh,2026-06-30,780,163,0,0,1,0,0,0,0,0,0,1,0,0,0,0,1,0,0,0,0
jikh_2026-06-30_Z_xvkbGWauU.txt,jikh,2026-06-30,840,180,0,0,0,1,0,0,0,0,1,0,2,0,0,0,1,0,0,0,0
jikh_2026-06-30_Z_xvkbGWauU.txt,jikh,2026-06-30,900,169,0,1,2,0,0,0,0,0,0,0,2,0,0,0,0,0,0,0,0
jikh_2026-06-30_Z_xvkbGWauU.txt,jikh,2026-06-30,960,158,0,0,2,0,0,0,0,0,0,1,6,0,0,0,1,0,0,0,0
jikh_2026-06-30_Z_xvkbGWauU.txt,jikh,2026-06-30,1020,185,0,3,1,0,0,0,0,0,0,0,6,0,0,0,4,0,0,0,0
jikh_2026-06-30_Z_xvkbGWauU.txt,jikh,2026-06-30,1080,165,0,3,0,0,0,0,0,0,0,0,4,0,0,0,1,0,0,0,0
jikh_2026-06-30_Z_xvkbGWauU.txt,jikh,2026-06-30,1140,180,0,0,0,0,0,0,0,0,0,1,1,0,0,0,2,0,0,0,0
jikh_2026-06-30_Z_xvkbGWauU.txt,jikh,2026-06-30,1200,166,0,1,0,0,0,0,0,0,0,7,3,0,0,0,2,1,0,0,0
jikh_2026-06-30_Z_xvkbGWauU.txt,jikh,2026-06-30,1260,168,0,1,2,0,0,0,0,0,0,0,6,0,0,0,1,0,0,0,0
jikh_2026-06-30_Z_xvkbGWauU.txt,jikh,2026-06-30,1320,155,0,0,3,0,0,0,0,0,0,2,1,0,0,1,0,0,0,0,0
jikh_2026-06-30_Z_xvkbGWauU.txt,jikh,2026-06-30,1380,151,0,0,2,0,0,0,0,0,0,3,4,0,0,0,2,0,0,0,0
jikh_2026-06-30_Z_xvkbGWauU.txt,jikh,2026-06-30,1440,159,0,0,1,0,0,0,0,0,0,4,7,0,0,0,0,0,0,0,0
jikh_2026-06-30_Z_xvkbGWauU.txt,jikh,2026-06-30,1500,127,1,0,0,0,0,0,1,0,0,0,1,0,0,0,0,0,0,0,0
jikh_2026-07-07_siazPdsZHuI.txt,jikh,2026-07-07,0,190,0,3,1,0,0,0,0,0,0,0,0,6,2,0,2,0,0,0,0
jikh_2026-07-07_siazPdsZHuI.txt,jikh,2026-07-07,60,161,0,0,0,0,0,0,0,0,0,0,0,2,0,0,1,0,0,0,0
jikh_2026-07-07_siazPdsZHuI.txt,jikh,2026-07-07,120,194,0,0,3,0,0,0,0,0,0,0,0,6,2,0,2,0,0,0,0
jikh_2026-07-07_siazPdsZHuI.txt,jikh,2026-07-07,180,195,0,0,0,0,0,0,0,0,0,0,0,2,0,0,0,0,0,0,0
jikh_2026-07-07_siazPdsZHuI.txt,jikh,2026-07-07,240,192,0,0,0,0,0,0,0,0,0,1,0,4,0,0,0,0,0,0,0
jikh_2026-07-07_siazPdsZHuI.txt,jikh,2026-07-07,300,197,0,0,1,0,0,0,0,0,0,1,0,0,0,0,0,0,0,0,0
jikh_2026-07-07_siazPdsZHuI.txt,jikh,2026-07-07,360,159,0,0,1,0,0,0,0,0,0,0,0,2,0,0,0,0,0,0,0
jikh_2026-07-07_siazPdsZHuI.txt,jikh,2026-07-07,420,172,0,0,0,0,0,0,0,0,0,0,0,2,0,0,0,0,0,0,0
jikh_2026-07-07_siazPdsZHuI.txt,jikh,2026-07-07,480,189,0,0,0,0,0,0,0,0,0,0,0,2,0,0,0,0,0,0,0
jikh_2026-07-07_siazPdsZHuI.txt,jikh,2026-07-07,540,181,3,0,0,0,0,0,0,0,0,0,0,5,1,0,0,0,0,0,0
jikh_2026-07-07_siazPdsZHuI.txt,jikh,2026-07-07,600,181,2,0,0,0,0,0,0,0,0,0,0,0,0,0,0,1,0,0,0
jikh_2026-07-07_siazPdsZHuI.txt,jikh,2026-07-07,660,197,2,0,0,0,0,0,0,0,0,0,0,7,0,0,0,0,0,0,0
jikh_2026-07-07_siazPdsZHuI.txt,jikh,2026-07-07,720,162,0,0,0,0,0,0,0,0,0,2,0,1,0,0,0,0,0,0,0
jikh_2026-07-07_siazPdsZHuI.txt,jikh,2026-07-07,780,220,0,2,2,0,0,0,0,0,0,1,0,3,1,0,0,0,0,0,0
jikh_2026-07-07_siazPdsZHuI.txt,jikh,2026-07-07,840,156,0,2,0,1,0,0,0,0,0,0,0,5,0,0,0,0,0,0,0
jikh_2026-07-07_siazPdsZHuI.txt,jikh,2026-07-07,900,174,0,0,0,0,0,0,0,0,0,0,0,7,0,0,0,0,0,0,0
jikh_2026-07-07_siazPdsZHuI.txt,jikh,2026-07-07,960,228,0,2,0,0,0,0,0,0,0,0,0,6,0,0,3,0,0,0,0
jikh_2026-07-07_siazPdsZHuI.txt,jikh,2026-07-07,1020,124,0,0,0,0,0,0,0,0,0,0,0,1,0,0,5,0,0,0,0
jikh_2026-07-07_siazPdsZHuI.txt,jikh,2026-07-07,1080,139,0,0,0,0,0,0,0,0,0,0,0,3,0,0,2,0,0,0,0
jikh_2026-07-07_siazPdsZHuI.txt,jikh,2026-07-07,1140,200,0,0,0,0,0,0,0,0,0,1,0,4,0,0,5,0,0,0,0
jikh_2026-07-07_siazPdsZHuI.txt,jikh,2026-07-07,1200,157,0,1,0,0,0,0,0,0,0,1,0,2,0,0,2,0,0,0,0
jikh_2026-07-07_siazPdsZHuI.txt,jikh,2026-07-07,1260,161,0,1,0,0,0,0,0,0,0,0,0,1,2,0,1,0,0,0,0
jikh_2026-07-07_siazPdsZHuI.txt,jikh,2026-07-07,1320,150,0,1,1,0,0,0,0,0,0,0,0,2,2,0,0,0,0,0,0
jikh_2026-07-07_siazPdsZHuI.txt,jikh,2026-07-07,1380,200,0,4,0,0,0,0,0,0,3,0,0,6,0,0,0,0,0,0,0
jikh_2026-07-07_siazPdsZHuI.txt,jikh,2026-07-07,1440,139,0,1,1,0,0,0,0,0,1,0,0,0,1,2,0,0,0,0,0
jikh_2026-07-07_siazPdsZHuI.txt,jikh,2026-07-07,1500,149,0,0,2,0,0,0,0,0,0,0,0,0,0,0,0,0,0,0,0
jikh_2026-07-07_siazPdsZHuI.txt,jikh,2026-07-07,1560,137,0,0,0,1,0,0,0,0,1,0,0,0,0,0,0,0,0,0,1
jikh_2026-07-07_siazPdsZHuI.txt,jikh,2026-07-07,1620,210,0,0,1,1,0,0,0,0,3,0,0,2,0,0,0,0,0,0,1
jikh_2026-07-07_siazPdsZHuI.txt,jikh,2026-07-07,1680,163,0,0,0,0,0,0,0,0,1,0,0,2,1,0,0,0,0,0,0
jikh_2026-07-07_siazPdsZHuI.txt,jikh,2026-07-07,1740,188,0,1,1,1,0,0,0,0,0,0,0,4,0,0,1,0,0,0,0
jikh_2026-07-07_siazPdsZHuI.txt,jikh,2026-07-07,1800,165,2,1,0,0,0,0,0,0,0,0,0,1,1,0,0,0,0,0,0
jikh_2026-07-15_dFjvcY9Tth0.txt,jikh,2026-07-15,0,175,0,0,0,0,0,0,0,0,0,0,5,0,0,0,5,0,0,0,0
jikh_2026-07-15_dFjvcY9Tth0.txt,jikh,2026-07-15,60,127,0,0,1,0,0,0,0,0,0,0,7,0,0,0,4,0,0,0,0
jikh_2026-07-15_dFjvcY9Tth0.txt,jikh,2026-07-15,120,172,0,0,0,0,0,0,0,0,0,0,5,0,0,0,4,0,0,0,0
jikh_2026-07-15_dFjvcY9Tth0.txt,jikh,2026-07-15,180,177,0,0,0,0,0,0,0,0,1,0,3,0,0,0,1,0,0,0,0
jikh_2026-07-15_dFjvcY9Tth0.txt,jikh,2026-07-15,240,158,0,0,0,0,0,0,0,0,0,0,0,0,0,0,0,0,0,0,0
jikh_2026-07-15_dFjvcY9Tth0.txt,jikh,2026-07-15,300,175,0,0,0,0,0,0,0,0,0,0,0,0,0,0,1,0,0,0,0
jikh_2026-07-15_dFjvcY9Tth0.txt,jikh,2026-07-15,360,176,0,1,0,0,0,0,0,0,0,0,0,0,0,0,0,1,0,0,0
jikh_2026-07-15_dFjvcY9Tth0.txt,jikh,2026-07-15,420,219,1,0,0,0,0,0,0,0,0,0,0,0,0,0,0,0,0,0,0
jikh_2026-07-15_dFjvcY9Tth0.txt,jikh,2026-07-15,480,218,1,0,0,0,0,0,0,0,0,0,0,0,0,0,0,0,0,0,0
jikh_2026-07-15_dFjvcY9Tth0.txt,jikh,2026-07-15,540,142,0,0,0,0,0,0,0,0,0,1,1,0,0,0,1,2,0,0,0
jikh_2026-07-15_dFjvcY9Tth0.txt,jikh,2026-07-15,600,136,0,0,0,0,0,0,0,0,0,0,0,0,0,0,0,0,0,0,0
jikh_2026-07-15_dFjvcY9Tth0.txt,jikh,2026-07-15,660,172,0,0,0,0,0,0,0,0,0,0,0,0,0,0,0,0,0,0,0
jikh_2026-07-15_dFjvcY9Tth0.txt,jikh,2026-07-15,720,163,0,0,0,0,0,0,0,0,0,0,0,0,0,0,1,1,0,0,1
jikh_2026-07-15_dFjvcY9Tth0.txt,jikh,2026-07-15,780,194,0,0,0,0,0,0,0,0,0,0,0,0,0,0,1,0,0,0,0
jikh_2026-07-15_dFjvcY9Tth0.txt,jikh,2026-07-15,840,142,0,2,0,0,0,1,0,0,0,0,0,0,0,0,0,0,0,0,0
jikh_2026-07-15_dFjvcY9Tth0.txt,jikh,2026-07-15,900,179,0,1,0,0,0,0,0,0,0,6,0,0,1,0,0,0,0,0,0
jikh_2026-07-15_dFjvcY9Tth0.txt,jikh,2026-07-15,960,176,0,0,1,0,0,0,1,0,0,2,0,0,0,0,1,0,0,0,0
jikh_2026-07-15_dFjvcY9Tth0.txt,jikh,2026-07-15,1020,174,0,0,0,1,0,0,0,0,0,2,1,0,0,1,4,0,0,0,0
jikh_2026-07-15_dFjvcY9Tth0.txt,jikh,2026-07-15,1080,120,0,0,0,0,0,0,0,0,0,2,0,0,0,0,3,0,0,0,0
jikh_2026-07-15_dFjvcY9Tth0.txt,jikh,2026-07-15,1140,150,0,0,0,0,0,0,0,0,1,1,0,0,0,0,1,1,0,0,0
jikh_2026-07-15_dFjvcY9Tth0.txt,jikh,2026-07-15,1200,178,0,0,0,0,0,0,0,0,0,3,0,0,0,0,1,0,0,0,0
jikh_2026-07-15_dFjvcY9Tth0.txt,jikh,2026-07-15,1260,148,0,0,0,0,0,0,0,0,0,0,3,0,0,0,1,0,0,0,0
jikh_2026-07-15_dFjvcY9Tth0.txt,jikh,2026-07-15,1320,161,0,0,0,0,0,0,0,0,0,0,2,0,0,0,2,0,0,0,0
jikh_2026-07-15_dFjvcY9Tth0.txt,jikh,2026-07-15,1380,191,0,1,3,0,0,0,0,0,0,0,5,0,0,0,3,0,0,0,0
jikh_2026-07-15_dFjvcY9Tth0.txt,jikh,2026-07-15,1440,160,0,0,0,0,0,0,0,0,0,0,4,0,0,0,4,0,0,0,0
jikh_2026-07-15_dFjvcY9Tth0.txt,jikh,2026-07-15,1500,142,0,1,0,0,0,0,0,0,0,0,5,0,0,0,4,0,0,0,0
jikh_2026-07-15_dFjvcY9Tth0.txt,jikh,2026-07-15,1560,167,0,0,0,0,0,0,0,0,1,1,2,0,0,0,0,2,0,0,0
jikh_2026-07-15_dFjvcY9Tth0.txt,jikh,2026-07-15,1620,157,0,3,1,0,0,0,2,0,0,2,2,0,0,0,1,2,0,0,0
jikh_2026-07-15_dFjvcY9Tth0.txt,jikh,2026-07-15,1680,160,0,0,1,0,0,0,0,0,0,2,4,0,0,0,1,0,0,0,0
jikh_2026-07-15_dFjvcY9Tth0.txt,jikh,2026-07-15,1740,194,0,1,2,0,0,0,0,0,0,0,5,0,0,0,0,0,0,0,0
jikh_2026-07-15_dFjvcY9Tth0.txt,jikh,2026-07-15,1800,82,1,1,1,0,0,0,0,0,0,0,0,0,0,0,0,0,0,0,0
jikh_2026-07-20_hy90LdpEUvQ.txt,jikh,2026-07-20,0,144,0,0,0,0,0,0,0,0,0,0,0,0,0,0,0,0,0,0,0
jikh_2026-07-20_hy90LdpEUvQ.txt,jikh,2026-07-20,60,138,0,0,0,1,0,0,0,0,0,0,0,0,0,0,0,0,0,0,0
jikh_2026-07-20_hy90LdpEUvQ.txt,jikh,2026-07-20,120,159,0,0,3,1,0,0,0,0,0,0,0,0,0,0,0,0,0,0,0
jikh_2026-07-20_hy90LdpEUvQ.txt,jikh,2026-07-20,180,175,0,0,1,2,0,0,0,0,0,0,0,0,0,0,0,0,0,0,0
jikh_2026-07-20_hy90LdpEUvQ.txt,jikh,2026-07-20,240,176,0,0,0,1,0,0,0,0,0,0,0,0,0,0,0,0,0,0,1
jikh_2026-07-20_hy90LdpEUvQ.txt,jikh,2026-07-20,300,146,0,0,0,0,0,0,0,0,0,0,0,0,0,0,0,0,0,0,0
jikh_2026-07-20_hy90LdpEUvQ.txt,jikh,2026-07-20,360,162,0,0,1,0,0,0,0,0,0,0,0,4,0,0,0,0,0,0,0
jikh_2026-07-20_hy90LdpEUvQ.txt,jikh,2026-07-20,420,142,0,0,0,0,0,0,0,0,0,0,0,2,0,0,0,0,0,0,0
jikh_2026-07-20_hy90LdpEUvQ.txt,jikh,2026-07-20,480,201,3,0,0,0,0,0,0,0,1,0,0,0,0,0,0,0,0,0,0
jikh_2026-07-20_hy90LdpEUvQ.txt,jikh,2026-07-20,540,186,2,0,0,0,0,0,0,0,0,0,0,1,1,0,0,0,0,0,0
jikh_2026-07-20_hy90LdpEUvQ.txt,jikh,2026-07-20,600,158,0,0,0,0,0,0,0,0,0,0,0,0,0,0,0,0,0,0,0
jikh_2026-07-20_hy90LdpEUvQ.txt,jikh,2026-07-20,660,165,0,0,0,1,0,0,0,0,0,0,0,0,0,0,0,0,0,0,0
jikh_2026-07-20_hy90LdpEUvQ.txt,jikh,2026-07-20,720,154,0,0,1,0,0,0,0,0,0,0,0,0,0,0,1,0,0,0,0
jikh_2026-07-20_hy90LdpEUvQ.txt,jikh,2026-07-20,780,162,0,0,2,2,0,0,0,0,1,0,0,0,0,0,0,0,0,0,0
jikh_2026-07-20_hy90LdpEUvQ.txt,jikh,2026-07-20,840,132,0,0,0,2,0,0,0,0,3,0,0,0,3,0,0,0,0,0,0
jikh_2026-07-20_hy90LdpEUvQ.txt,jikh,2026-07-20,900,137,0,0,0,0,0,0,0,0,1,0,0,1,0,0,0,0,0,0,0
jikh_2026-07-20_hy90LdpEUvQ.txt,jikh,2026-07-20,960,141,0,0,2,0,0,0,0,0,0,0,0,3,0,0,0,0,0,0,0
jikh_2026-07-20_hy90LdpEUvQ.txt,jikh,2026-07-20,1020,155,0,1,0,0,0,0,0,0,0,2,0,3,0,0,0,0,0,0,0
jikh_2026-07-20_hy90LdpEUvQ.txt,jikh,2026-07-20,1080,134,0,0,1,0,0,0,0,0,0,0,0,3,0,0,0,0,0,0,0
jikh_2026-07-20_hy90LdpEUvQ.txt,jikh,2026-07-20,1140,155,0,0,3,1,0,0,0,0,0,0,0,0,2,0,0,0,0,0,0
jikh_2026-07-20_hy90LdpEUvQ.txt,jikh,2026-07-20,1200,155,0,1,2,0,0,0,0,0,0,0,0,3,0,0,0,0,0,0,0
jikh_2026-07-20_hy90LdpEUvQ.txt,jikh,2026-07-20,1260,137,0,0,2,1,0,0,0,0,0,0,0,2,0,0,0,0,0,0,0
jikh_2026-07-20_hy90LdpEUvQ.txt,jikh,2026-07-20,1320,168,0,0,8,2,0,0,0,0,0,0,0,1,2,0,0,0,0,0,0
jikh_2026-07-20_hy90LdpEUvQ.txt,jikh,2026-07-20,1380,181,0,2,1,1,0,0,0,0,1,0,0,1,1,0,0,0,0,0,0
jikh_2026-07-20_hy90LdpEUvQ.txt,jikh,2026-07-20,1440,194,1,2,1,0,0,0,0,0,1,0,0,1,0,0,0,0,0,0,0
jikh_2026-07-20_hy90LdpEUvQ.txt,jikh,2026-07-20,1500,41,0,0,0,0,0,0,0,0,0,0,0,0,0,0,0,0,0,0,0
jikh_2026-07-28_YBhwK-VWsxY.txt,jikh,2026-07-28,0,178,0,1,1,0,0,0,0,0,0,0,0,0,0,0,0,0,0,0,0
jikh_2026-07-28_YBhwK-VWsxY.txt,jikh,2026-07-28,60,157,0,1,0,2,0,0,0,0,1,2,0,0,0,1,0,0,0,0,0
jikh_2026-07-28_YBhwK-VWsxY.txt,jikh,2026-07-28,120,137,0,0,1,0,0,0,0,0,0,3,0,0,0,2,0,0,0,0,0
jikh_2026-07-28_YBhwK-VWsxY.txt,jikh,2026-07-28,180,160,0,0,0,0,0,0,0,0,3,0,0,0,0,0,0,0,0,0,0
jikh_2026-07-28_YBhwK-VWsxY.txt,jikh,2026-07-28,240,157,0,0,0,0,0,0,1,0,2,0,0,0,1,1,0,0,0,0,1
jikh_2026-07-28_YBhwK-VWsxY.txt,jikh,2026-07-28,300,139,0,0,0,0,0,0,0,0,1,0,0,0,0,1,0,0,0,0,0
jikh_2026-07-28_YBhwK-VWsxY.txt,jikh,2026-07-28,360,155,0,0,4,0,0,0,0,0,1,3,0,1,0,0,0,0,1,0,0
jikh_2026-07-28_YBhwK-VWsxY.txt,jikh,2026-07-28,420,170,2,0,0,0,0,0,0,0,0,0,0,1,0,2,0,0,3,0,0
jikh_2026-07-28_YBhwK-VWsxY.txt,jikh,2026-07-28,480,210,3,0,1,0,0,0,1,0,1,0,0,0,0,2,0,0,5,0,0
jikh_2026-07-28_YBhwK-VWsxY.txt,jikh,2026-07-28,540,170,0,0,0,0,0,1,5,0,1,1,0,0,0,5,0,0,0,0,0
jikh_2026-07-28_YBhwK-VWsxY.txt,jikh,2026-07-28,600,146,0,0,1,0,0,1,1,0,0,6,0,0,0,0,0,0,0,0,0
jikh_2026-07-28_YBhwK-VWsxY.txt,jikh,2026-07-28,660,146,0,0,0,0,0,1,2,0,0,0,0,0,0,0,0,0,0,0,0
jikh_2026-07-28_YBhwK-VWsxY.txt,jikh,2026-07-28,720,165,0,0,1,0,0,0,1,0,4,2,0,0,0,1,0,0,0,0,0
jikh_2026-07-28_YBhwK-VWsxY.txt,jikh,2026-07-28,780,187,0,0,0,0,0,0,0,0,1,7,0,0,0,1,0,0,0,0,0
jikh_2026-07-28_YBhwK-VWsxY.txt,jikh,2026-07-28,840,160,0,1,1,0,0,0,0,0,1,3,0,0,0,1,0,0,0,0,0
jikh_2026-07-28_YBhwK-VWsxY.txt,jikh,2026-07-28,900,166,0,0,0,0,0,0,4,0,1,1,0,0,0,2,0,0,0,0,0
jikh_2026-07-28_YBhwK-VWsxY.txt,jikh,2026-07-28,960,169,0,1,0,0,0,0,2,0,0,3,0,0,0,0,0,0,0,0,0
jikh_2026-07-28_YBhwK-VWsxY.txt,jikh,2026-07-28,1020,158,0,0,2,0,0,0,0,0,0,9,0,0,0,0,0,0,0,0,0
jikh_2026-07-28_YBhwK-VWsxY.txt,jikh,2026-07-28,1080,164,0,0,0,0,0,0,0,0,0,4,0,0,0,0,0,0,0,0,0
jikh_2026-07-28_YBhwK-VWsxY.txt,jikh,2026-07-28,1140,157,0,1,0,0,0,0,0,0,0,1,0,0,0,0,0,0,0,0,0
jikh_2026-07-28_YBhwK-VWsxY.txt,jikh,2026-07-28,1200,153,0,0,0,0,0,0,0,0,0,1,0,0,0,1,0,0,0,0,0
jikh_2026-07-28_YBhwK-VWsxY.txt,jikh,2026-07-28,1260,166,0,0,1,0,0,0,0,0,2,2,0,0,0,0,0,0,0,0,0
jikh_2026-07-28_YBhwK-VWsxY.txt,jikh,2026-07-28,1320,167,0,0,2,0,0,0,0,0,1,0,0,0,0,2,0,0,0,0,2
jikh_2026-07-28_YBhwK-VWsxY.txt,jikh,2026-07-28,1380,157,0,0,0,0,0,0,0,0,0,1,0,0,0,0,0,0,0,0,0
jikh_2026-07-28_YBhwK-VWsxY.txt,jikh,2026-07-28,1440,141,0,0,1,0,0,0,0,0,0,1,0,0,0,0,0,0,7,0,0
jikh_2026-07-28_YBhwK-VWsxY.txt,jikh,2026-07-28,1500,161,0,1,0,0,0,0,0,0,3,1,0,0,0,0,0,0,1,0,0
jikh_2026-07-28_YBhwK-VWsxY.txt,jikh,2026-07-28,1560,165,0,0,0,1,0,0,0,0,0,8,0,0,0,1,0,0,0,0,0
jikh_2026-07-28_YBhwK-VWsxY.txt,jikh,2026-07-28,1620,145,0,0,0,2,0,0,0,0,0,5,0,0,0,1,0,0,0,0,0
jikh_2026-07-28_YBhwK-VWsxY.txt,jikh,2026-07-28,1680,156,0,0,0,1,0,0,0,0,0,8,0,0,0,0,0,0,0,0,0
jikh_2026-07-28_YBhwK-VWsxY.txt,jikh,2026-07-28,1740,143,2,0,0,0,0,0,0,0,0,1,0,0,0,0,0,0,0,0,0
jikh_2026-08-05_dlaVKt9-Tfg.txt,jikh,2026-08-05,0,189,0,0,0,0,0,0,0,0,0,4,0,0,0,0,0,0,0,0,0
jikh_2026-08-05_dlaVKt9-Tfg.txt,jikh,2026-08-05,60,166,0,0,0,0,0,0,0,0,0,4,0,0,0,0,0,0,0,0,0
jikh_2026-08-05_dlaVKt9-Tfg.txt,jikh,2026-08-05,120,190,0,0,4,0,0,0,0,0,0,5,0,0,0,0,0,0,0,0,0
jikh_2026-08-05_dlaVKt9-Tfg.txt,jikh,2026-08-05,180,177,0,1,0,0,0,0,0,0,1,5,0,0,0,0,0,0,0,0,0
jikh_2026-08-05_dlaVKt9-Tfg.txt,jikh,2026-08-05,240,167,0,0,0,0,0,0,1,1,2,0,0,0,0,0,0,0,0,0,0
jikh_2026-08-05_dlaVKt9-Tfg.txt,jikh,2026-08-05,300,165,0,1,0,0,0,0,0,1,0,4,0,0,0,0,1,0,0,0,0
jikh_2026-08-05_dlaVKt9-Tfg.txt,jikh,2026-08-05,360,142,0,0,1,0,0,0,2,0,0,2,1,1,0,1,0,0,1,0,0
jikh_2026-08-05_dlaVKt9-Tfg.txt,jikh,2026-08-05,420,152,0,1,0,0,0,0,0,0,1,0,0,0,0,0,0,0,0,0,0
jikh_2026-08-05_dlaVKt9-Tfg.txt,jikh,2026-08-05,480,193,0,1,1,0,0,0,0,0,4,2,0,0,0,0,0,0,0,0,0
jikh_2026-08-05_dlaVKt9-Tfg.txt,jikh,2026-08-05,540,168,0,0,0,3,0,0,0,0,0,10,0,0,0,0,0,0,0,0,0
jikh_2026-08-05_dlaVKt9-Tfg.txt,jikh,2026-08-05,600,198,0,0,2,0,0,0,0,0,0,0,0,0,0,0,1,0,0,0,0
jikh_2026-08-05_dlaVKt9-Tfg.txt,jikh,2026-08-05,660,196,1,1,1,0,0,0,0,0,0,1,0,0,0,0,0,0,0,0,0
jikh_2026-08-05_dlaVKt9-Tfg.txt,jikh,2026-08-05,720,190,0,0,0,1,0,0,0,0,1,3,0,0,0,1,0,0,0,0,0
jikh_2026-08-05_dlaVKt9-Tfg.txt,jikh,2026-08-05,780,156,0,0,2,1,0,0,0,0,1,4,0,0,0,1,0,0,0,0,0
jikh_2026-08-05_dlaVKt9-Tfg.txt,jikh,2026-08-05,840,152,0,0,0,0,0,0,0,0,0,7,0,0,0,1,0,0,0,0,0
jikh_2026-08-05_dlaVKt9-Tfg.txt,jikh,2026-08-05,900,177,0,0,1,0,0,0,0,0,0,3,0,0,0,4,0,0,0,0,2
jikh_2026-08-05_dlaVKt9-Tfg.txt,jikh,2026-08-05,960,159,0,0,1,1,0,0,0,0,0,0,0,0,0,3,0,0,0,0,1
jikh_2026-08-05_dlaVKt9-Tfg.txt,jikh,2026-08-05,1020,175,0,0,1,0,0,0,0,0,0,6,0,0,0,0,0,0,0,0,0
jikh_2026-08-05_dlaVKt9-Tfg.txt,jikh,2026-08-05,1080,161,0,0,2,0,0,0,0,0,0,3,0,0,0,0,0,0,0,0,0
jikh_2026-08-05_dlaVKt9-Tfg.txt,jikh,2026-08-05,1140,182,0,0,1,0,0,0,0,0,0,4,0,1,0,0,0,0,0,0,0
jikh_2026-08-05_dlaVKt9-Tfg.txt,jikh,2026-08-05,1200,146,0,0,0,1,0,0,0,0,1,0,0,0,0,2,0,0,0,0,0
jikh_2026-08-05_dlaVKt9-Tfg.txt,jikh,2026-08-05,1260,186,0,0,0,1,0,0,0,0,0,1,3,0,0,0,0,0,0,0,0
jikh_2026-08-05_dlaVKt9-Tfg.txt,jikh,2026-08-05,1320,142,0,0,0,1,0,0,1,0,0,2,1,0,0,0,0,1,1,0,0
jikh_2026-08-05_dlaVKt9-Tfg.txt,jikh,2026-08-05,1380,193,0,0,3,1,0,0,1,1,0,0,1,0,0,2,0,0,1,0,0
jikh_2026-08-05_dlaVKt9-Tfg.txt,jikh,2026-08-05,1440,167,0,0,2,0,0,1,0,0,0,3,2,0,0,1,0,0,0,0,0
jikh_2026-08-05_dlaVKt9-Tfg.txt,jikh,2026-08-05,1500,106,0,0,1,0,0,0,0,0,0,1,0,0,0,0,0,0,0,0,0
jikh_2026-08-10_Uw84lTiD5C8.txt,jikh,2026-08-10,0,180,0,1,0,0,0,0,0,0,0,4,0,0,0,0,0,0,1,0,0
jikh_2026-08-10_Uw84lTiD5C8.txt,jikh,2026-08-10,60,165,0,2,2,0,0,0,0,0,0,0,0,0,0,0,0,0,0,0,0
jikh_2026-08-10_Uw84lTiD5C8.txt,jikh,2026-08-10,120,173,0,0,0,0,0,1,0,0,0,0,1,0,0,0,0,0,1,0,0
jikh_2026-08-10_Uw84lTiD5C8.txt,jikh,2026-08-10,180,183,0,2,0,0,0,0,0,0,0,0,0,0,0,0,0,0,3,0,0
jikh_2026-08-10_Uw84lTiD5C8.txt,jikh,2026-08-10,240,181,0,0,0,0,0,0,0,0,0,2,0,1,0,0,0,0,0,0,0
jikh_2026-08-10_Uw84lTiD5C8.txt,jikh,2026-08-10,300,184,0,0,1,0,0,0,0,0,0,0,0,0,0,0,0,0,5,0,0
jikh_2026-08-10_Uw84lTiD5C8.txt,jikh,2026-08-10,360,172,0,0,1,0,0,0,0,0,0,5,0,0,0,0,0,0,2,0,0
jikh_2026-08-10_Uw84lTiD5C8.txt,jikh,2026-08-10,420,160,0,0,0,0,0,0,0,0,0,1,0,0,0,1,0,0,0,0,0
jikh_2026-08-10_Uw84lTiD5C8.txt,jikh,2026-08-10,480,170,0,0,2,0,0,0,0,0,1,0,0,1,0,0,0,0,1,0,0
jikh_2026-08-10_Uw84lTiD5C8.txt,jikh,2026-08-10,540,186,0,0,1,0,0,0,0,0,0,1,0,1,0,0,0,0,0,0,0
jikh_2026-08-10_Uw84lTiD5C8.txt,jikh,2026-08-10,600,211,1,0,0,0,0,0,0,0,0,0,0,0,0,0,0,0,0,0,0
jikh_2026-08-10_Uw84lTiD5C8.txt,jikh,2026-08-10,660,173,1,0,0,0,0,0,0,0,0,0,0,0,0,0,0,0,4,0,0
jikh_2026-08-10_Uw84lTiD5C8.txt,jikh,2026-08-10,720,160,0,0,1,0,0,0,0,0,0,0,0,0,0,0,0,0,4,0,0
jikh_2026-08-10_Uw84lTiD5C8.txt,jikh,2026-08-10,780,162,0,1,0,0,0,1,0,0,0,0,0,0,0,0,0,0,4,0,0
jikh_2026-08-10_Uw84lTiD5C8.txt,jikh,2026-08-10,840,156,0,0,1,0,0,0,0,0,0,1,0,0,0,0,0,0,4,1,0
jikh_2026-08-10_Uw84lTiD5C8.txt,jikh,2026-08-10,900,168,0,2,0,0,0,0,0,0,0,1,0,0,0,0,0,0,1,0,0
jikh_2026-08-10_Uw84lTiD5C8.txt,jikh,2026-08-10,960,179,0,2,0,0,0,0,0,0,0,0,0,0,0,0,0,0,0,0,0
jikh_2026-08-10_Uw84lTiD5C8.txt,jikh,2026-08-10,1020,167,0,1,0,0,0,0,0,0,0,1,0,0,0,0,0,0,0,0,0
jikh_2026-08-10_Uw84lTiD5C8.txt,jikh,2026-08-10,1080,165,0,0,1,0,0,0,0,0,0,0,1,0,0,0,0,0,4,0,0
jikh_2026-08-10_Uw84lTiD5C8.txt,jikh,2026-08-10,1140,163,0,0,1,0,0,0,0,0,0,1,1,0,0,0,1,0,1,2,0
jikh_2026-08-10_Uw84lTiD5C8.txt,jikh,2026-08-10,1200,178,0,0,0,0,0,0,0,0,0,0,0,0,0,1,1,0,1,0,0
jikh_2026-08-10_Uw84lTiD5C8.txt,jikh,2026-08-10,1260,134,2,0,0,0,0,0,0,0,0,0,0,0,0,0,0,0,0,0,0
jikh_2026-08-19__YXDHskRP6Y.txt,jikh,2026-08-19,0,173,0,0,1,0,0,0,0,0,1,0,0,2,0,0,0,0,0,0,0
jikh_2026-08-19__YXDHskRP6Y.txt,jikh,2026-08-19,60,168,0,0,1,0,0,0,0,0,4,0,0,3,0,0,0,0,0,0,0
jikh_2026-08-19__YXDHskRP6Y.txt,jikh,2026-08-19,120,168,0,2,1,0,0,0,0,0,7,0,0,2,0,0,0,0,0,0,0
jikh_2026-08-19__YXDHskRP6Y.txt,jikh,2026-08-19,180,200,0,0,2,0,0,0,0,0,1,0,0,2,1,0,0,0,0,0,0
jikh_2026-08-19__YXDHskRP6Y.txt,jikh,2026-08-19,240,144,0,0,0,0,0,0,0,0,1,0,0,1,0,0,0,0,0,0,0
jikh_2026-08-19__YXDHskRP6Y.txt,jikh,2026-08-19,300,157,0,2,1,1,0,0,0,0,0,0,0,0,0,0,0,0,0,0,1
jikh_2026-08-19__YXDHskRP6Y.txt,jikh,2026-08-19,360,165,0,0,0,1,0,0,0,0,1,0,0,0,0,0,0,0,0,0,0
jikh_2026-08-19__YXDHskRP6Y.txt,jikh,2026-08-19,420,148,0,0,0,0,0,0,0,0,0,0,0,4,0,0,0,0,0,0,0
jikh_2026-08-19__YXDHskRP6Y.txt,jikh,2026-08-19,480,186,0,0,0,0,0,0,0,0,0,0,0,1,0,0,0,0,0,0,2
jikh_2026-08-19__YXDHskRP6Y.txt,jikh,2026-08-19,540,243,1,0,0,0,0,0,0,0,0,0,0,0,0,0,0,0,0,0,0
jikh_2026-08-19__YXDHskRP6Y.txt,jikh,2026-08-19,600,199,1,0,0,2,0,0,0,0,0,0,0,1,1,0,0,0,0,0,0
jikh_2026-08-19__YXDHskRP6Y.txt,jikh,2026-08-19,660,168,0,0,0,1,0,0,0,0,0,1,0,0,0,0,0,0,0,0,0
jikh_2026-08-19__YXDHskRP6Y.txt,jikh,2026-08-19,720,156,0,0,0,0,0,0,0,0,0,0,0,0,0,2,0,0,0,0,0
jikh_2026-08-19__YXDHskRP6Y.txt,jikh,2026-08-19,780,183,0,0,0,0,0,0,0,0,0,0,0,0,0,0,0,0,0,0,0
jikh_2026-08-19__YXDHskRP6Y.txt,jikh,2026-08-19,840,158,0,0,0,0,0,0,0,0,1,0,0,0,0,0,0,0,0,0,0
jikh_2026-08-19__YXDHskRP6Y.txt,jikh,2026-08-19,900,152,0,0,1,0,0,0,0,0,0,0,0,0,0,0,0,0,0,0,0
jikh_2026-08-19__YXDHskRP6Y.txt,jikh,2026-08-19,960,166,0,0,1,0,0,0,0,0,0,0,0,0,0,0,0,0,0,0,0
jikh_2026-08-19__YXDHskRP6Y.txt,jikh,2026-08-19,1020,154,0,1,0,0,0,0,0,0,2,0,0,4,0,0,0,0,0,0,0
jikh_2026-08-19__YXDHskRP6Y.txt,jikh,2026-08-19,1080,173,0,1,0,0,0,0,0,0,3,0,0,1,0,0,0,0,0,0,0
jikh_2026-08-19__YXDHskRP6Y.txt,jikh,2026-08-19,1140,152,0,0,0,0,0,0,0,0,3,0,0,1,0,0,0,0,0,0,0
jikh_2026-08-19__YXDHskRP6Y.txt,jikh,2026-08-19,1200,146,1,0,0,0,0,0,0,0,0,0,0,0,0,0,0,0,0,0,0
jikh_2026-08-19__YXDHskRP6Y.txt,jikh,2026-08-19,1260,157,0,0,0,0,0,0,0,0,1,0,0,1,0,0,0,0,0,0,0
jikh_2026-08-19__YXDHskRP6Y.txt,jikh,2026-08-19,1320,176,0,0,0,0,0,0,0,0,0,0,0,0,0,1,0,0,0,0,0
jikh_2026-08-19__YXDHskRP6Y.txt,jikh,2026-08-19,1380,166,0,1,3,0,0,0,0,0,2,2,0,0,0,1,0,0,0,0,0
jikh_2026-08-19__YXDHskRP6Y.txt,jikh,2026-08-19,1440,205,1,1,1,0,0,0,0,0,0,0,0,1,0,0,0,0,0,0,0
jikh_2026-08-19__YXDHskRP6Y.txt,jikh,2026-08-19,1500,39,0,0,0,0,0,0,0,0,0,0,0,0,0,0,0,0,0,0,0
jikh_2026-08-25_gVksaXViB4E.txt,jikh,2026-08-25,0,219,0,1,0,0,0,0,0,0,0,6,0,0,0,0,0,0,0,0,0
jikh_2026-08-25_gVksaXViB4E.txt,jikh,2026-08-25,60,131,0,0,1,0,0,0,0,0,3,4,5,0,0,0,0,0,0,0,0
jikh_2026-08-25_gVksaXViB4E.txt,jikh,2026-08-25,120,155,0,0,0,1,0,0,0,0,1,2,1,1,0,1,0,0,1,0,0
jikh_2026-08-25_gVksaXViB4E.txt,jikh,2026-08-25,180,219,0,1,0,0,0,0,0,0,0,2,0,0,0,1,0,0,0,0,0
jikh_2026-08-25_gVksaXViB4E.txt,jikh,2026-08-25,240,180,0,0,0,0,0,0,0,0,4,0,0,0,0,0,0,0,0,0,0
jikh_2026-08-25_gVksaXViB4E.txt,jikh,2026-08-25,300,175,0,0,1,0,0,0,0,0,1,6,0,0,0,0,0,0,0,0,0
jikh_2026-08-25_gVksaXViB4E.txt,jikh,2026-08-25,360,153,0,0,0,0,0,0,0,0,0,0,0,0,0,0,0,0,0,0,0
jikh_2026-08-25_gVksaXViB4E.txt,jikh,2026-08-25,420,152,0,0,0,0,0,0,0,0,0,0,0,0,0,0,0,0,0,0,0
jikh_2026-08-25_gVksaXViB4E.txt,jikh,2026-08-25,480,201,1,0,0,0,0,0,0,0,0,2,0,0,0,0,1,0,0,0,0
jikh_2026-08-25_gVksaXViB4E.txt,jikh,2026-08-25,540,196,2,0,0,0,0,0,0,0,1,2,0,0,0,1,0,0,0,0,0
jikh_2026-08-25_gVksaXViB4E.txt,jikh,2026-08-25,600,155,0,0,1,0,0,0,0,0,0,3,1,0,0,0,0,0,0,0,0
jikh_2026-08-25_gVksaXViB4E.txt,jikh,2026-08-25,660,184,0,1,1,2,0,0,0,0,0,4,0,0,0,0,0,0,0,0,0
jikh_2026-08-25_gVksaXViB4E.txt,jikh,2026-08-25,720,167,0,1,0,0,0,0,0,0,0,1,3,0,0,0,0,0,0,0,0
jikh_2026-08-25_gVksaXViB4E.txt,jikh,2026-08-25,780,155,0,0,1,0,0,0,0,0,0,1,4,0,0,2,0,0,0,0,0
jikh_2026-08-25_gVksaXViB4E.txt,jikh,2026-08-25,840,164,0,0,0,0,0,0,1,0,0,2,1,0,0,0,0,0,0,0,0
jikh_2026-08-25_gVksaXViB4E.txt,jikh,2026-08-25,900,176,0,0,0,0,0,0,0,0,1,0,1,0,0,0,0,0,0,0,0
jikh_2026-08-25_gVksaXViB4E.txt,jikh,2026-08-25,960,179,0,0,1,0,0,0,1,0,2,1,0,0,0,0,0,0,0,0,0
jikh_2026-08-25_gVksaXViB4E.txt,jikh,2026-08-25,1020,173,0,1,2,0,0,0,0,0,3,0,0,0,0,0,0,0,0,0,0
jikh_2026-08-25_gVksaXViB4E.txt,jikh,2026-08-25,1080,170,0,0,0,0,0,0,0,0,1,0,0,0,0,0,0,0,0,0,1
jikh_2026-08-25_gVksaXViB4E.txt,jikh,2026-08-25,1140,151,0,0,0,0,0,0,0,0,2,1,0,0,0,0,0,0,0,0,0
jikh_2026-08-25_gVksaXViB4E.txt,jikh,2026-08-25,1200,156,0,1,0,0,0,0,1,0,4,0,0,0,0,2,0,0,0,0,0
jikh_2026-08-25_gVksaXViB4E.txt,jikh,2026-08-25,1260,188,0,0,0,0,0,0,0,0,1,0,0,0,0,6,0,0,0,0,0
jikh_2026-08-25_gVksaXViB4E.txt,jikh,2026-08-25,1320,152,0,0,0,0,0,0,0,0,2,0,0,0,0,1,0,0,0,0,0
jikh_2026-08-25_gVksaXViB4E.txt,jikh,2026-08-25,1380,168,0,0,1,0,0,0,0,0,3,0,0,0,0,1,0,0,0,0,0
jikh_2026-08-25_gVksaXViB4E.txt,jikh,2026-08-25,1440,162,0,0,0,0,0,0,0,0,5,0,0,0,0,2,0,0,0,0,0
jikh_2026-08-25_gVksaXViB4E.txt,jikh,2026-08-25,1500,173,0,1,2,0,0,0,0,0,4,0,0,0,0,0,0,0,0,0,0
jikh_2026-08-25_gVksaXViB4E.txt,jikh,2026-08-25,1560,177,0,1,1,0,0,0,0,0,2,3,0,0,0,2,0,0,1,0,0
jikh_2026-08-25_gVksaXViB4E.txt,jikh,2026-08-25,1620,160,0,1,0,1,0,0,2,0,2,0,0,0,0,1,0,0,0,0,0
jikh_2026-08-25_gVksaXViB4E.txt,jikh,2026-08-25,1680,169,0,0,0,0,0,0,0,0,1,0,1,0,0,1,0,0,0,0,0
jikh_2026-08-25_gVksaXViB4E.txt,jikh,2026-08-25,1740,162,0,0,2,0,0,0,0,0,0,5,0,0,0,0,0,0,0,0,0
jikh_2026-08-25_gVksaXViB4E.txt,jikh,2026-08-25,1800,124,2,0,0,0,0,0,0,0,1,3,0,0,0,0,0,0,0,0,0
jikh_2026-09-02_NZpobX6MQVA.txt,jikh,2026-09-02,0,199,0,1,1,2,0,0,0,0,0,0,0,6,0,0,0,0,0,0,0
jikh_2026-09-02_NZpobX6MQVA.txt,jikh,2026-09-02,60,182,0,0,0,0,0,0,0,0,0,0,0,1,0,0,0,0,0,0,0
jikh_2026-09-02_NZpobX6MQVA.txt,jikh,2026-09-02,120,166,0,0,0,1,0,0,0,0,0,0,0,2,0,0,0,0,0,0,0
jikh_2026-09-02_NZpobX6MQVA.txt,jikh,2026-09-02,180,179,0,0,2,1,0,0,0,0,0,0,0,2,0,0,0,0,0,0,0
jikh_2026-09-02_NZpobX6MQVA.txt,jikh,2026-09-02,240,172,0,0,2,1,0,0,0,0,0,0,0,0,0,0,0,0,0,1,0
jikh_2026-09-02_NZpobX6MQVA.txt,jikh,2026-09-02,300,183,0,0,1,1,0,0,0,0,0,0,0,0,0,1,0,0,0,0,1
jikh_2026-09-02_NZpobX6MQVA.txt,jikh,2026-09-02,360,162,0,0,0,4,0,0,0,0,0,0,0,0,0,0,0,0,0,0,0
jikh_2026-09-02_NZpobX6MQVA.txt,jikh,2026-09-02,420,174,0,0,1,1,0,0,0,0,0,0,0,0,0,0,0,0,0,0,0
jikh_2026-09-02_NZpobX6MQVA.txt,jikh,2026-09-02,480,163,0,1,3,1,0,0,0,0,0,0,0,1,0,0,0,0,0,0,0
jikh_2026-09-02_NZpobX6MQVA.txt,jikh,2026-09-02,540,156,0,0,2,2,0,0,0,0,0,0,0,0,0,0,0,0,0,0,0
jikh_2026-09-02_NZpobX6MQVA.txt,jikh,2026-09-02,600,164,0,0,1,1,0,0,0,0,0,0,0,0,0,0,0,0,0,0,0
jikh_2026-09-02_NZpobX6MQVA.txt,jikh,2026-09-02,660,173,0,0,1,1,0,0,0,0,0,0,0,1,0,0,0,0,0,1,0
jikh_2026-09-02_NZpobX6MQVA.txt,jikh,2026-09-02,720,217,5,0,0,1,0,0,0,0,1,0,0,1,0,0,0,0,0,1,0
jikh_2026-09-02_NZpobX6MQVA.txt,jikh,2026-09-02,780,177,0,0,0,0,0,0,0,0,0,0,0,1,0,0,0,0,0,1,0
jikh_2026-09-02_NZpobX6MQVA.txt,jikh,2026-09-02,840,181,0,1,0,1,0,0,0,0,5,0,0,0,0,0,1,0,0,0,0
jikh_2026-09-02_NZpobX6MQVA.txt,jikh,2026-09-02,900,164,1,0,1,0,0,0,0,0,1,0,0,0,0,0,0,0,0,0,0
jikh_2026-09-02_NZpobX6MQVA.txt,jikh,2026-09-02,960,131,0,0,0,0,0,0,0,0,0,0,0,0,0,0,0,0,0,0,0
jikh_2026-09-02_NZpobX6MQVA.txt,jikh,2026-09-02,1020,180,0,1,1,1,0,0,0,0,2,0,0,1,0,0,0,0,1,0,0
jikh_2026-09-02_NZpobX6MQVA.txt,jikh,2026-09-02,1080,212,0,2,0,0,0,0,0,0,0,1,0,0,0,0,0,0,0,1,0
jikh_2026-09-02_NZpobX6MQVA.txt,jikh,2026-09-02,1140,155,0,0,1,0,0,0,0,0,2,0,0,0,0,3,0,0,0,0,0
jikh_2026-09-02_NZpobX6MQVA.txt,jikh,2026-09-02,1200,166,0,0,1,0,0,0,0,0,4,1,0,0,0,1,0,0,0,0,0
jikh_2026-09-02_NZpobX6MQVA.txt,jikh,2026-09-02,1260,158,0,0,2,0,0,0,0,0,1,0,0,0,0,1,0,0,0,0,0
jikh_2026-09-02_NZpobX6MQVA.txt,jikh,2026-09-02,1320,155,0,0,1,0,0,0,0,0,0,0,0,0,0,1,0,0,0,0,0
jikh_2026-09-02_NZpobX6MQVA.txt,jikh,2026-09-02,1380,165,0,0,1,0,0,0,0,0,3,0,0,0,0,1,0,0,0,0,0
jikh_2026-09-02_NZpobX6MQVA.txt,jikh,2026-09-02,1440,168,0,1,0,0,0,0,2,0,2,1,0,0,0,0,0,0,0,0,0
jikh_2026-09-02_NZpobX6MQVA.txt,jikh,2026-09-02,1500,152,0,0,1,1,0,0,0,0,1,0,0,0,0,1,0,0,0,0,0
jikh_2026-09-02_NZpobX6MQVA.txt,jikh,2026-09-02,1560,182,2,1,1,0,0,0,0,0,0,0,0,0,0,0,0,0,0,2,0
jikh_2026-09-02_NZpobX6MQVA.txt,jikh,2026-09-02,1620,16,0,0,0,0,0,0,0,0,0,0,0,0,0,0,0,0,0,0,0
jikh_2026-09-10_iBxWsP8k9XM.txt,jikh,2026-09-10,0,176,0,0,0,0,0,0,0,0,4,0,1,0,0,0,2,0,0,0,0
jikh_2026-09-10_iBxWsP8k9XM.txt,jikh,2026-09-10,60,157,0,0,0,0,0,0,0,0,2,0,0,0,0,2,0,0,0,0,0
jikh_2026-09-10_iBxWsP8k9XM.txt,jikh,2026-09-10,120,176,0,0,1,0,0,0,0,0,4,0,0,0,0,3,0,0,0,0,0
jikh_2026-09-10_iBxWsP8k9XM.txt,jikh,2026-09-10,180,195,0,0,0,0,0,1,2,0,0,0,0,0,0,1,0,1,0,0,1
jikh_2026-09-10_iBxWsP8k9XM.txt,jikh,2026-09-10,240,178,0,4,2,0,0,0,0,0,0,1,0,0,0,3,0,0,0,0,0
jikh_2026-09-10_iBxWsP8k9XM.txt,jikh,2026-09-10,300,194,0,0,2,0,0,0,0,0,1,0,1,0,0,2,0,0,0,0,0
jikh_2026-09-10_iBxWsP8k9XM.txt,jikh,2026-09-10,360,165,0,2,0,0,0,0,1,0,2,1,0,0,0,3,0,0,0,0,0
jikh_2026-09-10_iBxWsP8k9XM.txt,jikh,2026-09-10,420,168,0,4,2,0,0,0,1,0,0,0,0,0,0,1,0,0,0,0,0
jikh_2026-09-10_iBxWsP8k9XM.txt,jikh,2026-09-10,480,199,0,0,0,0,0,0,0,0,0,0,0,0,0,0,0,0,0,0,0
jikh_2026-09-10_iBxWsP8k9XM.txt,jikh,2026-09-10,540,170,0,0,1,0,0,0,0,0,0,0,0,0,0,0,0,0,0,0,1
jikh_2026-09-10_iBxWsP8k9XM.txt,jikh,2026-09-10,600,174,0,1,0,1,0,0,0,0,0,0,0,0,0,1,1,0,0,0,1
jikh_2026-09-10_iBxWsP8k9XM.txt,jikh,2026-09-10,660,201,4,0,0,0,0,0,0,0,0,0,0,0,0,0,0,0,0,0,0
jikh_2026-09-10_iBxWsP8k9XM.txt,jikh,2026-09-10,720,231,3,0,1,0,0,0,0,0,0,2,0,0,0,0,1,0,0,0,0
jikh_2026-09-10_iBxWsP8k9XM.txt,jikh,2026-09-10,780,171,0,0,1,0,0,0,0,0,3,0,2,0,0,0,0,0,0,0,0
jikh_2026-09-10_iBxWsP8k9XM.txt,jikh,2026-09-10,840,193,0,3,1,0,0,2,0,0,0,1,0,0,0,0,0,0,0,0,0
jikh_2026-09-10_iBxWsP8k9XM.txt,jikh,2026-09-10,900,126,0,1,0,0,0,0,0,0,0,0,0,0,0,0,0,0,0,0,0
jikh_2026-09-10_iBxWsP8k9XM.txt,jikh,2026-09-10,960,168,0,0,0,0,0,0,0,0,0,0,1,0,0,0,4,0,0,0,0
jikh_2026-09-10_iBxWsP8k9XM.txt,jikh,2026-09-10,1020,176,0,0,0,0,0,0,0,0,1,0,1,0,0,0,0,0,0,0,0
jikh_2026-09-10_iBxWsP8k9XM.txt,jikh,2026-09-10,1080,161,0,1,0,0,0,1,0,0,1,3,1,0,0,0,0,0,0,0,0
jikh_2026-09-10_iBxWsP8k9XM.txt,jikh,2026-09-10,1140,174,0,0,0,0,0,4,2,0,0,0,0,0,0,1,0,0,0,0,0
jikh_2026-09-10_iBxWsP8k9XM.txt,jikh,2026-09-10,1200,166,0,0,0,0,0,4,0,0,0,0,0,0,0,0,6,0,0,0,0
jikh_2026-09-10_iBxWsP8k9XM.txt,jikh,2026-09-10,1260,168,0,0,0,0,0,8,2,0,0,0,0,0,0,0,7,0,0,0,0
jikh_2026-09-10_iBxWsP8k9XM.txt,jikh,2026-09-10,1320,171,0,0,1,0,0,1,0,0,2,4,1,0,0,2,1,0,0,0,0
jikh_2026-09-10_iBxWsP8k9XM.txt,jikh,2026-09-10,1380,152,0,0,1,0,0,0,0,0,1,1,0,0,0,1,2,0,0,0,0
jikh_2026-09-10_iBxWsP8k9XM.txt,jikh,2026-09-10,1440,187,0,1,0,0,0,0,1,0,1,0,0,0,0,3,1,0,0,0,0
jikh_2026-09-10_iBxWsP8k9XM.txt,jikh,2026-09-10,1500,186,0,0,4,1,0,1,0,0,0,0,0,0,0,2,0,0,0,0,0
jikh_2026-09-10_iBxWsP8k9XM.txt,jikh,2026-09-10,1560,157,0,4,2,0,0,0,1,0,1,0,0,0,0,2,1,0,0,0,0
jikh_2026-09-10_iBxWsP8k9XM.txt,jikh,2026-09-10,1620,175,0,1,2,0,0,0,0,0,2,0,0,0,0,0,0,0,0,0,0
jikh_2026-09-10_iBxWsP8k9XM.txt,jikh,2026-09-10,1680,158,2,2,2,0,0,0,0,0,0,0,0,0,0,0,0,0,0,0,0
jikh_2026-09-16_xSXNSt0m-go.txt,jikh,2026-09-16,0,168,0,4,5,1,0,0,0,0,0,0,0,6,0,0,0,0,0,0,0
jikh_2026-09-16_xSXNSt0m-go.txt,jikh,2026-09-16,60,207,0,0,2,2,0,0,0,0,0,0,0,4,0,0,1,0,0,0,0
jikh_2026-09-16_xSXNSt0m-go.txt,jikh,2026-09-16,120,156,0,0,3,0,0,0,0,0,0,0,0,2,0,0,0,0,0,0,0
jikh_2026-09-16_xSXNSt0m-go.txt,jikh,2026-09-16,180,197,0,0,2,3,0,0,0,0,0,1,0,5,1,0,1,0,0,0,0
jikh_2026-09-16_xSXNSt0m-go.txt,jikh,2026-09-16,240,156,0,0,0,0,0,0,0,0,0,0,0,4,0,0,0,0,0,0,0
jikh_2026-09-16_xSXNSt0m-go.txt,jikh,2026-09-16,300,157,0,0,1,0,0,0,0,0,0,0,0,2,0,0,0,0,0,1,0
jikh_2026-09-16_xSXNSt0m-go.txt,jikh,2026-09-16,360,176,0,0,2,0,0,0,0,0,0,0,0,1,0,0,2,0,0,0,0
jikh_2026-09-16_xSXNSt0m-go.txt,jikh,2026-09-16,420,179,0,0,3,1,0,0,0,0,0,0,0,2,0,0,0,0,0,0,0
jikh_2026-09-16_xSXNSt0m-go.txt,jikh,2026-09-16,480,184,0,1,2,0,0,0,0,0,2,0,0,4,0,0,0,0,0,0,0
jikh_2026-09-16_xSXNSt0m-go.txt,jikh,2026-09-16,540,175,0,0,0,0,0,0,0,0,0,0,0,1,0,0,0,0,0,0,0
jikh_2026-09-16_xSXNSt0m-go.txt,jikh,2026-09-16,600,149,0,2,0,0,0,0,0,0,0,0,0,1,0,0,0,0,0,0,0
jikh_2026-09-16_xSXNSt0m-go.txt,jikh,2026-09-16,660,128,0,0,0,0,0,0,0,0,0,0,0,0,0,0,0,0,0,0,0
jikh_2026-09-16_xSXNSt0m-go.txt,jikh,2026-09-16,720,127,0,0,1,0,0,0,0,0,0,0,0,0,0,0,0,0,0,0,0
jikh_2026-09-16_xSXNSt0m-go.txt,jikh,2026-09-16,780,154,0,0,1,0,0,0,0,0,0,0,0,1,0,0,0,0,0,0,0
jikh_2026-09-16_xSXNSt0m-go.txt,jikh,2026-09-16,840,133,0,0,0,0,0,0,0,0,0,0,0,0,0,0,0,0,1,0,0
jikh_2026-09-16_xSXNSt0m-go.txt,jikh,2026-09-16,900,179,0,0,2,0,0,0,0,0,0,0,0,1,0,0,0,0,1,0,0
jikh_2026-09-16_xSXNSt0m-go.txt,jikh,2026-09-16,960,117,0,0,0,0,0,0,0,0,0,0,0,0,0,0,0,0,0,0,0
jikh_2026-09-16_xSXNSt0m-go.txt,jikh,2026-09-16,1020,173,0,0,1,1,0,0,0,0,0,0,0,0,0,0,0,0,0,0,0
jikh_2026-09-16_xSXNSt0m-go.txt,jikh,2026-09-16,1080,162,0,0,0,0,0,0,0,0,0,0,0,1,0,0,0,0,0,0,0
jikh_2026-09-16_xSXNSt0m-go.txt,jikh,2026-09-16,1140,174,0,1,0,0,0,0,0,0,0,0,0,0,0,0,0,0,0,0,0
jikh_2026-09-16_xSXNSt0m-go.txt,jikh,2026-09-16,1200,151,0,0,0,1,0,0,0,0,0,0,0,0,0,0,0,0,0,0,0
jikh_2026-09-16_xSXNSt0m-go.txt,jikh,2026-09-16,1260,128,0,0,0,0,0,0,0,0,0,0,0,0,0,0,0,0,1,0,0
jikh_2026-09-16_xSXNSt0m-go.txt,jikh,2026-09-16,1320,153,0,0,0,1,0,2,0,0,0,0,0,0,0,0,0,0,0,0,0
jikh_2026-09-16_xSXNSt0m-go.txt,jikh,2026-09-16,1380,151,0,0,1,0,0,0,0,0,0,0,0,1,0,0,0,0,0,0,0
jikh_2026-09-16_xSXNSt0m-go.txt,jikh,2026-09-16,1440,185,0,0,1,0,0,0,0,0,0,0,0,0,0,0,0,0,0,0,0
jikh_2026-09-16_xSXNSt0m-go.txt,jikh,2026-09-16,1500,168,0,0,1,0,0,0,0,0,0,0,0,1,0,0,0,0,0,0,0
jikh_2026-09-16_xSXNSt0m-go.txt,jikh,2026-09-16,1560,195,0,0,0,0,0,0,0,0,0,0,0,0,0,0,0,0,0,0,0
jikh_2026-09-16_xSXNSt0m-go.txt,jikh,2026-09-16,1620,223,0,0,0,0,0,0,0,0,0,0,0,0,0,0,0,0,0,0,0
jikh_2026-09-16_xSXNSt0m-go.txt,jikh,2026-09-16,1680,160,0,0,1,1,0,0,0,0,0,0,0,1,0,0,0,0,0,0,0
jikh_2026-09-16_xSXNSt0m-go.txt,jikh,2026-09-16,1740,140,2,0,1,0,0,0,0,0,0,0,0,0,0,0,0,0,0,0,0
